1403637149738319104.000000 0.000000821 0.000000007 0.000000541 0.000000001 -0.000000039 0.000000032 1.000000000
1403637149788318976.000000 -0.000367695 0.001396951 -0.000672686 0.002301284 -0.003965180 0.000433870 0.999989450
1403637149838319104.000000 -0.000178474 0.001495598 -0.003187458 0.003458870 -0.009405720 -0.000430742 0.999949694
1403637149888318976.000000 -0.000224625 0.004322428 -0.002525920 0.004200272 -0.017695399 0.000913632 0.999834299
1403637149938319104.000000 0.000973143 0.008700149 -0.001057877 0.002936066 -0.026755899 -0.002250726 0.999635160
1403637149988318976.000000 0.002542825 0.014781282 -0.003810912 0.000960181 -0.037432887 -0.007351975 0.999271691
1403637150038319104.000000 0.007012030 0.019090198 -0.006679003 -0.002223389 -0.047683425 -0.014392097 0.998756349
1403637150088318976.000000 0.013136424 0.026210111 -0.007932601 -0.005819445 -0.056085147 -0.019564070 0.998217404
1403637150138319104.000000 0.021843841 0.033432018 -0.007383582 -0.009694170 -0.061672334 -0.024694398 0.997743845
1403637150188318976.000000 0.033645909 0.042399496 -0.006626870 -0.013236542 -0.062852897 -0.027746929 0.997549236
1403637150238319104.000000 0.046854217 0.050923236 -0.006479498 -0.016435709 -0.061678816 -0.029539805 0.997523487
1403637150288318976.000000 0.061643280 0.058488861 0.001036214 -0.018791428 -0.057465956 -0.029361941 0.997738659
1403637150338319104.000000 0.079655506 0.066822052 0.004345653 -0.021273268 -0.053138774 -0.029215351 0.997932971
1403637150388318976.000000 0.098194353 0.073007740 0.009523118 -0.022619482 -0.044849925 -0.026816595 0.998377562
1403637150438319104.000000 0.117235377 0.081186004 0.019815074 -0.024076819 -0.038159002 -0.026235305 0.998637080
1403637150488318976.000000 0.135290101 0.086829372 0.021934628 -0.026050828 -0.033878140 -0.025571641 0.998759091
1403637150538319104.000000 0.152298912 0.094669290 0.035495710 -0.027954690 -0.030434310 -0.024890894 0.998835742
1403637150588318976.000000 0.171839476 0.104610719 0.043823767 -0.028738540 -0.028998334 -0.023251249 0.998895764
1403637150638319104.000000 0.189050078 0.111968316 0.053994622 -0.030063674 -0.027323183 -0.022740794 0.998915672
1403637150688318976.000000 0.206688583 0.119431645 0.062927753 -0.031428993 -0.026855739 -0.022900922 0.998882711
1403637150738319104.000000 0.222930431 0.126991048 0.074367791 -0.032464053 -0.026744161 -0.023323450 0.998842835
1403637150788318976.000000 0.239155158 0.134055525 0.084402964 -0.033324104 -0.026205048 -0.023438055 0.998826087
1403637150838319104.000000 0.258538693 0.145512596 0.092731573 -0.034504905 -0.024960738 -0.024666721 0.998788238
1403637150888318976.000000 0.274967581 0.152252987 0.103401460 -0.035023436 -0.021228842 -0.025235601 0.998842359
1403637150938319104.000000 0.289721191 0.159494862 0.115423732 -0.035052180 -0.017021971 -0.025729191 0.998909295
1403637150988318976.000000 0.303930730 0.165181503 0.127294511 -0.035154290 -0.013051535 -0.026201412 0.998953164
1403637151038319104.000000 0.316208571 0.172695398 0.140978381 -0.034561500 -0.009707044 -0.026532650 0.999003172
1403637151088318976.000000 0.328207195 0.178663582 0.149814516 -0.034302518 -0.006212207 -0.027167790 0.999022901
1403637151138319104.000000 0.339555055 0.184314892 0.161246702 -0.033881586 -0.002127745 -0.028129900 0.999027669
1403637151188318976.000000 0.348777682 0.189978600 0.171924472 -0.033015981 -0.000857099 -0.028276199 0.999054432
1403637151238319104.000000 0.357921571 0.195524380 0.182256147 -0.032229755 -0.003619417 -0.028033949 0.999080777
1403637151288318976.000000 0.369877219 0.198887736 0.187447056 -0.030970640 -0.007280882 -0.026470600 0.999143243
1403637151338319104.000000 0.382787943 0.203739434 0.193214566 -0.028881967 -0.011759459 -0.023065673 0.999247491
1403637151388318976.000000 0.397706151 0.207210109 0.198377177 -0.026276555 -0.015667832 -0.017401211 0.999380469
1403637151438319104.000000 0.415859938 0.210120678 0.202515587 -0.024632007 -0.018486740 -0.012886177 0.999442637
1403637151488318976.000000 0.433428138 0.214701697 0.208521426 -0.024737278 -0.020252183 -0.015037886 0.999375761
1403637151538319104.000000 0.451652676 0.220694169 0.209908947 -0.024409350 -0.021405209 -0.016035713 0.999344289
1403637151588318976.000000 0.473727793 0.225763753 0.209797159 -0.024664927 -0.022016689 -0.017871723 0.999293566
1403637151638319104.000000 0.489223540 0.232510835 0.215330884 -0.024567094 -0.022200655 -0.019716846 0.999257147
1403637151688318976.000000 0.504764318 0.238480538 0.219500795 -0.024729202 -0.021642948 -0.021653518 0.999225318
1403637151738319104.000000 0.519863129 0.245228842 0.223511100 -0.024768904 -0.022421988 -0.022502098 0.999188423
1403637151788318976.000000 0.531309664 0.250745922 0.231237695 -0.024778226 -0.022695709 -0.023399971 0.999161363
1403637151838319104.000000 0.550205946 0.256370604 0.233881205 -0.024630487 -0.023212815 -0.024218800 0.999133587
1403637151888318976.000000 0.560813725 0.263470560 0.240254909 -0.024839818 -0.023210943 -0.025269488 0.999102414
1403637151938319104.000000 0.566253603 0.271946669 0.249957472 -0.024793623 -0.023182264 -0.026144264 0.999081850
1403637151988318976.000000 0.577780128 0.278686523 0.254253358 -0.024489200 -0.023374388 -0.026165932 0.999084234
1403637152038319104.000000 0.587480664 0.285888165 0.259502500 -0.023936849 -0.023526039 -0.025476873 0.999111891
1403637152088318976.000000 0.608484149 0.290268332 0.264522582 -0.023656262 -0.024715936 -0.024841370 0.999105811
1403637152138319104.000000 0.621644020 0.297842413 0.271498233 -0.023120038 -0.025572792 -0.023851648 0.999120891
1403637152188318976.000000 0.633900166 0.305255771 0.276772946 -0.023013026 -0.026323691 -0.023293003 0.999117136
1403637152238319104.000000 0.648016214 0.311686426 0.267553002 0.022779528 0.027483806 0.022232823 -0.999115348
1403637152288318976.000000 0.659366906 0.318347216 0.281247824 0.022721527 0.028178941 0.022041289 -0.999101520
1403637152338319104.000000 0.668469310 0.326151937 0.287079215 0.022148665 0.029411556 0.020469015 -0.999112368
1403637152388318976.000000 0.675372541 0.332378596 0.303617239 -0.022171916 -0.029032195 -0.021209126 0.999107480
1403637152438319104.000000 0.681802571 0.340926498 0.310982406 -0.022107458 -0.029526722 -0.021170447 0.999095201
1403637152488318976.000000 0.685604513 0.349687308 0.319094002 0.022185780 0.029721355 0.021965809 -0.999070585
1403637152538319104.000000 0.688560069 0.358622998 0.328161567 0.021909012 0.029392881 0.021796111 -0.999090075
1403637152588318976.000000 0.690243423 0.367881715 0.338043749 0.022279993 0.029873703 0.022479806 -0.999052525
1403637152638319104.000000 0.691523254 0.377320051 0.348567635 0.022204198 0.028903684 0.022613719 -0.999079704
1403637152688318976.000000 0.692504406 0.386862040 0.359665781 0.022164043 0.028140156 0.022442617 -0.999106288
1403637152738319104.000000 0.694409251 0.396507025 0.370763451 0.021973962 0.026214043 0.021885229 -0.999175191
1403637152788318976.000000 0.697894573 0.405923456 0.381813794 0.020709956 0.023598764 0.019712713 -0.999312580
1403637152838319104.000000 0.702998877 0.415689945 0.391853571 0.020455286 0.021110078 0.019007917 -0.999387145
1403637152888318976.000000 0.711909473 0.423536241 0.422537833 -0.020028099 -0.018875185 -0.018738888 0.999445617
1403637152938319104.000000 0.720379412 0.433812380 0.429279715 -0.019959610 -0.017037282 -0.019939631 0.999456763
1403637152988318976.000000 0.730934560 0.444313049 0.435806334 -0.020021923 -0.016831107 -0.020594802 0.999445677
1403637153038319104.000000 0.741005361 0.454152882 0.438975215 0.019988835 0.016286831 0.021478038 -0.999436855
1403637153088318976.000000 0.751365185 0.464827895 0.443275779 0.020817082 0.017047919 0.022625620 -0.999381900
1403637153138319104.000000 0.760356843 0.475648254 0.447826922 0.021125628 0.018093197 0.023416312 -0.999338806
1403637153188318976.000000 0.767769098 0.486789078 0.452814460 0.021391673 0.019549271 0.023729116 -0.999298334
1403637153238319104.000000 0.773997784 0.497948885 0.458204478 0.022186102 0.020727504 0.025403228 -0.999216199
1403637153288318976.000000 0.779019117 0.509243786 0.463949800 0.022506999 0.021257291 0.026392540 -0.999172211
1403637153338319104.000000 0.780750275 0.521271229 0.491049916 -0.022890406 -0.021060837 -0.027272739 0.999143958
1403637153388318976.000000 0.784582973 0.532614052 0.497691035 -0.023531856 -0.021729875 -0.028468318 0.999081433
1403637153438319104.000000 0.789683223 0.543967962 0.504715025 -0.023620615 -0.022896471 -0.029057898 0.999036252
1403637153488318976.000000 0.796190262 0.552977860 0.510095775 0.024332516 0.024653656 0.030136373 -0.998945475
1403637153538319104.000000 0.804067791 0.562606812 0.515421152 0.024710912 0.027196513 0.030412944 -0.998861730
1403637153588318976.000000 0.813480794 0.571816206 0.520636022 0.024506949 0.028618384 0.029498436 -0.998854458
1403637153638319104.000000 0.824791253 0.580829263 0.526277304 0.024733875 0.029315708 0.030015782 -0.998813212
1403637153688318976.000000 0.838390768 0.589356482 0.532265842 0.024370372 0.028082702 0.029682415 -0.998867631
1403637153738319104.000000 0.852955222 0.597586572 0.538254201 0.024715681 0.027163904 0.030385960 -0.998863339
1403637153788318976.000000 0.867271304 0.605589986 0.544930458 0.024574654 0.024480535 0.030103464 -0.998944700
1403637153838319104.000000 0.874315619 0.614691198 0.560896993 -0.023812953 -0.022513749 -0.028578622 0.999054253
1403637153888318976.000000 0.885968864 0.622727811 0.569050312 -0.024146808 -0.021713687 -0.029070899 0.999049783
1403637153938319104.000000 0.895849109 0.630882144 0.578170776 -0.024402572 -0.020084947 -0.029563520 0.999063134
1403637153988318976.000000 0.903621733 0.637589157 0.588340580 0.024055060 0.019281525 0.028643413 -0.999114275
1403637154038319104.000000 0.909397125 0.644993424 0.598654091 0.024093548 0.019912947 0.028592499 -0.999102354
1403637154088318976.000000 0.912917495 0.652449906 0.609544098 0.023476027 0.021903140 0.026657842 -0.999128878
1403637154138319104.000000 0.914069295 0.660007119 0.621174037 0.022146299 0.026494160 0.022553781 -0.999149144
1403637154188318976.000000 0.913201869 0.667733252 0.633517385 0.019761268 0.032643788 0.014165388 -0.999171317
1403637154238319104.000000 0.911455452 0.675907314 0.646224141 0.017422006 0.037065588 0.006047050 -0.999142706
1403637154288318976.000000 0.908545911 0.685043454 0.659787536 0.015696589 0.041083165 -0.000174869 -0.999032438
1403637154338319104.000000 0.902170837 0.695361555 0.663994431 -0.014884851 -0.042618800 0.003321456 0.998975039
1403637154388318976.000000 0.898481309 0.707371593 0.679655671 -0.016116092 -0.041951038 0.000827945 0.998989344
1403637154438319104.000000 0.895230532 0.720458567 0.696326733 -0.017750392 -0.037823252 -0.003149275 0.999121904
1403637154488318976.000000 0.893712401 0.736341596 0.713432729 0.019349789 0.032852221 0.007418884 -0.999245346
1403637154538319104.000000 0.891118228 0.752165794 0.731463134 0.021181930 0.029717771 0.011326277 -0.999269664
1403637154588318976.000000 0.889072597 0.768714190 0.749539614 0.023677533 0.028839407 0.015635315 -0.999181330
1403637154638319104.000000 0.887362540 0.785450220 0.767701864 0.026688047 0.030318627 0.020741722 -0.998968661
1403637154688318976.000000 0.885870516 0.802135348 0.786323190 0.030245608 0.034412116 0.026028652 -0.998610854
1403637154738319104.000000 0.887111723 0.818905056 0.795401931 -0.034406614 -0.038025368 -0.029033845 0.998262167
1403637154788318976.000000 0.886179209 0.835153997 0.814490914 -0.040111341 -0.041439753 -0.029553067 0.997898042
1403637154838319104.000000 0.886439621 0.851045549 0.833982646 -0.046344645 -0.044617787 -0.027685165 0.997544467
1403637154888318976.000000 0.888311982 0.868256509 0.854010522 0.051645178 0.045651194 0.024705546 -0.997315645
1403637154988318976.000000 0.892151952 0.898267210 0.897132218 0.061177827 0.046876162 0.018887131 -0.996846676
1403637155038319104.000000 0.896803200 0.912313044 0.919023037 0.066778407 0.045494653 0.017187089 -0.996581912
1403637155088318976.000000 0.904521883 0.925911367 0.941465437 0.072912529 0.043294959 0.013130667 -0.996311665
1403637155138319104.000000 0.915221572 0.939085364 0.964140534 0.079743624 0.037084382 0.009953761 -0.996075690
1403637155188318976.000000 0.927691340 0.951777399 0.986656189 0.085245267 0.032979675 0.006236643 -0.995794535
1403637155238319104.000000 0.955734611 0.965644658 0.996536732 -0.089647979 -0.028936332 -0.005156622 0.995539725
1403637155288318976.000000 0.972988367 0.977055430 1.019146085 -0.092730567 -0.025520161 -0.003717634 0.995357215
1403637155338319104.000000 0.991448402 0.988862872 1.042058110 -0.096254565 -0.021344347 -0.002876249 0.995123744
1403637155388318976.000000 1.003123164 1.002397180 1.065517902 0.100604407 0.017518543 0.000306786 -0.994772315
1403637155438319104.000000 1.016829967 1.015297174 1.088813782 0.106675826 0.014781873 -0.002339727 -0.994181275
1403637155488318976.000000 1.028723240 1.028288364 1.114957571 0.113950409 0.011407592 -0.005702927 -0.993404567
1403637155538319104.000000 1.047763348 1.040154934 1.130002499 -0.120512165 -0.009983948 0.009887167 0.992612481
1403637155588318976.000000 1.055347800 1.053505182 1.154289603 -0.126028433 -0.008885931 0.014980230 0.991873741
1403637155638319104.000000 1.061526299 1.066685796 1.178921223 -0.130397454 -0.007926700 0.020830413 0.991211295
1403637155688318976.000000 1.067300081 1.080366373 1.200794578 0.134611264 0.008665291 -0.026282599 -0.990511954
1403637155738319104.000000 1.070405960 1.094430089 1.223441839 0.140014574 0.007620453 -0.030971728 -0.989635646
1403637155838319104.000000 1.075565577 1.124179125 1.265974879 -0.153923452 -0.005779618 0.042589616 0.987147629
1403637155888318976.000000 1.073884010 1.142046690 1.285774827 -0.163701326 -0.008111580 0.047057115 0.985353589
1403637155988318976.000000 1.068402290 1.181954384 1.324460983 0.185457304 0.009894674 -0.055107191 -0.981056035
1403637156038319104.000000 1.065722346 1.203343034 1.343777299 0.196164355 0.007951148 -0.060248923 -0.978686035
1403637156088318976.000000 1.067267060 1.221714258 1.367100000 -0.207043335 -0.005334405 0.066185221 0.976075947
1403637156188318976.000000 1.058506608 1.267673731 1.403884649 -0.229917988 0.000087912 0.076911137 0.970166206
1403637156238319104.000000 1.054735422 1.295100689 1.431421518 -0.241943330 0.002434325 0.083358586 0.966700017
1403637156288318976.000000 1.050621748 1.319835067 1.447037935 -0.254589945 0.003791898 0.088405788 0.962992191
1403637156388318976.000000 1.043449402 1.371360540 1.469032526 0.280141562 -0.006206079 -0.098615021 -0.954859853
1403637156438319104.000000 1.039507031 1.402718186 1.489416242 -0.293105513 0.006439209 0.104014099 0.950383484
1403637156538319104.000000 1.029760957 1.461137652 1.500097632 -0.318547606 0.010594730 0.112626277 0.941132605
1403637156588318976.000000 1.024595022 1.489307165 1.502291203 0.331233531 -0.011542557 -0.115787350 -0.936346352
1403637156688318976.000000 1.009166241 1.551203847 1.501512527 0.356804609 -0.013417311 -0.121595323 -0.926134527
1403637156738319104.000000 1.000028253 1.599343419 1.529673338 -0.369289219 0.013682202 0.123086639 0.921025515
1403637156838319104.000000 0.972148895 1.667527080 1.542505383 -0.389196485 0.007261315 0.122771107 0.912907839
1403637156888318976.000000 0.957549810 1.701046705 1.542907000 -0.396426529 0.002927748 0.123332337 0.909739912
1403637156938319104.000000 0.943877041 1.733778477 1.515772104 0.401923865 0.000285963 -0.121331319 -0.907598972
1403637156988318976.000000 0.927223325 1.778829336 1.542598248 -0.406369835 -0.005027251 0.121807560 0.905539155
1403637157088318976.000000 0.898883343 1.846224189 1.544260740 -0.409640759 -0.010454152 0.125766963 0.903475404
1403637157188318976.000000 0.861399055 1.914037228 1.535876513 0.408795327 0.010719827 -0.131019264 -0.903108776
1403637157288318976.000000 0.843008161 1.995946646 1.566689491 -0.407640994 -0.008284495 0.133842275 0.903242290
1403637157388318976.000000 0.826108336 2.077967167 1.572442293 -0.403549433 -0.004767200 0.138224348 0.904444098
1403637157488318976.000000 0.821055770 2.163563728 1.566879511 0.397585511 0.001773803 -0.145240217 -0.905995548
1403637157588318976.000000 0.819515109 2.252623796 1.558039308 0.392614514 -0.000592630 -0.148998708 -0.907553315
1403637157688318976.000000 0.820494533 2.332685947 1.555564880 -0.390342981 0.000285622 0.148345709 0.908639610
1403637157788318976.000000 0.826037049 2.428953409 1.539081454 -0.389174253 0.003497632 0.145374238 0.909613967
1403637157888318976.000000 0.841488421 2.531333447 1.508931160 -0.390386254 0.007765089 0.137859911 0.910237849
1403637157938319104.000000 0.843905091 2.586362123 1.494071007 -0.391151190 0.009472153 0.133082330 0.910604358
1403637158038319104.000000 0.839556932 2.700292110 1.461365342 -0.393586338 0.010193343 0.123124562 0.910948038
1403637158138319104.000000 0.852207899 2.797116518 1.444877386 -0.396559477 0.009105151 0.117101818 0.910464048
1403637158238319104.000000 0.846425295 2.911670685 1.406141400 -0.397238731 0.010727874 0.115182102 0.910395265
1403637158338319104.000000 0.857582569 3.020811558 1.375358582 -0.403176934 0.010995165 0.117097594 0.907532692
1403637158438319104.000000 0.862250447 3.126515150 1.329003453 -0.413210660 0.013373070 0.121436737 0.902403116
1403637158488318976.000000 0.862184644 3.179483891 1.304092169 -0.419600964 0.015721655 0.125502467 0.898853183
1403637158588318976.000000 0.860038280 3.290653706 1.252632737 -0.433211803 0.020835740 0.139516711 0.890184581
1403637158688318976.000000 0.841373920 3.395640373 1.192372203 -0.449817210 0.026910014 0.151207313 0.879816294
1403637158788318976.000000 0.829357922 3.504417419 1.130694866 0.468463093 -0.026252205 -0.159773722 -0.868519247
1403637158888318976.000000 0.800112247 3.607705116 1.091227174 -0.482215911 0.021493273 0.164177716 0.860262513
1403637158938319104.000000 0.785261035 3.659165621 1.061595678 -0.488539368 0.017237239 0.161983177 0.857201099
1403637159038319104.000000 0.759679735 3.761274099 0.997156143 -0.497442722 0.009795811 0.159362629 0.852677226
1403637159138319104.000000 0.734755158 3.877424240 0.939758301 -0.501067340 0.009804977 0.160047799 0.850423574
1403637159238319104.000000 0.719109893 3.978024006 0.873094320 -0.499248385 0.015298116 0.167104900 0.850054741
1403637159288318976.000000 0.709053695 4.028898716 0.839528084 -0.497858375 0.016989399 0.169637248 0.850336194
1403637159388318976.000000 0.685054064 4.125308514 0.775057316 0.495467544 -0.019128751 -0.173531041 -0.850901365
1403637159488318976.000000 0.659306526 4.251667976 0.710415363 -0.493350714 0.017962374 0.170389563 0.852789521
1403637159588318976.000000 0.636688709 4.361651897 0.635803461 -0.493303418 0.010371029 0.164515391 0.854095340
1403637159688318976.000000 0.593755603 4.477516651 0.566888094 -0.493312031 0.005437000 0.157730788 0.855414927
1403637159788318976.000000 0.571642637 4.591399193 0.488392591 -0.493412048 0.001633488 0.152362734 0.856345415
1403637159888318976.000000 0.549421430 4.700870037 0.419389009 -0.498293489 0.001816893 0.149474591 0.854024470
1403637159988318976.000000 0.526600718 4.818331242 0.338497877 -0.508495569 0.000646196 0.154234380 0.847138464
1403637160088318976.000000 0.497302890 4.942672253 0.267736673 -0.523869455 0.009261567 0.159880519 0.836608231
1403637160188318976.000000 0.470167100 5.059143066 0.186722994 -0.541929007 0.018027166 0.166940182 0.823479831
1403637160288318976.000000 0.441772461 5.181689262 0.117264748 -0.563744903 0.021296531 0.173467621 0.807246685
1403637160388318976.000000 0.402082920 5.291506290 0.038262367 -0.586923599 0.023987120 0.182259426 0.788496614
1403637160488318976.000000 0.361824632 5.409312248 -0.034204483 -0.613240898 0.021055950 0.187869698 0.766940236
1403637160588318976.000000 0.314936280 5.512196064 -0.113729477 -0.638333321 0.016731145 0.195170164 0.744418800
1403637160688318976.000000 0.273034930 5.628438950 -0.174580097 0.660032392 -0.012236285 -0.204716504 -0.722702384
1403637160788318976.000000 0.223801494 5.728360653 -0.246912003 0.673842907 -0.008380651 -0.211025208 -0.708049417
1403637160838319104.000000 0.202675939 5.778559208 -0.283482552 0.678620160 -0.007280770 -0.213485211 -0.702741563
1403637160938319104.000000 0.180320382 5.893521786 -0.329899311 0.684683502 -0.004672511 -0.220028251 -0.694819629
1403637161038319104.000000 0.158070445 5.999924660 -0.406069756 0.684666097 -0.007090665 -0.228800103 -0.691977382
1403637161138319104.000000 0.163559914 6.115567207 -0.458802700 0.684133887 -0.015296737 -0.236704975 -0.689708412
1403637161238319104.000000 0.161694527 6.226415157 -0.536844254 0.680361331 -0.036127254 -0.243653640 -0.690243661
1403637161338319104.000000 0.192374945 6.339260578 -0.608105183 0.677606523 -0.047020420 -0.249892056 -0.690066993
1403637161388318976.000000 0.196653605 6.393496037 -0.655952454 0.676803291 -0.047836918 -0.249515399 -0.690934896
1403637161488318976.000000 0.209380865 6.506710052 -0.763146400 0.680366516 -0.043288097 -0.246315628 -0.688880503
1403637161588318976.000000 0.233373642 6.620818615 -0.839982986 0.689535856 -0.037463449 -0.245325357 -0.680406034
1403637161688318976.000000 0.230417490 6.729839325 -0.950603485 0.698235273 -0.038509611 -0.241943553 -0.672642469
1403637161788318976.000000 0.244946718 6.839527130 -1.040705681 0.710043371 -0.042242590 -0.231335729 -0.663730264
1403637161888318976.000000 0.231192112 6.948452950 -1.149937153 0.721611857 -0.051131606 -0.213178709 -0.656670928
1403637161938319104.000000 0.223704815 6.999728680 -1.204524040 0.726417720 -0.057263102 -0.205655947 -0.653256357
1403637162038319104.000000 0.243500948 7.079287052 -1.282794476 0.735079050 -0.063676178 -0.193248510 -0.646729648
1403637162088318976.000000 0.230665922 7.124180794 -1.334876537 0.737043500 -0.066544555 -0.190279454 -0.645083368
1403637162188318976.000000 0.199633598 7.204284668 -1.432409286 0.736833394 -0.072721638 -0.193642214 -0.643654287
1403637162288318976.000000 0.187295914 7.265455246 -1.514652729 0.733233511 -0.076101094 -0.207069978 -0.643194675
1403637162388318976.000000 0.144001484 7.323401928 -1.610952377 0.728576362 -0.078676566 -0.217332318 -0.644789279
1403637162488318976.000000 0.131072521 7.355155468 -1.695126534 0.723515868 -0.069990285 -0.232678354 -0.646132410
1403637162588318976.000000 0.092100620 7.394098282 -1.803365231 0.721678674 -0.057218716 -0.236296490 -0.648128092
1403637162688318976.000000 0.073796511 7.418048859 -1.909940243 0.725850105 -0.059140868 -0.226801351 -0.646687865
1403637162788318976.000000 0.030684948 7.448311329 -2.032599449 0.733502090 -0.077290677 -0.214212060 -0.640401483
1403637162888318976.000000 -0.000216961 7.458485126 -2.142618179 0.746490538 -0.080629639 -0.211619273 -0.625674188
1403637162988318976.000000 -0.052840710 7.464638233 -2.269395351 0.762536585 -0.077370115 -0.211113408 -0.606616020
1403637163088318976.000000 -0.103873253 7.456395626 -2.381089687 0.782317400 -0.072233699 -0.213927165 -0.580514431
1403637163188318976.000000 -0.169496059 7.436106205 -2.501666069 0.803223133 -0.068804704 -0.216837808 -0.550526917
1403637163288318976.000000 -0.220666885 7.405670166 -2.603054047 0.823305666 -0.066036038 -0.221433267 -0.518434465
1403637163338319104.000000 -0.252830744 7.383391857 -2.659024239 0.831664324 -0.067241013 -0.224407792 -0.503442585
1403637163388318976.000000 -0.284150839 7.358908653 -2.711400986 0.838725865 -0.069368623 -0.229233280 -0.489059389
1403637163438319104.000000 -0.316471100 7.331158638 -2.762312889 0.844824553 -0.071721710 -0.235419512 -0.475084275
1403637163488318976.000000 -0.350672007 7.306060791 -2.769335747 0.850707114 -0.076860160 -0.242975444 -0.459731430
1403637163588318976.000000 -0.418963671 7.239989281 -2.867415428 0.854772985 -0.080306657 -0.261345387 -0.441149145
1403637163688318976.000000 -0.475412369 7.194736481 -2.942021370 0.856236815 -0.081374578 -0.280468345 -0.426115334
1403637163788318976.000000 -0.521992445 7.114362240 -3.037044525 0.854524672 -0.082768105 -0.295897484 -0.418786168
1403637163838319104.000000 -0.541464567 7.070309639 -3.087442398 0.853402615 -0.085656621 -0.301513672 -0.416480988
1403637163938319104.000000 -0.568758488 7.007600784 -3.178708076 0.854860365 -0.092708111 -0.303118140 -0.410777688
1403637164038319104.000000 -0.596756935 6.904836178 -3.295259476 0.854901791 -0.096613020 -0.301550090 -0.410945743
1403637164138319104.000000 -0.614234686 6.814564228 -3.419745445 0.856838942 -0.096094802 -0.295887947 -0.411148697
1403637164188318976.000000 -0.626427650 6.755335808 -3.484437943 0.857852578 -0.095624179 -0.291315198 -0.412408233
1403637164238319104.000000 -0.638728619 6.694415092 -3.550895691 0.858460307 -0.092461772 -0.288569778 -0.413792580
1403637164338319104.000000 -0.637003660 6.601127625 -3.691417694 0.860087216 -0.079015426 -0.285403728 -0.415392935
1403637164388318976.000000 -0.650946140 6.537039280 -3.759986401 0.859595180 -0.075566582 -0.284449756 -0.417701244
1403637164488318976.000000 -0.672900677 6.423749924 -3.891170502 0.856431603 -0.073513664 -0.290204883 -0.420597076
1403637164588318976.000000 -0.709302664 6.293463707 -4.031460285 0.851574540 -0.080826193 -0.295071840 -0.425700277
1403637164638319104.000000 -0.731201887 6.228394508 -4.103061199 0.849506199 -0.083335839 -0.297263026 -0.427819073
1403637164688318976.000000 -0.753623724 6.180874348 -4.163386822 0.849175394 -0.081426613 -0.298070163 -0.428281575
1403637164788318976.000000 -0.805121660 6.046680450 -4.308373928 0.853003502 -0.070056587 -0.287714988 -0.429764181
1403637164838319104.000000 -0.833140850 5.978259087 -4.381837368 0.855910242 -0.065942578 -0.282090515 -0.428362250
1403637164888318976.000000 -0.863522768 5.925884247 -4.444222450 0.860051513 -0.062076040 -0.277125716 -0.423862487
1403637164988318976.000000 -0.923496723 5.785560131 -4.591835976 0.865629315 -0.056505825 -0.274955004 -0.414599627
1403637165088318976.000000 -0.987753630 5.641429901 -4.728388309 0.872533143 -0.056403618 -0.274901688 -0.399916977
1403637165138319104.000000 -1.017991304 5.568881989 -4.798256874 0.877625346 -0.058332447 -0.271676064 -0.390593529
1403637165188318976.000000 -1.049034357 5.495732784 -4.867326260 0.882633746 -0.057151735 -0.270635813 -0.380062729
1403637165288318976.000000 -1.108820200 5.347472191 -5.000717163 0.891644239 -0.053213477 -0.272936285 -0.357273936
1403637165388318976.000000 -1.138688326 5.224706650 -5.124061108 0.895203412 -0.045637917 -0.289140373 -0.336044699
1403637165488318976.000000 -1.178880453 5.079782486 -5.250964165 0.897139132 -0.042321980 -0.301895678 -0.319701821
1403637165538319104.000000 -1.202913046 5.007605553 -5.313419342 0.898811400 -0.039581668 -0.304294616 -0.313011497
1403637165588318976.000000 -1.215062618 4.942604542 -5.378742695 0.899879098 -0.036659081 -0.307814211 -0.306796789
1403637165688318976.000000 -1.238330364 4.814311981 -5.509019375 0.903720737 -0.022820717 -0.307627320 -0.296872944
1403637165788318976.000000 -1.265198231 4.674553871 -5.634906292 0.906236649 -0.009083673 -0.306335658 -0.291223377
1403637165888318976.000000 -1.292511702 4.561196804 -5.755466461 0.908031881 0.005571847 -0.303530902 -0.288645327
1403637165938319104.000000 -1.322718620 4.497217655 -5.801118374 0.908467829 0.010839870 -0.299522400 -0.291299045
1403637165988318976.000000 -1.337362051 4.446424484 -5.857787132 0.907643437 0.017334497 -0.298384070 -0.294703215
1403637166038319104.000000 -1.354421616 4.399298668 -5.912890911 0.906410694 0.021979911 -0.296874344 -0.299670219
1403637166138319104.000000 -1.420995712 4.302920818 -6.000740528 0.904649734 0.026919790 -0.293449044 -0.307850659
1403637166188318976.000000 -1.447970629 4.262619019 -6.045160770 0.903235257 0.029561486 -0.293368101 -0.311813146
1403637166238319104.000000 -1.476522207 4.225967884 -6.087479591 0.902818322 0.028000562 -0.290507823 -0.315816730
1403637166338319104.000000 -1.551010370 4.161985397 -6.155295372 0.905674696 0.015232802 -0.272435993 -0.324499488
1403637166438319104.000000 -1.599635959 4.106781006 -6.222564220 0.909381449 -0.002318084 -0.246193931 -0.335273892
1403637166488318976.000000 -1.622272372 4.080611229 -6.250348091 0.909472227 -0.006654450 -0.239163920 -0.340024441
1403637166538319104.000000 -1.659391880 4.050522804 -6.262670994 0.909028590 -0.012204184 -0.236106768 -0.343178958
1403637166638319104.000000 -1.699319601 3.995082617 -6.292121410 0.903392017 -0.007375492 -0.247079089 -0.350400329
1403637166738319104.000000 -1.727398276 3.949581385 -6.318575382 0.895971477 0.010199028 -0.265655965 -0.355749995
1403637166788318976.000000 -1.746016741 3.927595854 -6.325003147 0.892726958 0.017470811 -0.273414403 -0.357740074
1403637166838319104.000000 -1.762348413 3.906132936 -6.328587532 0.891406596 0.026312159 -0.274799883 -0.359425902
1403637166938319104.000000 -1.798344135 3.874292374 -6.331757545 0.892764330 0.043832012 -0.263521910 -0.362776697
1403637167038319104.000000 -1.821873546 3.851821661 -6.317461491 0.896284103 0.056469385 -0.245960221 -0.364677399
1403637167138319104.000000 -1.818191767 3.847821236 -6.296808243 0.898867130 0.067915276 -0.229689181 -0.366971880
1403637167238319104.000000 -1.798268080 3.854269981 -6.253492832 0.901670098 0.071238577 -0.216353968 -0.367569238
1403637167288318976.000000 -1.771182299 3.871129513 -6.238411427 0.901863277 0.071549989 -0.215486228 -0.367544502
1403637167338319104.000000 -1.778100014 3.870018482 -6.178389072 0.901771605 0.073358931 -0.216591120 -0.366762578
1403637167438319104.000000 -1.742395282 3.905280828 -6.091496468 0.898926616 0.061285429 -0.233091295 -0.365846306
1403637167488318976.000000 -1.724481821 3.928627968 -6.044927120 0.896246076 0.046107810 -0.245514080 -0.366524130
1403637167538319104.000000 -1.696441770 3.962660074 -5.996813297 0.892736435 0.033619534 -0.257779270 -0.368023515
1403637167638319104.000000 -1.667013645 4.021921158 -5.877718925 0.886960804 0.000020229 -0.277241915 -0.369374454
1403637167688318976.000000 -1.653874159 4.053829670 -5.815369129 0.884331167 -0.011196575 -0.283078492 -0.371079028
1403637167738319104.000000 -1.636420965 4.088600636 -5.761685848 0.881113708 -0.016263178 -0.287953943 -0.374775708
1403637167838319104.000000 -1.618197918 4.155200958 -5.633621216 0.874567747 -0.019937553 -0.295051783 -0.384289324
1403637167888318976.000000 -1.610032797 4.189276218 -5.569461823 0.870778322 -0.018252175 -0.298884630 -0.389974356
1403637167938319104.000000 -1.595160007 4.222710609 -5.517363071 0.867484748 -0.013336786 -0.300801069 -0.395993829
1403637168038319104.000000 -1.567437649 4.292676449 -5.398784161 0.865356624 -0.003616250 -0.296218544 -0.404227108
1403637168088318976.000000 -1.549963951 4.329247475 -5.341246128 0.864029527 -0.002408831 -0.294711739 -0.408157140
1403637168138319104.000000 -1.529634953 4.373710155 -5.287920475 0.861189783 -0.005087544 -0.297683597 -0.411959827
1403637168238319104.000000 -1.507358313 4.452238560 -5.171732903 0.859763205 -0.010496104 -0.295074135 -0.416687429
1403637168288318976.000000 -1.501074553 4.496968746 -5.115357876 0.860076129 -0.011648829 -0.291538656 -0.418495715
1403637168338319104.000000 -1.498341084 4.538494110 -5.056495190 0.861531615 -0.012869635 -0.285633415 -0.419537038
1403637168438319104.000000 -1.507548094 4.626308441 -4.946272373 0.865479827 -0.015720103 -0.269416839 -0.422033548
1403637168488318976.000000 -1.511610866 4.668603897 -4.885681629 0.866766572 -0.021269782 -0.263661236 -0.422783673
1403637168538319104.000000 -1.516369939 4.710834503 -4.823834896 0.867053568 -0.024962870 -0.261746854 -0.423182756
1403637168638319104.000000 -1.527676821 4.799936295 -4.699546814 0.865357399 -0.027366003 -0.266206294 -0.423723787
1403637168688318976.000000 -1.527973890 4.842018127 -4.638854027 0.864293575 -0.025381273 -0.269736350 -0.423786104
1403637168738319104.000000 -1.525357604 4.883653641 -4.578406334 0.863540947 -0.022696711 -0.272308290 -0.423827976
1403637168838319104.000000 -1.511367917 4.972322464 -4.459025860 0.863272429 -0.016082566 -0.275044590 -0.422909796
1403637168888318976.000000 -1.501680970 5.015559673 -4.400072098 0.863295794 -0.013401158 -0.275299788 -0.422789395
1403637168938319104.000000 -1.492238045 5.058876038 -4.340775013 0.863799691 -0.009214287 -0.275162667 -0.421960622
1403637169038319104.000000 -1.485342979 5.140057087 -4.216979504 0.865568280 -0.001172736 -0.271892369 -0.420552999
1403637169138319104.000000 -1.473214388 5.233955860 -4.099364758 0.865883291 0.004958341 -0.267703563 -0.422559232
1403637169188318976.000000 -1.463590741 5.283575535 -4.039680958 0.865013897 0.006267390 -0.264293760 -0.426451236
1403637169238319104.000000 -1.456357002 5.324123859 -3.976336002 0.863257289 0.006248278 -0.259329319 -0.433008403
1403637169338319104.000000 -1.428548813 5.429606438 -3.852272511 0.856733918 0.002640346 -0.251980603 -0.450006664
1403637169388318976.000000 -1.410331488 5.483293056 -3.788565159 0.852193832 0.001152217 -0.248253509 -0.460580766
1403637169438319104.000000 -1.392891288 5.526733398 -3.722456455 0.846890926 0.000214883 -0.242850706 -0.473074287
1403637169538319104.000000 -1.342570901 5.632677078 -3.589130878 0.834767222 0.000812732 -0.232045487 -0.499317557
1403637169588318976.000000 -1.313740730 5.685417652 -3.521029472 0.827723622 0.000195045 -0.225322098 -0.513909996
1403637169638319104.000000 -1.293297768 5.730473995 -3.453618050 0.820580125 0.002773121 -0.215660021 -0.529274464
1403637169738319104.000000 -1.224907756 5.830058098 -3.311007023 0.803147137 0.002947244 -0.204108343 -0.559719443
1403637169788318976.000000 -1.190757275 5.878301144 -3.237055302 0.793974876 0.002904052 -0.200203702 -0.574033082
1403637169838319104.000000 -1.168899775 5.922066212 -3.165510654 0.784609318 0.002724945 -0.196003199 -0.588186622
1403637169938319104.000000 -1.110444069 6.015547276 -3.006406307 0.768656969 0.006050168 -0.185166299 -0.612244487
1403637169988318976.000000 -1.082800269 6.061482430 -2.922738075 0.761292040 0.008077332 -0.178660035 -0.623257399
1403637170038319104.000000 -1.064151049 6.104308128 -2.838563919 0.753523767 0.009461482 -0.174064666 -0.633888006
1403637170138319104.000000 -1.027016640 6.187327862 -2.657498837 0.737524629 0.009291842 -0.165879458 -0.654564798
1403637170238319104.000000 -0.990302205 6.252857208 -2.470329285 0.721120596 0.006635638 -0.154812455 -0.675258636
1403637170288318976.000000 -0.968064904 6.286921978 -2.369846344 0.712896347 0.007562994 -0.149356678 -0.685138166
1403637170338319104.000000 -0.946180224 6.319766045 -2.267077923 0.703663826 0.004717838 -0.144981056 -0.695568562
1403637170438319104.000000 -0.903876305 6.407307625 -2.054820538 -0.681052208 0.012978262 0.141505569 0.718314469
1403637170488318976.000000 -0.884914398 6.434101105 -1.945271969 -0.668226182 0.024838498 0.140428543 0.730162084
1403637170538319104.000000 -0.866645098 6.458190441 -1.834863901 -0.655490816 0.036494486 0.137177750 0.741742790
1403637170638319104.000000 -0.837292790 6.521744728 -1.615643024 -0.629620492 0.055234808 0.128321692 0.764238715
1403637170688318976.000000 -0.827148497 6.535769463 -1.505552292 -0.617281795 0.063993715 0.121576436 0.774652958
1403637170738319104.000000 -0.818059087 6.545713425 -1.396070480 -0.604429662 0.069282405 0.115471251 0.785194993
1403637170838319104.000000 -0.771462083 6.573286057 -1.186406851 -0.575782239 0.065745182 0.110975377 0.807364225
1403637170888318976.000000 -0.759725630 6.570045471 -1.083221197 -0.560440361 0.063746236 0.108275354 0.818608284
1403637170938319104.000000 -0.746792912 6.563008308 -0.982535601 -0.544858396 0.059446186 0.105942003 0.829681754
1403637171038319104.000000 -0.728927910 6.575274944 -0.785848618 -0.513253152 0.052933708 0.102250114 0.850478828
1403637171138319104.000000 -0.678483605 6.535945415 -0.608342886 -0.483361721 0.046194345 0.101744339 0.868260145
1403637171188318976.000000 -0.652224779 6.513922215 -0.523511767 -0.471231073 0.043987244 0.100145735 0.875201285
1403637171238319104.000000 -0.641120195 6.509913445 -0.441294670 -0.460124850 0.047231063 0.097850300 0.881180882
1403637171338319104.000000 -0.585049868 6.454482079 -0.285201073 -0.445878714 0.048922047 0.091355607 0.889074266
1403637171388318976.000000 -0.556272328 6.423416138 -0.211852670 -0.442345798 0.047214508 0.084666058 0.891589999
1403637171438319104.000000 -0.552371860 6.404429436 -0.133184552 -0.440699369 0.046613418 0.076273814 0.893192887
1403637171538319104.000000 -0.490864575 6.328692913 0.002339125 -0.438148767 0.040590912 0.069789127 0.895269573
1403637171588318976.000000 -0.461864889 6.290470600 0.067673445 -0.437881917 0.038588248 0.067693681 0.895649433
1403637171638319104.000000 -0.451535940 6.257428646 0.135716915 -0.438284189 0.036979966 0.063168831 0.895851135
1403637171738319104.000000 -0.408233732 6.168099403 0.263410091 -0.441745311 0.036146950 0.059326701 0.894446731
1403637171788318976.000000 -0.388716787 6.121611118 0.325076580 -0.444111794 0.035663746 0.057441872 0.893416584
1403637171838319104.000000 -0.373871654 6.075338840 0.384902716 -0.446783990 0.036996353 0.055139188 0.892174363
1403637171888318976.000000 -0.360213220 6.021214008 0.446795464 -0.449411333 0.036776129 0.054393511 0.890908778
1403637171988318976.000000 -0.342313498 5.908296108 0.570296764 -0.453947634 0.039290387 0.053280666 0.888565719
1403637172038319104.000000 -0.322689831 5.839245796 0.625084877 -0.456093848 0.040693954 0.052631665 0.887441456
1403637172088318976.000000 -0.316883653 5.771854401 0.684992075 -0.458109945 0.041586898 0.052527696 0.886367142
1403637172188318976.000000 -0.313672692 5.631458282 0.804740667 -0.457576752 0.043253541 0.063489534 0.885845244
1403637172238319104.000000 -0.310541570 5.564703465 0.862692118 -0.454884112 0.042285521 0.076282911 0.886269331
1403637172288318976.000000 -0.308350146 5.488420010 0.919119358 -0.451816171 0.041373223 0.089944527 0.886600494
1403637172388318976.000000 -0.295997113 5.329756737 1.024698377 -0.446825236 0.040466245 0.113597699 0.886456609
1403637172438319104.000000 -0.277748436 5.260107994 1.073770165 -0.444709003 0.039592765 0.123553649 0.886228442
1403637172488318976.000000 -0.268092394 5.179023266 1.118499994 -0.443217337 0.040875647 0.132415950 0.885637403
1403637172588318976.000000 -0.245406836 5.017219067 1.198984742 -0.442750663 0.042975143 0.142232418 0.884248257
1403637172638319104.000000 -0.227937907 4.943761826 1.235700846 -0.442300588 0.042811062 0.146952391 0.883709490
1403637172688318976.000000 -0.212953448 4.865075111 1.266926885 -0.441894352 0.042903341 0.151116446 0.883205891
1403637172788318976.000000 -0.182308197 4.709999561 1.320185184 -0.443912774 0.039268531 0.159305230 0.880920768
1403637172838319104.000000 -0.164417624 4.637585640 1.341210365 -0.446287483 0.031649552 0.166938201 0.878611088
1403637172888318976.000000 -0.149901152 4.564289093 1.359432459 -0.449530691 0.021351995 0.175401300 0.875614464
1403637172988318976.000000 -0.127809405 4.421914577 1.391459465 -0.456170559 -0.001082024 0.193347707 0.868633389
1403637173038319104.000000 -0.132827759 4.356989861 1.410105705 -0.458535522 -0.009958995 0.201874033 0.865386009
1403637173088318976.000000 -0.130889535 4.295188427 1.426396847 -0.463006824 -0.015175921 0.207549348 0.861578643
1403637173188318976.000000 -0.142647624 4.187946320 1.459830761 -0.475176781 -0.018825939 0.220482126 0.851610422
1403637173238319104.000000 -0.149765372 4.147577286 1.475303650 -0.484241605 -0.017234528 0.224168077 0.845554113
1403637173288318976.000000 -0.157341361 4.105810642 1.489441633 -0.494743347 -0.012960866 0.227268726 0.838695467
1403637173388318976.000000 -0.173946500 4.039570332 1.512018442 -0.517465949 -0.001184534 0.230014652 0.824209273
1403637173438319104.000000 -0.181303144 4.006964684 1.522795200 0.528807938 -0.004897229 -0.230713621 -0.816767693
1403637173488318976.000000 -0.200804591 3.978222609 1.526334047 -0.539522290 0.010424406 0.231953874 0.809323490
1403637173588318976.000000 -0.224391282 3.937074423 1.536752939 -0.558632433 0.018702736 0.239889294 0.793746352
1403637173638319104.000000 -0.239245296 3.921260118 1.539062977 -0.566096902 0.023997838 0.247753501 0.785860419
1403637173688318976.000000 -0.257754087 3.908493280 1.541377306 0.573059857 -0.028083218 -0.255931705 -0.778018534
1403637173788318976.000000 -0.296306252 3.884762287 1.529570103 -0.585204601 0.030303078 0.274107218 0.762550056
1403637173838319104.000000 -0.318357706 3.879888058 1.521126032 -0.590192616 0.029060649 0.284984469 0.754726470
1403637173888318976.000000 -0.341263175 3.880121231 1.509357691 -0.595129907 0.024785092 0.294054300 0.747487903
1403637173988318976.000000 -0.384557128 3.891309977 1.470147610 -0.608949721 0.009626112 0.292502284 0.737244904
1403637174038319104.000000 -0.397762179 3.893815994 1.446862221 0.619324684 -0.001726364 -0.278487891 -0.734083474
1403637174088318976.000000 -0.406940937 3.911725521 1.416969776 0.629032373 -0.002037364 -0.263056099 -0.731516004
1403637174188318976.000000 -0.413721740 3.956070185 1.347101927 0.645186782 -0.015927320 -0.230647251 -0.728204787
1403637174238319104.000000 -0.409821928 3.986908436 1.307734966 0.650102794 -0.026712045 -0.218157977 -0.727365136
1403637174288318976.000000 -0.414825797 4.005427837 1.269165993 0.652779639 -0.036812898 -0.210349590 -0.726826429
1403637174388318976.000000 -0.428188980 4.047353745 1.197572708 0.652631104 -0.049260143 -0.208370790 -0.726792812
1403637174438319104.000000 -0.431821585 4.069072247 1.157588720 0.650708020 -0.056824822 -0.213307440 -0.726532876
1403637174488318976.000000 -0.433043540 4.089384556 1.115630150 0.649040282 -0.067204647 -0.219552293 -0.725277245
1403637174588318976.000000 -0.416637897 4.121926308 1.013103008 0.652250886 -0.077193134 -0.227943033 -0.718785107
1403637174638319104.000000 -0.415512145 4.137032509 0.961555481 0.658557892 -0.075491019 -0.226364851 -0.713695705
1403637174688318976.000000 -0.415453732 4.150882721 0.908752441 0.667905211 -0.074373014 -0.221956074 -0.706474960
1403637174738319104.000000 -0.419514239 4.163869381 0.853316307 0.678427219 -0.072608791 -0.217521742 -0.697960496
1403637174788318976.000000 -0.423804462 4.176178932 0.797156334 0.689802706 -0.070592359 -0.212740794 -0.688425958
1403637174838319104.000000 -0.424178779 4.186336517 0.732362747 0.699493706 -0.067604974 -0.214480922 -0.678333342
1403637174888318976.000000 -0.439123333 4.195996761 0.674852371 0.707533300 -0.065001599 -0.221220449 -0.668006718
1403637174988318976.000000 -0.476129651 4.215252876 0.558321476 0.723762989 -0.060377054 -0.233598635 -0.646493137
1403637175038319104.000000 -0.489587963 4.225513458 0.501136780 0.730996728 -0.059062291 -0.238916442 -0.636454582
1403637175088318976.000000 -0.505462885 4.234828949 0.442009926 0.738183975 -0.061193250 -0.239319995 -0.627746701
1403637175138319104.000000 -0.500966430 4.229786396 0.379083157 0.744574726 -0.065188415 -0.238970563 -0.619880795
1403637175188318976.000000 -0.519955516 4.236707687 0.319238663 0.750160217 -0.071988083 -0.237007424 -0.613110840
1403637175238319104.000000 -0.538749278 4.241442680 0.258859158 0.755376399 -0.079878189 -0.233746514 -0.606950283
1403637175288318976.000000 -0.556326866 4.242716789 0.198638439 0.760350764 -0.086732671 -0.228691459 -0.601701200
1403637175338319104.000000 -0.577205420 4.242439270 0.137991905 0.765086234 -0.090924099 -0.223249063 -0.597106099
1403637175388318976.000000 -0.594461918 4.235437870 0.075023651 0.768465102 -0.094938152 -0.219058856 -0.593684614
1403637175438319104.000000 -0.619516194 4.231598377 0.014900208 0.769394100 -0.097572602 -0.219883785 -0.591746151
1403637175488318976.000000 -0.646806598 4.224801064 -0.045075893 0.768938720 -0.098303504 -0.224738017 -0.590391934
1403637175538319104.000000 -0.674601078 4.214365005 -0.105895042 0.767136633 -0.098449700 -0.231711686 -0.590015948
1403637175638319104.000000 -0.720452964 4.174150467 -0.230655193 0.762081623 -0.090688378 -0.248187780 -0.591109276
1403637175688318976.000000 -0.744679272 4.155933857 -0.295541286 0.760181427 -0.087704144 -0.253549963 -0.591730237
1403637175738319104.000000 -0.767772734 4.135273457 -0.362642765 0.758329868 -0.086077042 -0.257638633 -0.592578232
1403637175788318976.000000 -0.789233983 4.112199306 -0.432309628 0.757799208 -0.082338370 -0.258549690 -0.593390942
1403637175838319104.000000 -0.800149381 4.085196495 -0.506457329 0.758232772 -0.077832878 -0.256909579 -0.594156981
1403637175888318976.000000 -0.830541670 4.051359653 -0.578243256 0.759856582 -0.071835801 -0.252500564 -0.594727755
1403637175938319104.000000 -0.844442427 4.023817539 -0.655480385 0.761894464 -0.066908106 -0.246046245 -0.595400214
1403637176038319104.000000 -0.863499820 3.964153051 -0.814509869 0.764258027 -0.069101743 -0.234692618 -0.596702635
1403637176088318976.000000 -0.889470458 3.923160076 -0.891617775 0.764844418 -0.072154157 -0.228725463 -0.597905874
1403637176138319104.000000 -0.898889959 3.888058662 -0.971836329 0.765884399 -0.072440155 -0.222835064 -0.598763764
1403637176188318976.000000 -0.909442663 3.851321697 -1.051520586 0.766266048 -0.074264504 -0.218080521 -0.599801719
1403637176238319104.000000 -0.921945333 3.812829733 -1.130219936 0.767223299 -0.074812949 -0.214164689 -0.599920869
1403637176288318976.000000 -0.950621963 3.770110846 -1.207706213 0.768377542 -0.075738356 -0.212042823 -0.599080622
1403637176338319104.000000 -0.967116237 3.726845741 -1.285207272 0.769265890 -0.076519653 -0.212449521 -0.597695589
1403637176388318976.000000 -0.985106945 3.681570053 -1.362009525 0.770327508 -0.074758574 -0.212396190 -0.596569061
1403637176438319104.000000 -1.004460573 3.634272099 -1.437994242 0.770807266 -0.072872803 -0.215151578 -0.595193684
1403637176488318976.000000 -1.039091349 3.583829403 -1.512321711 0.772943974 -0.067919530 -0.216456756 -0.592529297
1403637176538319104.000000 -1.061459064 3.532255173 -1.586622000 0.775142312 -0.064418793 -0.219912633 -0.588764071
1403637176588318976.000000 -1.084949374 3.479656219 -1.660488367 0.777459741 -0.063267052 -0.224995628 -0.583892703
1403637176638319104.000000 -1.109645128 3.426069021 -1.733529568 0.779648721 -0.061419286 -0.230886400 -0.578849852
1403637176738319104.000000 -1.165598154 3.313987970 -1.874703884 0.783139765 -0.057987869 -0.242424145 -0.569701791
1403637176838319104.000000 -1.225377083 3.204299450 -2.019220829 0.786103308 -0.054481830 -0.250883728 -0.562255085
1403637176888318976.000000 -1.252365470 3.146812916 -2.089242697 0.786453068 -0.051051982 -0.256566793 -0.559516549
1403637176938319104.000000 -1.280769348 3.089755535 -2.159184217 0.786806345 -0.047049329 -0.261117250 -0.557261169
1403637176988318976.000000 -1.310698152 3.033072233 -2.228726625 0.786564648 -0.041688789 -0.266200721 -0.555621624
1403637177038319104.000000 -1.338307142 2.973370552 -2.297793150 0.785136402 -0.037090033 -0.273952752 -0.554197788
1403637177088318976.000000 -1.370142341 2.917448521 -2.366856337 0.782872736 -0.028745210 -0.283321887 -0.553184271
1403637177188318976.000000 -1.447731614 2.819002628 -2.503591061 0.777907848 -0.017938679 -0.301746011 -0.550896466
1403637177238319104.000000 -1.483102918 2.769794464 -2.573236227 0.775873244 -0.012927397 -0.308602214 -0.550107419
1403637177288318976.000000 -1.519500136 2.723705292 -2.643942833 0.774618387 -0.010318360 -0.312833011 -0.549541056
1403637177388318976.000000 -1.604129672 2.639799595 -2.783288479 0.773669004 -0.002957988 -0.316396683 -0.548926890
1403637177438319104.000000 -1.647625208 2.603238106 -2.855204582 0.774467528 0.003032907 -0.314816624 -0.548708856
1403637177488318976.000000 -1.692292809 2.570056677 -2.928158998 0.776175678 0.010517626 -0.312738389 -0.547389567
1403637177588318976.000000 -1.769006968 2.520249844 -3.090156555 0.781543255 0.023816971 -0.305372089 -0.543480217
1403637177638319104.000000 -1.810734749 2.499789715 -3.167085648 0.785135984 0.029487289 -0.298070341 -0.542075813
1403637177688318976.000000 -1.848559976 2.484013796 -3.244438410 0.788791239 0.033175491 -0.290447652 -0.540692210
1403637177788318976.000000 -1.919500709 2.468172789 -3.399657488 0.796259403 0.033528160 -0.276377261 -0.537087083
1403637177838319104.000000 -1.953354359 2.463645697 -3.475613832 0.798562527 0.029622130 -0.277429968 -0.533341467
1403637177888318976.000000 -1.987239718 2.461774349 -3.550342560 0.801840961 0.026073575 -0.278847575 -0.527840316
1403637177988318976.000000 -2.056272507 2.458545446 -3.688039541 0.811326861 0.025433337 -0.280368686 -0.512342930
1403637178038319104.000000 -2.088816404 2.463522434 -3.758985758 0.818164170 0.031251438 -0.277208209 -0.502778709
1403637178088318976.000000 -2.121399164 2.471615314 -3.827804089 0.825766981 0.039744563 -0.271889418 -0.492549986
1403637178188318976.000000 -2.182735920 2.495016098 -3.960750818 0.837604821 0.050388098 -0.267693251 -0.473518342
1403637178238319104.000000 -2.208126307 2.524156570 -4.016862392 0.843201280 0.054031186 -0.264001638 -0.465183228
1403637178288318976.000000 -2.231636286 2.544068575 -4.078042030 0.848024726 0.056906912 -0.258559793 -0.459088743
1403637178388318976.000000 -2.269535780 2.597569942 -4.191195011 0.856166482 0.064158790 -0.247395113 -0.449063838
1403637178438319104.000000 -2.285820246 2.629040480 -4.237215996 0.859588921 0.066459998 -0.242128074 -0.445043951
1403637178488318976.000000 -2.296913862 2.676192522 -4.282469749 0.861569047 0.067577131 -0.240739837 -0.441787869
1403637178588318976.000000 -2.309283972 2.759749651 -4.359532356 0.863642991 0.064404383 -0.240883291 -0.438118935
1403637178638319104.000000 -2.313130617 2.807193518 -4.390941620 0.863789618 0.055886250 -0.242932454 -0.437867790
1403637178688318976.000000 -2.315543175 2.856607914 -4.417894363 0.863712311 0.045605954 -0.244694501 -0.438230306
1403637178788318976.000000 -2.340217829 2.969741583 -4.463429451 0.865071833 0.019554164 -0.240912348 -0.439579070
1403637178838319104.000000 -2.344466209 3.023777008 -4.480729103 0.865493834 0.008873193 -0.239277288 -0.439986557
1403637178888318976.000000 -2.348911524 3.079235554 -4.495244503 0.864858031 -0.003007618 -0.240520597 -0.440637648
1403637178988318976.000000 -2.356718540 3.188867569 -4.514451981 0.863991797 -0.020124560 -0.240739465 -0.441766620
1403637179038319104.000000 -2.363533974 3.240746975 -4.516436100 0.863836229 -0.026040077 -0.239400804 -0.442488730
1403637179088318976.000000 -2.364300013 3.305513382 -4.529195786 0.862825096 -0.027263872 -0.241402298 -0.443299592
1403637179188318976.000000 -2.375744104 3.411996841 -4.530407429 0.860203803 -0.024918962 -0.248790234 -0.444445580
1403637179288318976.000000 -2.383848667 3.514546633 -4.532760143 0.857825577 -0.019419635 -0.253747225 -0.446509391
1403637179338319104.000000 -2.381024837 3.557783604 -4.526428223 0.857790053 -0.015854336 -0.253455997 -0.446883649
1403637179388318976.000000 -2.363377571 3.612553596 -4.532823086 0.856974661 -0.013301851 -0.254804045 -0.447763860
1403637179488318976.000000 -2.333964109 3.713541985 -4.528868675 0.856088042 -0.011289565 -0.255774587 -0.448960304
1403637179538319104.000000 -2.319784164 3.764450073 -4.524299145 0.855905056 -0.011883933 -0.255722523 -0.449323326
1403637179588318976.000000 -2.305917740 3.814929724 -4.518066883 0.856403232 -0.012027744 -0.254655242 -0.448976189
1403637179688318976.000000 -2.277112484 3.904806376 -4.496868610 0.857644975 -0.011684714 -0.251775473 -0.448238552
1403637179738319104.000000 -2.274970531 3.957326412 -4.485511780 0.858736336 -0.010393782 -0.249846473 -0.447259247
1403637179788318976.000000 -2.279455900 4.009435177 -4.469223976 0.860209525 -0.004637119 -0.247029573 -0.446088105
1403637179888318976.000000 -2.302927971 4.118710518 -4.427437305 0.864980042 0.009782171 -0.234893575 -0.443327159
1403637179938319104.000000 -2.320609331 4.159411430 -4.391682148 0.867192388 0.015101586 -0.228438124 -0.442227662
1403637179988318976.000000 -2.338344336 4.215222359 -4.361606121 0.868094385 0.015215996 -0.225906715 -0.441754401
1403637180088318976.000000 -2.373286247 4.331879139 -4.290499687 0.865881443 0.005668162 -0.233072370 -0.442599803
1403637180188318976.000000 -2.393064260 4.461285591 -4.214049816 0.861810267 -0.006179219 -0.244038060 -0.444623858
1403637180238319104.000000 -2.398799419 4.519176483 -4.173346996 0.860329330 -0.011948427 -0.247725740 -0.445334464
1403637180288318976.000000 -2.402112961 4.576747417 -4.131917953 0.858421087 -0.016823420 -0.252217948 -0.446336538
1403637180388318976.000000 -2.399773598 4.693538666 -4.049968243 0.854119539 -0.020664217 -0.263849139 -0.447701365
1403637180438319104.000000 -2.394187927 4.723276138 -3.999111176 0.851270020 -0.017964583 -0.271575958 -0.448623717
1403637180488318976.000000 -2.389292240 4.782861710 -3.958340645 0.848022819 -0.014599300 -0.281802922 -0.448588163
1403637180588318976.000000 -2.373301029 4.894309998 -3.879441261 0.845082998 -0.008507066 -0.291911513 -0.447828084
1403637180638319104.000000 -2.355001450 4.963869572 -3.846509933 0.847771466 -0.002092426 -0.285004854 -0.447271228
1403637180688318976.000000 -2.341194868 4.988543987 -3.795669556 0.851048052 -0.000598852 -0.275822222 -0.446809858
1403637180788318976.000000 -2.305834293 5.105364799 -3.723195553 0.855960071 -0.002371818 -0.263693035 -0.444739014
1403637180888318976.000000 -2.259788752 5.252705097 -3.664853573 0.861674428 0.007112751 -0.250528932 -0.441250443
1403637180938319104.000000 -2.246023655 5.284242630 -3.609003544 0.863490641 0.011460727 -0.246971712 -0.439610720
1403637180988318976.000000 -2.220385075 5.344227314 -3.567487240 0.865666330 0.016657367 -0.242990658 -0.437378347
1403637181038319104.000000 -2.192112923 5.405271530 -3.524663448 0.867560029 0.022855464 -0.240036488 -0.434971035
1403637181138319104.000000 -2.124880075 5.529437065 -3.434477806 0.868217111 0.016165134 -0.243021995 -0.432293981
1403637181188318976.000000 -2.086172581 5.598796844 -3.382224083 0.867486715 0.008238240 -0.248135850 -0.431077212
1403637181238319104.000000 -2.047264576 5.668875694 -3.334434509 0.867281437 -0.001547068 -0.250431091 -0.430238008
1403637181288318976.000000 -2.006838083 5.737587452 -3.285797119 0.867254138 -0.010761641 -0.251719445 -0.429408759
1403637181388318976.000000 -1.915450335 5.866428375 -3.183578491 0.869888902 -0.019197410 -0.245816201 -0.427199334
1403637181438319104.000000 -1.883366704 5.917422295 -3.128454208 0.871087670 -0.019113002 -0.242663443 -0.426562518
1403637181488318976.000000 -1.833797812 5.979078293 -3.075548649 0.871497869 -0.016604016 -0.243508771 -0.425346106
1403637181588318976.000000 -1.731284499 6.094678879 -2.966361046 0.871074736 -0.013420026 -0.249202698 -0.423020989
1403637181638319104.000000 -1.677308083 6.150373936 -2.909411907 0.870830715 -0.011703276 -0.252663225 -0.421519071
1403637181738319104.000000 -1.553688645 6.260224342 -2.794936180 0.870394528 -0.015108812 -0.258298874 -0.418887526
1403637181788318976.000000 -1.498509765 6.313838959 -2.736140728 0.870533228 -0.018766657 -0.259713799 -0.417574674
1403637181838319104.000000 -1.460041285 6.373531342 -2.673303604 0.871400952 -0.023481205 -0.257572949 -0.416851699
1403637181888318976.000000 -1.406432867 6.426848412 -2.612049103 0.871589065 -0.025994848 -0.257854402 -0.416134536
1403637181938319104.000000 -1.354903460 6.480323792 -2.549981117 0.871465325 -0.027270852 -0.258836836 -0.415701866
1403637182038319104.000000 -1.253627658 6.588242054 -2.428180695 0.871623218 -0.029633678 -0.258516610 -0.415408283
1403637182088318976.000000 -1.198956251 6.632527351 -2.360914230 0.872764587 -0.032163277 -0.254113555 -0.415540397
1403637182138319104.000000 -1.155334234 6.702405930 -2.316899300 0.872976840 -0.035408683 -0.251710594 -0.416292548
1403637182238319104.000000 -1.059518218 6.806779861 -2.193281174 0.871957183 -0.048136771 -0.249202132 -0.418654859
1403637182288318976.000000 -1.014324903 6.854973793 -2.128177643 0.871095061 -0.054774240 -0.248270288 -0.420184642
1403637182338319104.000000 -0.970504403 6.901254177 -2.062646866 0.870474279 -0.060736109 -0.246543288 -0.421665937
1403637182388318976.000000 -0.931876302 6.949730873 -1.998539925 0.870503902 -0.063540474 -0.244636655 -0.422301531
1403637182438319104.000000 -0.888901830 6.990761280 -1.932084084 0.870169938 -0.069442123 -0.241446912 -0.423893243
1403637182488318976.000000 -0.845219612 7.028170586 -1.865560532 0.872063279 -0.067842908 -0.234133035 -0.424363941
1403637182538319104.000000 -0.800610781 7.062872887 -1.798510551 0.872962415 -0.065428503 -0.229809925 -0.425256610
1403637182588318976.000000 -0.754179955 7.094285011 -1.731678963 0.874046683 -0.061970599 -0.225851417 -0.425667971
1403637182638319104.000000 -0.712526560 7.132102489 -1.661875725 0.874899507 -0.059244223 -0.223836511 -0.425368249
1403637182688318976.000000 -0.663489103 7.156934738 -1.592474937 0.874351025 -0.059152205 -0.224790737 -0.426005274
1403637182738319104.000000 -0.613720179 7.178492546 -1.521938324 0.873901367 -0.061256845 -0.224837705 -0.426605374
1403637182838319104.000000 -0.515796065 7.208606720 -1.376403809 0.871797025 -0.069703147 -0.230048984 -0.426836073
1403637182888318976.000000 -0.473330736 7.236318111 -1.315632820 0.871299028 -0.072257854 -0.231626973 -0.426574498
1403637182938319104.000000 -0.429201484 7.243841171 -1.239707947 0.870707095 -0.076802887 -0.232866094 -0.426314324
1403637182988318976.000000 -0.388098955 7.249110222 -1.162818909 0.869807839 -0.081904195 -0.234880492 -0.426095337
1403637183088318976.000000 -0.321934104 7.258438110 -1.005497932 0.868037403 -0.092590317 -0.238022134 -0.425774217
1403637183138319104.000000 -0.291743398 7.262367725 -0.929615974 0.866845548 -0.097816177 -0.240675032 -0.425542563
1403637183188318976.000000 -0.268610120 7.257137299 -0.847804070 0.865932882 -0.100761279 -0.242168725 -0.425865978
1403637183238319104.000000 -0.249161363 7.248909950 -0.766201973 0.864941597 -0.103430890 -0.244223803 -0.426066816
1403637183288318976.000000 -0.231741071 7.238842964 -0.686037064 0.864187300 -0.105128236 -0.245981842 -0.426170647
1403637183338319104.000000 -0.215673089 7.228447437 -0.607985497 0.863274753 -0.107172906 -0.248238549 -0.426202238
1403637183388318976.000000 -0.197461843 7.205297947 -0.522259712 0.862746298 -0.109052591 -0.250224352 -0.425633848
1403637183488318976.000000 -0.172446012 7.157646179 -0.364909172 0.862651944 -0.110187389 -0.250027776 -0.425648302
1403637183538319104.000000 -0.163349032 7.128859043 -0.287743568 0.861869931 -0.112140149 -0.251674891 -0.425751776
1403637183588318976.000000 -0.158403993 7.100456715 -0.209465981 0.861337662 -0.113377996 -0.253509253 -0.425412804
1403637183638319104.000000 -0.150972843 7.066965103 -0.135967255 0.860953212 -0.116303906 -0.253966570 -0.425128311
1403637183738319104.000000 -0.137033820 6.994598389 0.012123108 0.859176219 -0.119974680 -0.258646190 -0.424881607
1403637183788318976.000000 -0.135780454 6.950428009 0.081739426 0.856622100 -0.122670643 -0.265007019 -0.425349146
1403637183838319104.000000 -0.134118199 6.903038025 0.148362160 0.854228258 -0.124514066 -0.271359175 -0.425622523
1403637183888318976.000000 -0.131580234 6.851996899 0.210893631 0.851821125 -0.126946419 -0.277461171 -0.425794154
1403637183938319104.000000 -0.128676891 6.797026157 0.269734383 0.849730670 -0.129437625 -0.282866687 -0.425664485
1403637184038319104.000000 -0.117526293 6.647382736 0.399745464 0.846087396 -0.134143367 -0.291851997 -0.425398856
1403637184088318976.000000 -0.112953067 6.579435825 0.447170258 0.845574498 -0.134230211 -0.294276118 -0.424720556
1403637184138319104.000000 -0.107309580 6.506749153 0.490568161 0.845923245 -0.131829411 -0.295172334 -0.424155980
1403637184188318976.000000 -0.100551963 6.430295467 0.529016018 0.846400440 -0.127983928 -0.295931578 -0.423852533
1403637184238319104.000000 -0.094057560 6.350335598 0.563570976 0.848708212 -0.120846175 -0.293192416 -0.423236132
1403637184338319104.000000 -0.092973590 6.186408520 0.621140480 0.853522182 -0.097394578 -0.288803160 -0.422619194
1403637184388318976.000000 -0.086676836 6.072366238 0.683248520 0.855202317 -0.084937565 -0.288111717 -0.422381639
1403637184438319104.000000 -0.094020247 5.987051487 0.710458755 0.855984747 -0.074221380 -0.288587570 -0.422490925
1403637184488318976.000000 -0.103894353 5.899852753 0.740877628 0.855383098 -0.065869540 -0.291714460 -0.422946453
1403637184538319104.000000 -0.115483522 5.813425541 0.767333508 0.854400933 -0.058873821 -0.295469373 -0.423356533
1403637184588318976.000000 -0.128630280 5.727202415 0.793149471 0.852694571 -0.052488055 -0.300854117 -0.423844159
1403637184638319104.000000 -0.132795334 5.627504349 0.831212044 0.851263463 -0.047631044 -0.305353671 -0.424076617
1403637184688318976.000000 -0.146754146 5.542181015 0.853892326 0.849248469 -0.043581903 -0.310619891 -0.424727023
1403637184788318976.000000 -0.174538136 5.375058174 0.894425869 0.845850289 -0.035440646 -0.318785757 -0.426212430
1403637184838319104.000000 -0.185524464 5.289128780 0.916510582 0.845314920 -0.033263110 -0.320528746 -0.426142842
1403637184888318976.000000 -0.192267418 5.198513508 0.945571899 0.844646156 -0.031339873 -0.322668105 -0.426000059
1403637184988318976.000000 -0.214120388 5.035433769 0.969722748 0.843045890 -0.031506125 -0.326380014 -0.426329821
1403637185088318976.000000 -0.234392762 4.881873131 0.982186794 0.841910362 -0.029750964 -0.329248488 -0.426494300
1403637185138319104.000000 -0.242506981 4.810074806 0.992861748 0.841906786 -0.030828616 -0.330394000 -0.425537765
1403637185188318976.000000 -0.247678280 4.736319065 0.990916252 0.842058182 -0.029468715 -0.330356121 -0.425363958
1403637185238319104.000000 -0.230943441 4.662912846 0.982036114 0.841507971 -0.027267341 -0.331738949 -0.425523460
1403637185338319104.000000 -0.233638525 4.528908730 0.965578079 0.840240598 -0.019728694 -0.335506737 -0.425490111
1403637185388318976.000000 -0.230180979 4.464681149 0.953631878 0.839976788 -0.013442211 -0.336933017 -0.425128907
1403637185438319104.000000 -0.225265980 4.401876926 0.939222336 0.839449227 -0.008357203 -0.338833004 -0.424790919
1403637185488318976.000000 -0.231727242 4.338948250 0.916327477 0.839527249 -0.005206766 -0.338577121 -0.424891114
1403637185538319104.000000 -0.217614889 4.285173416 0.898205757 0.840662420 -0.003738415 -0.336675763 -0.424172342
1403637185588318976.000000 -0.208001494 4.230850697 0.875378609 0.842339933 -0.005540512 -0.333131701 -0.423622608
1403637185688318976.000000 -0.179107308 4.136064529 0.821147919 0.848347247 -0.013311348 -0.318674892 -0.422582775
1403637185738319104.000000 -0.172877669 4.099123478 0.784539223 0.851246238 -0.017557699 -0.311157882 -0.422199517
1403637185788318976.000000 -0.164321780 4.055862904 0.755026817 0.854120612 -0.018131120 -0.303800046 -0.421728432
1403637185838319104.000000 -0.158452988 4.014342308 0.725499153 0.855974078 -0.016660791 -0.299240053 -0.421291053
1403637185888318976.000000 -0.154459357 3.974175930 0.695683002 0.857714593 -0.016819682 -0.294351906 -0.421188533
1403637185938319104.000000 -0.151942492 3.935633183 0.666744232 0.858955622 -0.017433994 -0.291300416 -0.420755833
1403637185988318976.000000 -0.145178437 3.895461559 0.635823727 0.860028863 -0.019852018 -0.288031727 -0.420706511
1403637186038319104.000000 -0.143460870 3.858450890 0.607060909 0.861096680 -0.022455018 -0.284586608 -0.420736015
1403637186088318976.000000 -0.141341329 3.822204113 0.578402996 0.862016022 -0.023800302 -0.281678200 -0.420736670
1403637186138319104.000000 -0.138139844 3.786448002 0.549817562 0.862284064 -0.024923649 -0.280513704 -0.420900345
1403637186188318976.000000 -0.133271933 3.750595331 0.521422863 0.862430692 -0.025602935 -0.279789537 -0.421041191
1403637186238319104.000000 -0.146590471 3.733988523 0.492639542 0.862510920 -0.025488241 -0.280020744 -0.420729905
1403637186288318976.000000 -0.138936758 3.701371193 0.462417603 0.862446129 -0.024407674 -0.279996276 -0.420943022
1403637186338319104.000000 -0.128500104 3.669734001 0.431224346 0.863258600 -0.025600500 -0.277434409 -0.420903116
1403637186388318976.000000 -0.116405010 3.638705730 0.400408268 0.863563538 -0.027455809 -0.276619613 -0.420696914
1403637186438319104.000000 -0.102700233 3.608274460 0.369508743 0.863496423 -0.030649021 -0.276554435 -0.420657039
1403637186488318976.000000 -0.087593436 3.578273773 0.338650703 0.863212287 -0.034214742 -0.277210176 -0.420533657
1403637186538319104.000000 -0.066500902 3.545252800 0.305356979 0.862899423 -0.039337710 -0.277733088 -0.420382529
1403637186588318976.000000 -0.060548902 3.527901173 0.280602455 0.863261282 -0.041777324 -0.277447104 -0.419592381
1403637186638319104.000000 -0.044676900 3.496986866 0.250162840 0.863098383 -0.042964440 -0.278258890 -0.419269979
1403637186688318976.000000 -0.030720830 3.465847969 0.220385313 0.862627864 -0.044084184 -0.280206263 -0.418824941
1403637186738319104.000000 -0.019080758 3.434607983 0.191621542 0.861220539 -0.045654479 -0.284655154 -0.418552637
1403637186788318976.000000 -0.009754181 3.403243065 0.163771868 0.859347224 -0.049026236 -0.289949596 -0.418387502
1403637186838319104.000000 -0.004069805 3.373044729 0.136061192 0.856996238 -0.054886475 -0.295933753 -0.418291986
1403637186888318976.000000 0.000364542 3.341609716 0.108427763 0.854665756 -0.060921580 -0.301330984 -0.418371469
1403637186938319104.000000 -0.007341266 3.326798677 0.084435225 0.852898300 -0.068585716 -0.305323243 -0.417897493
1403637186988318976.000000 -0.007437944 3.294687271 0.055387259 0.851213455 -0.074069858 -0.308750451 -0.417878628
1403637187038319104.000000 -0.009386659 3.261984348 0.024889469 0.850676894 -0.079351954 -0.309117138 -0.417730540
1403637187138319104.000000 -0.016352296 3.189977169 -0.040028811 0.852489233 -0.081367373 -0.303444684 -0.417807221
1403637187238319104.000000 -0.025989175 3.113676310 -0.110925913 0.855481327 -0.073216520 -0.302432984 -0.413914621
1403637187288318976.000000 -0.052357078 3.089412212 -0.142151356 0.856743217 -0.064840630 -0.305437565 -0.410481155
1403637187338319104.000000 -0.064098954 3.050751209 -0.179409027 0.857397437 -0.056603253 -0.309194773 -0.407510012
1403637187388318976.000000 -0.077556491 3.012266159 -0.218448162 0.858188331 -0.047136303 -0.311848164 -0.405020773
1403637187488318976.000000 -0.104411960 2.939876795 -0.300538778 0.858952820 -0.035094585 -0.317337841 -0.400331467
1403637187588318976.000000 -0.142393589 2.875805855 -0.380996466 0.859365284 -0.030211724 -0.321569085 -0.396449178
1403637187638319104.000000 -0.159822822 2.843714237 -0.425182343 0.859181523 -0.030101091 -0.323783547 -0.395050943
1403637187688318976.000000 -0.178473473 2.812970161 -0.470107317 0.859146595 -0.031281359 -0.325207561 -0.393863887
1403637187738319104.000000 -0.199082136 2.783781767 -0.515911102 0.858741701 -0.031589705 -0.327462345 -0.392852753
1403637187838319104.000000 -0.239843726 2.725534201 -0.610769033 0.857529461 -0.032731790 -0.332170188 -0.391452461
1403637187888318976.000000 -0.262073517 2.699003220 -0.660573483 0.857564628 -0.030658694 -0.332756817 -0.391044676
1403637187938319104.000000 -0.285187483 2.674389124 -0.711958408 0.858104289 -0.027424578 -0.332098216 -0.390660822
1403637187988318976.000000 -0.309272051 2.651523113 -0.764766693 0.859006763 -0.026076835 -0.330135942 -0.390432715
1403637188038319104.000000 -0.334561944 2.630848408 -0.818717480 0.860273182 -0.023686852 -0.327342421 -0.390148669
1403637188138319104.000000 -0.404191494 2.597769737 -0.918086767 0.863238037 -0.020951631 -0.320295721 -0.389604807
1403637188188318976.000000 -0.434452891 2.582757950 -0.974475861 0.865847528 -0.016804498 -0.313775748 -0.389320642
1403637188238319104.000000 -0.464839637 2.569491386 -1.031031609 0.869236529 -0.012761472 -0.305057079 -0.388851076
1403637188288318976.000000 -0.495448053 2.558490038 -1.087728977 0.871741056 -0.011390562 -0.298224628 -0.388587207
1403637188338319104.000000 -0.527619243 2.549441338 -1.144065142 0.873116612 -0.012226274 -0.294684231 -0.388174266
1403637188438319104.000000 -0.592099071 2.532278538 -1.255001783 0.875924349 -0.019639699 -0.286542833 -0.387639284
1403637188488318976.000000 -0.623737693 2.526855707 -1.309496164 0.877245545 -0.022815974 -0.283544600 -0.386681110
1403637188538319104.000000 -0.656334996 2.521801233 -1.363070488 0.878813028 -0.027468652 -0.281605572 -0.384228528
1403637188588318976.000000 -0.689952493 2.517437220 -1.415199518 0.879876018 -0.032496020 -0.282504201 -0.380727738
1403637188638319104.000000 -0.723593414 2.500287771 -1.449042082 0.881671846 -0.037268993 -0.283052027 -0.375695854
1403637188738319104.000000 -0.798770010 2.489233255 -1.544228792 0.885002136 -0.052804872 -0.287203252 -0.362625688
1403637188788318976.000000 -0.837877214 2.482996941 -1.591746569 0.886166990 -0.061583519 -0.291371912 -0.354990095
1403637188838319104.000000 -0.877623558 2.474950075 -1.638885975 0.887634635 -0.067633480 -0.295305967 -0.346878797
1403637188938319104.000000 -0.958221376 2.452083588 -1.737000465 0.890956998 -0.072181046 -0.299905062 -0.333230436
1403637188988318976.000000 -0.994123995 2.439595938 -1.785083771 0.892173827 -0.068835713 -0.303273857 -0.327586085
1403637189088318976.000000 -1.054593444 2.408626556 -1.885864735 0.894049466 -0.055630241 -0.309755206 -0.318798542
1403637189138319104.000000 -1.082953930 2.393208027 -1.936677217 0.893328547 -0.048534341 -0.315999269 -0.315837085
1403637189188318976.000000 -1.112442255 2.390490055 -1.989452124 0.892618895 -0.045198295 -0.321312755 -0.312964737
1403637189288318976.000000 -1.182261586 2.359681129 -2.092477322 0.890731394 -0.045923356 -0.329352915 -0.309863269
1403637189338319104.000000 -1.230196476 2.330554008 -2.143836975 0.890864015 -0.051617365 -0.327916980 -0.310108989
1403637189438319104.000000 -1.312603951 2.301685095 -2.247629642 0.895080388 -0.058961120 -0.315344304 -0.309697956
1403637189488318976.000000 -1.351646543 2.287519455 -2.301809788 0.897050738 -0.060407080 -0.309260905 -0.309852868
1403637189538319104.000000 -1.388860941 2.272731066 -2.356428385 0.898724794 -0.058854118 -0.304199159 -0.310311079
1403637189638319104.000000 -1.453845978 2.248670340 -2.471435547 0.901270032 -0.052685238 -0.296836138 -0.311166972
1403637189738319104.000000 -1.513822913 2.201387167 -2.594295979 0.901231468 -0.048229948 -0.295021981 -0.313716263
1403637189838319104.000000 -1.558141232 2.166187763 -2.712317228 0.899966836 -0.042080428 -0.298269391 -0.315157741
1403637189888318976.000000 -1.577269077 2.148813248 -2.771088600 0.900253475 -0.041833322 -0.297078341 -0.315496773
1403637189938319104.000000 -1.595047712 2.130134106 -2.828631401 0.900567412 -0.043080434 -0.295691848 -0.315735221
1403637190038319104.000000 -1.625821829 2.089535713 -2.954229355 0.901463389 -0.043613575 -0.293180436 -0.315447122
1403637190138319104.000000 -1.652333736 2.050971746 -3.067289591 0.902864993 -0.043212365 -0.289632559 -0.314770609
1403637190238319104.000000 -1.676495433 2.009605646 -3.178898335 0.903806508 -0.045349214 -0.287393808 -0.313818693
1403637190288318976.000000 -1.686798334 1.988342762 -3.234978676 0.904235065 -0.046256576 -0.286487311 -0.313280016
1403637190338319104.000000 -1.694638491 1.967159748 -3.288801432 0.904462457 -0.046299540 -0.286437333 -0.312662482
1403637190438319104.000000 -1.707564116 1.920741439 -3.399879932 0.904244900 -0.050535206 -0.287214458 -0.311921895
1403637190488318976.000000 -1.714322805 1.901058674 -3.450202465 0.904732347 -0.052130509 -0.286298394 -0.311087042
1403637190538319104.000000 -1.707610846 1.885291457 -3.505777836 0.905101955 -0.049755037 -0.286413521 -0.310293734
1403637190638319104.000000 -1.718066454 1.839624405 -3.606767893 0.906035721 -0.041820567 -0.283619523 -0.311304331
1403637190738319104.000000 -1.728951216 1.796632051 -3.699677467 0.903512418 -0.037253380 -0.282315731 -0.320273787
1403637190788318976.000000 -1.744100571 1.771425724 -3.746446133 0.901278734 -0.039128307 -0.282103896 -0.326470703
1403637190838319104.000000 -1.739363551 1.763808727 -3.783998013 0.899158776 -0.040282156 -0.282443136 -0.331838578
1403637190888318976.000000 -1.750321746 1.742809296 -3.825351000 0.896961689 -0.043500736 -0.282348216 -0.337412298
1403637190988318976.000000 -1.774692535 1.699337721 -3.904100895 0.893507063 -0.049274020 -0.281515837 -0.346361339
1403637191038319104.000000 -1.787428975 1.677768707 -3.941457033 0.892253697 -0.050140236 -0.280611902 -0.350180447
1403637191088318976.000000 -1.799145460 1.662378788 -3.972800970 0.891437769 -0.051483355 -0.279727072 -0.352761954
1403637191138319104.000000 -1.815494061 1.639127016 -4.009171486 0.890701592 -0.052041098 -0.278798431 -0.355265945
1403637191188318976.000000 -1.832788944 1.615812778 -4.044347763 0.890333474 -0.051434916 -0.277563572 -0.357238382
1403637191288318976.000000 -1.867262602 1.564002514 -4.115280628 0.889658034 -0.049210507 -0.277021378 -0.359647155
1403637191338319104.000000 -1.876205444 1.551104307 -4.134603024 0.890405357 -0.045877859 -0.274869710 -0.359889239
1403637191388318976.000000 -1.894438744 1.525155306 -4.167407036 0.890979111 -0.043512505 -0.273114324 -0.360099345
1403637191438319104.000000 -1.911958456 1.500126600 -4.198501587 0.891342878 -0.041706819 -0.271910369 -0.360323846
1403637191488318976.000000 -1.927625179 1.473793030 -4.229111671 0.891563833 -0.041658513 -0.271534204 -0.360066354
1403637191588318976.000000 -1.956704378 1.425568104 -4.280367851 0.892928839 -0.036040232 -0.269657165 -0.358697951
1403637191638319104.000000 -1.969318509 1.396801472 -4.309617996 0.892219067 -0.031676799 -0.273484826 -0.357977599
1403637191688318976.000000 -1.979973555 1.368956804 -4.337035179 0.890955746 -0.028007563 -0.279110491 -0.357086599
1403637191738319104.000000 -1.987282515 1.342950106 -4.362961769 0.889790058 -0.025773032 -0.283750743 -0.356503725
1403637191788318976.000000 -1.993245602 1.316330433 -4.388935089 0.888796687 -0.022512415 -0.288159013 -0.355665624
1403637191888318976.000000 -1.994620204 1.273680210 -4.430865288 0.890299916 -0.010945531 -0.287122071 -0.353280842
1403637191938319104.000000 -1.993769646 1.251381874 -4.457422733 0.891294301 -0.004165125 -0.284970611 -0.352659822
1403637191988318976.000000 -1.990208626 1.230556965 -4.483468056 0.891963005 0.001360661 -0.283665955 -0.352042466
1403637192038319104.000000 -1.983323097 1.213368893 -4.506147385 0.891384304 0.003478611 -0.286517888 -0.351182878
1403637192088318976.000000 -1.975824594 1.195867538 -4.529561520 0.889822721 0.003795050 -0.292246044 -0.350419015
1403637192188318976.000000 -1.949653149 1.176457405 -4.567042828 0.887495339 0.006506277 -0.301141053 -0.348746121
1403637192238319104.000000 -1.934538484 1.166028023 -4.591176033 0.887095153 0.008720215 -0.302317291 -0.348698199
1403637192288318976.000000 -1.917788982 1.158175468 -4.615398407 0.887520373 0.013968180 -0.301432133 -0.348211437
1403637192388318976.000000 -1.875540853 1.154369354 -4.653836250 0.889400244 0.020197805 -0.296535164 -0.347312689
1403637192438319104.000000 -1.864707708 1.151209354 -4.687525749 0.888730407 0.018037045 -0.298819542 -0.347188681
1403637192538319104.000000 -1.834603071 1.173170090 -4.708371162 0.885686040 0.006086439 -0.309117496 -0.346366465
1403637192588318976.000000 -1.821463346 1.181389332 -4.724792480 0.883605897 -0.000087245 -0.314928800 -0.346497566
1403637192638319104.000000 -1.809676051 1.191474915 -4.740390778 0.881943464 -0.004195943 -0.319580644 -0.346448332
1403637192738319104.000000 -1.791619301 1.220296383 -4.766236305 0.880398512 -0.008612905 -0.323789090 -0.346388549
1403637192788318976.000000 -1.783734083 1.228438854 -4.799946308 0.879932940 -0.009701648 -0.323888034 -0.347448438
1403637192888318976.000000 -1.768215060 1.265552998 -4.836854935 0.881771326 -0.012154107 -0.317881674 -0.348256975
1403637192938319104.000000 -1.758112550 1.287655830 -4.855895996 0.882748306 -0.014069580 -0.314456940 -0.348818570
1403637192988318976.000000 -1.747583747 1.311028957 -4.875080585 0.883767486 -0.014795892 -0.310957789 -0.349344283
1403637193088318976.000000 -1.728047609 1.358610630 -4.909769058 0.882765949 -0.023703955 -0.313116789 -0.349457204
1403637193138319104.000000 -1.716089129 1.383759022 -4.930077076 0.879687726 -0.032806478 -0.320615828 -0.349683732
1403637193238319104.000000 -1.691988230 1.435351849 -4.978533268 0.873541296 -0.049538694 -0.334308803 -0.350298792
1403637193288318976.000000 -1.682203174 1.461704254 -5.005263329 0.872059166 -0.053210791 -0.337753475 -0.350148618
1403637193338319104.000000 -1.669906735 1.481242657 -5.027831554 0.873915553 -0.047597349 -0.334096044 -0.349836975
1403637193388318976.000000 -1.668618321 1.508122444 -5.057558060 0.876652062 -0.041893095 -0.327914506 -0.349568635
1403637193438319104.000000 -1.669846416 1.535491467 -5.088241577 0.879625082 -0.035810832 -0.321033567 -0.349162877
1403637193538319104.000000 -1.675039768 1.588691711 -5.149777889 0.883905351 -0.024662213 -0.309938073 -0.349344432
1403637193588318976.000000 -1.667671561 1.611106873 -5.171746254 0.884886801 -0.019991186 -0.307243973 -0.349537998
1403637193638319104.000000 -1.666684866 1.640301704 -5.204470634 0.885556817 -0.016910024 -0.305343807 -0.349669158
1403637193688318976.000000 -1.664072156 1.671137810 -5.238386154 0.885827422 -0.014229552 -0.304504424 -0.349834889
1403637193788318976.000000 -1.644702792 1.737261295 -5.310791969 0.886050284 -0.010295982 -0.304005980 -0.349841863
1403637193888318976.000000 -1.629452825 1.801318169 -5.370648861 0.886402249 -0.007122574 -0.302834362 -0.350045234
1403637193938319104.000000 -1.619002342 1.837801933 -5.406540871 0.886960804 -0.009323280 -0.301076233 -0.350095451
1403637193988318976.000000 -1.611878276 1.875194073 -5.439944744 0.888296545 -0.011079111 -0.297025114 -0.350118160
1403637194038319104.000000 -1.607308388 1.911025047 -5.470359802 0.889522910 -0.013519366 -0.293203801 -0.350139707
1403637194138319104.000000 -1.606758714 2.014316082 -5.538947105 0.891062737 -0.015340415 -0.289254308 -0.349433780
1403637194238319104.000000 -1.612920165 2.078353167 -5.576225281 0.890145838 -0.015805231 -0.292041093 -0.349432021
1403637194288318976.000000 -1.616072774 2.122653246 -5.602911472 0.889797270 -0.016059557 -0.293313175 -0.349242598
1403637194338319104.000000 -1.619623303 2.164148331 -5.626259327 0.889201641 -0.015450520 -0.295569330 -0.348884791
1403637194388318976.000000 -1.620959520 2.208539009 -5.649919987 0.888694584 -0.014904392 -0.297066033 -0.348929375
1403637194488318976.000000 -1.612209797 2.308792830 -5.712863922 0.887844563 -0.015513268 -0.300157249 -0.348420799
1403637194538319104.000000 -1.632580519 2.331384420 -5.716307163 0.887749970 -0.015519900 -0.300122172 -0.348691702
1403637194638319104.000000 -1.619332552 2.426240921 -5.766613007 0.887565374 -0.014916829 -0.301600933 -0.347911000
1403637194688318976.000000 -1.611059070 2.473929644 -5.791210175 0.886626959 -0.013224991 -0.304843575 -0.347545832
1403637194738319104.000000 -1.603226900 2.518463850 -5.813530922 0.885653794 -0.012213850 -0.308184236 -0.347117811
1403637194838319104.000000 -1.574105024 2.621814489 -5.872745037 0.884390891 -0.012566380 -0.313418865 -0.345634878
1403637194938319104.000000 -1.557170630 2.728271246 -5.923615932 0.884199560 -0.013580528 -0.314259917 -0.345322341
1403637194988318976.000000 -1.553257465 2.779526472 -5.945464134 0.885660589 -0.015797382 -0.310593069 -0.344801009
1403637195038319104.000000 -1.549468994 2.833962917 -5.969226837 0.887675762 -0.017179351 -0.304976135 -0.344566762
1403637195088318976.000000 -1.555915833 2.889630556 -5.996542931 0.889381409 -0.021113662 -0.300587803 -0.343805194
1403637195138319104.000000 -1.555506945 2.946242571 -6.020201683 0.890864670 -0.022058398 -0.296582073 -0.343384415
1403637195238319104.000000 -1.557956696 3.058181047 -6.062455654 0.893546283 -0.025020109 -0.288964003 -0.342708141
1403637195288318976.000000 -1.560581207 3.111529827 -6.080265045 0.894368231 -0.025347982 -0.286462307 -0.342640430
1403637195338319104.000000 -1.561652422 3.164160728 -6.097831726 0.895037293 -0.028332129 -0.284302324 -0.342458516
1403637195388318976.000000 -1.566178083 3.218859434 -6.114622593 0.895133138 -0.026529148 -0.283798486 -0.342770219
1403637195438319104.000000 -1.568226337 3.273864508 -6.131704807 0.894700348 -0.028118312 -0.283097446 -0.344349504
1403637195538319104.000000 -1.576816797 3.384448051 -6.158865929 0.891459346 -0.029173795 -0.284288287 -0.351609617
1403637195588318976.000000 -1.558397293 3.436334610 -6.175975323 0.890187800 -0.030026585 -0.283980817 -0.354991615
1403637195638319104.000000 -1.554500818 3.489418268 -6.189680099 0.888711452 -0.029710617 -0.283844411 -0.358805835
1403637195688318976.000000 -1.547978401 3.541898727 -6.203515053 0.887758970 -0.030123381 -0.282615721 -0.362084180
1403637195788318976.000000 -1.535695314 3.644258261 -6.230542660 0.886390746 -0.025416333 -0.280735075 -0.367223829
1403637195838319104.000000 -1.501170397 3.695629835 -6.246548653 0.887135029 -0.021380361 -0.277309358 -0.368285060
1403637195938319104.000000 -1.493082047 3.793068171 -6.264213085 0.888045967 -0.010221574 -0.271572053 -0.370834976
1403637195988318976.000000 -1.488898039 3.841837645 -6.271183968 0.889138699 -0.003182973 -0.267359674 -0.371404260
1403637196038319104.000000 -1.483995438 3.890921354 -6.276803017 0.890290439 0.003405530 -0.262823552 -0.371880531
1403637196138319104.000000 -1.448015809 4.003485680 -6.284070015 0.894640923 0.015360135 -0.247970596 -0.371338606
1403637196238319104.000000 -1.438699722 4.110052109 -6.277234077 0.899978161 0.020293621 -0.228455886 -0.370722920
1403637196288318976.000000 -1.433340311 4.164424896 -6.267064095 0.902149200 0.020918779 -0.220408797 -0.370282650
1403637196338319104.000000 -1.428080082 4.218570709 -6.251571655 0.904128850 0.022669937 -0.213446289 -0.369429111
1403637196388318976.000000 -1.458926916 4.277629852 -6.222353935 0.905190766 0.026271531 -0.209986597 -0.368571758
1403637196488318976.000000 -1.367817998 4.391726494 -6.172483921 0.906471550 0.026173579 -0.207383960 -0.366900861
1403637196588318976.000000 -1.369541168 4.503740788 -6.096059322 0.906733155 0.019824438 -0.208117291 -0.366236657
1403637196688318976.000000 -1.375301003 4.616466522 -6.002140522 0.905927241 0.012917105 -0.212731138 -0.365888655
1403637196738319104.000000 -1.396045685 4.682200909 -5.953567982 0.905477703 0.008957542 -0.215237275 -0.365654200
1403637196788318976.000000 -1.320467710 4.723964691 -5.904363632 0.904155731 0.006796985 -0.220886543 -0.365602791
1403637196888318976.000000 -1.317540884 4.839568615 -5.781613350 0.905388713 0.005713386 -0.218240470 -0.364156336
1403637196988318976.000000 -1.321890354 4.952831268 -5.639261723 0.905464649 -0.006010308 -0.217644870 -0.364318997
1403637197088318976.000000 -1.287748575 5.061689377 -5.490206718 0.900443733 -0.015052765 -0.226854101 -0.370825887
1403637197138319104.000000 -1.279828668 5.117628574 -5.410176754 0.897395015 -0.019821398 -0.229255244 -0.376472414
1403637197188318976.000000 -1.268556714 5.172466755 -5.329042912 0.892924309 -0.023173120 -0.233643517 -0.384135455
1403637197288318976.000000 -1.218472719 5.279465675 -5.163895607 0.881612360 -0.026705783 -0.241440624 -0.404664099
1403637197338319104.000000 -1.251182079 5.324604034 -5.058499813 0.873848498 -0.026799839 -0.246861845 -0.418006957
1403637197438319104.000000 -1.143449306 5.407778740 -4.926971436 0.857950389 -0.026298651 -0.251061708 -0.447434425
1403637197488318976.000000 -1.116821766 5.452278137 -4.835599422 0.849015832 -0.022120314 -0.249473497 -0.465237439
1403637197538319104.000000 -1.087143660 5.497327328 -4.744031906 0.839310467 -0.018756971 -0.247205868 -0.483833998
1403637197638319104.000000 -1.005898595 5.583488464 -4.568956852 0.816904247 -0.010065868 -0.241116032 -0.523859978
1403637197738319104.000000 -0.916584253 5.653831482 -4.415147781 0.794560432 -0.003960248 -0.230120316 -0.561874330
1403637197788318976.000000 -0.880102873 5.688882828 -4.317876816 0.784388900 -0.001881810 -0.221041128 -0.579544127
1403637197838319104.000000 -0.840251803 5.722389698 -4.221822739 0.774530888 0.000787454 -0.209989488 -0.596662104
1403637197888318976.000000 -0.798779964 5.755565643 -4.124760628 0.764194012 0.004207172 -0.201496601 -0.612689972
1403637197988318976.000000 -0.676573634 5.829723358 -3.974139452 0.742690325 0.008663881 -0.187700093 -0.642732203
1403637198088318976.000000 -0.583016157 5.889760494 -3.764769554 0.723923147 0.009226567 -0.174853995 -0.667290270
1403637198188318976.000000 -0.457136869 5.964615345 -3.598664045 0.703019321 0.010257818 -0.167057365 -0.691195011
1403637198288318976.000000 -0.343192041 6.012411118 -3.379407644 0.685312033 0.012053863 -0.153685242 -0.711746454
1403637198338319104.000000 -0.271716118 6.048697472 -3.302935839 -0.675226986 -0.013210583 0.149544567 0.722170651
1403637198438319104.000000 -0.145436227 6.094258308 -3.083818913 -0.662645221 -0.013163808 0.133344874 0.736849606
1403637198538319104.000000 -0.020336390 6.141408920 -2.886165857 -0.654526949 -0.014077835 0.120270722 0.746278346
1403637198588318976.000000 0.034861803 6.159373283 -2.768779039 -0.653017282 -0.014831033 0.113985628 0.748569131
1403637198638319104.000000 0.086466312 6.175277710 -2.649307489 -0.652169168 -0.015918978 0.108876869 0.750045180
1403637198738319104.000000 0.172874331 6.210858345 -2.426464081 -0.649192333 -0.014468227 0.106299967 0.753020883
1403637198788318976.000000 0.211092114 6.224222183 -2.299154282 -0.648971677 -0.012205657 0.105060361 0.753424942
1403637198838319104.000000 0.246414840 6.235482693 -2.168963194 -0.648944438 -0.006228376 0.103052765 0.753798723
1403637198938319104.000000 0.312596738 6.250077248 -1.901689291 -0.648478806 0.010635423 0.104477040 0.753954053
1403637199038319104.000000 0.384339333 6.250008106 -1.655543327 -0.642888606 0.029098628 0.111003883 0.757314861
1403637199088318976.000000 0.427850246 6.242812157 -1.520539045 -0.638126135 0.033500034 0.116125971 0.760386527
1403637199138319104.000000 0.472253203 6.231458664 -1.385360479 -0.632287264 0.035353571 0.120918766 0.764422417
1403637199188318976.000000 0.517822623 6.216211319 -1.250914812 -0.625675857 0.035337135 0.124855042 0.769215405
1403637199288318976.000000 0.585887313 6.184060097 -0.999715328 -0.611284316 0.035395302 0.125234112 0.780637681
1403637199388318976.000000 0.690461636 6.135444641 -0.742111206 -0.594728827 0.033000764 0.116472095 0.794759691
1403637199488318976.000000 0.771076798 6.075255394 -0.490607500 -0.574560821 0.034002777 0.106729686 0.810760379
1403637199538319104.000000 0.820569992 6.041447163 -0.364351511 -0.563344777 0.033512179 0.103434205 0.819036663
1403637199588318976.000000 0.867525876 6.005315781 -0.238310575 -0.552156091 0.034217197 0.099262960 0.827103257
1403637199638319104.000000 0.911454976 5.965714931 -0.112338305 -0.539925098 0.038219102 0.097862720 0.835130692
1403637199738319104.000000 0.963487983 5.873883247 0.137520552 -0.514060199 0.047703113 0.095809415 0.851050615
1403637199838319104.000000 1.027403116 5.772804260 0.383129597 -0.481323093 0.061642401 0.098268606 0.868833542
1403637199938319104.000000 1.053198218 5.663991928 0.633284807 -0.445232302 0.083841011 0.101536646 0.885680139
1403637200038319104.000000 1.079486012 5.550680161 0.862545609 -0.405550987 0.106217071 0.098807141 0.902487397
1403637200138319104.000000 1.095545769 5.429946899 1.079679608 -0.367509693 0.121549807 0.083669119 0.918238461
1403637200238319104.000000 1.093410730 5.302648067 1.265442014 -0.332105517 0.113971569 0.071135439 0.933625340
1403637200338319104.000000 1.072959661 5.177182674 1.453758478 -0.311803430 0.086518392 0.050517976 0.944849789
1403637200388318976.000000 1.064984679 5.110998154 1.528760314 -0.302916914 0.069885962 0.045351002 0.949368536
1403637200438319104.000000 1.057242155 5.042687893 1.599025488 -0.295123279 0.053339329 0.043498028 0.952977002
1403637200538319104.000000 1.035921812 4.906948090 1.750171423 -0.281805366 0.032773253 0.047967516 0.957711220
1403637200638319104.000000 1.031510353 4.761892319 1.866563320 -0.272258133 0.026129967 0.057541255 0.960146785
1403637200738319104.000000 1.019373178 4.620333672 1.994058847 -0.268833578 0.023893377 0.065989345 0.960626423
1403637200838319104.000000 1.028280854 4.476117611 2.085190773 -0.270522743 0.027923670 0.077185512 0.959208071
1403637200938319104.000000 1.041166544 4.336936474 2.159536600 0.278472006 -0.030581506 -0.081942886 -0.956453621
1403637201038319104.000000 1.040911913 4.197355270 2.250092745 -0.288126260 0.029566806 0.084897265 0.953363299
1403637201138319104.000000 1.054808497 4.061114788 2.307616949 -0.297647953 0.027411129 0.086289629 0.950372815
1403637201238319104.000000 1.074042320 3.927685261 2.348081112 0.304018557 -0.026195286 -0.092683464 -0.947784960
1403637201338319104.000000 1.085167170 3.802555323 2.395882845 -0.307800502 0.028971897 0.112333603 0.944352031
1403637201438319104.000000 1.098172903 3.673516512 2.425430059 -0.313507199 0.028111774 0.139087006 0.938923717
1403637201538319104.000000 1.097621679 3.549866676 2.451690674 0.321239293 -0.025395768 -0.163020477 -0.932515264
1403637201638319104.000000 1.089574456 3.440144777 2.468598366 0.327932447 -0.027537987 -0.180954844 -0.926799536
1403637201688318976.000000 1.082692623 3.390575409 2.472988605 0.331625134 -0.030076556 -0.185042277 -0.924596965
1403637201738319104.000000 1.073969245 3.345469713 2.473752975 0.336946607 -0.032983020 -0.182286605 -0.923120141
1403637201788318976.000000 1.063824296 3.304059267 2.471394062 0.342506796 -0.034323044 -0.176567420 -0.922136068
1403637201888318976.000000 1.050598860 3.270849705 2.456773758 -0.348747998 0.033983756 0.167692587 0.921465814
1403637201938319104.000000 1.040030360 3.240174055 2.443774939 -0.350620180 0.033940271 0.165769666 0.921104789
1403637201988318976.000000 1.030997038 3.212547779 2.427057266 -0.350076288 0.032011840 0.168073192 0.920963228
1403637202088318976.000000 1.014203787 3.158625364 2.380318642 0.345270485 -0.025364373 -0.178604484 -0.921002388
1403637202188318976.000000 0.998146057 3.120700598 2.320389032 0.342853516 -0.009924609 -0.181367308 -0.921660960
1403637202288318976.000000 0.989493132 3.099167347 2.246462584 0.348088205 0.010550168 -0.163439244 -0.923044384
1403637202388318976.000000 0.969642878 3.123470306 2.201348782 -0.352243245 -0.026377425 0.146199688 0.924042583
1403637202488318976.000000 0.946738243 3.139930725 2.136858463 -0.354854614 -0.028138844 0.135199383 0.924666226
1403637202588318976.000000 0.907551289 3.139533758 2.056469202 -0.356904238 -0.017746395 0.123303913 0.925797284
1403637202638319104.000000 0.904001713 3.150078773 2.025366783 -0.357364684 -0.013043861 0.120203018 0.926105618
1403637202688318976.000000 0.900625646 3.162965536 1.996643543 -0.358270437 -0.009593423 0.116619438 0.926256061
1403637202788318976.000000 0.904140830 3.182640314 1.900836587 0.360958219 0.006292915 -0.104754589 -0.926658630
1403637202888318976.000000 0.904031038 3.212081909 1.833789110 0.364681691 0.007277329 -0.094236344 -0.926322758
1403637202988318976.000000 0.891340494 3.248668432 1.780926108 0.367878854 0.009073983 -0.086180784 -0.925827086
1403637203038319104.000000 0.883743405 3.265880108 1.752874613 0.368859798 0.009487956 -0.084135227 -0.925620794
1403637203088318976.000000 0.907731473 3.294484854 1.720369577 -0.369097739 -0.009443859 0.082848288 0.925642431
1403637203188318976.000000 0.890151680 3.327095270 1.672464013 -0.370092899 -0.009257761 0.081473693 0.925368905
1403637203288318976.000000 0.853167236 3.340259314 1.606081128 0.371323109 0.008603348 -0.079052076 -0.925092399
1403637203388318976.000000 0.839751124 3.367445946 1.565507650 0.371644825 0.006108891 -0.081007659 -0.924813807
1403637203438319104.000000 0.829652607 3.379682779 1.544505715 0.372427434 0.006780685 -0.080389082 -0.924548268
1403637203488318976.000000 0.820645571 3.393507004 1.524340153 0.372623175 0.006739573 -0.080803357 -0.924433589
1403637203588318976.000000 0.792470813 3.423026323 1.467083693 -0.373393029 -0.008018140 0.077142894 0.924425423
1403637203688318976.000000 0.776559472 3.450453281 1.427259088 -0.374122381 -0.008532761 0.076717518 0.924161315
1403637203788318976.000000 0.749510288 3.450576782 1.401612759 0.375519723 0.006540488 -0.078997605 -0.923418403
1403637203838319104.000000 0.738198578 3.459751606 1.386431098 0.375991672 0.006066653 -0.079031684 -0.923226714
1403637203888318976.000000 0.725850582 3.467512846 1.372516274 0.376415700 0.005663016 -0.078439169 -0.923106968
1403637203988318976.000000 0.669815481 3.492485285 1.336611152 -0.376078099 -0.005665002 0.077082351 0.923358858
1403637204088318976.000000 0.633706331 3.512651205 1.312501550 -0.376305968 -0.005371043 0.077188604 0.923258901
1403637204188318976.000000 0.631951153 3.527345419 1.293902159 0.376854718 0.006698908 -0.078076981 -0.922951639
1403637204238319104.000000 0.622807026 3.532235622 1.280392289 0.377147347 0.007065877 -0.077771261 -0.922855139
1403637204288318976.000000 0.615607500 3.536273241 1.267925262 0.377035767 0.008087748 -0.079473332 -0.922747374
1403637204388318976.000000 0.606863976 3.536176205 1.242860079 0.376412332 0.004787394 -0.083232880 -0.922693431
1403637204488318976.000000 0.576764345 3.531476736 1.225406408 -0.377248317 0.004308318 0.084478401 0.922241092
1403637204538319104.000000 0.577457607 3.527493477 1.211312294 -0.378018796 0.006072525 0.084418140 0.921921134
1403637204588318976.000000 0.578917503 3.522748947 1.197348595 -0.378936768 0.005994488 0.085237823 0.921469271
1403637204638319104.000000 0.582195938 3.517877817 1.182617188 -0.379812419 0.005041405 0.086341918 0.921011567
1403637204738319104.000000 0.615931153 3.516028643 1.152336955 0.381503105 -0.002664598 -0.088683896 -0.920099795
1403637204838319104.000000 0.624603033 3.507686138 1.120835781 0.382878006 0.001780326 -0.090383403 -0.919365108
1403637204938319104.000000 0.630818784 3.496117353 1.093585014 0.384086818 0.006142427 -0.091337271 -0.918747604
1403637204988318976.000000 0.607699156 3.497136593 1.094729185 -0.384254396 -0.006797631 0.093186222 0.918487251
1403637205038319104.000000 0.602563739 3.491349220 1.084673643 -0.384240925 -0.009755178 0.094128519 0.918370128
1403637205138319104.000000 0.587731421 3.478812695 1.067618966 -0.384218782 -0.011824093 0.094773106 0.918288767
1403637205188318976.000000 0.602094948 3.474635124 1.046229482 0.383754820 0.013326405 -0.094644673 -0.918475449
1403637205288318976.000000 0.596926332 3.463085651 1.030308962 0.379552692 0.016093098 -0.094258137 -0.920215368
1403637205338319104.000000 0.587710440 3.458996058 1.034331918 0.376644433 0.015498424 -0.091514513 -0.921696246
1403637205388318976.000000 0.582762778 3.454494476 1.032906532 0.373753756 0.015756112 -0.089361280 -0.923078775
1403637205488318976.000000 0.601007521 3.439668894 1.026313424 -0.368318141 -0.013555832 0.085817672 0.925631344
1403637205588318976.000000 0.597040653 3.431748390 1.024846196 -0.364093482 -0.009812325 0.079893604 0.927877545
1403637205688318976.000000 0.584654212 3.420897961 1.027420163 -0.360872060 -0.007364305 0.077059902 0.929397047
1403637205738319104.000000 0.571934342 3.420541525 1.017669439 0.358820200 0.007095438 -0.076563753 -0.930234253
1403637205788318976.000000 0.585565329 3.414547920 1.026858568 0.358010858 0.008218106 -0.077143759 -0.930488944
1403637205888318976.000000 0.567794085 3.400091648 1.031466722 0.356610328 0.007497863 -0.077942565 -0.930966079
1403637205988318976.000000 0.558407843 3.354822397 1.029222727 -0.356617361 -0.006686612 0.077366680 0.931017578
1403637206088318976.000000 0.547777236 3.332042456 1.033109546 -0.355606467 -0.005813652 0.078617401 0.931305349
1403637206138319104.000000 0.543269575 3.318924189 1.034829140 -0.354207754 -0.004511765 0.081676543 0.931582212
1403637206188318976.000000 0.542145371 3.315140247 1.037203074 0.352090955 0.002635599 -0.086063482 -0.931996822
1403637206288318976.000000 0.547236025 3.292460442 1.037482262 0.349976480 -0.000330224 -0.090901360 -0.932337523
1403637206388318976.000000 0.557375312 3.273027182 1.036947250 0.349661112 -0.001398241 -0.090932213 -0.932451904
1403637206488318976.000000 0.585051000 3.227896690 1.021963358 -0.350300103 0.000815585 0.092157863 0.932092369
1403637206538319104.000000 0.593965292 3.214737892 1.017698288 -0.350698948 0.001228367 0.092394352 0.931918502
1403637206588318976.000000 0.600365460 3.204577923 1.015093088 -0.351376265 0.000975585 0.091607653 0.931741297
1403637206688318976.000000 0.603975892 3.204238415 1.016673803 0.352720946 -0.000231770 -0.088392295 -0.931544244
1403637206738319104.000000 0.605494022 3.198594093 1.016078949 0.353229940 -0.000606429 -0.087670036 -0.931419492
1403637206788318976.000000 0.605530620 3.192428112 1.015279293 0.353916109 -0.001310529 -0.086576752 -0.931260526
1403637206888318976.000000 0.602789402 3.162545204 1.006298780 0.355073810 -0.002682824 -0.085191824 -0.930944562
1403637206988318976.000000 0.624430239 3.130533218 0.990366280 -0.355941027 0.002952656 0.084939957 0.930635571
1403637207088318976.000000 0.629609048 3.101622105 0.980772376 -0.357097417 0.003506633 0.085327916 0.930155039
1403637207138319104.000000 0.632264853 3.086218834 0.976078331 -0.357969552 0.004916830 0.085433342 0.929803669
1403637207188318976.000000 0.625971675 3.085905552 0.980454683 0.358574957 -0.005326459 -0.085606158 -0.929552197
1403637207288318976.000000 0.619025350 3.057698488 0.969673395 0.359686613 -0.006890201 -0.085974611 -0.929078281
1403637207388318976.000000 0.606020272 3.024413347 0.953436434 0.360440731 -0.006843066 -0.086700514 -0.928718865
1403637207488318976.000000 0.609368384 3.014950991 0.944492102 -0.360996902 0.005541537 0.087723032 0.928415477
1403637207538319104.000000 0.605139971 2.999691725 0.937831521 -0.361025333 0.003487481 0.089531727 0.928241670
1403637207588318976.000000 0.595464051 2.982672930 0.931276917 -0.360100240 0.001018454 0.094306767 0.928134203
1403637207688318976.000000 0.579304099 2.951165199 0.917937815 -0.356843233 -0.006839100 0.107519276 0.927930892
1403637207788318976.000000 0.513632953 2.892791271 0.912469327 0.358432740 0.006740994 -0.106614068 -0.927423298
1403637207888318976.000000 0.513674080 2.866427422 0.893003285 0.361688077 0.006234013 -0.099876553 -0.926912963
1403637207938319104.000000 0.538943946 2.874212265 0.878296077 0.362318218 0.006409883 -0.096973807 -0.926973879
1403637207988318976.000000 0.548799932 2.897357225 0.867597878 -0.361962140 -0.005555447 0.096798748 0.927136779
1403637208088318976.000000 0.570405960 2.879587650 0.841638565 -0.363725692 -0.005706240 0.092964292 0.926838040
1403637208188318976.000000 0.601961851 2.864480972 0.816286087 -0.365450919 -0.006685201 0.089347579 0.926508546
1403637208288318976.000000 0.604737103 2.827062130 0.786231637 0.364954770 0.004231959 -0.094387084 -0.926218867
1403637208338319104.000000 0.616440952 2.818785667 0.776630759 0.364056498 0.001978896 -0.098510541 -0.926150501
1403637208388318976.000000 0.625740111 2.810605526 0.766728222 0.363452375 0.000020587 -0.101622954 -0.926053524
1403637208488318976.000000 0.644475937 2.806663513 0.745817244 -0.364269912 0.001375561 0.102231443 0.925664246
1403637208538319104.000000 0.646566987 2.800203085 0.737461030 -0.365079969 0.002304656 0.101089127 0.925468683
1403637208588318976.000000 0.647374094 2.795051575 0.729139805 -0.366568774 0.001389827 0.098649599 0.925145209
1403637208688318976.000000 0.654873788 2.786903381 0.713334918 -0.368627995 0.000096965 0.094800182 0.924730420
1403637208788318976.000000 0.618396282 2.751034260 0.691165924 0.370094478 -0.002527471 -0.090595864 -0.924562752
1403637208838319104.000000 0.613386750 2.744762897 0.686148465 0.370623469 -0.002986380 -0.089558743 -0.924450457
1403637208888318976.000000 0.605345607 2.737633944 0.680466652 0.371465683 -0.001773235 -0.087746896 -0.924289227
1403637208938319104.000000 0.598467410 2.732543230 0.674271464 0.373139888 0.000204615 -0.083042555 -0.924051166
1403637209038319104.000000 0.610342801 2.726814270 0.646139503 -0.377027214 -0.008247286 0.073148765 0.923272312
1403637209138319104.000000 0.582542062 2.713269472 0.640024126 -0.376953721 -0.010550100 0.062838487 0.924037933
1403637209238319104.000000 0.562328696 2.693024397 0.635175526 -0.363123447 -0.010273401 0.068801112 0.929140627
1403637209288318976.000000 0.532765031 2.664874792 0.648753226 0.355403662 0.011357307 -0.070925318 -0.931949019
1403637209338319104.000000 0.524382055 2.649508238 0.647390664 0.347264856 0.013300412 -0.073731840 -0.934769392
1403637209438319104.000000 0.518680453 2.619682789 0.638619781 0.334627986 0.020853801 -0.075715810 -0.939072132
1403637209488318976.000000 0.512246609 2.612958431 0.637621880 -0.328963280 -0.027266480 0.076794036 0.940820098
1403637209588318976.000000 0.536135018 2.592557669 0.627000988 -0.319633454 -0.046477083 0.079288356 0.943073511
1403637209638319104.000000 0.542204857 2.580493450 0.626705527 -0.315827191 -0.054815602 0.080955997 0.943766177
1403637209688318976.000000 0.551382422 2.569536448 0.628100395 -0.312665790 -0.060861103 0.082326472 0.944329619
1403637209788318976.000000 0.559884131 2.537341118 0.650675058 -0.309749305 -0.067143574 0.083469078 0.944764614
1403637209838319104.000000 0.577414334 2.528715134 0.656785548 -0.309058785 -0.068986475 0.083733290 0.944834590
1403637209888318976.000000 0.591468692 2.521923065 0.666978717 -0.307804108 -0.071256012 0.085932553 0.944878280
1403637209988318976.000000 0.626987875 2.515292645 0.693497539 -0.306548446 -0.080693625 0.089247063 0.944220185
1403637210088318976.000000 0.617628574 2.517127991 0.753787994 -0.305996984 -0.092482224 0.093260191 0.942929149
1403637210188318976.000000 0.615044892 2.522763014 0.813961208 -0.305146813 -0.102979556 0.097269095 0.941710949
1403637210288318976.000000 0.620023012 2.539349079 0.890596092 -0.304579109 -0.112827443 0.100139879 0.940464616
1403637210338319104.000000 0.602401495 2.565978289 0.945045412 0.303797275 0.115140520 -0.101443604 -0.940297365
1403637210388318976.000000 0.606882513 2.582227945 0.994505823 0.303493738 0.116794415 -0.102384068 -0.940089464
1403637210488318976.000000 0.614020824 2.623779774 1.107865095 0.304367900 0.109079279 -0.098221414 -0.941177249
1403637210588318976.000000 0.638549209 2.676434755 1.234654784 -0.305089980 -0.094377704 0.093523175 0.943009317
1403637210638319104.000000 0.650081098 2.705245972 1.302371740 -0.304942608 -0.086694486 0.092382342 0.943906605
1403637210688318976.000000 0.662896216 2.736402273 1.372442007 -0.304773033 -0.080916762 0.090828598 0.944624901
1403637210738319104.000000 0.675965846 2.769986629 1.446321487 -0.304057777 -0.076839685 0.090888619 0.945189834
1403637210788318976.000000 0.689194083 2.804987431 1.523223639 -0.301954359 -0.071652576 0.094890960 0.945878029
1403637210888318976.000000 0.699212193 2.890494823 1.685318947 -0.298220903 -0.060441244 0.102718033 0.947027028
1403637210988318976.000000 0.729467988 2.968148232 1.851934910 -0.296686620 -0.043532733 0.107351243 0.947922885
1403637211088318976.000000 0.754740179 3.050941467 2.023624420 -0.296488702 -0.027084114 0.110530727 0.948231995
1403637211138319104.000000 0.763064206 3.094389200 2.116284370 0.297942996 0.024725826 -0.109051190 -0.948011875
1403637211188318976.000000 0.757830381 3.155413866 2.194666624 -0.299991518 -0.022452231 0.103762545 0.948016107
1403637211288318976.000000 0.773918152 3.256667852 2.363693237 -0.306063563 -0.014178921 0.094213583 0.947231710
1403637211388318976.000000 0.790151119 3.367921591 2.524035931 -0.310778826 -0.005691348 0.086460285 0.946524620
1403637211438319104.000000 0.806365490 3.423129082 2.617026567 -0.312779278 -0.004321058 0.084680282 0.946033716
1403637211488318976.000000 0.816662788 3.474920988 2.697853327 -0.313783944 -0.003228589 0.084090337 0.945757985
1403637211588318976.000000 0.813826323 3.573702574 2.854899883 -0.314073175 -0.007546173 0.085907318 0.945474029
1403637211688318976.000000 0.822504997 3.681973219 3.014314413 -0.312761635 -0.011164189 0.090320557 0.945461690
1403637211788318976.000000 0.841145039 3.782142162 3.164083004 -0.309244961 -0.020837566 0.101603292 0.945309579
1403637211888318976.000000 0.866843164 3.888672829 3.309741974 -0.306240946 -0.026672415 0.111455701 0.945030510
1403637211988318976.000000 0.887885332 4.008504391 3.452727318 -0.307697624 -0.025325783 0.108005673 0.944995046
1403637212038319104.000000 0.910554886 4.069627285 3.522056580 -0.310562372 -0.023211176 0.101676352 0.944814384
1403637212088318976.000000 0.937713027 4.129906654 3.590912819 -0.312839240 -0.016812036 0.095700540 0.944822967
1403637212188318976.000000 0.992665648 4.249786854 3.725949049 -0.316761374 -0.003672317 0.085029863 0.944679141
1403637212288318976.000000 1.031522036 4.370072365 3.856122494 -0.318657458 0.004889992 0.080379486 0.944443047
1403637212388318976.000000 1.093024969 4.489798069 3.974763870 -0.320264012 0.009027107 0.077967212 0.944071293
1403637212438319104.000000 1.123905778 4.547490597 4.031348228 -0.321252793 0.009671306 0.077469848 0.943769813
1403637212488318976.000000 1.155840993 4.605020046 4.086490154 -0.321751863 0.007170872 0.078177951 0.943563819
1403637212588318976.000000 1.207103968 4.709465981 4.198272705 -0.323357522 -0.002236489 0.080497593 0.942844152
1403637212688318976.000000 1.281037569 4.819096565 4.299553871 -0.323137879 -0.012868924 0.085357018 0.942406833
1403637212788318976.000000 1.346012354 4.930889606 4.404491425 -0.324376881 -0.017200960 0.083676636 0.942062616
1403637212888318976.000000 1.407922626 5.033061028 4.501729965 -0.325430572 -0.021585859 0.082398072 0.941721618
1403637212988318976.000000 1.493459225 5.141768932 4.608954906 -0.326160282 -0.024979757 0.079112545 0.941666961
1403637213038319104.000000 1.534387708 5.195583820 4.663511276 -0.325613469 -0.025619749 0.078776896 0.941867173
1403637213138319104.000000 1.591779947 5.298267841 4.764248848 -0.322130442 -0.024169542 0.082189888 0.942811072
1403637213188318976.000000 1.627273083 5.354136467 4.820226192 -0.320648730 -0.024570476 0.083962753 0.943149447
1403637213288318976.000000 1.694149137 5.470360756 4.936742783 -0.318804771 -0.024540873 0.084864616 0.943694532
1403637213388318976.000000 1.745175838 5.571721077 5.047645092 -0.318474740 -0.020613745 0.083467893 0.944024384
1403637213488318976.000000 1.792370915 5.686997414 5.167321205 -0.319004923 -0.016552446 0.080530070 0.944180489
1403637213538319104.000000 1.813966393 5.743707657 5.226948738 -0.319326460 -0.015350806 0.078778870 0.944239795
1403637213588318976.000000 1.831467867 5.795884132 5.287846088 0.322098374 0.014984213 -0.070850551 -0.943932354
1403637213688318976.000000 1.879747629 5.885133743 5.392907619 -0.325867891 -0.020209476 0.060408622 0.943266988
1403637213788318976.000000 1.908401132 5.986030579 5.510174751 -0.327472299 -0.024825189 0.054283947 0.942973435
1403637213888318976.000000 1.931099653 6.078353882 5.629156113 -0.327813864 -0.027112918 0.050204612 0.943017781
1403637213988318976.000000 1.951938868 6.158796787 5.755077362 -0.328018367 -0.026184248 0.047489487 0.943113565
1403637214038319104.000000 1.965023875 6.199914455 5.819632530 -0.325824440 -0.022039669 0.046799522 0.944014072
1403637214088318976.000000 1.979855657 6.238930702 5.884298325 -0.321582586 -0.016747864 0.047314234 0.945550442
1403637214188318976.000000 2.016129017 6.312394142 6.014028549 -0.308646619 -0.006902966 0.051732812 0.949743867
1403637214288318976.000000 2.057542324 6.369713783 6.139866829 -0.294861913 -0.000196638 0.046147473 0.954424918
1403637214388318976.000000 2.109669209 6.430728912 6.259552002 -0.277241856 0.005976087 0.032955933 0.960216224
1403637214438319104.000000 2.137412786 6.458052635 6.317477226 -0.267613888 0.006803243 0.023045316 0.963226616
1403637214538319104.000000 2.190796137 6.497012138 6.428553581 -0.246830031 0.007823632 -0.000218863 0.969027162
1403637214638319104.000000 2.249261141 6.533549786 6.538502693 -0.228822485 0.009593561 -0.021593597 0.973181427
1403637214738319104.000000 2.313427687 6.554515839 6.645775795 0.216657698 -0.010884983 0.041442782 -0.975306869
1403637214788318976.000000 2.339337587 6.557131767 6.695739746 -0.211575776 0.013283669 -0.048571635 0.976063609
1403637214838319104.000000 2.372149706 6.558044910 6.746473789 -0.206991538 0.013824268 -0.051622894 0.976882100
1403637214938319104.000000 2.434867859 6.548428059 6.844021797 -0.200139984 0.015699446 -0.053868406 0.978159428
1403637215038319104.000000 2.495754242 6.530845165 6.943586826 0.195799589 -0.018592071 0.053785276 -0.978991389
1403637215138319104.000000 2.514069319 6.483769894 7.041414261 -0.195322707 0.025631437 -0.054507833 0.978887618
1403637215238319104.000000 2.550147772 6.426177979 7.135731697 -0.193352938 0.031177999 -0.049297467 0.979393899
1403637215288318976.000000 2.565149784 6.389678955 7.179917812 -0.190626353 0.033136029 -0.046508309 0.980000377
1403637215338319104.000000 2.578200102 6.348915577 7.222439289 -0.185772717 0.036840398 -0.042847954 0.980966568
1403637215438319104.000000 2.588560820 6.272838593 7.315032005 -0.170162410 0.049111038 -0.034671847 0.983580649
1403637215538319104.000000 2.614173174 6.169836998 7.379256248 -0.149838179 0.061023034 -0.031802360 0.986313045
1403637215638319104.000000 2.641056776 6.052958965 7.426455975 -0.126554057 0.061833657 -0.034322742 0.989435554
1403637215738319104.000000 2.643122435 5.939916134 7.482432842 -0.099768102 0.051701620 -0.039531328 0.992879927
1403637215838319104.000000 2.678447247 5.806449413 7.498064995 -0.071956694 0.034098886 -0.043335546 0.995882332
1403637215888318976.000000 2.696352959 5.737869740 7.500756741 -0.058439836 0.027463993 -0.045056250 0.996895432
1403637215938319104.000000 2.714137554 5.668539524 7.501453400 -0.045999225 0.022106340 -0.045173991 0.997674644
1403637216038319104.000000 2.720740557 5.536934853 7.525452137 -0.022338355 0.016506987 -0.043258417 0.998677790
1403637216138319104.000000 2.767170429 5.391344547 7.511011124 -0.000967571 0.009675356 -0.042381708 0.999054193
1403637216238319104.000000 2.805593252 5.246738434 7.476521969 -0.015746111 -0.007657448 0.039970860 -0.999047458
1403637216338319104.000000 2.821778536 5.133604527 7.462110519 0.027178183 0.010515466 -0.038033381 0.998851478
1403637216438319104.000000 2.848139524 4.999096394 7.429597378 0.031938031 0.017208651 -0.038285576 0.998608112
1403637216488318976.000000 2.853424549 4.933907032 7.418055534 0.033138204 0.020995798 -0.038797598 0.998476744
1403637216538319104.000000 2.848744631 4.870805264 7.409794807 0.033744618 0.025557617 -0.038339723 0.998367727
1403637216638319104.000000 2.826326847 4.741270542 7.385214329 0.035044458 0.031403050 -0.033462811 0.998331606
1403637216738319104.000000 2.834460497 4.619902611 7.334962368 0.035014223 0.038396694 -0.028265361 0.998248875
1403637216838319104.000000 2.822184086 4.510956287 7.289824486 0.032699209 0.048247505 -0.028177042 0.997902334
1403637216938319104.000000 2.797075510 4.393096447 7.225560188 0.027507680 0.055168949 -0.031765331 0.997592449
1403637217038319104.000000 2.791139841 4.290340900 7.140786171 0.025080895 0.047755405 -0.028168052 0.998146772
1403637217138319104.000000 2.772432089 4.195755959 7.045723915 0.026500121 0.036442854 -0.015742803 0.998860300
1403637217238319104.000000 2.748791218 4.093646049 6.940382957 0.027418027 0.031122902 -0.001704301 0.999137998
1403637217338319104.000000 2.707721949 4.016069412 6.837216377 0.027599392 0.027523069 0.008140226 0.999206960
1403637217388318976.000000 2.685039997 3.979896784 6.783544540 0.027280265 0.026746349 0.012009100 0.999197781
1403637217438319104.000000 2.660213947 3.946943760 6.728679657 0.026566096 0.025856670 0.015003645 0.999199986
1403637217538319104.000000 2.614957333 3.884844303 6.597264767 0.026636349 0.026780283 0.015768006 0.999162078
1403637217638319104.000000 2.558358431 3.834403753 6.475937843 0.030285683 0.031603515 0.003993253 0.999033630
1403637217738319104.000000 2.493601322 3.791914940 6.350490093 0.037469830 0.041157272 -0.025340952 0.998128295
1403637217788318976.000000 2.466453075 3.773242235 6.275191784 0.044851825 0.044591632 -0.039766748 0.997205436
1403637217838319104.000000 2.434525728 3.755324125 6.203705311 0.055236846 0.043888986 -0.049865644 0.996261060
1403637217938319104.000000 2.384803534 3.718110085 6.038662910 0.075639583 0.040046800 -0.066887349 0.994083047
1403637217988318976.000000 2.371154070 3.700809479 5.960875988 0.085759804 0.034341142 -0.071907811 0.993124008
1403637218038319104.000000 2.342282534 3.683435440 5.877870560 0.094939448 0.033121869 -0.074522458 0.992137015
1403637218138319104.000000 2.277716160 3.651268482 5.709229469 0.109571710 0.027928708 -0.077626191 0.990549505
1403637218238319104.000000 2.236979008 3.616268635 5.516192436 0.118742175 0.019222979 -0.080100976 0.989502192
1403637218338319104.000000 2.162224293 3.583822727 5.338982582 0.123654731 0.018625118 -0.084110320 0.988578856
1403637218438319104.000000 2.103493929 3.553085327 5.140503407 0.125952005 0.018144002 -0.085979916 0.988136888
1403637218488318976.000000 2.059983730 3.539964914 5.045257092 0.126445964 0.019569520 -0.085978903 0.988046646
1403637218538319104.000000 2.016268969 3.527159214 4.947810173 0.126654074 0.019465342 -0.086249180 0.987998426
1403637218638319104.000000 1.950447559 3.496573210 4.745941639 0.125347644 0.015257652 -0.086210877 0.988242388
1403637218738319104.000000 1.870075345 3.469963789 4.536287785 0.123145185 0.010647859 -0.085378207 0.988651812
1403637218838319104.000000 1.813882828 3.446812868 4.312111378 0.119714372 0.004940670 -0.089146636 0.988785565
1403637218938319104.000000 1.710871816 3.426054955 4.102186203 0.115104645 0.006163611 -0.097576372 0.988530159
1403637219038319104.000000 1.611357093 3.391894817 3.903406620 0.110448927 0.003954558 -0.105326988 0.988277137
1403637219138319104.000000 1.499246597 3.364997864 3.691385031 0.109287195 0.004809137 -0.107330009 0.988187015
1403637219188318976.000000 1.444140077 3.349883318 3.583226919 0.108971536 0.004119186 -0.107176751 0.988241553
1403637219238319104.000000 1.388537407 3.319141865 3.492057562 0.108309068 0.002821865 -0.106004246 0.988445401
1403637219338319104.000000 1.286168575 3.284092426 3.263607740 0.109307818 0.001605615 -0.102037333 0.988755643
1403637219438319104.000000 1.190652966 3.230296850 3.046687365 0.108664006 -0.002985483 -0.098502003 0.989181817
1403637219538319104.000000 1.101030707 3.181483269 2.817827702 0.108731799 -0.018495670 -0.095185034 0.989330709
1403637219638319104.000000 1.021413684 3.116237640 2.594302893 0.107512131 -0.034078892 -0.091809407 0.989368916
1403637219738319104.000000 0.943596005 3.061835766 2.368241072 0.107134655 -0.042178884 -0.089410409 0.989317358
1403637219838319104.000000 0.866807520 3.007869959 2.133024454 -0.106354125 0.047379747 0.090135023 -0.989100456
1403637219938319104.000000 0.814716995 2.926558971 1.943998098 0.106091328 -0.048547205 -0.087957412 0.989268064
1403637220038319104.000000 0.781891823 2.848488092 1.743792415 0.105985865 -0.051515114 -0.087178841 0.989198267
1403637220138319104.000000 0.741993845 2.771276712 1.546627402 0.105172604 -0.051513050 -0.088217750 0.989193082
1403637220238319104.000000 0.697334230 2.689421415 1.359238267 0.106539078 -0.051596608 -0.082968868 0.989496589
1403637220338319104.000000 0.688926697 2.605025530 1.176073194 0.109612301 -0.048648454 -0.073766872 0.990038872
1403637220438319104.000000 0.675284266 2.525313616 0.989448726 0.112695351 -0.042591106 -0.062417429 0.990752220
1403637220538319104.000000 0.657267392 2.441491842 0.804863453 -0.114014894 0.039018627 0.056043793 -0.991129339
1403637220638319104.000000 0.652454615 2.366306782 0.647172153 -0.114251725 0.037078429 0.053592525 -0.991312146
1403637220738319104.000000 0.625068963 2.290822744 0.499406427 0.112918973 -0.038682908 -0.055174898 0.991316676
1403637220838319104.000000 0.605538249 2.222285748 0.351596415 0.112256512 -0.040883474 -0.055956081 0.991259813
1403637220938319104.000000 0.583337724 2.156327248 0.211098850 0.111203574 -0.042834733 -0.055870496 0.991300941
1403637220988318976.000000 0.588570654 2.127540827 0.147782251 -0.110161558 0.044670288 0.056079026 -0.991324484
1403637221088318976.000000 0.538205028 2.071866274 0.001317773 0.103179671 -0.046819784 -0.054833911 0.992045999
1403637221188318976.000000 0.501247585 2.014256001 -0.118224919 0.090564415 -0.051419187 -0.053251460 0.993135691
1403637221288318976.000000 0.460033119 1.962368369 -0.231574506 0.074479796 -0.052408539 -0.050323684 0.994572163
1403637221388318976.000000 0.409109890 1.916299701 -0.348822504 0.061129030 -0.052839935 -0.045626838 0.995685399
1403637221438319104.000000 0.386540562 1.892434835 -0.396437109 0.055758867 -0.051124599 -0.042699374 0.996219873
1403637221488318976.000000 0.363756150 1.869283676 -0.442829102 0.050874293 -0.051850054 -0.041048914 0.996513128
1403637221588318976.000000 0.320338458 1.825744748 -0.529240191 0.043680832 -0.052553806 -0.037279211 0.996965587
1403637221688318976.000000 0.253567606 1.787211180 -0.612300277 0.037563078 -0.052820075 -0.036532182 0.997228444
1403637221788318976.000000 0.209519997 1.748584390 -0.680365860 0.033610109 -0.054392315 -0.031822816 0.997446358
1403637221838319104.000000 0.187858760 1.730569601 -0.712374985 0.030717887 -0.055154972 -0.030216578 0.997547686
1403637221888318976.000000 0.162914455 1.711715221 -0.739875436 -0.027112639 0.055948790 0.028028456 -0.997671843
1403637221938319104.000000 0.140396133 1.695688367 -0.766954601 -0.021692399 0.056604907 0.024500364 -0.997860312
1403637221988318976.000000 0.113770761 1.686442018 -0.804289401 0.014563970 -0.056663457 -0.022525324 0.998032987
1403637222038319104.000000 0.090291254 1.672633648 -0.827856958 0.005333090 -0.056234151 -0.019182988 0.998219132
1403637222088318976.000000 0.066117570 1.660168767 -0.849163473 -0.005441029 -0.056821428 -0.015859844 0.998243570
1403637222188318976.000000 0.019954037 1.636760116 -0.888185561 -0.029400703 -0.056518693 -0.008480904 0.997932553
1403637222288318976.000000 -0.024776839 1.620029330 -0.932889283 -0.050272811 -0.049387209 -0.003236225 0.997508526
1403637222388318976.000000 -0.071709484 1.604371548 -0.955633879 -0.066174932 -0.037709653 0.000923286 0.997094750
1403637222438319104.000000 -0.095047064 1.597510219 -0.965077519 -0.072404258 -0.031066095 0.002494548 0.996888399
1403637222488318976.000000 -0.119366169 1.593913317 -0.975946724 0.077791609 0.026015520 -0.002325782 -0.996627510
1403637222538319104.000000 -0.133800238 1.587469220 -0.991913736 -0.081482396 -0.022987079 0.004465122 0.996399760
1403637222638319104.000000 -0.173573658 1.576164007 -1.011470199 -0.087810323 -0.018700233 0.005013031 0.995949090
1403637222688318976.000000 -0.191719741 1.571084142 -1.021903515 -0.089947946 -0.019282769 0.004594948 0.995749235
1403637222738319104.000000 -0.207662016 1.565234780 -1.033547401 0.091013819 0.020570761 -0.005278487 -0.995623231
1403637222838319104.000000 -0.259855837 1.576163411 -1.074671865 -0.091414884 -0.027486859 0.005471754 0.995418489
1403637222938319104.000000 -0.273978353 1.568648696 -1.098867416 -0.090756968 -0.039037365 0.005541556 0.995092273
1403637223038319104.000000 -0.274859399 1.562043190 -1.123308778 -0.089499906 -0.048072360 0.006364093 0.994805694
1403637223138319104.000000 -0.271670699 1.559976220 -1.148298860 -0.087848105 -0.051460419 0.005060878 0.994790971
1403637223188318976.000000 -0.262559474 1.559288621 -1.155618548 -0.086749397 -0.051261418 0.004722911 0.994899333
1403637223238319104.000000 -0.250859857 1.558426499 -1.162104368 -0.085905015 -0.049442142 0.003495486 0.995069683
1403637223338319104.000000 -0.218769446 1.550448775 -1.171648860 0.083896682 0.040074311 0.000613674 -0.995668173
1403637223438319104.000000 -0.178479701 1.545019746 -1.175847650 0.081706516 0.032114681 0.003768180 -0.996131837
1403637223538319104.000000 -0.138664320 1.546912789 -1.182651877 0.079941399 0.026017269 0.006541861 -0.996438563
1403637223638319104.000000 -0.102331944 1.548076630 -1.191798091 -0.078945711 -0.022160338 -0.008500877 0.996596396
1403637223738319104.000000 -0.072405957 1.550615668 -1.194674611 -0.078272156 -0.020583948 -0.009501998 0.996674299
1403637223788318976.000000 -0.058779586 1.552165985 -1.195936561 -0.077960588 -0.019650543 -0.009363467 0.996718824
1403637223838319104.000000 -0.046641584 1.553275704 -1.196409941 -0.077851601 -0.019163243 -0.009845317 0.996732175
1403637223938319104.000000 -0.043846771 1.566757679 -1.197019458 0.077859178 0.016874041 0.012628628 -0.996741593
1403637224038319104.000000 -0.014835754 1.559448242 -1.182617664 -0.078223512 -0.016368294 -0.012009993 0.996729136
1403637224138319104.000000 -0.007552010 1.559218884 -1.178568721 -0.078760132 -0.015864277 -0.012474836 0.996689320
1403637224238319104.000000 -0.000398672 1.556934476 -1.168152690 -0.079384148 -0.016412131 -0.014168572 0.996608317
1403637224338319104.000000 -0.029275347 1.557350397 -1.171047091 0.079374492 0.013873805 0.013582731 -0.996655822
1403637224388318976.000000 -0.022399642 1.559756756 -1.162032008 0.079433672 0.014215315 0.014346709 -0.996635616
1403637224438319104.000000 -0.025801821 1.559541225 -1.156385064 0.080111668 0.014217985 0.015578183 -0.996562719
1403637224538319104.000000 -0.035047360 1.552285790 -1.135586381 -0.081010543 -0.013264670 -0.016556846 0.996487498
1403637224638319104.000000 -0.051672712 1.548021197 -1.124825120 -0.079909980 -0.012702909 -0.013334640 0.996631980
1403637224738319104.000000 -0.064513713 1.541712761 -1.115966082 -0.076990411 -0.013509691 -0.005078627 0.996927381
1403637224838319104.000000 -0.096821181 1.540115118 -1.123598814 0.076305836 0.012911652 0.003498523 -0.996994734
1403637224938319104.000000 -0.096864641 1.538049579 -1.117938519 0.078343771 0.011055288 0.009237741 -0.996822298
1403637224988318976.000000 -0.101755984 1.537089467 -1.115635514 0.079180613 0.010970358 0.011463482 -0.996734023
1403637225038319104.000000 -0.096920840 1.526132941 -1.096597075 -0.080324546 -0.012347451 -0.013789116 0.996596932
1403637225138319104.000000 -0.112048581 1.522276521 -1.094925642 -0.080937363 -0.010768254 -0.016607828 0.996522665
1403637225238319104.000000 -0.131039917 1.517373681 -1.094692349 -0.080323786 -0.009976829 -0.017193811 0.996570647
1403637225338319104.000000 -0.166297704 1.509149909 -1.093781352 -0.079668075 -0.007564566 -0.017698651 0.996635675
1403637225388318976.000000 -0.176136523 1.505404949 -1.094253182 -0.079259880 -0.007061811 -0.018216513 0.996662557
1403637225438319104.000000 -0.184504598 1.501058578 -1.096717358 -0.078630999 -0.005913400 -0.018775543 0.996709466
1403637225538319104.000000 -0.196086168 1.490706682 -1.105310678 -0.077833794 -0.006316724 -0.019859299 0.996748567
1403637225638319104.000000 -0.201983467 1.472140789 -1.116380453 -0.077516668 -0.009495509 -0.020929240 0.996726155
1403637225688318976.000000 -0.200677574 1.464024782 -1.123903871 -0.077119187 -0.013551054 -0.019997915 0.996729195
1403637225738319104.000000 -0.197808340 1.455372691 -1.131477237 -0.077152237 -0.015719222 -0.020803338 0.996678293
1403637225838319104.000000 -0.187862113 1.433394790 -1.145994425 -0.076892257 -0.022969758 -0.019699324 0.996580184
1403637225938319104.000000 -0.164880246 1.412628412 -1.167618632 0.076051474 0.022999333 0.019765124 -0.996642649
1403637226038319104.000000 -0.146429569 1.386211514 -1.185028195 0.075454719 0.015113105 0.020038748 -0.996833384
1403637226088318976.000000 -0.135162339 1.372709394 -1.193305016 0.075388327 0.012353393 0.020467538 -0.996867716
1403637226138319104.000000 -0.132454321 1.355955005 -1.197339416 -0.075558774 -0.008208004 -0.020812454 0.996890426
1403637226238319104.000000 -0.117898330 1.328280926 -1.213623524 -0.075448841 -0.005284698 -0.020684548 0.996921182
1403637226338319104.000000 -0.106909156 1.298220396 -1.232353687 -0.076156154 -0.010689113 -0.021162255 0.996814072
1403637226388318976.000000 -0.111848623 1.284602523 -1.237522483 -0.076423891 -0.015598477 -0.020965297 0.996732950
1403637226438319104.000000 -0.109336495 1.268662214 -1.247713208 -0.077016234 -0.022899862 -0.021476634 0.996535480
1403637226538319104.000000 -0.109156549 1.235592008 -1.267317176 -0.077454336 -0.032407183 -0.022167686 0.996222496
1403637226638319104.000000 -0.115754277 1.202143550 -1.279385090 -0.077610157 -0.037680611 -0.021582242 0.996037662
1403637226738319104.000000 -0.116126634 1.167221308 -1.288378358 -0.077098943 -0.041128080 -0.020310560 0.995967746
1403637226788318976.000000 -0.116688080 1.149259090 -1.290299058 -0.076606303 -0.041768700 -0.019778356 0.995989799
1403637226838319104.000000 -0.100182906 1.136335969 -1.300353885 0.076092169 0.040134110 0.019419370 -0.996103466
1403637226938319104.000000 -0.137001231 1.095121861 -1.289771080 -0.074828982 -0.037202645 -0.014168533 0.996401489
1403637226988318976.000000 -0.143631250 1.077685475 -1.285880327 -0.073471956 -0.035258405 -0.009099010 0.996632278
1403637227038319104.000000 -0.150253877 1.060134053 -1.280313849 -0.071083918 -0.032644741 -0.001249085 0.996935248
1403637227138319104.000000 -0.156852931 1.026958466 -1.270753980 -0.067079760 -0.027380055 0.013940913 0.997274458
1403637227188318976.000000 -0.162877992 1.012879848 -1.267869830 -0.066819854 -0.025672890 0.015355315 0.997316539
1403637227238319104.000000 -0.161192551 0.999379396 -1.264697075 -0.067070894 -0.024609270 0.016105052 0.997314692
1403637227338319104.000000 -0.152789116 0.977212191 -1.258792520 -0.070900440 -0.025580419 0.008538390 0.997118831
1403637227438319104.000000 -0.135478601 0.957985997 -1.251425385 0.075109318 0.028209774 -0.000746649 -0.996775925
1403637227538319104.000000 -0.130119845 0.942463517 -1.246597767 0.077392466 0.028731899 0.001580571 -0.996585369
1403637227588318976.000000 -0.128647178 0.935117126 -1.243436217 0.077583604 0.029541830 0.000256990 -0.996548116
1403637227638319104.000000 -0.128513962 0.928595304 -1.238595724 0.076883651 0.029134110 -0.003209149 -0.996609211
1403637227738319104.000000 -0.130209878 0.917863965 -1.219492912 -0.075824037 -0.030031085 0.008890369 0.996629238
1403637227788318976.000000 -0.133536950 0.913907051 -1.209834814 -0.075275041 -0.030209456 0.011481945 0.996638954
1403637227838319104.000000 -0.137139857 0.910929859 -1.199857831 -0.076533340 -0.029696597 0.009325013 0.996581078
1403637227938319104.000000 -0.141263887 0.904650092 -1.175334096 -0.079052456 -0.020644404 0.001612859 0.996655405
1403637227988318976.000000 -0.144415855 0.905222178 -1.165738225 -0.080133013 -0.016721953 -0.002791149 0.996640027
1403637228038319104.000000 -0.147917569 0.903322220 -1.155138612 -0.080931634 -0.010888656 -0.007077633 0.996635079
1403637228138319104.000000 -0.161140606 0.901382446 -1.139224291 -0.080235735 -0.004172003 -0.008707059 0.996729255
1403637228238319104.000000 -0.175878748 0.902567804 -1.122698307 -0.078997396 -0.001141968 -0.010244639 0.996821582
1403637228338319104.000000 -0.182394162 0.904040515 -1.111803293 -0.077730641 0.000433747 -0.010481987 0.996919215
1403637228388318976.000000 -0.181902438 0.901985765 -1.106780648 -0.078231551 -0.000654332 -0.013761150 0.996840060
1403637228438319104.000000 -0.181329787 0.899268150 -1.103341222 -0.078085586 -0.000055910 -0.015028797 0.996833384
1403637228538319104.000000 -0.176070735 0.889658689 -1.118563533 -0.078275695 0.002876384 -0.017951941 0.996766031
1403637228588318976.000000 -0.172498018 0.885086298 -1.121943831 -0.078695849 0.003397475 -0.020493615 0.996682227
1403637228688318976.000000 -0.162050962 0.873053193 -1.131621599 -0.079021938 -0.000493810 -0.021765830 0.996635199
1403637228738319104.000000 -0.155016273 0.865884960 -1.137171865 -0.078607447 -0.005033100 -0.019622792 0.996699870
1403637228788318976.000000 -0.188752577 0.871620476 -1.150279045 0.077305362 0.008679410 0.015814502 -0.996844232
1403637228888318976.000000 -0.147793755 0.844378114 -1.154160142 -0.075974703 -0.017004397 -0.007904119 0.996933401
1403637228938319104.000000 -0.148773119 0.836986721 -1.160929203 -0.076265417 -0.017332178 -0.007749523 0.996906817
1403637228988318976.000000 -0.150210023 0.829429090 -1.167565465 -0.077647328 -0.016585231 -0.010662672 0.996785939
1403637229088318976.000000 -0.154874757 0.813752949 -1.178754926 -0.079491295 -0.011185572 -0.016031280 0.996643960
1403637229188318976.000000 -0.163786277 0.797215939 -1.182982445 -0.080909781 -0.006634427 -0.021406155 0.996469498
1403637229288318976.000000 -0.182126433 0.780348241 -1.194817305 -0.083068326 -0.005129474 -0.022180695 0.996283829
1403637229388318976.000000 -0.199077487 0.762842298 -1.208259344 -0.089622788 -0.008956868 -0.014592230 0.995828629
1403637229438319104.000000 -0.211938664 0.749080420 -1.209939361 -0.094969660 -0.015846873 -0.007607601 0.995324969
1403637229488318976.000000 -0.226399437 0.740403056 -1.219389796 -0.100700706 -0.020740651 0.003993727 0.994692564
1403637229588318976.000000 -0.253965646 0.723564029 -1.234722495 -0.116786398 -0.029461347 0.029948583 0.992268145
1403637229688318976.000000 -0.284544051 0.708896220 -1.232673168 -0.140242025 -0.035829470 0.053746600 0.988008022
1403637229788318976.000000 -0.305090874 0.708377957 -1.246296525 -0.171461463 -0.034617051 0.059171423 0.982802808
1403637229838319104.000000 -0.312885106 0.709878683 -1.252396822 -0.189574912 -0.030312840 0.056613170 0.979763985
1403637229888318976.000000 -0.310594797 0.701144636 -1.252453566 0.208467498 0.025781445 -0.052663777 -0.976270020
1403637229938319104.000000 -0.352816105 0.716527462 -1.239419460 -0.226397678 -0.020908291 0.050157968 0.972517967
1403637229988318976.000000 -0.359664202 0.719420373 -1.240332127 -0.243585467 -0.016223252 0.049239922 0.968492866
1403637230088318976.000000 -0.368443400 0.724827886 -1.244964004 -0.272915483 -0.016697766 0.058468379 0.960114539
1403637230188318976.000000 -0.409710884 0.736897647 -1.242716908 -0.297111750 -0.020376986 0.071986355 0.951907218
1403637230288318976.000000 -0.411710471 0.740569472 -1.242233753 -0.316306084 -0.026419031 0.079148762 0.944980443
1403637230388318976.000000 -0.399353802 0.738692522 -1.248177767 0.328446001 0.022728864 -0.081059448 -0.940763533
1403637230438319104.000000 -0.442456961 0.755933940 -1.249633312 -0.333023012 -0.015702603 0.078618124 0.939504325
1403637230488318976.000000 -0.432584196 0.757852972 -1.247825980 -0.336884052 -0.009549391 0.076347657 0.938397110
1403637230538319104.000000 -0.422862262 0.760522425 -1.245110989 -0.340413839 -0.003178553 0.074761659 0.937293470
1403637230638319104.000000 -0.403025150 0.766976357 -1.241499424 -0.350196391 0.009218954 0.075390168 0.933591902
1403637230688318976.000000 -0.371530950 0.761723995 -1.247898817 0.356504738 -0.011984724 -0.078819953 -0.930885732
1403637230738319104.000000 -0.354197741 0.761621356 -1.249623895 0.363177031 -0.012578082 -0.085136190 -0.927737117
1403637230788318976.000000 -0.375063211 0.766919851 -1.259008646 -0.370206714 0.010732403 0.092836887 0.924236596
1403637230888318976.000000 -0.353896916 0.766897261 -1.264586687 -0.388064086 -0.000237028 0.113907233 0.914566219
1403637230938319104.000000 -0.348241240 0.767940998 -1.267096043 -0.398932338 -0.005378298 0.124498583 0.908473611
1403637230988318976.000000 -0.341964960 0.770613730 -1.269601464 -0.411417186 -0.009409708 0.133248940 0.901605368
1403637231088318976.000000 -0.353306502 0.779849052 -1.282719254 -0.439613104 -0.010861299 0.147386581 0.885945618
1403637231188318976.000000 -0.358705223 0.798745275 -1.284451246 -0.470863760 -0.010078195 0.163614154 0.866842628
1403637231238319104.000000 -0.366248906 0.811946392 -1.283032298 -0.487720281 -0.007748469 0.171357229 0.855982304
1403637231288318976.000000 -0.378064990 0.826377690 -1.280683637 -0.504553616 -0.005420897 0.179363579 0.844526470
1403637231338319104.000000 -0.391155243 0.844483197 -1.271755815 0.522080839 0.001169477 -0.186547890 -0.832244098
1403637231388318976.000000 -0.430944681 0.859604478 -1.291731834 -0.539650023 0.004573742 0.191906855 0.819712520
1403637231438319104.000000 -0.454466790 0.879457235 -1.287323475 -0.557520747 0.008888426 0.198716640 0.805979848
1403637231538319104.000000 -0.512217641 0.922181010 -1.284367681 -0.590970278 0.016117686 0.219220385 0.776168048
1403637231638319104.000000 -0.576484799 0.969643831 -1.275200725 0.624423504 -0.017935559 -0.235867351 -0.744405925
1403637231688318976.000000 -0.622900367 0.980236888 -1.296082258 0.640735328 -0.019180015 -0.241068065 -0.728681386
1403637231738319104.000000 -0.655117810 1.007113934 -1.298395634 0.655992389 -0.021409921 -0.246389672 -0.713097394
1403637231788318976.000000 -0.686585128 1.035928965 -1.302601099 0.670755744 -0.023462193 -0.250343174 -0.697756886
1403637231838319104.000000 -0.717633724 1.065356135 -1.308330297 0.683748186 -0.024322925 -0.255255550 -0.683184803
1403637231888318976.000000 -0.747959733 1.096069574 -1.316758513 0.695278168 -0.023948826 -0.260882884 -0.669294417
1403637231938319104.000000 -0.768740773 1.131464720 -1.325611234 0.705671728 -0.025463983 -0.266756982 -0.655911505
1403637231988318976.000000 -0.793038666 1.165863156 -1.337217212 0.715726435 -0.027050491 -0.271093637 -0.643049181
1403637232088318976.000000 -0.844160378 1.200933337 -1.396098495 0.736278713 -0.043276135 -0.270774513 -0.618629158
1403637232188318976.000000 -0.883091748 1.273918390 -1.435934782 0.756478071 -0.059774674 -0.269185573 -0.593049049
1403637232288318976.000000 -0.918136358 1.339804530 -1.484951735 0.774422228 -0.063012108 -0.269093513 -0.569112062
1403637232338319104.000000 -0.934694529 1.369663000 -1.513137341 0.783454835 -0.063198268 -0.267369181 -0.557421148
1403637232388318976.000000 -0.945086002 1.397934437 -1.547337890 0.792585492 -0.061925668 -0.264475763 -0.545917749
1403637232488318976.000000 -0.988799036 1.400403857 -1.633976579 0.807120264 -0.064608909 -0.265080005 -0.523560166
1403637232588318976.000000 -1.021962047 1.448055983 -1.699896216 0.816139519 -0.070981346 -0.284079999 -0.498173237
1403637232638319104.000000 -1.036141515 1.467132807 -1.737071753 0.820016921 -0.073382124 -0.294803262 -0.485055059
1403637232688318976.000000 -1.050100684 1.484665871 -1.777420044 0.824008346 -0.075987227 -0.304205328 -0.471906126
1403637232788318976.000000 -1.087888718 1.493481636 -1.887289047 0.830235302 -0.078943640 -0.322131336 -0.448005319
1403637232888318976.000000 -1.106612206 1.518022537 -1.991068244 0.835841715 -0.072033033 -0.336398691 -0.427803487
1403637232988318976.000000 -1.129059434 1.540509224 -2.103624821 0.840321779 -0.060445931 -0.343995392 -0.414575517
1403637233038319104.000000 -1.143440485 1.561008930 -2.164939404 0.841672540 -0.053788807 -0.347464114 -0.409832805
1403637233088318976.000000 -1.152378082 1.570590973 -2.231351137 0.842889011 -0.048039518 -0.349501431 -0.406299382
1403637233188318976.000000 -1.148001909 1.592443585 -2.398920536 0.841677427 -0.035839215 -0.357272804 -0.403299958
1403637233288318976.000000 -1.176119566 1.623774767 -2.547166824 0.840083599 -0.026774026 -0.362139076 -0.402986407
1403637233338319104.000000 -1.193098307 1.641927481 -2.625877619 0.838495493 -0.023802465 -0.365250736 -0.403671592
1403637233388318976.000000 -1.209546089 1.661193013 -2.707784653 0.836539268 -0.020540910 -0.368686765 -0.404784262
1403637233488318976.000000 -1.256294966 1.718092084 -2.881905317 0.836281121 -0.006736046 -0.366289854 -0.407946497
1403637233588318976.000000 -1.316656351 1.780005693 -3.054784060 0.845379829 0.017576544 -0.339415848 -0.412093312
1403637233688318976.000000 -1.384761810 1.856833935 -3.228477955 0.858251750 0.041494783 -0.298669577 -0.415305495
1403637233788318976.000000 -1.455573559 1.962772131 -3.398146391 0.867537200 0.061743930 -0.264102250 -0.416913569
1403637233888318976.000000 -1.520964503 2.061988592 -3.554821491 0.872292519 0.073423035 -0.243836448 -0.417443037
1403637233938319104.000000 -1.553609252 2.120448589 -3.626302958 0.873559117 0.077428527 -0.238109708 -0.417376459
1403637233988318976.000000 -1.586725116 2.182035923 -3.693065405 0.874390244 0.081407957 -0.233994588 -0.417206079
1403637234088318976.000000 -1.657012820 2.307916164 -3.817034721 0.876733422 0.088748202 -0.221449360 -0.417639166
1403637234188318976.000000 -1.704427481 2.467112303 -3.895944834 0.880277693 0.098973915 -0.208096385 -0.414742619
1403637234288318976.000000 -1.750447869 2.630236626 -3.962652683 0.882467806 0.096475221 -0.203249365 -0.413077384
1403637234388318976.000000 -1.793745875 2.809212923 -4.004020691 0.883204460 0.080506906 -0.205271453 -0.413923085
1403637234438319104.000000 -1.823391914 2.890798092 -4.007488728 0.882647395 0.067852512 -0.206504345 -0.416756123
1403637234488318976.000000 -1.841921210 2.987205505 -4.012701511 0.881116450 0.058016185 -0.207331315 -0.421048284
1403637234538319104.000000 -1.859846711 3.085597754 -4.012078285 0.879138589 0.046230108 -0.207338914 -0.426601350
1403637234588318976.000000 -1.878975511 3.184975624 -4.005157471 0.876252890 0.034892738 -0.208503574 -0.433000863
1403637234638319104.000000 -1.897415519 3.285634279 -3.994131565 0.873053968 0.024870751 -0.208428890 -0.440131456
1403637234738319104.000000 -1.929649711 3.477352142 -3.952787399 0.864697814 0.006468572 -0.211055368 -0.455753863
1403637234788318976.000000 -1.945417643 3.580724001 -3.929594040 0.859333634 -0.002891959 -0.212807477 -0.465027392
1403637234838319104.000000 -1.961168170 3.683327675 -3.903271198 0.853773892 -0.011092140 -0.214153111 -0.474431902
1403637234888318976.000000 -1.976950884 3.784126282 -3.873642921 0.846923053 -0.020552555 -0.217970058 -0.484549433
1403637234938319104.000000 -1.990520120 3.883267879 -3.841838837 0.840188026 -0.028733388 -0.219429001 -0.495085239
1403637234988318976.000000 -1.997917652 3.982406378 -3.810255527 0.833857596 -0.033984873 -0.220017388 -0.505093098
1403637235038319104.000000 -2.013935328 4.052651882 -3.758843899 0.828693748 -0.035049785 -0.217789546 -0.514398634
1403637235088318976.000000 -2.021056652 4.145896435 -3.724754333 0.822959483 -0.034445092 -0.215353727 -0.524570405
1403637235138319104.000000 -2.026383162 4.237048149 -3.689676046 0.816948116 -0.033100739 -0.212856725 -0.534969389
1403637235238319104.000000 -2.033406973 4.404568195 -3.612214565 0.805498540 -0.030695479 -0.207097501 -0.554382980
1403637235338319104.000000 -2.047862291 4.547828674 -3.519355059 0.795929313 -0.023548217 -0.204886809 -0.569177926
1403637235388318976.000000 -2.045902014 4.623109818 -3.477347374 0.790257037 -0.018494433 -0.212204605 -0.574561656
1403637235438319104.000000 -2.041767120 4.697562695 -3.434736252 0.784589529 -0.014041064 -0.219368622 -0.579740942
1403637235488318976.000000 -2.036486149 4.768911362 -3.389399290 0.778683782 -0.008969290 -0.226002946 -0.585229695
1403637235538319104.000000 -2.029345989 4.841309547 -3.344620943 0.772830844 -0.005712188 -0.231655523 -0.590792358
1403637235638319104.000000 -2.002783775 4.984383583 -3.249675512 0.763723731 -0.000241984 -0.232938334 -0.602051318
1403637235738319104.000000 -1.969041705 5.126707077 -3.165884972 0.755993009 -0.000667961 -0.224094093 -0.615025222
1403637235788318976.000000 -1.948081255 5.196454048 -3.122938871 0.753787935 0.000738174 -0.212690085 -0.621744454
1403637235838319104.000000 -1.923680663 5.264613152 -3.077853441 0.752517641 0.002613991 -0.196899131 -0.628443539
1403637235938319104.000000 -1.867535472 5.398082256 -2.977833033 0.747487485 0.011254650 -0.170849144 -0.641830504
1403637236038319104.000000 -1.799328089 5.531180382 -2.864835024 0.738121390 0.021035369 -0.153095469 -0.656731427
1403637236088318976.000000 -1.761751771 5.595541000 -2.806942225 0.732128561 0.023887446 -0.148130402 -0.664435565
1403637236138319104.000000 -1.722109318 5.656798363 -2.744667768 0.726041257 0.026974298 -0.142479792 -0.672187507
1403637236188318976.000000 -1.680745602 5.717166901 -2.678896904 0.719171405 0.030110620 -0.139028236 -0.680115521
1403637236288318976.000000 -1.586947322 5.826855659 -2.543553352 -0.704723656 -0.033535406 0.131596819 0.696363688
1403637236338319104.000000 -1.537022829 5.883175373 -2.467968225 -0.696857035 -0.032700252 0.129167244 0.704724610
1403637236388318976.000000 -1.484371185 5.936882019 -2.388212681 -0.688678086 -0.030508973 0.127797216 0.713063598
1403637236488318976.000000 -1.371857643 6.043908119 -2.219195604 -0.673029423 -0.023960019 0.129550815 0.727787018
1403637236538319104.000000 -1.313436747 6.096656322 -2.129719973 -0.666800737 -0.019939033 0.129304647 0.733661771
1403637236638319104.000000 -1.211214066 6.176676750 -1.946393967 -0.659188628 -0.012111898 0.124806166 0.741449356
1403637236738319104.000000 -1.106479883 6.271333694 -1.751314878 -0.653356850 -0.002197505 0.116424493 0.748041093
1403637236838319104.000000 -1.001724362 6.348490715 -1.551744461 -0.643946528 0.013397947 0.108135961 0.757271469
1403637236888318976.000000 -0.934260130 6.397464752 -1.447858572 0.638060987 -0.023030311 -0.103045501 -0.762711883
1403637236938319104.000000 -0.885801554 6.411317825 -1.345645905 -0.631649435 0.033509400 0.098120898 0.768289328
1403637237038319104.000000 -0.757163405 6.457830429 -1.137588501 -0.621842980 0.057176404 0.085419118 0.776367068
1403637237088318976.000000 -0.689822793 6.470934868 -1.033536196 -0.617107332 0.068360165 0.079637781 0.779848278
1403637237188318976.000000 -0.551609695 6.480807304 -0.824543238 -0.604267299 0.087834753 0.074798465 0.788385272
1403637237238319104.000000 -0.489937872 6.476033211 -0.721195936 0.596114755 -0.094264880 -0.075024091 -0.793809056
1403637237288318976.000000 -0.416129321 6.458175659 -0.626744509 -0.587545574 0.097009696 0.076584041 0.799696386
1403637237338319104.000000 -0.347900391 6.440546513 -0.528095007 -0.580486953 0.096480444 0.077053070 0.804853618
1403637237388318976.000000 -0.278636158 6.415978909 -0.431476593 -0.573530674 0.096731476 0.078843817 0.809622943
1403637237488318976.000000 -0.127821922 6.346882820 -0.251385450 -0.562317073 0.095069230 0.082264833 0.817308962
1403637237588318976.000000 -0.001535237 6.246100903 -0.072797060 0.553271353 -0.096940577 -0.086099334 -0.822848916
1403637237688318976.000000 0.151944458 6.138808250 0.077419043 -0.544381738 0.102564842 0.094200552 0.827197254
1403637237738319104.000000 0.220662534 6.072038174 0.151018143 -0.540817499 0.104829334 0.099137411 0.828673065
1403637237788318976.000000 0.287039459 6.001366615 0.222059488 -0.537700236 0.106576376 0.104371592 0.829835296
1403637237838319104.000000 0.349831283 5.927001953 0.290153265 -0.536155939 0.106362559 0.111468665 0.829938948
1403637237888318976.000000 0.408942342 5.848918438 0.355513096 -0.536155462 0.104711629 0.119705684 0.829001486
1403637237988318976.000000 0.518851399 5.681344032 0.472602606 0.540589511 -0.098687150 -0.138873607 -0.823855519
1403637238038319104.000000 0.567635417 5.599438190 0.535045624 -0.543762863 0.095763855 0.151438549 0.819888830
1403637238088318976.000000 0.613930464 5.511265755 0.586652756 -0.547288895 0.094010927 0.166723400 0.814763904
1403637238188318976.000000 0.699254036 5.334089756 0.678935528 -0.557967246 0.093661986 0.197047904 0.800669909
1403637238288318976.000000 0.778248072 5.155003071 0.757154465 0.573087096 -0.098034501 -0.226973906 -0.781308651
1403637238338319104.000000 0.811635375 5.067761898 0.789960146 0.581644177 -0.100414924 -0.241635546 -0.770207226
1403637238388318976.000000 0.835402727 4.984205723 0.817358971 0.591553092 -0.105818667 -0.254764676 -0.757603049
1403637238438319104.000000 0.861520290 4.897438049 0.839380741 0.602231920 -0.110201634 -0.266529739 -0.744401932
1403637238538319104.000000 0.904799104 4.720942497 0.865076065 0.625308633 -0.116962090 -0.285898745 -0.716638684
1403637238588318976.000000 0.921152115 4.632245064 0.869095802 0.636152267 -0.118444115 -0.294925004 -0.703065157
1403637238638319104.000000 0.933736920 4.543791294 0.867422104 0.643501639 -0.118090302 -0.308322728 -0.690577626
1403637238738319104.000000 0.951343775 4.366956711 0.844648838 0.651903987 -0.106460109 -0.338786751 -0.670008183
1403637238838319104.000000 0.956023693 4.201203346 0.799904823 0.653811276 -0.087432906 -0.369414568 -0.654537439
1403637238888318976.000000 0.952249765 4.123574257 0.765081406 0.653143585 -0.077036813 -0.384144187 -0.647998452
1403637238938319104.000000 0.946586847 4.049838066 0.721215963 0.651747823 -0.066031747 -0.397674710 -0.642432451
1403637238988318976.000000 0.935294867 3.980443478 0.662978172 0.650804162 -0.055459723 -0.407974184 -0.637914777
1403637239038319104.000000 0.936282873 3.914789677 0.618514299 0.653540909 -0.043750804 -0.410609126 -0.634326696
1403637239138319104.000000 0.918303251 3.807826042 0.461963177 0.666166842 -0.025643051 -0.398003340 -0.630204380
1403637239188318976.000000 0.906240702 3.764306545 0.378125429 0.676034331 -0.020114681 -0.384641886 -0.628190756
1403637239238319104.000000 0.893484116 3.727287292 0.288318396 0.686809540 -0.018419126 -0.370119482 -0.625271976
1403637239338319104.000000 0.864576817 3.664403915 0.098824024 0.705134094 -0.018901695 -0.350948423 -0.615844131
1403637239388318976.000000 0.841827154 3.637732029 0.002927065 0.713093758 -0.021384208 -0.346528262 -0.609063387
1403637239438319104.000000 0.820848703 3.622575283 -0.105550528 0.720628917 -0.023893025 -0.345458895 -0.600650787
1403637239538319104.000000 0.760213256 3.585747004 -0.314182281 0.738223076 -0.030190384 -0.342001170 -0.580646574
1403637239588318976.000000 0.722160578 3.571570873 -0.421336651 0.747437596 -0.032441046 -0.340868175 -0.569292128
1403637239688318976.000000 0.633444905 3.548554420 -0.643300295 0.767123461 -0.038341887 -0.336769432 -0.544644833
1403637239738319104.000000 0.584280968 3.543213367 -0.762554169 0.778659403 -0.040847417 -0.330277026 -0.531919360
1403637239788318976.000000 0.530035019 3.536111832 -0.875630856 0.790894628 -0.044241615 -0.321252942 -0.518965304
1403637239838319104.000000 0.472188234 3.530151129 -0.988869190 0.804218352 -0.045223065 -0.309397280 -0.505431652
1403637239888318976.000000 0.411162615 3.525741100 -1.101945162 0.816414535 -0.046872180 -0.299300849 -0.491619200
1403637239938319104.000000 0.347815156 3.521013737 -1.214159012 0.827205956 -0.049177911 -0.292076766 -0.477496713
1403637240038319104.000000 0.225926161 3.526276588 -1.450894833 0.847025096 -0.051232155 -0.282312334 -0.447463483
1403637240088318976.000000 0.159589291 3.519081593 -1.561048985 0.855309963 -0.052716587 -0.280350298 -0.432515442
1403637240138319104.000000 0.092133999 3.511090755 -1.669894695 0.862842679 -0.053036273 -0.280818105 -0.416930377
1403637240238319104.000000 -0.045379043 3.488945484 -1.881153584 0.875231683 -0.053040184 -0.284657538 -0.387461483
1403637240288318976.000000 -0.120282769 3.502033710 -1.985858917 0.878652275 -0.050299209 -0.292998672 -0.373620272
1403637240338319104.000000 -0.190049171 3.490996361 -2.089405537 0.880548239 -0.045657620 -0.301301539 -0.362998128
1403637240388318976.000000 -0.258952379 3.479279518 -2.192390442 0.881684542 -0.039740968 -0.310193747 -0.353317112
1403637240438319104.000000 -0.325672507 3.468433380 -2.295412064 0.882324517 -0.031293973 -0.318339944 -0.345230252
1403637240488318976.000000 -0.390450478 3.460106373 -2.399001122 0.882591903 -0.024130622 -0.325013429 -0.338844508
1403637240538319104.000000 -0.457226515 3.451305628 -2.501855850 0.883286715 -0.018175187 -0.329075545 -0.333442152
1403637240588318976.000000 -0.518252611 3.446206570 -2.606423855 0.883729398 -0.016786529 -0.331080586 -0.330342740
1403637240638319104.000000 -0.577082872 3.442140102 -2.711481571 0.884573460 -0.014263393 -0.331204593 -0.328070045
1403637240738319104.000000 -0.673485994 3.470981598 -2.938286304 0.886383593 -0.010308898 -0.329236507 -0.325301796
1403637240838319104.000000 -0.771843433 3.472839832 -3.153031826 0.891773343 -0.008856945 -0.313860834 -0.325811833
1403637240888318976.000000 -0.816638589 3.477635384 -3.261459351 0.895206869 -0.010925923 -0.302879423 -0.326725185
1403637240938319104.000000 -0.860032439 3.484189510 -3.369209290 0.898020208 -0.011190485 -0.293327987 -0.327709019
1403637240988318976.000000 -0.902668357 3.493187666 -3.475527287 0.899523377 -0.011700696 -0.287220001 -0.328976542
1403637241038319104.000000 -0.933126807 3.510032892 -3.576708317 0.899858356 -0.012520318 -0.285165101 -0.329816818
1403637241088318976.000000 -1.000307560 3.523076296 -3.684062004 0.898389280 -0.014148186 -0.287233949 -0.331953764
1403637241138319104.000000 -1.047130466 3.536929369 -3.784242630 0.897130549 -0.013876721 -0.288935602 -0.333887011
1403637241238319104.000000 -1.148168445 3.571058273 -3.975724697 0.896302462 -0.008650860 -0.287774622 -0.337272853
1403637241338319104.000000 -1.256991982 3.600409508 -4.147809505 0.896849990 -0.002465941 -0.282821685 -0.340096921
1403637241438319104.000000 -1.352727056 3.643155336 -4.337254047 0.897236228 0.006794124 -0.278318733 -0.342723876
1403637241538319104.000000 -1.440792203 3.688351631 -4.504683495 0.899289370 0.014485156 -0.269475371 -0.344168514
1403637241588318976.000000 -1.480573893 3.713670731 -4.585625648 0.899968207 0.017816618 -0.265447110 -0.345365912
1403637241638319104.000000 -1.518090248 3.741035938 -4.664350033 0.900818288 0.018441895 -0.261126310 -0.346409321
1403637241738319104.000000 -1.587948322 3.798310280 -4.808153629 0.903310001 0.016528392 -0.250045836 -0.348188192
1403637241788318976.000000 -1.616647959 3.829521418 -4.876157761 0.904739738 0.014755553 -0.244292632 -0.348639280
1403637241838319104.000000 -1.642487645 3.861524820 -4.940498829 0.905915916 0.010828625 -0.239324108 -0.349175036
1403637241938319104.000000 -1.703076601 3.930251598 -5.056705952 0.907157600 -0.011461417 -0.231897756 -0.350937665
1403637241988318976.000000 -1.704482913 3.957417965 -5.105264664 0.907163441 -0.020925144 -0.230398268 -0.351473063
1403637242038319104.000000 -1.723750949 3.990473986 -5.155232430 0.907423258 -0.026317934 -0.229114547 -0.351279110
1403637242138319104.000000 -1.753863931 4.053610325 -5.247381210 0.908244193 -0.022450205 -0.228389397 -0.349895477
1403637242188318976.000000 -1.764500976 4.084159851 -5.289227486 0.908288836 -0.016451551 -0.230175734 -0.348941118
1403637242238319104.000000 -1.775765777 4.109578133 -5.323691368 0.909054399 -0.011748113 -0.228370681 -0.348323226
1403637242338319104.000000 -1.776793480 4.169291496 -5.385699749 0.910830021 -0.000847161 -0.225094453 -0.346006453
1403637242438319104.000000 -1.784537911 4.228627205 -5.432693958 0.913262427 0.009966471 -0.218335956 -0.343775839
1403637242488318976.000000 -1.790301919 4.259211540 -5.448797226 0.914590061 0.013908442 -0.214298055 -0.342648685
1403637242538319104.000000 -1.791337132 4.290708542 -5.460947990 0.915059686 0.015322266 -0.211559445 -0.343035996
1403637242638319104.000000 -1.782423973 4.360303879 -5.471128464 0.912712693 0.013135974 -0.209410250 -0.350614458
1403637242688318976.000000 -1.788828135 4.393746376 -5.465941906 0.910246909 0.009830940 -0.208499312 -0.357605904
1403637242738319104.000000 -1.791638851 4.427823067 -5.456777573 0.906688154 0.004885851 -0.208737195 -0.366499066
1403637242838319104.000000 -1.771046519 4.494279861 -5.421657085 0.899708629 -0.008942500 -0.208341196 -0.383455962
1403637242888318976.000000 -1.731049895 4.526955605 -5.408438683 0.896136284 -0.014763162 -0.210333079 -0.390489280
1403637242938319104.000000 -1.719088912 4.555572987 -5.381324768 0.894466579 -0.018315304 -0.205488995 -0.396696836
1403637242988318976.000000 -1.704023123 4.583155632 -5.351498604 0.893043518 -0.020366255 -0.201314211 -0.401909262
1403637243038319104.000000 -1.687874198 4.609904289 -5.318862438 0.891474664 -0.018453155 -0.200074866 -0.406081915
1403637243138319104.000000 -1.622484326 4.668048859 -5.253787994 0.888568282 -0.009782803 -0.204004496 -0.410771191
1403637243188318976.000000 -1.604974389 4.693006516 -5.209259033 0.886565566 -0.007791055 -0.208202004 -0.413028836
1403637243288318976.000000 -1.575347304 4.741038322 -5.108263016 0.882377684 -0.007997102 -0.219128564 -0.416327268
1403637243338319104.000000 -1.560014009 4.765348911 -5.054554462 0.880625606 -0.009265531 -0.223755598 -0.417547792
1403637243388318976.000000 -1.536880255 4.795353413 -4.999642849 0.879308105 -0.010296647 -0.228390738 -0.417790562
1403637243438319104.000000 -1.513465166 4.820365429 -4.950789928 0.878162742 -0.012479958 -0.232062757 -0.418116361
1403637243488318976.000000 -1.496102929 4.843379498 -4.889572144 0.877912402 -0.013258073 -0.232725501 -0.418249786
1403637243538319104.000000 -1.477185130 4.866210938 -4.827044487 0.877147853 -0.015127267 -0.235602126 -0.418179989
1403637243638319104.000000 -1.428909540 4.909786224 -4.700267792 0.873676062 -0.019496772 -0.247777089 -0.418230414
1403637243738319104.000000 -1.382182002 4.955425739 -4.568634510 0.870742261 -0.024216987 -0.258858800 -0.417389125
1403637243788318976.000000 -1.352312803 4.977197647 -4.503183365 0.868101358 -0.028955597 -0.267580658 -0.417087764
1403637243838319104.000000 -1.320273876 4.998083591 -4.438247204 0.865094483 -0.035919990 -0.276699066 -0.416844070
1403637243888318976.000000 -1.286118031 5.018455029 -4.374986649 0.863028467 -0.039746009 -0.283705473 -0.416068882
1403637243938319104.000000 -1.249361277 5.037113667 -4.313421726 0.861082315 -0.044700898 -0.289631218 -0.415515184
1403637244038319104.000000 -1.176101923 5.071253777 -4.197813988 0.860974014 -0.047483806 -0.292429715 -0.413465828
1403637244088318976.000000 -1.132609367 5.086493015 -4.142384052 0.861436367 -0.047818355 -0.292709917 -0.412264258
1403637244138319104.000000 -1.087933540 5.100811481 -4.089129448 0.862185478 -0.046417151 -0.292402774 -0.411074579
1403637244238319104.000000 -0.992836714 5.131724834 -3.991551399 0.863891304 -0.047112003 -0.291310310 -0.408179581
1403637244288318976.000000 -0.958211184 5.146408081 -3.942735195 0.863779545 -0.047576182 -0.292151958 -0.407760620
1403637244338319104.000000 -0.909444571 5.159796715 -3.898504257 0.863658786 -0.046787195 -0.293877929 -0.406866491
1403637244438319104.000000 -0.806913853 5.184048176 -3.815605640 0.860898554 -0.043682914 -0.298841625 -0.409437686
1403637244538319104.000000 -0.717020273 5.212213039 -3.735960960 0.858391821 -0.033642128 -0.296853125 -0.417025179
1403637244638319104.000000 -0.623991728 5.240311623 -3.662536621 0.854515493 -0.018956058 -0.293122649 -0.428396046
1403637244688318976.000000 -0.577658415 5.255018711 -3.627513885 0.851747394 -0.013258279 -0.291469991 -0.435196489
1403637244738319104.000000 -0.533659458 5.271318913 -3.591983318 0.848743618 -0.008948109 -0.290033937 -0.442079842
1403637244788318976.000000 -0.495885372 5.277794361 -3.554102421 0.846275330 -0.005676667 -0.287474722 -0.448491096
1403637244888318976.000000 -0.420609236 5.316390038 -3.483717442 0.840832591 -0.002543422 -0.287093163 -0.458880812
1403637244938319104.000000 -0.382342815 5.338056087 -3.449608803 0.838165522 -0.002666524 -0.288304090 -0.462981820
1403637244988318976.000000 -0.346283913 5.361130238 -3.415376663 0.835405588 -0.003341499 -0.290639371 -0.466492385
1403637245088318976.000000 -0.278511286 5.404393673 -3.339961529 0.827893853 -0.012185428 -0.304268837 -0.471024156
1403637245138319104.000000 -0.249711514 5.430645943 -3.304315090 0.823539495 -0.016564080 -0.313666672 -0.472357512
1403637245188318976.000000 -0.222903252 5.457860470 -3.270821095 0.820440054 -0.018220130 -0.320694447 -0.472970754
1403637245288318976.000000 -0.178334475 5.515871048 -3.206882477 0.822852910 -0.013136799 -0.313609540 -0.473697901
1403637245338319104.000000 -0.149043322 5.552855015 -3.182996750 0.825281441 -0.007823437 -0.307158858 -0.473817199
1403637245388318976.000000 -0.118891478 5.577829361 -3.160279751 0.826945305 -0.005286152 -0.301971436 -0.474285662
1403637245488318976.000000 -0.079986572 5.647971630 -3.110065460 0.827594578 -0.000394764 -0.294924378 -0.477605283
1403637245538319104.000000 -0.061917543 5.685033321 -3.085743904 0.826213300 0.000131783 -0.292970717 -0.481185853
1403637245588318976.000000 -0.045033455 5.723052979 -3.061417103 0.824456513 0.002347997 -0.290522397 -0.485657007
1403637245688318976.000000 0.001013994 5.813357830 -3.012274742 0.817696393 0.006776077 -0.288807273 -0.497912765
1403637245738319104.000000 0.014408827 5.858665466 -2.987538338 0.814078927 0.005218877 -0.285284758 -0.505827010
1403637245788318976.000000 0.026258469 5.905461311 -2.962720871 0.810372472 0.001765359 -0.278703928 -0.515381038
1403637245888318976.000000 0.045976162 6.003063679 -2.911266327 0.801777244 -0.005526823 -0.259349704 -0.538386881
1403637245938319104.000000 0.053004980 6.053081989 -2.880675316 0.795095980 -0.008416750 -0.251415521 -0.551853120
1403637245988318976.000000 0.081445217 6.092448235 -2.863789558 0.787030041 -0.008627796 -0.243843809 -0.566612363
1403637246088318976.000000 0.085437059 6.192532063 -2.802444935 0.767627716 -0.012275233 -0.228881314 -0.598506868
1403637246188318976.000000 0.084939718 6.292254448 -2.736468315 0.742862821 -0.012993666 -0.214153439 -0.634132743
1403637246238319104.000000 0.082185984 6.344552994 -2.706703663 0.728612661 -0.014075365 -0.207279265 -0.652656734
1403637246288318976.000000 0.106568336 6.385747910 -2.673934937 0.713817239 -0.011414862 -0.201573625 -0.670598805
1403637246338319104.000000 0.103916049 6.433836937 -2.638902664 0.698325992 -0.010968857 -0.193098605 -0.689154148
1403637246438319104.000000 0.094188452 6.526628494 -2.566094637 0.667698205 -0.005604567 -0.170580104 -0.724603474
1403637246488318976.000000 0.088688612 6.571031094 -2.528057575 0.652404904 -0.003875589 -0.158450454 -0.741111517
1403637246538319104.000000 0.078465819 6.618037224 -2.488036871 0.636850595 -0.004452748 -0.147465721 -0.756740034
1403637246638319104.000000 0.092478573 6.686156273 -2.407003880 -0.607140899 0.008132895 0.126177087 0.784470022
1403637246688318976.000000 0.085731506 6.723538876 -2.366875172 -0.592203736 0.012401817 0.115223803 0.797411084
1403637246738319104.000000 0.079437733 6.757785797 -2.325158119 -0.577197731 0.013738546 0.105633587 0.809626818
1403637246838319104.000000 0.070993900 6.813474655 -2.238564968 -0.546092927 0.017075472 0.089659855 0.832737684
1403637246888318976.000000 0.069298625 6.834733963 -2.194547176 -0.530810773 0.015949823 0.084268488 0.843139648
1403637246938319104.000000 0.068665683 6.851510048 -2.156795502 0.515563190 -0.012431192 -0.082484476 -0.852781594
1403637246988318976.000000 0.097415656 6.883294106 -2.094683886 -0.502484202 0.005659433 0.082251653 0.860646427
1403637247038319104.000000 0.100326151 6.894959450 -2.051274776 -0.490666360 0.000841983 0.083375886 0.867348969
1403637247088318976.000000 0.103199571 6.904360771 -2.007385731 -0.480865359 -0.004841501 0.086404532 0.872513235
1403637247138319104.000000 0.106150776 6.911886215 -1.962900162 -0.472410798 -0.009071021 0.090931334 0.876628339
1403637247188318976.000000 0.108437747 6.918244362 -1.917999983 -0.466242731 -0.012772376 0.093950830 0.879561186
1403637247238319104.000000 0.106218606 6.914623737 -1.867011309 0.461259872 0.014734642 -0.097979717 -0.881715477
1403637247338319104.000000 0.129870862 6.943328381 -1.753117323 -0.457208872 -0.007221407 0.098295808 0.883881152
1403637247388318976.000000 0.130659610 6.941091061 -1.706156015 -0.457962811 0.005219435 0.091791689 0.884204268
1403637247438319104.000000 0.130801648 6.938449860 -1.658517718 -0.459170580 0.018435266 0.085188143 0.884061933
1403637247488318976.000000 0.128707111 6.934553146 -1.610525489 -0.459817916 0.026322206 0.082783572 0.883754253
1403637247538319104.000000 0.125067413 6.928910255 -1.562125087 -0.459983170 0.028303474 0.080943681 0.883777499
1403637247588318976.000000 0.122804612 6.930331230 -1.510226130 -0.458602339 0.028403450 0.079282187 0.884642065
1403637247638319104.000000 0.124913126 6.909582615 -1.459650278 0.456385016 -0.026676904 -0.076978393 -0.886044860
1403637247688318976.000000 0.120941341 6.939946175 -1.383813381 -0.454648495 0.025841275 0.069802396 0.887555480
1403637247738319104.000000 0.115196109 6.924099922 -1.335304022 -0.451788008 0.023795046 0.062856667 0.889590085
1403637247838319104.000000 0.112758785 6.883179188 -1.242584586 -0.443646103 0.019723892 0.049102988 0.894638479
1403637247888318976.000000 0.114657938 6.861346245 -1.194881201 -0.437076211 0.020297546 0.046862397 0.897973478
1403637247938319104.000000 0.125428051 6.840041637 -1.144287109 0.428038180 -0.024823587 -0.046346959 -0.902230144
1403637248038319104.000000 0.130058676 6.799326420 -1.027083993 -0.409340084 0.028403586 0.050685443 0.910530090
1403637248088318976.000000 0.138251305 6.763124466 -0.980751812 -0.400130719 0.023164347 0.052483357 0.914660811
1403637248138319104.000000 0.147168010 6.725182533 -0.934506118 -0.390605092 0.017449735 0.054944154 0.918751538
1403637248238319104.000000 0.168360427 6.644200325 -0.845896482 -0.375365943 0.004113059 0.058349919 0.925029099
1403637248288318976.000000 0.178140476 6.601967812 -0.802188873 0.368493408 -0.001685411 -0.061765071 -0.927574694
1403637248338319104.000000 0.163651541 6.564987659 -0.740988314 -0.364420384 -0.000533127 0.060984425 0.929235458
1403637248438319104.000000 0.174446329 6.479739666 -0.644938111 -0.357790530 -0.000156917 0.061939303 0.931745410
1403637248538319104.000000 0.182550699 6.399057865 -0.543996632 -0.355020195 0.007286776 0.059806250 0.932915270
1403637248638319104.000000 0.186816722 6.292011738 -0.449223161 -0.356382549 0.011427114 0.057133190 0.932521760
1403637248738319104.000000 0.189549521 6.195616245 -0.357596338 -0.358013183 0.003059518 0.058966510 0.931847692
1403637248788318976.000000 0.198492870 6.146854401 -0.313556135 -0.359388173 -0.002130431 0.060259368 0.931238115
1403637248838319104.000000 0.206762686 6.095886707 -0.268515229 -0.360708475 -0.005439672 0.062350411 0.930576384
1403637248938319104.000000 0.224850863 5.982710361 -0.178427339 -0.363686502 -0.006985597 0.067508705 0.929045677
1403637249038319104.000000 0.253145278 5.872932434 -0.093725085 -0.366184294 -0.008916605 0.070092671 0.927855968
1403637249138319104.000000 0.292833745 5.766294479 -0.010412574 -0.368643880 -0.008186259 0.072451673 0.926706851
1403637249188318976.000000 0.313366234 5.699173927 0.031149983 -0.370710641 -0.007790835 0.071573064 0.925953686
1403637249238319104.000000 0.335224032 5.642945290 0.073516726 -0.371620536 -0.007032073 0.071979016 0.925563455
1403637249338319104.000000 0.380524546 5.530188560 0.158118963 -0.373962283 -0.004604539 0.070627190 0.924739301
1403637249388318976.000000 0.400892794 5.472566605 0.201746225 -0.374419242 -0.004322263 0.071528830 0.924486458
1403637249438319104.000000 0.426141232 5.404831886 0.240487337 -0.374609351 -0.003991882 0.073568188 0.924250841
1403637249538319104.000000 0.450835913 5.289402008 0.335538626 -0.375072807 -0.003633414 0.074246719 0.924010158
1403637249588318976.000000 0.454932868 5.232380867 0.385472178 -0.374753594 -0.003108722 0.074641794 0.924109697
1403637249638319104.000000 0.455314785 5.174925804 0.436434388 -0.374566853 -0.002625874 0.074402027 0.924206197
1403637249738319104.000000 0.453603446 5.052338600 0.532107592 -0.373908043 0.004679106 0.072678626 0.924601972
1403637249788318976.000000 0.453304350 4.991169453 0.581877708 -0.373451889 0.008899005 0.069612190 0.924991190
1403637249838319104.000000 0.454618335 4.929367065 0.631784678 -0.371552169 0.012828650 0.067348987 0.925877213
1403637249938319104.000000 0.464684248 4.798824310 0.730659723 -0.363608211 0.013438997 0.063481495 0.929289341
1403637249988318976.000000 0.454140097 4.751779079 0.787352443 0.356290102 -0.012545561 -0.065170862 -0.932015419
1403637250038319104.000000 0.496053994 4.670398712 0.816629350 -0.348735392 0.009561794 0.070871584 0.934488893
1403637250138319104.000000 0.510992408 4.537077427 0.913232267 -0.335710496 0.005070406 0.076949805 0.938803315
1403637250188318976.000000 0.519829631 4.470009327 0.960205436 -0.329094023 0.004206310 0.077623725 0.941092014
1403637250238319104.000000 0.530150771 4.401311874 1.006244659 -0.321786016 0.004236864 0.079353072 0.943471730
1403637250338319104.000000 0.543490112 4.275452137 1.081464052 -0.307459295 0.005421121 0.084069468 0.947824717
1403637250438319104.000000 0.555596471 4.141769886 1.156471491 -0.298358202 0.005971711 0.088289663 0.950342953
1403637250538319104.000000 0.569716513 4.004806519 1.222986221 -0.291338265 0.003576542 0.095685691 0.951815903
1403637250588318976.000000 0.533835113 3.966412067 1.286373377 0.288076371 -0.002541033 -0.098484978 -0.952526331
1403637250638319104.000000 0.542957902 3.906765699 1.314358711 0.286021560 0.000324514 -0.095880032 -0.953414261
1403637250738319104.000000 0.567317843 3.786783934 1.366933823 0.281503052 0.004400260 -0.094562195 -0.954879463
1403637250788318976.000000 0.577975750 3.730897427 1.393783569 0.280296087 0.006099972 -0.092123643 -0.955463350
1403637250838319104.000000 0.597324669 3.682240725 1.419888258 -0.278038442 -0.005991172 0.092897840 0.956048489
1403637250938319104.000000 0.637800992 3.588419676 1.468990803 -0.275445938 -0.005692705 0.095086232 0.956585526
1403637250988318976.000000 0.652037740 3.541783810 1.492595315 -0.274530560 -0.004495815 0.096054554 0.956758261
1403637251038319104.000000 0.667779684 3.497005463 1.515216351 -0.272520810 -0.004291456 0.096726075 0.957265913
1403637251138319104.000000 0.664717317 3.416898489 1.564667940 0.264779598 0.005655357 -0.098414607 -0.959257245
1403637251238319104.000000 0.715804279 3.340288162 1.602992058 0.256660342 0.007355482 -0.102331690 -0.961040914
1403637251338319104.000000 0.774742424 3.262688160 1.615803242 -0.249669150 -0.008275369 0.097677194 0.963356674
1403637251388318976.000000 0.804486871 3.232000351 1.628530502 -0.248163640 -0.006918642 0.088417232 0.964649916
1403637251438319104.000000 0.834355354 3.203254938 1.641642213 -0.244288325 -0.005793124 0.082552925 0.966165006
1403637251538319104.000000 0.886473298 3.150518894 1.667326927 -0.233857095 -0.003881099 0.070969909 0.969669580
1403637251588318976.000000 0.910163939 3.125375271 1.680783987 -0.227631480 -0.003589864 0.066115379 0.971493661
1403637251638319104.000000 0.925700188 3.113563776 1.694859385 0.221243992 0.002345043 -0.061861593 -0.973251641
1403637251738319104.000000 0.979940534 3.057401657 1.693756819 -0.210116982 -0.002693765 0.058293238 0.975933194
1403637251788318976.000000 0.995031714 3.037961960 1.708148956 -0.205762222 -0.002072417 0.057119634 0.976931453
1403637251838319104.000000 1.009331346 3.019381046 1.721526623 -0.202879727 -0.002336646 0.054628827 0.977675855
1403637251938319104.000000 1.038026452 2.979686499 1.736116767 -0.200638324 0.002354572 0.044636350 0.978645205
1403637252038319104.000000 1.070680380 2.947789431 1.742467642 -0.200858757 0.007525061 0.032469854 0.979053080
1403637252138319104.000000 1.078696251 2.912315845 1.760146856 -0.200045720 0.015553218 0.027918985 0.979265213
1403637252188318976.000000 1.079118252 2.894425392 1.769921660 -0.198701426 0.019205865 0.029271856 0.979434550
1403637252238319104.000000 1.081558347 2.876916885 1.772959232 -0.197452202 0.020326199 0.031556681 0.979593635
1403637252338319104.000000 1.082663059 2.842910051 1.771688581 -0.195380509 0.017912552 0.035427604 0.979923725
1403637252388318976.000000 1.077120900 2.822893143 1.776454568 -0.194874436 0.015263030 0.038109373 0.979968786
1403637252438319104.000000 1.068881392 2.804331541 1.781946659 -0.194447249 0.010654418 0.040912133 0.980001569
1403637252538319104.000000 1.050870538 2.768321276 1.785118222 -0.194388106 0.004865293 0.043890428 0.979930282
1403637252588318976.000000 1.037319064 2.757389784 1.804110289 0.194377601 -0.001784885 -0.044963162 -0.979894161
1403637252638319104.000000 1.016031504 2.753978252 1.791674852 -0.193401039 -0.000629699 0.047199465 0.979983568
1403637252738319104.000000 0.990393758 2.722586632 1.795986533 -0.191436842 -0.009539538 0.056109499 0.979853392
1403637252838319104.000000 0.972593188 2.692872047 1.782655001 -0.190837219 -0.018738369 0.061053135 0.979542017
1403637252938319104.000000 0.968365014 2.678138256 1.782710671 0.194035858 0.013880370 -0.053435922 -0.979439676
1403637252988318976.000000 0.970087886 2.669481754 1.775768876 0.195921198 0.010960198 -0.048408117 -0.979362845
1403637253038319104.000000 0.971806705 2.660418510 1.766196966 0.197467968 0.008387486 -0.044651128 -0.979256034
1403637253138319104.000000 0.956770658 2.655352116 1.763281107 -0.199036464 -0.003617700 0.039626244 0.979183972
1403637253188318976.000000 0.959298491 2.647968054 1.753023744 -0.199461818 -0.002730483 0.039173737 0.979118466
1403637253238319104.000000 0.960576355 2.641278982 1.742750049 -0.199825019 -0.001301596 0.038982756 0.979055047
1403637253338319104.000000 0.958900452 2.629165649 1.721873879 -0.200098008 -0.001836429 0.040660940 0.978930116
1403637253388318976.000000 0.954590201 2.624476194 1.711211920 -0.200646907 -0.001562198 0.039496880 0.978865921
1403637253438319104.000000 0.958862305 2.608168125 1.708296418 0.200741649 0.001365449 -0.041265313 -0.978773832
1403637253538319104.000000 0.945906937 2.599805593 1.690769672 0.201616302 0.002576818 -0.041159723 -0.978596032
1403637253638319104.000000 0.908059239 2.598844051 1.689685702 -0.202640086 -0.003176629 0.038699683 0.978483200
1403637253738319104.000000 0.890686035 2.595812082 1.665234804 -0.203365758 -0.001679475 0.034940995 0.978477836
1403637253788318976.000000 0.885973692 2.592671394 1.651164532 -0.204387859 -0.000292762 0.031284075 0.978389978
1403637253838319104.000000 0.882207930 2.587867022 1.637857795 -0.204929128 0.000048860 0.030419623 0.978304029
1403637253938319104.000000 0.907761335 2.555440187 1.600945234 0.205796674 0.000029593 -0.029697554 -0.978144050
1403637253988318976.000000 0.899098158 2.555384159 1.591082811 0.206074163 0.000574665 -0.028487884 -0.978121459
1403637254038319104.000000 0.900116265 2.549137354 1.576230168 0.206540376 -0.000117784 -0.026592506 -0.978076696
1403637254138319104.000000 0.906934083 2.510128021 1.534553170 -0.205158547 0.002490053 0.024071071 0.978429615
1403637254238319104.000000 0.914577484 2.489680767 1.497663856 -0.197438374 0.000266025 0.022161901 0.980064809
1403637254338319104.000000 0.929684281 2.463895798 1.458791018 -0.188586056 -0.006326027 0.017973136 0.981871843
1403637254438319104.000000 0.951503158 2.427813053 1.410055399 0.180165708 0.012229430 -0.015604088 -0.983436525
1403637254488318976.000000 0.946199059 2.431831121 1.399737477 0.176574200 0.015001655 -0.015126747 -0.984056711
1403637254538319104.000000 0.980323911 2.400973082 1.374561548 -0.173957840 -0.016538829 0.013514861 0.984521449
1403637254638319104.000000 0.979900897 2.373445272 1.342124224 -0.169028506 -0.014902644 0.011955929 0.985426009
1403637254688318976.000000 0.979545772 2.359564781 1.327655435 -0.167442217 -0.013814074 0.010666148 0.985727370
1403637254738319104.000000 0.978569984 2.345411301 1.313683152 -0.166137606 -0.011415394 0.009683749 0.985988975
1403637254838319104.000000 0.918824077 2.307355881 1.280428290 0.163428932 0.004881489 -0.011571598 -0.986475170
1403637254888318976.000000 0.916871309 2.294745684 1.270448327 0.162537903 0.002598996 -0.011666860 -0.986629903
1403637254938319104.000000 0.909641206 2.279696703 1.258271694 0.161804825 0.000950688 -0.012297875 -0.986745715
1403637255038319104.000000 0.960849822 2.236623526 1.219815493 -0.161296368 -0.001693769 0.011585735 0.986836612
1403637255138319104.000000 0.951249242 2.202403307 1.191250086 -0.155111924 -0.001369836 0.010856553 0.987836361
1403637255238319104.000000 0.940095842 2.168825388 1.161700368 -0.145507693 -0.001526784 0.008392646 0.989320338
1403637255288318976.000000 0.936769962 2.150449038 1.144499063 -0.140716270 -0.000816753 0.007866784 0.990018368
1403637255338319104.000000 0.911775947 2.137384176 1.133000731 0.135850489 -0.000890054 -0.007312841 -0.990702033
1403637255438319104.000000 0.911211371 2.089200258 1.094896555 0.125484288 0.001199378 -0.005040695 -0.992082119
1403637255538319104.000000 0.896582663 2.044719219 1.061309457 -0.113444962 -0.004196538 -0.000539915 0.993535280
1403637255588318976.000000 0.887848139 2.022874594 1.044700980 -0.106620885 -0.005103509 -0.004893951 0.994274616
1403637255638319104.000000 0.877907395 2.001834869 1.028292537 -0.099067368 -0.005334431 -0.008699434 0.995028436
1403637255738319104.000000 0.857850313 1.959134579 0.989124835 -0.081610069 -0.009550055 -0.016549334 0.996481240
1403637255838319104.000000 0.839549065 1.920643687 0.953655362 0.062077809 0.015052896 0.024654470 -0.997653246
1403637255938319104.000000 0.832978606 1.871421695 0.905562937 0.042360011 0.019112179 0.033158831 -0.998369157
1403637255988318976.000000 0.821623445 1.842584372 0.892671824 -0.033459999 -0.019788953 -0.035193417 0.998624206
1403637256038319104.000000 0.824002683 1.817050695 0.867043853 -0.026079817 -0.020772321 -0.038569052 0.998699605
1403637256138319104.000000 0.831819475 1.768252850 0.818243742 -0.015545749 -0.021584691 -0.043893117 0.998682082
1403637256188318976.000000 0.834406674 1.742359877 0.794180810 -0.012010239 -0.019408751 -0.045720741 0.998693466
1403637256238319104.000000 0.835771501 1.716975212 0.771410286 -0.008980519 -0.015627649 -0.046935070 0.998735368
1403637256338319104.000000 0.849256933 1.676964283 0.726233721 0.005056371 0.013061703 0.048551392 -0.998722494
1403637256388318976.000000 0.846505642 1.650885701 0.703475833 0.004404834 0.011473600 0.049214356 -0.998712599
1403637256438319104.000000 0.841668248 1.623674750 0.680671036 0.004750303 0.010783235 0.050885081 -0.998635054
1403637256538319104.000000 0.795983374 1.565341115 0.661355972 -0.006308224 -0.007473951 -0.050697669 0.998666227
1403637256588318976.000000 0.783348441 1.536745548 0.640789628 -0.007090528 -0.007295369 -0.050069552 0.998693943
1403637256688318976.000000 0.759089589 1.480216026 0.597107887 -0.007238180 -0.015229213 -0.041998405 0.998975456
1403637256738319104.000000 0.744106412 1.450974226 0.576053500 -0.006458989 -0.021405062 -0.035205998 0.999129951
1403637256788318976.000000 0.728756964 1.422098875 0.554961562 -0.005948672 -0.025944419 -0.028246546 0.999246597
1403637256888318976.000000 0.687901616 1.379261255 0.514860868 -0.003987057 -0.028147271 -0.019563014 0.999404371
1403637256938319104.000000 0.672720909 1.351918936 0.496038795 -0.003291860 -0.025151089 -0.022631863 0.999422014
1403637256988318976.000000 0.659384489 1.325066209 0.478063911 -0.001083894 -0.023290085 -0.025372243 0.999406219
1403637257088318976.000000 0.642119586 1.271452904 0.440849632 0.005308456 -0.019249367 -0.034322727 0.999211371
1403637257138319104.000000 0.631367922 1.243965626 0.423297793 0.008228268 -0.017748868 -0.038433686 0.999069631
1403637257188318976.000000 0.682617307 1.218700528 0.367029339 -0.012176929 0.018667592 0.039936695 -0.998953640
1403637257288318976.000000 0.621228158 1.171996713 0.343054265 0.017810350 -0.019579714 -0.045826621 0.998598695
1403637257388318976.000000 0.615776956 1.121227264 0.302956492 0.022364298 -0.022343038 -0.051454987 0.998174846
1403637257488318976.000000 0.606241047 1.069914579 0.264577568 0.026225382 -0.022938939 -0.053692538 0.997949541
1403637257538319104.000000 0.591680646 1.043956518 0.249582931 0.026575726 -0.022976648 -0.057282794 0.997739673
1403637257588318976.000000 0.623285353 1.018833756 0.212492436 0.028544139 -0.026586154 -0.056938510 0.997615397
1403637257688318976.000000 0.618113041 0.963593960 0.172777548 0.030753823 -0.035871126 -0.054259464 0.997408390
1403637257738319104.000000 0.603473961 0.934239149 0.163800180 0.032373864 -0.039487187 -0.054349691 0.997215509
1403637257788318976.000000 0.598793089 0.905552030 0.148294598 0.035211649 -0.042911865 -0.053866055 0.997004151
1403637257888318976.000000 0.600186706 0.852016866 0.114663891 0.043352425 -0.047181722 -0.054250315 0.996469438
1403637257938319104.000000 0.589544892 0.823053777 0.102670304 0.048684217 -0.049569875 -0.054415628 0.996098220
1403637257988318976.000000 0.579157233 0.793700874 0.092759810 0.054691769 -0.050821975 -0.055753816 0.995649338
1403637258088318976.000000 0.560154974 0.733654559 0.078634858 0.070597544 -0.053539690 -0.057957605 0.994379401
1403637258188318976.000000 0.546281636 0.674998105 0.068396546 0.090048134 -0.046325900 -0.066341102 0.992645025
1403637258288318976.000000 0.533794343 0.615639567 0.060548335 0.106217235 -0.036353357 -0.075852767 0.990778863
1403637258338319104.000000 0.525767267 0.585898578 0.058664698 0.113153279 -0.031978287 -0.079746157 0.989855647
1403637258388318976.000000 0.516372085 0.557279766 0.055458423 0.119492061 -0.029976821 -0.081228338 0.989052653
1403637258488318976.000000 0.472670227 0.500490248 0.051384468 0.131606787 -0.030726397 -0.076873906 0.987839103
1403637258588318976.000000 0.449833453 0.443432868 0.045962401 0.139202282 -0.034165792 -0.071987890 0.987052798
1403637258688318976.000000 0.428606600 0.388096452 0.041528031 0.142255232 -0.029615594 -0.071068570 0.986831188
1403637258738319104.000000 0.424559504 0.361721247 0.040170696 -0.143599153 0.029761681 0.070281819 -0.986688375
1403637258788318976.000000 0.415231586 0.335556448 0.039459284 -0.143647373 0.027812535 0.071079776 -0.986681104
1403637258888318976.000000 0.401622385 0.284088731 0.036310632 -0.143806994 0.026378946 0.069301717 -0.986823738
1403637258938319104.000000 0.361176223 0.260196686 0.038724888 0.143998504 -0.024011238 -0.067557044 0.986977220
1403637258988318976.000000 0.353281736 0.237363204 0.038257472 0.143812805 -0.024058141 -0.066880122 0.987049222
1403637259088318976.000000 0.344962835 0.194206208 0.035850316 0.142238796 -0.024512248 -0.065990016 0.987325966
1403637259138319104.000000 0.343792796 0.174303159 0.034457352 0.142085567 -0.023490615 -0.066001967 0.987372100
1403637259188318976.000000 0.346785367 0.154602349 0.030347124 0.141948789 -0.023547117 -0.064710788 0.987475872
1403637259288318976.000000 0.363372117 0.108121023 0.015403980 0.140513510 -0.022943188 -0.061900217 0.987875521
1403637259388318976.000000 0.377261877 0.074925616 0.005924234 0.139580652 -0.024550118 -0.060150035 0.988077164
1403637259488318976.000000 0.385995567 0.044681478 -0.007111449 0.141328782 -0.024779027 -0.050898459 0.988342822
1403637259538319104.000000 0.419756055 0.034083605 -0.010284632 -0.142489895 0.026184149 0.046785835 -0.988343179
1403637259588318976.000000 0.396061778 0.021684002 -0.021764213 0.142531753 -0.024785032 -0.045212530 0.988446474
1403637259688318976.000000 0.394825578 0.004968138 -0.028630018 0.140558407 -0.023921859 -0.049359556 0.988551855
1403637259738319104.000000 0.394724190 -0.000950611 -0.030430473 0.139055565 -0.026531501 -0.052702069 0.988525271
1403637259788318976.000000 0.393094867 -0.005535198 -0.032713577 0.137445375 -0.029294377 -0.056594867 0.988457263
1403637259888318976.000000 0.389473230 -0.011020800 -0.048889786 0.136999801 -0.028619204 -0.057596251 0.988481045
1403637259938319104.000000 0.386836261 -0.013297969 -0.049613424 0.138204470 -0.027809765 -0.054353848 0.988520086
1403637259988318976.000000 0.384043097 -0.014340600 -0.051149510 0.138569728 -0.026596367 -0.053734023 0.988536179
1403637260088318976.000000 0.374596804 -0.013369100 -0.052707385 0.137479216 -0.024446677 -0.058007617 0.988502383
1403637260188318976.000000 0.357540399 -0.005681080 -0.042622346 -0.135681197 0.023821972 0.064416640 -0.988369226
1403637260288318976.000000 0.330189764 0.002785348 -0.038067307 -0.133347124 0.023672633 0.074454822 -0.987985134
1403637260338319104.000000 0.318203211 0.006470433 -0.037444349 -0.132061422 0.023223776 0.079589814 -0.987768173
1403637260388318976.000000 0.305530161 0.006687770 -0.069181181 0.129692957 -0.021435326 -0.085358471 0.987640738
1403637260488318976.000000 0.284927487 0.011080518 -0.072944820 0.128103942 -0.022959674 -0.091563195 0.987258017
1403637260538319104.000000 0.272426933 0.012090487 -0.074009039 0.127760947 -0.028099852 -0.092360474 0.987095296
1403637260588318976.000000 0.259382814 0.012674909 -0.073220089 0.127940029 -0.034319554 -0.091738217 0.986933470
1403637260688318976.000000 0.233151317 0.010646916 -0.070626728 0.128054336 -0.041733976 -0.089511462 0.986837447
1403637260738319104.000000 0.220276654 0.008198110 -0.070480675 0.129414052 -0.039975531 -0.086813062 0.986973882
1403637260788318976.000000 0.208022237 0.005267581 -0.069059320 0.129900932 -0.036339052 -0.086789474 0.987052619
1403637260888318976.000000 0.183905944 -0.003170255 -0.067029282 0.131856203 -0.027970143 -0.085078195 0.987214983
1403637260988318976.000000 0.161537170 -0.016942695 -0.056284327 0.132278383 -0.021303790 -0.084975928 0.987333655
1403637261088318976.000000 0.134306565 -0.026754556 -0.054373812 0.133124679 -0.022471372 -0.083864450 0.987289011
1403637261138319104.000000 0.121312737 -0.031558432 -0.054736428 0.132931232 -0.028040515 -0.083709642 0.987185776
1403637261188318976.000000 0.108636364 -0.036609177 -0.055311684 0.132440999 -0.034160346 -0.084944531 0.986953318
1403637261288318976.000000 0.077142298 -0.049612753 -0.045693751 0.130374134 -0.046303824 -0.087080389 0.986547291
1403637261338319104.000000 0.069200203 -0.056550972 -0.045532394 0.130275309 -0.044259399 -0.087203674 0.986643314
1403637261388318976.000000 0.062184129 -0.062992044 -0.043987788 0.131064042 -0.039781328 -0.085380413 0.986889005
1403637261488318976.000000 0.053293716 -0.079111964 -0.039351411 0.133884802 -0.032718383 -0.077977285 0.987382412
1403637261538319104.000000 0.049728535 -0.086254172 -0.040188693 0.133950874 -0.034092281 -0.076921441 0.987409770
1403637261588318976.000000 0.049355332 -0.094434462 -0.043751933 -0.133226171 0.041508596 0.077714838 -0.987161696
1403637261688318976.000000 0.046419468 -0.110088363 -0.045147229 0.131172836 -0.051213115 -0.081719294 0.986657441
1403637261788318976.000000 0.050241500 -0.126102984 -0.039331052 0.130909652 -0.045386914 -0.082641684 0.986900747
1403637261888318976.000000 0.058785185 -0.142099082 -0.032946806 0.131635591 -0.032759611 -0.081320457 0.987413764
1403637261938319104.000000 0.059920095 -0.151998326 -0.023354732 0.131969720 -0.026303135 -0.080357984 0.987641037
1403637261988318976.000000 0.060293630 -0.160428867 -0.018020298 0.131436273 -0.023103304 -0.079790644 0.987838149
1403637262088318976.000000 0.051905170 -0.175893694 -0.005512807 0.131897047 -0.016806221 -0.075972445 0.988204896
1403637262188318976.000000 0.035343841 -0.187399343 0.005719449 0.132453829 -0.014393359 -0.071874663 0.988475084
1403637262288318976.000000 0.012797716 -0.197264895 0.017095204 -0.132477418 0.013625848 0.067619801 -0.988782942
1403637262338319104.000000 0.010741325 -0.194315746 0.014204460 0.144957349 0.010025839 -0.033562940 0.988817692
1403637262388318976.000000 0.010280445 -0.191680044 0.009618184 -0.133326620 -0.010133828 0.066942669 -0.988756776
1403637262488318976.000000 0.009670627 -0.174203575 0.007923627 -0.106726699 0.017143119 0.062739886 -0.992158890
1403637262538319104.000000 0.014691500 -0.170531079 0.008970753 -0.112590455 0.002074630 0.048374712 -0.992461085
1403637262588318976.000000 0.020823043 -0.160769910 -0.000799363 0.109998889 0.012705027 -0.050918382 0.992545307
1403637262688318976.000000 0.025053894 -0.144027054 0.003603233 0.108488739 -0.012578462 -0.045182958 0.992990732
1403637262788318976.000000 0.051708069 -0.120617747 -0.020017115 0.112281188 -0.006759234 -0.048922952 0.992448390
1403637262888318976.000000 0.095526710 -0.101513267 -0.029477730 0.111425422 -0.007535218 -0.045929100 0.992682338
1403637262988318976.000000 0.118353769 -0.090675682 -0.026174579 0.111155711 -0.007273684 -0.044032447 0.992800415
1403637263038319104.000000 0.138599560 -0.081260413 -0.031644862 0.111438356 -0.007408132 -0.045232378 0.992713809
1403637263088318976.000000 0.157455787 -0.074168414 -0.037070557 0.111998722 -0.008095372 -0.045172617 0.992648125
1403637263188318976.000000 0.195532545 -0.056141432 -0.040237486 0.110851921 -0.007743757 -0.044685539 0.992801666
1403637263238319104.000000 0.214900807 -0.049139801 -0.044105120 0.111448325 -0.008581936 -0.043947019 0.992760956
1403637263288318976.000000 0.233699769 -0.042691417 -0.047216509 0.111400336 -0.009108199 -0.044665113 0.992729604
1403637263388318976.000000 0.238321632 -0.030450875 -0.059073381 0.110925190 -0.007476794 -0.043966491 0.992827594
1403637263438319104.000000 0.256859183 -0.026091892 -0.060565256 0.111209869 -0.008155798 -0.043919358 0.992792547
1403637263488318976.000000 0.274394572 -0.023869503 -0.060676210 0.111235172 -0.009168452 -0.044462517 0.992756665
1403637263588318976.000000 0.286139488 -0.011014801 -0.069815323 0.110837996 -0.007634518 -0.044248603 0.992823601
1403637263688318976.000000 0.320511937 -0.005702242 -0.067261264 0.111267164 -0.008830110 -0.044514332 0.992753804
1403637263788318976.000000 0.340717614 -0.002369066 -0.065666623 0.111065201 -0.007778207 -0.044165343 0.992800832
1403637263838319104.000000 0.357971907 -0.000439813 -0.063523337 0.110932015 -0.008406765 -0.044907939 0.992777288
1403637263888318976.000000 0.374446034 -0.000308753 -0.060039856 0.111443676 -0.009469179 -0.044128191 0.992745399
1403637263988318976.000000 0.361481488 0.011772715 -0.082966596 0.111586794 -0.007309690 -0.043461632 0.992776990
1403637264088318976.000000 0.394566208 0.007076299 -0.074121647 0.111637071 -0.007677178 -0.043309994 0.992775202
1403637264138319104.000000 0.381048381 0.014329305 -0.084583566 0.111919366 -0.007530758 -0.042880338 0.992763162
1403637264188318976.000000 0.391204506 0.010177422 -0.078416273 0.111543573 -0.009795295 -0.043353014 0.992765129
1403637264288318976.000000 0.417616695 -0.000609352 -0.065188877 0.111547656 -0.010343526 -0.043406140 0.992756784
1403637264388318976.000000 0.421168447 0.000078309 -0.062994532 0.111653470 -0.008813486 -0.043117367 0.992772281
1403637264488318976.000000 0.412774354 0.011774783 -0.081471883 0.111960210 -0.008701911 -0.042963274 0.992745399
1403637264538319104.000000 0.423189014 0.004015990 -0.071964771 0.111610100 -0.009672325 -0.042832162 0.992781460
1403637264588318976.000000 0.433946162 -0.004467227 -0.061894361 0.111464009 -0.009870999 -0.042919405 0.992792130
1403637264688318976.000000 0.430380583 -0.002130903 -0.062272578 0.111793853 -0.009266494 -0.042784020 0.992766798
1403637264788318976.000000 0.432907403 -0.004564749 -0.059227232 0.111695632 -0.009399921 -0.042614836 0.992783904
1403637264888318976.000000 0.444182307 -0.019731570 -0.039595343 0.111326657 -0.009729134 -0.042424724 0.992830276
1403637264938319104.000000 0.434399039 -0.003760396 -0.059021156 0.111799985 -0.009625743 -0.042361580 0.992780805
1403637264988318976.000000 0.438324660 -0.011054057 -0.049784731 0.111587755 -0.009724707 -0.042452592 0.992799819
1403637265088318976.000000 0.438139647 -0.011671117 -0.047051545 0.111460343 -0.009713891 -0.042464901 0.992813706
1403637265138319104.000000 0.440365016 -0.018330598 -0.038107749 0.111310713 -0.009738944 -0.042407054 0.992832720
1403637265188318976.000000 0.442371577 -0.025301378 -0.028869409 0.111152381 -0.009671333 -0.042411860 0.992850900
1403637265288318976.000000 0.440280944 -0.025984703 -0.027794732 0.111052968 -0.009936276 -0.042470895 0.992856860
1403637265338319104.000000 0.440728009 -0.032518335 -0.019984338 0.110965192 -0.009783634 -0.042274967 0.992876589
1403637265388318976.000000 0.440996736 -0.039112940 -0.011849934 0.110804178 -0.009692690 -0.042302664 0.992894292
1403637265488318976.000000 0.438971102 -0.044691674 -0.004605217 -0.110740632 0.009916126 0.042451620 -0.992892802
