num_seq = 1
file name: dataset-V201_stereo_imu
Loading images for sequence 0...LOADED!
Loading IMU for sequence 0...LOADED!

-------

ORB-SLAM3 Copyright (C) 2017-2020 Carlos Campos, Richard Elvira, Juan J. Gómez, José M.M. Montiel and Juan D. Tardós, University of Zaragoza.
ORB-SLAM2 Copyright (C) 2014-2016 Raúl Mur-Artal, José M.M. Montiel and Juan D. Tardós, University of Zaragoza.
This program comes with ABSOLUTELY NO WARRANTY;
This is free software, and you are welcome to redistribute it
under certain conditions. See LICENSE.txt.

Built with REGISTER_TIMES
Git Commit Hash: c2409e6

Build Type: Release

Compiled with C++ version: 201703

Input sensor was set to: Stereo-Inertial
Loading settings from ./Examples/Stereo-Inertial/EuRoC_pid_deadlines.yaml
	-Loaded camera 1
	-Loaded camera 2
	-Loaded image info
	-Loaded IMU calibration
	-Loaded ORB settings
	-Loaded viewer settings
	-Loaded Atlas settings
Deadlines enabled, will skip frames!
PID SLAM enabled!
	-Loaded misc parameters
	-Computed rectification maps
----------------------------------
SLAM settings: 
	-Camera 1 parameters (Pinhole): [ 458.65399169921875 457.29598999023438 367.21499633789062 248.375 ]
	-Camera 1 distortion parameters: [  -0.28340810537338257 0.073959067463874817 0.00019359000725671649 1.7618711353861727e-05 ]
	-Camera 2 parameters (Pinhole: [ 457.58700561523438 456.13400268554688 379.99899291992188 255.23800659179688 ]
	-Camera 1 distortion parameters: [  -0.2836836576461792 0.074512839317321777 -0.00010473000293131918 -3.555907096597366e-05 ]
	-Original image size: [ 752 , 480 ]
	-Current image size: [ 752 , 480 ]
	-Camera 1 parameters after rectification: [  456.71499633789062 456.71499633789062 364.52615356445312 257.268798828125 ]
	-Sequence FPS: 20
	-Stereo baseline: 0.11007784307003021
	-Stereo depth threshold : 60
	-Gyro noise: 0.00016999999934341758
	-Accelerometer noise: 0.0020000000949949026
	-Gyro walk: 1.9392999092815444e-05
	-Accelerometer walk: 0.0030000000260770321
	-IMU frequency: 200
	-Features per image: 1200
	-ORB scale factor: 1.2000000476837158
	-ORB number of scales: 8
	-Initial FAST threshold: 20
	-Min FAST threshold: 7


Loading ORB Vocabulary. This could take a while...
Vocabulary loaded!

Initialization of Atlas from scratch 
Creation of new map with id: 0
Creation of new map with last KF id: 0
Seq. Name: 
There are 1 cameras in the atlas
Camera 0 is pinhole
SLAM Started at System Time: 1748945468.24708
not IMU meas
not IMU meas
[MF-SEL] tPrev=(  d=0.000000  dMin=0.000000  dAvg=0.000000  dMax=0.000000  Dlo=0.000000  Dhi=0.000000  err=0.000000  inc=0.000000  bucket 0->0  (mf=1000)
not enough acceleration
[MF-SEL] tPrev=(  d=0.000000  dMin=0.000000  dAvg=0.000000  dMax=0.000000  Dlo=0.000000  Dhi=0.000000  err=0.000000  inc=0.000000  bucket 0->0  (mf=1000)
not enough acceleration
[MF-SEL] tPrev=(  d=0.000000  dMin=0.000000  dAvg=0.000000  dMax=0.000000  Dlo=0.000000  Dhi=0.000000  err=0.000000  inc=0.000000  bucket 0->0  (mf=1000)
not enough acceleration
[MF-SEL] tPrev=(  d=0.000000  dMin=0.000000  dAvg=0.000000  dMax=0.000000  Dlo=0.000000  Dhi=0.000000  err=0.000000  inc=0.000000  bucket 0->0  (mf=1000)
not enough acceleration
[MF-SEL] tPrev=(  d=0.000000  dMin=0.000000  dAvg=0.000000  dMax=0.000000  Dlo=0.000000  Dhi=0.000000  err=0.000000  inc=0.000000  bucket 0->0  (mf=1000)
not enough acceleration
[MF-SEL] tPrev=(  d=0.000000  dMin=0.000000  dAvg=0.000000  dMax=0.000000  Dlo=0.000000  Dhi=0.000000  err=0.000000  inc=0.000000  bucket 0->0  (mf=1000)
not enough acceleration
[MF-SEL] tPrev=(  d=0.000000  dMin=0.000000  dAvg=0.000000  dMax=0.000000  Dlo=0.000000  Dhi=0.000000  err=0.000000  inc=0.000000  bucket 0->0  (mf=1000)
not enough acceleration
[MF-SEL] tPrev=(  d=0.000000  dMin=0.000000  dAvg=0.000000  dMax=0.000000  Dlo=0.000000  Dhi=0.000000  err=0.000000  inc=0.000000  bucket 0->0  (mf=1000)
not enough acceleration
[MF-SEL] tPrev=(  d=0.000000  dMin=0.000000  dAvg=0.000000  dMax=0.000000  Dlo=0.000000  Dhi=0.000000  err=0.000000  inc=0.000000  bucket 0->0  (mf=1000)
not enough acceleration
[MF-SEL] tPrev=(  d=0.000000  dMin=0.000000  dAvg=0.000000  dMax=0.000000  Dlo=0.000000  Dhi=0.000000  err=0.000000  inc=0.000000  bucket 0->0  (mf=1000)
not enough acceleration
[MF-SEL] tPrev=(  d=0.000000  dMin=0.000000  dAvg=0.000000  dMax=0.000000  Dlo=0.000000  Dhi=0.000000  err=0.000000  inc=0.000000  bucket 0->0  (mf=1000)
not enough acceleration
[MF-SEL] tPrev=(  d=0.000000  dMin=0.000000  dAvg=0.000000  dMax=0.000000  Dlo=0.000000  Dhi=0.000000  err=0.000000  inc=0.000000  bucket 0->0  (mf=1000)
not enough acceleration
[MF-SEL] tPrev=(  d=0.000000  dMin=0.000000  dAvg=0.000000  dMax=0.000000  Dlo=0.000000  Dhi=0.000000  err=0.000000  inc=0.000000  bucket 0->0  (mf=1000)
not enough acceleration
[MF-SEL] tPrev=(  d=0.000000  dMin=0.000000  dAvg=0.000000  dMax=0.000000  Dlo=0.000000  Dhi=0.000000  err=0.000000  inc=0.000000  bucket 0->0  (mf=1000)
not enough acceleration
[MF-SEL] tPrev=(  d=0.000000  dMin=0.000000  dAvg=0.000000  dMax=0.000000  Dlo=0.000000  Dhi=0.000000  err=0.000000  inc=0.000000  bucket 0->0  (mf=1000)
not enough acceleration
[MF-SEL] tPrev=(  d=0.000000  dMin=0.000000  dAvg=0.000000  dMax=0.000000  Dlo=0.000000  Dhi=0.000000  err=0.000000  inc=0.000000  bucket 0->0  (mf=1000)
not enough acceleration
[MF-SEL] tPrev=(  d=0.000000  dMin=0.000000  dAvg=0.000000  dMax=0.000000  Dlo=0.000000  Dhi=0.000000  err=0.000000  inc=0.000000  bucket 0->0  (mf=1000)
not enough acceleration
[MF-SEL] tPrev=(  d=0.000000  dMin=0.000000  dAvg=0.000000  dMax=0.000000  Dlo=0.000000  Dhi=0.000000  err=0.000000  inc=0.000000  bucket 0->0  (mf=1000)
not enough acceleration
[MF-SEL] tPrev=(  d=0.000000  dMin=0.000000  dAvg=0.000000  dMax=0.000000  Dlo=0.000000  Dhi=0.000000  err=0.000000  inc=0.000000  bucket 0->0  (mf=1000)
not enough acceleration
[MF-SEL] tPrev=(  d=0.000000  dMin=0.000000  dAvg=0.000000  dMax=0.000000  Dlo=0.000000  Dhi=0.000000  err=0.000000  inc=0.000000  bucket 0->0  (mf=1000)
not enough acceleration
[MF-SEL] tPrev=(  d=0.000000  dMin=0.000000  dAvg=0.000000  dMax=0.000000  Dlo=0.000000  Dhi=0.000000  err=0.000000  inc=0.000000  bucket 0->0  (mf=1000)
not enough acceleration
[MF-SEL] tPrev=(  d=0.000000  dMin=0.000000  dAvg=0.000000  dMax=0.000000  Dlo=0.000000  Dhi=0.000000  err=0.000000  inc=0.000000  bucket 0->0  (mf=1000)
not enough acceleration
[MF-SEL] tPrev=(  d=0.000000  dMin=0.000000  dAvg=0.000000  dMax=0.000000  Dlo=0.000000  Dhi=0.000000  err=0.000000  inc=0.000000  bucket 0->0  (mf=1000)
not enough acceleration
[MF-SEL] tPrev=(  d=0.000000  dMin=0.000000  dAvg=0.000000  dMax=0.000000  Dlo=0.000000  Dhi=0.000000  err=0.000000  inc=0.000000  bucket 0->0  (mf=1000)
not enough acceleration
[MF-SEL] tPrev=(  d=0.000000  dMin=0.000000  dAvg=0.000000  dMax=0.000000  Dlo=0.000000  Dhi=0.000000  err=0.000000  inc=0.000000  bucket 0->0  (mf=1000)
not enough acceleration
[MF-SEL] tPrev=(  d=0.000000  dMin=0.000000  dAvg=0.000000  dMax=0.000000  Dlo=0.000000  Dhi=0.000000  err=0.000000  inc=0.000000  bucket 0->0  (mf=1000)
not enough acceleration
[MF-SEL] tPrev=(  d=0.000000  dMin=0.000000  dAvg=0.000000  dMax=0.000000  Dlo=0.000000  Dhi=0.000000  err=0.000000  inc=0.000000  bucket 0->0  (mf=1000)
not enough acceleration
[MF-SEL] tPrev=(  d=0.000000  dMin=0.000000  dAvg=0.000000  dMax=0.000000  Dlo=0.000000  Dhi=0.000000  err=0.000000  inc=0.000000  bucket 0->0  (mf=1000)
not enough acceleration
[MF-SEL] tPrev=(  d=0.000000  dMin=0.000000  dAvg=0.000000  dMax=0.000000  Dlo=0.000000  Dhi=0.000000  err=0.000000  inc=0.000000  bucket 0->0  (mf=1000)
not enough acceleration
[MF-SEL] tPrev=(  d=0.000000  dMin=0.000000  dAvg=0.000000  dMax=0.000000  Dlo=0.000000  Dhi=0.000000  err=0.000000  inc=0.000000  bucket 0->0  (mf=1000)
not enough acceleration
[MF-SEL] tPrev=(  d=0.000000  dMin=0.000000  dAvg=0.000000  dMax=0.000000  Dlo=0.000000  Dhi=0.000000  err=0.000000  inc=0.000000  bucket 0->0  (mf=1000)
not enough acceleration
[MF-SEL] tPrev=(  d=0.000000  dMin=0.000000  dAvg=0.000000  dMax=0.000000  Dlo=0.000000  Dhi=0.000000  err=0.000000  inc=0.000000  bucket 0->0  (mf=1000)
not enough acceleration
[MF-SEL] tPrev=(  d=0.000000  dMin=0.000000  dAvg=0.000000  dMax=0.000000  Dlo=0.000000  Dhi=0.000000  err=0.000000  inc=0.000000  bucket 0->0  (mf=1000)
not enough acceleration
[MF-SEL] tPrev=(  d=0.000000  dMin=0.000000  dAvg=0.000000  dMax=0.000000  Dlo=0.000000  Dhi=0.000000  err=0.000000  inc=0.000000  bucket 0->0  (mf=1000)
not enough acceleration
[MF-SEL] tPrev=(  d=0.000000  dMin=0.000000  dAvg=0.000000  dMax=0.000000  Dlo=0.000000  Dhi=0.000000  err=0.000000  inc=0.000000  bucket 0->0  (mf=1000)
not enough acceleration
[MF-SEL] tPrev=(  d=0.000000  dMin=0.000000  dAvg=0.000000  dMax=0.000000  Dlo=0.000000  Dhi=0.000000  err=0.000000  inc=0.000000  bucket 0->0  (mf=1000)
not enough acceleration
[MF-SEL] tPrev=(  d=0.000000  dMin=0.000000  dAvg=0.000000  dMax=0.000000  Dlo=0.000000  Dhi=0.000000  err=0.000000  inc=0.000000  bucket 0->0  (mf=1000)
not enough acceleration
[MF-SEL] tPrev=(  d=0.000000  dMin=0.000000  dAvg=0.000000  dMax=0.000000  Dlo=0.000000  Dhi=0.000000  err=0.000000  inc=0.000000  bucket 0->0  (mf=1000)
not enough acceleration
[MF-SEL] tPrev=(  d=0.000000  dMin=0.000000  dAvg=0.000000  dMax=0.000000  Dlo=0.000000  Dhi=0.000000  err=0.000000  inc=0.000000  bucket 0->0  (mf=1000)
not enough acceleration
[MF-SEL] tPrev=(  d=0.000000  dMin=0.000000  dAvg=0.000000  dMax=0.000000  Dlo=0.000000  Dhi=0.000000  err=0.000000  inc=0.000000  bucket 0->0  (mf=1000)
not enough acceleration
[MF-SEL] tPrev=(  d=0.000000  dMin=0.000000  dAvg=0.000000  dMax=0.000000  Dlo=0.000000  Dhi=0.000000  err=0.000000  inc=0.000000  bucket 0->0  (mf=1000)
not enough acceleration
[MF-SEL] tPrev=(  d=0.000000  dMin=0.000000  dAvg=0.000000  dMax=0.000000  Dlo=0.000000  Dhi=0.000000  err=0.000000  inc=0.000000  bucket 0->0  (mf=1000)
not enough acceleration
[MF-SEL] tPrev=(  d=0.000000  dMin=0.000000  dAvg=0.000000  dMax=0.000000  Dlo=0.000000  Dhi=0.000000  err=0.000000  inc=0.000000  bucket 0->0  (mf=1000)
not enough acceleration
[MF-SEL] tPrev=(  d=0.000000  dMin=0.000000  dAvg=0.000000  dMax=0.000000  Dlo=0.000000  Dhi=0.000000  err=0.000000  inc=0.000000  bucket 0->0  (mf=1000)
not enough acceleration
[MF-SEL] tPrev=(  d=0.000000  dMin=0.000000  dAvg=0.000000  dMax=0.000000  Dlo=0.000000  Dhi=0.000000  err=0.000000  inc=0.000000  bucket 0->0  (mf=1000)
not enough acceleration
[MF-SEL] tPrev=(  d=0.000000  dMin=0.000000  dAvg=0.000000  dMax=0.000000  Dlo=0.000000  Dhi=0.000000  err=0.000000  inc=0.000000  bucket 0->0  (mf=1000)
not enough acceleration
[MF-SEL] tPrev=(  d=0.000000  dMin=0.000000  dAvg=0.000000  dMax=0.000000  Dlo=0.000000  Dhi=0.000000  err=0.000000  inc=0.000000  bucket 0->0  (mf=1000)
not enough acceleration
[MF-SEL] tPrev=(  d=0.000000  dMin=0.000000  dAvg=0.000000  dMax=0.000000  Dlo=0.000000  Dhi=0.000000  err=0.000000  inc=0.000000  bucket 0->0  (mf=1000)
not enough acceleration
[MF-SEL] tPrev=(  d=0.000000  dMin=0.000000  dAvg=0.000000  dMax=0.000000  Dlo=0.000000  Dhi=0.000000  err=0.000000  inc=0.000000  bucket 0->0  (mf=1000)
not enough acceleration
[MF-SEL] tPrev=(  d=0.000000  dMin=0.000000  dAvg=0.000000  dMax=0.000000  Dlo=0.000000  Dhi=0.000000  err=0.000000  inc=0.000000  bucket 0->0  (mf=1000)
not enough acceleration
[MF-SEL] tPrev=(  d=0.000000  dMin=0.000000  dAvg=0.000000  dMax=0.000000  Dlo=0.000000  Dhi=0.000000  err=0.000000  inc=0.000000  bucket 0->0  (mf=1000)
not enough acceleration
[MF-SEL] tPrev=(  d=0.000000  dMin=0.000000  dAvg=0.000000  dMax=0.000000  Dlo=0.000000  Dhi=0.000000  err=0.000000  inc=0.000000  bucket 0->0  (mf=1000)
not enough acceleration
[MF-SEL] tPrev=(  d=0.000000  dMin=0.000000  dAvg=0.000000  dMax=0.000000  Dlo=0.000000  Dhi=0.000000  err=0.000000  inc=0.000000  bucket 0->0  (mf=1000)
not enough acceleration
[MF-SEL] tPrev=(  d=0.000000  dMin=0.000000  dAvg=0.000000  dMax=0.000000  Dlo=0.000000  Dhi=0.000000  err=0.000000  inc=0.000000  bucket 0->0  (mf=1000)
not enough acceleration
[MF-SEL] tPrev=(  d=0.000000  dMin=0.000000  dAvg=0.000000  dMax=0.000000  Dlo=0.000000  Dhi=0.000000  err=0.000000  inc=0.000000  bucket 0->0  (mf=1000)
not enough acceleration
[MF-SEL] tPrev=(  d=0.000000  dMin=0.000000  dAvg=0.000000  dMax=0.000000  Dlo=0.000000  Dhi=0.000000  err=0.000000  inc=0.000000  bucket 0->0  (mf=1000)
not enough acceleration
[MF-SEL] tPrev=(  d=0.000000  dMin=0.000000  dAvg=0.000000  dMax=0.000000  Dlo=0.000000  Dhi=0.000000  err=0.000000  inc=0.000000  bucket 0->0  (mf=1000)
not enough acceleration
[MF-SEL] tPrev=(  d=0.000000  dMin=0.000000  dAvg=0.000000  dMax=0.000000  Dlo=0.000000  Dhi=0.000000  err=0.000000  inc=0.000000  bucket 0->0  (mf=1000)
not enough acceleration
[MF-SEL] tPrev=(  d=0.000000  dMin=0.000000  dAvg=0.000000  dMax=0.000000  Dlo=0.000000  Dhi=0.000000  err=0.000000  inc=0.000000  bucket 0->0  (mf=1000)
not enough acceleration
[MF-SEL] tPrev=(  d=0.000000  dMin=0.000000  dAvg=0.000000  dMax=0.000000  Dlo=0.000000  Dhi=0.000000  err=0.000000  inc=0.000000  bucket 0->0  (mf=1000)
not enough acceleration
[MF-SEL] tPrev=(  d=0.000000  dMin=0.000000  dAvg=0.000000  dMax=0.000000  Dlo=0.000000  Dhi=0.000000  err=0.000000  inc=0.000000  bucket 0->0  (mf=1000)
not enough acceleration
[MF-SEL] tPrev=(  d=0.000000  dMin=0.000000  dAvg=0.000000  dMax=0.000000  Dlo=0.000000  Dhi=0.000000  err=0.000000  inc=0.000000  bucket 0->0  (mf=1000)
not enough acceleration
[MF-SEL] tPrev=(  d=0.000000  dMin=0.000000  dAvg=0.000000  dMax=0.000000  Dlo=0.000000  Dhi=0.000000  err=0.000000  inc=0.000000  bucket 0->0  (mf=1000)
not enough acceleration
[MF-SEL] tPrev=(  d=0.000000  dMin=0.000000  dAvg=0.000000  dMax=0.000000  Dlo=0.000000  Dhi=0.000000  err=0.000000  inc=0.000000  bucket 0->0  (mf=1000)
not enough acceleration
[MF-SEL] tPrev=(  d=0.000000  dMin=0.000000  dAvg=0.000000  dMax=0.000000  Dlo=0.000000  Dhi=0.000000  err=0.000000  inc=0.000000  bucket 0->0  (mf=1000)
not enough acceleration
[MF-SEL] tPrev=(  d=0.000000  dMin=0.000000  dAvg=0.000000  dMax=0.000000  Dlo=0.000000  Dhi=0.000000  err=0.000000  inc=0.000000  bucket 0->0  (mf=1000)
not enough acceleration
[MF-SEL] tPrev=(  d=0.000000  dMin=0.000000  dAvg=0.000000  dMax=0.000000  Dlo=0.000000  Dhi=0.000000  err=0.000000  inc=0.000000  bucket 0->0  (mf=1000)
not enough acceleration
[MF-SEL] tPrev=(  d=0.000000  dMin=0.000000  dAvg=0.000000  dMax=0.000000  Dlo=0.000000  Dhi=0.000000  err=0.000000  inc=0.000000  bucket 0->0  (mf=1000)
not enough acceleration
[MF-SEL] tPrev=(  d=0.000000  dMin=0.000000  dAvg=0.000000  dMax=0.000000  Dlo=0.000000  Dhi=0.000000  err=0.000000  inc=0.000000  bucket 0->0  (mf=1000)
not enough acceleration
[MF-SEL] tPrev=(  d=0.000000  dMin=0.000000  dAvg=0.000000  dMax=0.000000  Dlo=0.000000  Dhi=0.000000  err=0.000000  inc=0.000000  bucket 0->0  (mf=1000)
not enough acceleration
[MF-SEL] tPrev=(  d=0.000000  dMin=0.000000  dAvg=0.000000  dMax=0.000000  Dlo=0.000000  Dhi=0.000000  err=0.000000  inc=0.000000  bucket 0->0  (mf=1000)
not enough acceleration
[MF-SEL] tPrev=(  d=0.000000  dMin=0.000000  dAvg=0.000000  dMax=0.000000  Dlo=0.000000  Dhi=0.000000  err=0.000000  inc=0.000000  bucket 0->0  (mf=1000)
not enough acceleration
[MF-SEL] tPrev=(  d=0.000000  dMin=0.000000  dAvg=0.000000  dMax=0.000000  Dlo=0.000000  Dhi=0.000000  err=0.000000  inc=0.000000  bucket 0->0  (mf=1000)
not enough acceleration
[MF-SEL] tPrev=(  d=0.000000  dMin=0.000000  dAvg=0.000000  dMax=0.000000  Dlo=0.000000  Dhi=0.000000  err=0.000000  inc=0.000000  bucket 0->0  (mf=1000)
not enough acceleration
[MF-SEL] tPrev=(  d=0.000000  dMin=0.000000  dAvg=0.000000  dMax=0.000000  Dlo=0.000000  Dhi=0.000000  err=0.000000  inc=0.000000  bucket 0->0  (mf=1000)
not enough acceleration
[MF-SEL] tPrev=(  d=0.000000  dMin=0.000000  dAvg=0.000000  dMax=0.000000  Dlo=0.000000  Dhi=0.000000  err=0.000000  inc=0.000000  bucket 0->0  (mf=1000)
not enough acceleration
[MF-SEL] tPrev=(  d=0.000000  dMin=0.000000  dAvg=0.000000  dMax=0.000000  Dlo=0.000000  Dhi=0.000000  err=0.000000  inc=0.000000  bucket 0->0  (mf=1000)
not enough acceleration
[MF-SEL] tPrev=(  d=0.000000  dMin=0.000000  dAvg=0.000000  dMax=0.000000  Dlo=0.000000  Dhi=0.000000  err=0.000000  inc=0.000000  bucket 0->0  (mf=1000)
not enough acceleration
[MF-SEL] tPrev=(  d=0.000000  dMin=0.000000  dAvg=0.000000  dMax=0.000000  Dlo=0.000000  Dhi=0.000000  err=0.000000  inc=0.000000  bucket 0->0  (mf=1000)
not enough acceleration
[MF-SEL] tPrev=(  d=0.000000  dMin=0.000000  dAvg=0.000000  dMax=0.000000  Dlo=0.000000  Dhi=0.000000  err=0.000000  inc=0.000000  bucket 0->0  (mf=1000)
not enough acceleration
[MF-SEL] tPrev=(  d=0.000000  dMin=0.000000  dAvg=0.000000  dMax=0.000000  Dlo=0.000000  Dhi=0.000000  err=0.000000  inc=0.000000  bucket 0->0  (mf=1000)
not enough acceleration
[MF-SEL] tPrev=(  d=0.000000  dMin=0.000000  dAvg=0.000000  dMax=0.000000  Dlo=0.000000  Dhi=0.000000  err=0.000000  inc=0.000000  bucket 0->0  (mf=1000)
not enough acceleration
[MF-SEL] tPrev=(  d=0.000000  dMin=0.000000  dAvg=0.000000  dMax=0.000000  Dlo=0.000000  Dhi=0.000000  err=0.000000  inc=0.000000  bucket 0->0  (mf=1000)
not enough acceleration
[MF-SEL] tPrev=(  d=0.000000  dMin=0.000000  dAvg=0.000000  dMax=0.000000  Dlo=0.000000  Dhi=0.000000  err=0.000000  inc=0.000000  bucket 0->0  (mf=1000)
not enough acceleration
[MF-SEL] tPrev=(  d=0.000000  dMin=0.000000  dAvg=0.000000  dMax=0.000000  Dlo=0.000000  Dhi=0.000000  err=0.000000  inc=0.000000  bucket 0->0  (mf=1000)
First KF:0; Map init KF:0
New Map created with 708 points
Active map: 0
[MF-SEL] tPrev=(  d=0.000000  dMin=0.000000  dAvg=0.000000  dMax=0.000000  Dlo=0.000000  Dhi=0.000000  err=1.000000  inc=0.913577  bucket 0->1  (mf=900)
[MF-SEL] tPrev=(  d=0.001660  dMin=0.000000  dAvg=0.000019  dMax=0.001660  Dlo=0.000009  Dhi=0.000840  err=1.000000  inc=0.605915  bucket 1->2  (mf=800)
Dropping frame 1413393216.655760
[MF-SEL] tPrev=(  d=0.003217  dMin=0.000000  dAvg=0.000055  dMax=0.003217  Dlo=0.000027  Dhi=0.001636  err=1.000000  inc=0.610699  bucket 2->3  (mf=700)
[MF-SEL] tPrev=(  d=0.005371  dMin=0.000000  dAvg=0.000114  dMax=0.005371  Dlo=0.000057  Dhi=0.002742  err=1.000000  inc=0.612801  bucket 3->4  (mf=600)
[MF-SEL] tPrev=(  d=0.001742  dMin=0.000000  dAvg=0.000132  dMax=0.005371  Dlo=0.000066  Dhi=0.002751  err=0.000000  inc=-0.326081  bucket 4->4  (mf=600)
Dropping frame 1413393216.855760
[MF-SEL] tPrev=(  d=0.010911  dMin=0.000000  dAvg=0.000249  dMax=0.010911  Dlo=0.000124  Dhi=0.005580  err=1.000000  inc=0.783210  bucket 4->5  (mf=510)
[MF-SEL] tPrev=(  d=0.004562  dMin=0.000000  dAvg=0.000295  dMax=0.010911  Dlo=0.000148  Dhi=0.005603  err=0.000000  inc=-0.341596  bucket 5->5  (mf=510)
[MF-SEL] tPrev=(  d=0.010072  dMin=0.000000  dAvg=0.000399  dMax=0.010911  Dlo=0.000200  Dhi=0.005655  err=1.000000  inc=0.969067  bucket 5->5  (mf=510)
[MF-SEL] tPrev=(  d=0.008378  dMin=0.000000  dAvg=0.000483  dMax=0.010911  Dlo=0.000242  Dhi=0.005697  err=1.000000  inc=0.622395  bucket 5->5  (mf=510)
[MF-SEL] tPrev=(  d=0.013340  dMin=0.000000  dAvg=0.000617  dMax=0.013340  Dlo=0.000309  Dhi=0.006978  err=1.000000  inc=0.624675  bucket 5->5  (mf=510)
[MF-SEL] tPrev=(  d=0.012936  dMin=0.000000  dAvg=0.000744  dMax=0.013340  Dlo=0.000372  Dhi=0.007042  err=1.000000  inc=0.627145  bucket 5->5  (mf=510)
[MF-SEL] tPrev=(  d=0.016569  dMin=0.000000  dAvg=0.000906  dMax=0.016569  Dlo=0.000453  Dhi=0.008737  err=1.000000  inc=0.629410  bucket 5->5  (mf=510)
[MF-SEL] tPrev=(  d=0.013576  dMin=0.000000  dAvg=0.001034  dMax=0.016569  Dlo=0.000517  Dhi=0.008801  err=1.000000  inc=0.631935  bucket 5->5  (mf=510)
[MF-SEL] tPrev=(  d=0.014786  dMin=0.000000  dAvg=0.001171  dMax=0.016569  Dlo=0.000586  Dhi=0.008870  err=1.000000  inc=0.634311  bucket 5->5  (mf=510)
[MF-SEL] tPrev=(  d=0.013935  dMin=0.000000  dAvg=0.001298  dMax=0.016569  Dlo=0.000649  Dhi=0.008933  err=1.000000  inc=0.636677  bucket 5->5  (mf=510)
[MF-SEL] tPrev=(  d=0.012428  dMin=0.000000  dAvg=0.001407  dMax=0.016569  Dlo=0.000703  Dhi=0.008988  err=1.000000  inc=0.638847  bucket 5->5  (mf=510)
[MF-SEL] tPrev=(  d=0.010283  dMin=0.000000  dAvg=0.001493  dMax=0.016569  Dlo=0.000746  Dhi=0.009031  err=1.000000  inc=0.641662  bucket 5->5  (mf=510)
[MF-SEL] tPrev=(  d=0.013179  dMin=0.000000  dAvg=0.001605  dMax=0.016569  Dlo=0.000803  Dhi=0.009087  err=1.000000  inc=0.644099  bucket 5->5  (mf=510)
[MF-SEL] tPrev=(  d=0.012716  dMin=0.000000  dAvg=0.001711  dMax=0.016569  Dlo=0.000856  Dhi=0.009140  err=1.000000  inc=0.646480  bucket 5->5  (mf=510)
[MF-SEL] tPrev=(  d=0.012285  dMin=0.000000  dAvg=0.001811  dMax=0.016569  Dlo=0.000905  Dhi=0.009190  err=1.000000  inc=0.648921  bucket 5->5  (mf=510)
[MF-SEL] tPrev=(  d=0.017034  dMin=0.000000  dAvg=0.001953  dMax=0.017034  Dlo=0.000977  Dhi=0.009494  err=1.000000  inc=0.651292  bucket 5->5  (mf=510)
[MF-SEL] tPrev=(  d=0.014728  dMin=0.000000  dAvg=0.002071  dMax=0.017034  Dlo=0.001036  Dhi=0.009553  err=1.000000  inc=0.653670  bucket 5->5  (mf=510)
[MF-SEL] tPrev=(  d=0.018717  dMin=0.000000  dAvg=0.002224  dMax=0.018717  Dlo=0.001112  Dhi=0.010470  err=1.000000  inc=0.656212  bucket 5->5  (mf=510)
[MF-SEL] tPrev=(  d=0.018314  dMin=0.000000  dAvg=0.002370  dMax=0.018717  Dlo=0.001185  Dhi=0.010544  err=1.000000  inc=0.658767  bucket 5->5  (mf=510)
[MF-SEL] tPrev=(  d=0.022895  dMin=0.000000  dAvg=0.002555  dMax=0.022895  Dlo=0.001278  Dhi=0.012725  err=1.000000  inc=0.661025  bucket 5->5  (mf=510)
[MF-SEL] tPrev=(  d=0.020194  dMin=0.000000  dAvg=0.002713  dMax=0.022895  Dlo=0.001356  Dhi=0.012804  err=1.000000  inc=0.663408  bucket 5->5  (mf=510)
[MF-SEL] tPrev=(  d=0.027978  dMin=0.000000  dAvg=0.002936  dMax=0.027978  Dlo=0.001468  Dhi=0.015457  err=1.000000  inc=0.665834  bucket 5->5  (mf=510)
[MF-SEL] tPrev=(  d=0.023801  dMin=0.000000  dAvg=0.003119  dMax=0.027978  Dlo=0.001560  Dhi=0.015549  err=1.000000  inc=0.668250  bucket 5->5  (mf=510)
[MF-SEL] tPrev=(  d=0.024826  dMin=0.000000  dAvg=0.003308  dMax=0.027978  Dlo=0.001654  Dhi=0.015643  err=1.000000  inc=0.670781  bucket 5->5  (mf=510)
[MF-SEL] tPrev=(  d=0.024927  dMin=0.000000  dAvg=0.003494  dMax=0.027978  Dlo=0.001747  Dhi=0.015736  err=1.000000  inc=0.673193  bucket 5->5  (mf=510)
[MF-SEL] tPrev=(  d=0.023480  dMin=0.000000  dAvg=0.003665  dMax=0.027978  Dlo=0.001833  Dhi=0.015822  err=1.000000  inc=0.675619  bucket 5->5  (mf=510)
[MF-SEL] tPrev=(  d=0.021282  dMin=0.000000  dAvg=0.003815  dMax=0.027978  Dlo=0.001907  Dhi=0.015896  err=1.000000  inc=0.678024  bucket 5->5  (mf=510)
[MF-SEL] tPrev=(  d=0.022422  dMin=0.000000  dAvg=0.003971  dMax=0.027978  Dlo=0.001985  Dhi=0.015974  err=1.000000  inc=0.680304  bucket 5->5  (mf=510)
[MF-SEL] tPrev=(  d=0.024445  dMin=0.000000  dAvg=0.004142  dMax=0.027978  Dlo=0.002071  Dhi=0.016060  err=1.000000  inc=0.682962  bucket 5->5  (mf=510)
[MF-SEL] tPrev=(  d=0.021042  dMin=0.000000  dAvg=0.004281  dMax=0.027978  Dlo=0.002141  Dhi=0.016130  err=1.000000  inc=0.685333  bucket 5->5  (mf=510)
[MF-SEL] tPrev=(  d=0.019651  dMin=0.000000  dAvg=0.004407  dMax=0.027978  Dlo=0.002204  Dhi=0.016193  err=1.000000  inc=0.687936  bucket 5->5  (mf=510)
[MF-SEL] tPrev=(  d=0.019691  dMin=0.000000  dAvg=0.004531  dMax=0.027978  Dlo=0.002266  Dhi=0.016255  err=1.000000  inc=0.689999  bucket 5->5  (mf=510)
[MF-SEL] tPrev=(  d=0.018714  dMin=0.000000  dAvg=0.004646  dMax=0.027978  Dlo=0.002323  Dhi=0.016312  err=1.000000  inc=0.692573  bucket 5->5  (mf=510)
[MF-SEL] tPrev=(  d=0.020479  dMin=0.000000  dAvg=0.004773  dMax=0.027978  Dlo=0.002386  Dhi=0.016375  err=1.000000  inc=0.695279  bucket 5->5  (mf=510)
[MF-SEL] tPrev=(  d=0.020488  dMin=0.000000  dAvg=0.004897  dMax=0.027978  Dlo=0.002449  Dhi=0.016438  err=1.000000  inc=0.697721  bucket 5->5  (mf=510)
[MF-SEL] tPrev=(  d=0.019347  dMin=0.000000  dAvg=0.005011  dMax=0.027978  Dlo=0.002506  Dhi=0.016495  err=1.000000  inc=0.700120  bucket 5->5  (mf=510)
[MF-SEL] tPrev=(  d=0.020532  dMin=0.000000  dAvg=0.005132  dMax=0.027978  Dlo=0.002566  Dhi=0.016555  err=1.000000  inc=0.702471  bucket 5->5  (mf=510)
[MF-SEL] tPrev=(  d=0.019266  dMin=0.000000  dAvg=0.005242  dMax=0.027978  Dlo=0.002621  Dhi=0.016610  err=1.000000  inc=0.705085  bucket 5->5  (mf=510)
[MF-SEL] tPrev=(  d=0.024259  dMin=0.000000  dAvg=0.005388  dMax=0.027978  Dlo=0.002694  Dhi=0.016683  err=1.000000  inc=0.707425  bucket 5->5  (mf=510)
[MF-SEL] tPrev=(  d=0.020311  dMin=0.000000  dAvg=0.005502  dMax=0.027978  Dlo=0.002751  Dhi=0.016740  err=1.000000  inc=0.709805  bucket 5->5  (mf=510)
[MF-SEL] tPrev=(  d=0.022767  dMin=0.000000  dAvg=0.005633  dMax=0.027978  Dlo=0.002816  Dhi=0.016805  err=1.000000  inc=0.712277  bucket 5->5  (mf=510)
[MF-SEL] tPrev=(  d=0.020663  dMin=0.000000  dAvg=0.005746  dMax=0.027978  Dlo=0.002873  Dhi=0.016862  err=1.000000  inc=0.714748  bucket 5->5  (mf=510)
[MF-SEL] tPrev=(  d=0.018827  dMin=0.000000  dAvg=0.005843  dMax=0.027978  Dlo=0.002922  Dhi=0.016911  err=1.000000  inc=0.717010  bucket 5->5  (mf=510)
[MF-SEL] tPrev=(  d=0.018738  dMin=0.000000  dAvg=0.005939  dMax=0.027978  Dlo=0.002969  Dhi=0.016959  err=1.000000  inc=0.719331  bucket 5->5  (mf=510)
[MF-SEL] tPrev=(  d=0.893582  dMin=0.000000  dAvg=0.012466  dMax=0.893582  Dlo=0.006233  Dhi=0.453024  err=1.000000  inc=0.722045  bucket 5->5  (mf=510)
[MF-SEL] tPrev=(  d=0.015878  dMin=0.000000  dAvg=0.012491  dMax=0.893582  Dlo=0.006245  Dhi=0.453036  err=0.000000  inc=-0.222988  bucket 5->5  (mf=510)
[MF-SEL] tPrev=(  d=0.009056  dMin=0.000000  dAvg=0.012466  dMax=0.893582  Dlo=0.006233  Dhi=0.453024  err=0.000000  inc=0.122045  bucket 5->5  (mf=510)
[MF-SEL] tPrev=(  d=0.013607  dMin=0.000000  dAvg=0.012474  dMax=0.893582  Dlo=0.006237  Dhi=0.453028  err=0.000000  inc=0.122045  bucket 5->5  (mf=510)
[MF-SEL] tPrev=(  d=0.012730  dMin=0.000000  dAvg=0.012476  dMax=0.893582  Dlo=0.006238  Dhi=0.453029  err=0.000000  inc=0.122045  bucket 5->5  (mf=510)
[MF-SEL] tPrev=(  d=0.011811  dMin=0.000000  dAvg=0.012471  dMax=0.893582  Dlo=0.006236  Dhi=0.453027  err=0.000000  inc=0.122045  bucket 5->5  (mf=510)
[MF-SEL] tPrev=(  d=0.010305  dMin=0.000000  dAvg=0.012456  dMax=0.893582  Dlo=0.006228  Dhi=0.453019  err=0.000000  inc=0.122045  bucket 5->5  (mf=510)
[MF-SEL] tPrev=(  d=0.009558  dMin=0.000000  dAvg=0.012436  dMax=0.893582  Dlo=0.006218  Dhi=0.453009  err=0.000000  inc=0.122045  bucket 5->5  (mf=510)
[MF-SEL] tPrev=(  d=0.008044  dMin=0.000000  dAvg=0.012405  dMax=0.893582  Dlo=0.006203  Dhi=0.452994  err=0.000000  inc=0.122045  bucket 5->5  (mf=510)
[MF-SEL] tPrev=(  d=0.007063  dMin=0.000000  dAvg=0.012368  dMax=0.893582  Dlo=0.006184  Dhi=0.452975  err=0.000000  inc=0.122045  bucket 5->5  (mf=510)
[MF-SEL] tPrev=(  d=0.006456  dMin=0.000000  dAvg=0.012328  dMax=0.893582  Dlo=0.006164  Dhi=0.452955  err=0.000000  inc=0.122045  bucket 5->5  (mf=510)
[MF-SEL] tPrev=(  d=0.003629  dMin=0.000000  dAvg=0.012269  dMax=0.893582  Dlo=0.006134  Dhi=0.452925  err=-1.000000  inc=-0.871051  bucket 5->4  (mf=600)
[MF-SEL] tPrev=(  d=0.006720  dMin=0.000000  dAvg=0.012231  dMax=0.893582  Dlo=0.006116  Dhi=0.452907  err=0.000000  inc=0.410163  bucket 4->4  (mf=600)
[MF-SEL] tPrev=(  d=0.008585  dMin=0.000000  dAvg=0.012207  dMax=0.893582  Dlo=0.006103  Dhi=0.452894  err=0.000000  inc=0.120000  bucket 4->4  (mf=600)
[MF-SEL] tPrev=(  d=0.011074  dMin=0.000000  dAvg=0.012199  dMax=0.893582  Dlo=0.006100  Dhi=0.452891  err=0.000000  inc=0.120000  bucket 4->4  (mf=600)
[MF-SEL] tPrev=(  d=0.014281  dMin=0.000000  dAvg=0.012213  dMax=0.893582  Dlo=0.006106  Dhi=0.452897  err=0.000000  inc=0.120000  bucket 4->4  (mf=600)
[MF-SEL] tPrev=(  d=0.016841  dMin=0.000000  dAvg=0.012243  dMax=0.893582  Dlo=0.006122  Dhi=0.452913  err=0.000000  inc=0.120000  bucket 4->4  (mf=600)
[MF-SEL] tPrev=(  d=0.017500  dMin=0.000000  dAvg=0.012278  dMax=0.893582  Dlo=0.006139  Dhi=0.452930  err=0.000000  inc=0.120000  bucket 4->4  (mf=600)
[MF-SEL] tPrev=(  d=0.016109  dMin=0.000000  dAvg=0.012303  dMax=0.893582  Dlo=0.006151  Dhi=0.452942  err=0.000000  inc=0.120000  bucket 4->4  (mf=600)
[MF-SEL] tPrev=(  d=0.013917  dMin=0.000000  dAvg=0.012313  dMax=0.893582  Dlo=0.006156  Dhi=0.452947  err=0.000000  inc=0.120000  bucket 4->4  (mf=600)
[MF-SEL] tPrev=(  d=0.016729  dMin=0.000000  dAvg=0.012341  dMax=0.893582  Dlo=0.006171  Dhi=0.452962  err=0.000000  inc=0.120000  bucket 4->4  (mf=600)
[MF-SEL] tPrev=(  d=0.011630  dMin=0.000000  dAvg=0.012337  dMax=0.893582  Dlo=0.006168  Dhi=0.452959  err=0.000000  inc=0.120000  bucket 4->4  (mf=600)
[MF-SEL] tPrev=(  d=0.012015  dMin=0.000000  dAvg=0.012335  dMax=0.893582  Dlo=0.006167  Dhi=0.452958  err=0.000000  inc=0.120000  bucket 4->4  (mf=600)
[MF-SEL] tPrev=(  d=0.012506  dMin=0.000000  dAvg=0.012336  dMax=0.893582  Dlo=0.006168  Dhi=0.452959  err=0.000000  inc=0.120000  bucket 4->4  (mf=600)
[MF-SEL] tPrev=(  d=0.012747  dMin=0.000000  dAvg=0.012338  dMax=0.893582  Dlo=0.006169  Dhi=0.452960  err=0.000000  inc=0.120000  bucket 4->4  (mf=600)
[MF-SEL] tPrev=(  d=0.013168  dMin=0.000000  dAvg=0.012344  dMax=0.893582  Dlo=0.006172  Dhi=0.452963  err=0.000000  inc=0.120000  bucket 4->4  (mf=600)
[MF-SEL] tPrev=(  d=0.013438  dMin=0.000000  dAvg=0.012350  dMax=0.893582  Dlo=0.006175  Dhi=0.452966  err=0.000000  inc=0.120000  bucket 4->4  (mf=600)
[MF-SEL] tPrev=(  d=0.013518  dMin=0.000000  dAvg=0.012357  dMax=0.893582  Dlo=0.006179  Dhi=0.452970  err=0.000000  inc=0.120000  bucket 4->4  (mf=600)
[MF-SEL] tPrev=(  d=0.013452  dMin=0.000000  dAvg=0.012364  dMax=0.893582  Dlo=0.006182  Dhi=0.452973  err=0.000000  inc=0.120000  bucket 4->4  (mf=600)
[MF-SEL] tPrev=(  d=0.012108  dMin=0.000000  dAvg=0.012363  dMax=0.893582  Dlo=0.006181  Dhi=0.452972  err=0.000000  inc=0.120000  bucket 4->4  (mf=600)
[MF-SEL] tPrev=(  d=0.010229  dMin=0.000000  dAvg=0.012350  dMax=0.893582  Dlo=0.006175  Dhi=0.452966  err=0.000000  inc=0.120000  bucket 4->4  (mf=600)
[MF-SEL] tPrev=(  d=0.008333  dMin=0.000000  dAvg=0.012326  dMax=0.893582  Dlo=0.006163  Dhi=0.452954  err=0.000000  inc=0.120000  bucket 4->4  (mf=600)
[MF-SEL] tPrev=(  d=0.007260  dMin=0.000000  dAvg=0.012295  dMax=0.893582  Dlo=0.006148  Dhi=0.452939  err=0.000000  inc=0.120000  bucket 4->4  (mf=600)
[MF-SEL] tPrev=(  d=0.007184  dMin=0.000000  dAvg=0.012265  dMax=0.893582  Dlo=0.006133  Dhi=0.452924  err=0.000000  inc=0.120000  bucket 4->4  (mf=600)
[MF-SEL] tPrev=(  d=0.007446  dMin=0.000000  dAvg=0.012237  dMax=0.893582  Dlo=0.006118  Dhi=0.452909  err=0.000000  inc=0.120000  bucket 4->4  (mf=600)
[MF-SEL] tPrev=(  d=0.006646  dMin=0.000000  dAvg=0.012204  dMax=0.893582  Dlo=0.006102  Dhi=0.452893  err=0.000000  inc=0.120000  bucket 4->4  (mf=600)
[MF-SEL] tPrev=(  d=0.006211  dMin=0.000000  dAvg=0.012169  dMax=0.893582  Dlo=0.006085  Dhi=0.452876  err=0.000000  inc=0.120000  bucket 4->4  (mf=600)
[MF-SEL] tPrev=(  d=0.007298  dMin=0.000000  dAvg=0.012141  dMax=0.893582  Dlo=0.006071  Dhi=0.452862  err=0.000000  inc=0.120000  bucket 4->4  (mf=600)
[MF-SEL] tPrev=(  d=0.009156  dMin=0.000000  dAvg=0.012124  dMax=0.893582  Dlo=0.006062  Dhi=0.452853  err=0.000000  inc=0.120000  bucket 4->4  (mf=600)
[MF-SEL] tPrev=(  d=0.011005  dMin=0.000000  dAvg=0.012118  dMax=0.893582  Dlo=0.006059  Dhi=0.452850  err=0.000000  inc=0.120000  bucket 4->4  (mf=600)
[MF-SEL] tPrev=(  d=0.020156  dMin=0.000000  dAvg=0.012163  dMax=0.893582  Dlo=0.006082  Dhi=0.452873  err=0.000000  inc=0.120000  bucket 4->4  (mf=600)
[MF-SEL] tPrev=(  d=0.011931  dMin=0.000000  dAvg=0.012162  dMax=0.893582  Dlo=0.006081  Dhi=0.452872  err=0.000000  inc=0.120000  bucket 4->4  (mf=600)
[MF-SEL] tPrev=(  d=0.012198  dMin=0.000000  dAvg=0.012162  dMax=0.893582  Dlo=0.006081  Dhi=0.452872  err=0.000000  inc=0.120000  bucket 4->4  (mf=600)
[MF-SEL] tPrev=(  d=0.012707  dMin=0.000000  dAvg=0.012165  dMax=0.893582  Dlo=0.006083  Dhi=0.452874  err=0.000000  inc=0.120000  bucket 4->4  (mf=600)
[MF-SEL] tPrev=(  d=0.012384  dMin=0.000000  dAvg=0.012166  dMax=0.893582  Dlo=0.006083  Dhi=0.452874  err=0.000000  inc=0.120000  bucket 4->4  (mf=600)
[MF-SEL] tPrev=(  d=0.012992  dMin=0.000000  dAvg=0.012171  dMax=0.893582  Dlo=0.006086  Dhi=0.452877  err=0.000000  inc=0.120000  bucket 4->4  (mf=600)
[MF-SEL] tPrev=(  d=0.013767  dMin=0.000000  dAvg=0.012180  dMax=0.893582  Dlo=0.006090  Dhi=0.452881  err=0.000000  inc=0.120000  bucket 4->4  (mf=600)
[MF-SEL] tPrev=(  d=0.021586  dMin=0.000000  dAvg=0.012231  dMax=0.893582  Dlo=0.006116  Dhi=0.452907  err=0.000000  inc=0.120000  bucket 4->4  (mf=600)
[MF-SEL] tPrev=(  d=0.012371  dMin=0.000000  dAvg=0.012232  dMax=0.893582  Dlo=0.006116  Dhi=0.452907  err=0.000000  inc=0.120000  bucket 4->4  (mf=600)
[MF-SEL] tPrev=(  d=0.009725  dMin=0.000000  dAvg=0.012218  dMax=0.893582  Dlo=0.006109  Dhi=0.452900  err=0.000000  inc=0.120000  bucket 4->4  (mf=600)
[MF-SEL] tPrev=(  d=0.009054  dMin=0.000000  dAvg=0.012201  dMax=0.893582  Dlo=0.006101  Dhi=0.452892  err=0.000000  inc=0.120000  bucket 4->4  (mf=600)
[MF-SEL] tPrev=(  d=0.009458  dMin=0.000000  dAvg=0.012187  dMax=0.893582  Dlo=0.006093  Dhi=0.452884  err=0.000000  inc=0.120000  bucket 4->4  (mf=600)
[MF-SEL] tPrev=(  d=0.010309  dMin=0.000000  dAvg=0.012177  dMax=0.893582  Dlo=0.006088  Dhi=0.452879  err=0.000000  inc=0.120000  bucket 4->4  (mf=600)
start VIBA 1
[MF-SEL] tPrev=(  d=0.011049  dMin=0.000000  dAvg=0.012171  dMax=0.893582  Dlo=0.006085  Dhi=0.452876  err=0.000000  inc=0.120000  bucket 4->4  (mf=600)
[MF-SEL] tPrev=(  d=0.011072  dMin=0.000000  dAvg=0.012165  dMax=0.893582  Dlo=0.006082  Dhi=0.452873  err=0.000000  inc=0.120000  bucket 4->4  (mf=600)
end VIBA 1
[MF-SEL] tPrev=(  d=0.010652  dMin=0.000000  dAvg=0.012157  dMax=0.893582  Dlo=0.006079  Dhi=0.452870  err=0.000000  inc=0.120000  bucket 4->4  (mf=600)
[MF-SEL] tPrev=(  d=0.011103  dMin=0.000000  dAvg=0.012152  dMax=0.893582  Dlo=0.006076  Dhi=0.452867  err=0.000000  inc=0.120000  bucket 4->4  (mf=600)
[MF-SEL] tPrev=(  d=0.010655  dMin=0.000000  dAvg=0.012144  dMax=0.893582  Dlo=0.006072  Dhi=0.452863  err=0.000000  inc=0.120000  bucket 4->4  (mf=600)
[MF-SEL] tPrev=(  d=0.008750  dMin=0.000000  dAvg=0.012126  dMax=0.893582  Dlo=0.006063  Dhi=0.452854  err=0.000000  inc=0.120000  bucket 4->4  (mf=600)
[MF-SEL] tPrev=(  d=0.013295  dMin=0.000000  dAvg=0.012132  dMax=0.893582  Dlo=0.006066  Dhi=0.452857  err=0.000000  inc=0.120000  bucket 4->4  (mf=600)
[MF-SEL] tPrev=(  d=0.006791  dMin=0.000000  dAvg=0.012105  dMax=0.893582  Dlo=0.006053  Dhi=0.452844  err=0.000000  inc=0.120000  bucket 4->4  (mf=600)
[MF-SEL] tPrev=(  d=0.007658  dMin=0.000000  dAvg=0.012082  dMax=0.893582  Dlo=0.006041  Dhi=0.452832  err=0.000000  inc=0.120000  bucket 4->4  (mf=600)
[MF-SEL] tPrev=(  d=0.008922  dMin=0.000000  dAvg=0.012067  dMax=0.893582  Dlo=0.006033  Dhi=0.452824  err=0.000000  inc=0.120000  bucket 4->4  (mf=600)
[MF-SEL] tPrev=(  d=0.010861  dMin=0.000000  dAvg=0.012060  dMax=0.893582  Dlo=0.006030  Dhi=0.452821  err=0.000000  inc=0.120000  bucket 4->4  (mf=600)
[MF-SEL] tPrev=(  d=0.012808  dMin=0.000000  dAvg=0.012064  dMax=0.893582  Dlo=0.006032  Dhi=0.452823  err=0.000000  inc=0.120000  bucket 4->4  (mf=600)
[MF-SEL] tPrev=(  d=0.013352  dMin=0.000000  dAvg=0.012071  dMax=0.893582  Dlo=0.006035  Dhi=0.452826  err=0.000000  inc=0.120000  bucket 4->4  (mf=600)
[MF-SEL] tPrev=(  d=0.012811  dMin=0.000000  dAvg=0.012074  dMax=0.893582  Dlo=0.006037  Dhi=0.452828  err=0.000000  inc=0.120000  bucket 4->4  (mf=600)
[MF-SEL] tPrev=(  d=0.011653  dMin=0.000000  dAvg=0.012072  dMax=0.893582  Dlo=0.006036  Dhi=0.452827  err=0.000000  inc=0.120000  bucket 4->4  (mf=600)
[MF-SEL] tPrev=(  d=0.010806  dMin=0.000000  dAvg=0.012066  dMax=0.893582  Dlo=0.006033  Dhi=0.452824  err=0.000000  inc=0.120000  bucket 4->4  (mf=600)
[MF-SEL] tPrev=(  d=0.012858  dMin=0.000000  dAvg=0.012070  dMax=0.893582  Dlo=0.006035  Dhi=0.452826  err=0.000000  inc=0.120000  bucket 4->4  (mf=600)
[MF-SEL] tPrev=(  d=0.008588  dMin=0.000000  dAvg=0.012053  dMax=0.893582  Dlo=0.006026  Dhi=0.452817  err=0.000000  inc=0.120000  bucket 4->4  (mf=600)
[MF-SEL] tPrev=(  d=0.008800  dMin=0.000000  dAvg=0.012037  dMax=0.893582  Dlo=0.006019  Dhi=0.452810  err=0.000000  inc=0.120000  bucket 4->4  (mf=600)
[MF-SEL] tPrev=(  d=0.009960  dMin=0.000000  dAvg=0.012027  dMax=0.893582  Dlo=0.006014  Dhi=0.452805  err=0.000000  inc=0.120000  bucket 4->4  (mf=600)
[MF-SEL] tPrev=(  d=0.011291  dMin=0.000000  dAvg=0.012024  dMax=0.893582  Dlo=0.006012  Dhi=0.452803  err=0.000000  inc=0.120000  bucket 4->4  (mf=600)
[MF-SEL] tPrev=(  d=0.012786  dMin=0.000000  dAvg=0.012027  dMax=0.893582  Dlo=0.006014  Dhi=0.452805  err=0.000000  inc=0.120000  bucket 4->4  (mf=600)
[MF-SEL] tPrev=(  d=0.014517  dMin=0.000000  dAvg=0.012039  dMax=0.893582  Dlo=0.006020  Dhi=0.452811  err=0.000000  inc=0.120000  bucket 4->4  (mf=600)
[MF-SEL] tPrev=(  d=0.016762  dMin=0.000000  dAvg=0.012061  dMax=0.893582  Dlo=0.006031  Dhi=0.452822  err=0.000000  inc=0.120000  bucket 4->4  (mf=600)
[MF-SEL] tPrev=(  d=0.018790  dMin=0.000000  dAvg=0.012093  dMax=0.893582  Dlo=0.006047  Dhi=0.452838  err=0.000000  inc=0.120000  bucket 4->4  (mf=600)
[MF-SEL] tPrev=(  d=0.020636  dMin=0.000000  dAvg=0.012133  dMax=0.893582  Dlo=0.006066  Dhi=0.452857  err=0.000000  inc=0.120000  bucket 4->4  (mf=600)
[MF-SEL] tPrev=(  d=0.015623  dMin=0.000000  dAvg=0.012149  dMax=0.893582  Dlo=0.006075  Dhi=0.452866  err=0.000000  inc=0.120000  bucket 4->4  (mf=600)
[MF-SEL] tPrev=(  d=0.022746  dMin=0.000000  dAvg=0.012198  dMax=0.893582  Dlo=0.006099  Dhi=0.452890  err=0.000000  inc=0.120000  bucket 4->4  (mf=600)
Dropping frame 1413393223.155760
[MF-SEL] tPrev=(  d=0.047427  dMin=0.000000  dAvg=0.012361  dMax=0.893582  Dlo=0.006180  Dhi=0.452971  err=0.000000  inc=0.120000  bucket 4->4  (mf=600)
[MF-SEL] tPrev=(  d=0.029882  dMin=0.000000  dAvg=0.012441  dMax=0.893582  Dlo=0.006220  Dhi=0.453011  err=0.000000  inc=0.120000  bucket 4->4  (mf=600)
[MF-SEL] tPrev=(  d=0.025199  dMin=0.000000  dAvg=0.012499  dMax=0.893582  Dlo=0.006250  Dhi=0.453041  err=0.000000  inc=0.120000  bucket 4->4  (mf=600)
[MF-SEL] tPrev=(  d=0.025075  dMin=0.000000  dAvg=0.012556  dMax=0.893582  Dlo=0.006278  Dhi=0.453069  err=0.000000  inc=0.120000  bucket 4->4  (mf=600)
[MF-SEL] tPrev=(  d=0.025683  dMin=0.000000  dAvg=0.012616  dMax=0.893582  Dlo=0.006308  Dhi=0.453099  err=0.000000  inc=0.120000  bucket 4->4  (mf=600)
[MF-SEL] tPrev=(  d=0.023932  dMin=0.000000  dAvg=0.012667  dMax=0.893582  Dlo=0.006333  Dhi=0.453124  err=0.000000  inc=0.120000  bucket 4->4  (mf=600)
[MF-SEL] tPrev=(  d=0.028359  dMin=0.000000  dAvg=0.012737  dMax=0.893582  Dlo=0.006369  Dhi=0.453160  err=0.000000  inc=0.120000  bucket 4->4  (mf=600)
[MF-SEL] tPrev=(  d=0.030502  dMin=0.000000  dAvg=0.012816  dMax=0.893582  Dlo=0.006408  Dhi=0.453199  err=0.000000  inc=0.120000  bucket 4->4  (mf=600)
[MF-SEL] tPrev=(  d=0.032465  dMin=0.000000  dAvg=0.012904  dMax=0.893582  Dlo=0.006452  Dhi=0.453243  err=0.000000  inc=0.120000  bucket 4->4  (mf=600)
[MF-SEL] tPrev=(  d=0.029366  dMin=0.000000  dAvg=0.012977  dMax=0.893582  Dlo=0.006488  Dhi=0.453279  err=0.000000  inc=0.120000  bucket 4->4  (mf=600)
[MF-SEL] tPrev=(  d=0.033307  dMin=0.000000  dAvg=0.013066  dMax=0.893582  Dlo=0.006533  Dhi=0.453324  err=0.000000  inc=0.120000  bucket 4->4  (mf=600)
[MF-SEL] tPrev=(  d=0.031469  dMin=0.000000  dAvg=0.013147  dMax=0.893582  Dlo=0.006573  Dhi=0.453364  err=0.000000  inc=0.120000  bucket 4->4  (mf=600)
[MF-SEL] tPrev=(  d=0.025692  dMin=0.000000  dAvg=0.013202  dMax=0.893582  Dlo=0.006601  Dhi=0.453392  err=0.000000  inc=0.120000  bucket 4->4  (mf=600)
[MF-SEL] tPrev=(  d=0.026617  dMin=0.000000  dAvg=0.013260  dMax=0.893582  Dlo=0.006630  Dhi=0.453421  err=0.000000  inc=0.120000  bucket 4->4  (mf=600)
[MF-SEL] tPrev=(  d=0.025361  dMin=0.000000  dAvg=0.013312  dMax=0.893582  Dlo=0.006656  Dhi=0.453447  err=0.000000  inc=0.120000  bucket 4->4  (mf=600)
[MF-SEL] tPrev=(  d=0.024672  dMin=0.000000  dAvg=0.013361  dMax=0.893582  Dlo=0.006681  Dhi=0.453472  err=0.000000  inc=0.120000  bucket 4->4  (mf=600)
[MF-SEL] tPrev=(  d=0.034405  dMin=0.000000  dAvg=0.013452  dMax=0.893582  Dlo=0.006726  Dhi=0.453517  err=0.000000  inc=0.120000  bucket 4->4  (mf=600)
[MF-SEL] tPrev=(  d=0.025170  dMin=0.000000  dAvg=0.013502  dMax=0.893582  Dlo=0.006751  Dhi=0.453542  err=0.000000  inc=0.120000  bucket 4->4  (mf=600)
[MF-SEL] tPrev=(  d=0.025106  dMin=0.000000  dAvg=0.013551  dMax=0.893582  Dlo=0.006776  Dhi=0.453567  err=0.000000  inc=0.120000  bucket 4->4  (mf=600)
[MF-SEL] tPrev=(  d=0.024578  dMin=0.000000  dAvg=0.013598  dMax=0.893582  Dlo=0.006799  Dhi=0.453590  err=0.000000  inc=0.120000  bucket 4->4  (mf=600)
[MF-SEL] tPrev=(  d=0.023275  dMin=0.000000  dAvg=0.013639  dMax=0.893582  Dlo=0.006819  Dhi=0.453610  err=0.000000  inc=0.120000  bucket 4->4  (mf=600)
[MF-SEL] tPrev=(  d=0.025151  dMin=0.000000  dAvg=0.013687  dMax=0.893582  Dlo=0.006844  Dhi=0.453635  err=0.000000  inc=0.120000  bucket 4->4  (mf=600)
[MF-SEL] tPrev=(  d=0.025594  dMin=0.000000  dAvg=0.013737  dMax=0.893582  Dlo=0.006868  Dhi=0.453659  err=0.000000  inc=0.120000  bucket 4->4  (mf=600)
[MF-SEL] tPrev=(  d=0.023695  dMin=0.000000  dAvg=0.013778  dMax=0.893582  Dlo=0.006889  Dhi=0.453680  err=0.000000  inc=0.120000  bucket 4->4  (mf=600)
[MF-SEL] tPrev=(  d=0.028244  dMin=0.000000  dAvg=0.013838  dMax=0.893582  Dlo=0.006919  Dhi=0.453710  err=0.000000  inc=0.120000  bucket 4->4  (mf=600)
[MF-SEL] tPrev=(  d=0.029582  dMin=0.000000  dAvg=0.013903  dMax=0.893582  Dlo=0.006952  Dhi=0.453743  err=0.000000  inc=0.120000  bucket 4->4  (mf=600)
[MF-SEL] tPrev=(  d=0.031620  dMin=0.000000  dAvg=0.013976  dMax=0.893582  Dlo=0.006988  Dhi=0.453779  err=0.000000  inc=0.120000  bucket 4->4  (mf=600)
[MF-SEL] tPrev=(  d=0.031612  dMin=0.000000  dAvg=0.014049  dMax=0.893582  Dlo=0.007024  Dhi=0.453815  err=0.000000  inc=0.120000  bucket 4->4  (mf=600)
[MF-SEL] tPrev=(  d=0.031588  dMin=0.000000  dAvg=0.014120  dMax=0.893582  Dlo=0.007060  Dhi=0.453851  err=0.000000  inc=0.120000  bucket 4->4  (mf=600)
[MF-SEL] tPrev=(  d=0.030638  dMin=0.000000  dAvg=0.014187  dMax=0.893582  Dlo=0.007094  Dhi=0.453885  err=0.000000  inc=0.120000  bucket 4->4  (mf=600)
[MF-SEL] tPrev=(  d=0.030319  dMin=0.000000  dAvg=0.014253  dMax=0.893582  Dlo=0.007126  Dhi=0.453917  err=0.000000  inc=0.120000  bucket 4->4  (mf=600)
[MF-SEL] tPrev=(  d=0.027281  dMin=0.000000  dAvg=0.014305  dMax=0.893582  Dlo=0.007153  Dhi=0.453944  err=0.000000  inc=0.120000  bucket 4->4  (mf=600)
[MF-SEL] tPrev=(  d=0.025510  dMin=0.000000  dAvg=0.014350  dMax=0.893582  Dlo=0.007175  Dhi=0.453966  err=0.000000  inc=0.120000  bucket 4->4  (mf=600)
[MF-SEL] tPrev=(  d=0.022678  dMin=0.000000  dAvg=0.014384  dMax=0.893582  Dlo=0.007192  Dhi=0.453983  err=0.000000  inc=0.120000  bucket 4->4  (mf=600)
[MF-SEL] tPrev=(  d=0.023475  dMin=0.000000  dAvg=0.014420  dMax=0.893582  Dlo=0.007210  Dhi=0.454001  err=0.000000  inc=0.120000  bucket 4->4  (mf=600)
[MF-SEL] tPrev=(  d=0.016960  dMin=0.000000  dAvg=0.014430  dMax=0.893582  Dlo=0.007215  Dhi=0.454006  err=0.000000  inc=0.120000  bucket 4->4  (mf=600)
[MF-SEL] tPrev=(  d=0.014135  dMin=0.000000  dAvg=0.014429  dMax=0.893582  Dlo=0.007214  Dhi=0.454005  err=0.000000  inc=0.120000  bucket 4->4  (mf=600)
[MF-SEL] tPrev=(  d=0.012987  dMin=0.000000  dAvg=0.014423  dMax=0.893582  Dlo=0.007211  Dhi=0.454002  err=0.000000  inc=0.120000  bucket 4->4  (mf=600)
[MF-SEL] tPrev=(  d=0.025770  dMin=0.000000  dAvg=0.014467  dMax=0.893582  Dlo=0.007234  Dhi=0.454025  err=0.000000  inc=0.120000  bucket 4->4  (mf=600)
[MF-SEL] tPrev=(  d=0.013197  dMin=0.000000  dAvg=0.014463  dMax=0.893582  Dlo=0.007231  Dhi=0.454022  err=0.000000  inc=0.120000  bucket 4->4  (mf=600)
[MF-SEL] tPrev=(  d=0.013128  dMin=0.000000  dAvg=0.014457  dMax=0.893582  Dlo=0.007229  Dhi=0.454020  err=0.000000  inc=0.120000  bucket 4->4  (mf=600)
[MF-SEL] tPrev=(  d=0.012947  dMin=0.000000  dAvg=0.014451  dMax=0.893582  Dlo=0.007226  Dhi=0.454017  err=0.000000  inc=0.120000  bucket 4->4  (mf=600)
[MF-SEL] tPrev=(  d=0.033066  dMin=0.000000  dAvg=0.014523  dMax=0.893582  Dlo=0.007262  Dhi=0.454053  err=0.000000  inc=0.120000  bucket 4->4  (mf=600)
[MF-SEL] tPrev=(  d=0.014160  dMin=0.000000  dAvg=0.014522  dMax=0.893582  Dlo=0.007261  Dhi=0.454052  err=0.000000  inc=0.120000  bucket 4->4  (mf=600)
[MF-SEL] tPrev=(  d=0.014197  dMin=0.000000  dAvg=0.014521  dMax=0.893582  Dlo=0.007260  Dhi=0.454051  err=0.000000  inc=0.120000  bucket 4->4  (mf=600)
[MF-SEL] tPrev=(  d=0.014718  dMin=0.000000  dAvg=0.014521  dMax=0.893582  Dlo=0.007261  Dhi=0.454052  err=0.000000  inc=0.120000  bucket 4->4  (mf=600)
[MF-SEL] tPrev=(  d=0.015334  dMin=0.000000  dAvg=0.014525  dMax=0.893582  Dlo=0.007262  Dhi=0.454053  err=0.000000  inc=0.120000  bucket 4->4  (mf=600)
[MF-SEL] tPrev=(  d=0.015033  dMin=0.000000  dAvg=0.014526  dMax=0.893582  Dlo=0.007263  Dhi=0.454054  err=0.000000  inc=0.120000  bucket 4->4  (mf=600)
[MF-SEL] tPrev=(  d=0.015448  dMin=0.000000  dAvg=0.014530  dMax=0.893582  Dlo=0.007265  Dhi=0.454056  err=0.000000  inc=0.120000  bucket 4->4  (mf=600)
[MF-SEL] tPrev=(  d=0.025276  dMin=0.000000  dAvg=0.014570  dMax=0.893582  Dlo=0.007285  Dhi=0.454076  err=0.000000  inc=0.120000  bucket 4->4  (mf=600)
[MF-SEL] tPrev=(  d=0.016066  dMin=0.000000  dAvg=0.014576  dMax=0.893582  Dlo=0.007288  Dhi=0.454079  err=0.000000  inc=0.120000  bucket 4->4  (mf=600)
[MF-SEL] tPrev=(  d=0.016361  dMin=0.000000  dAvg=0.014583  dMax=0.893582  Dlo=0.007291  Dhi=0.454082  err=0.000000  inc=0.120000  bucket 4->4  (mf=600)
[MF-SEL] tPrev=(  d=0.018150  dMin=0.000000  dAvg=0.014596  dMax=0.893582  Dlo=0.007298  Dhi=0.454089  err=0.000000  inc=0.120000  bucket 4->4  (mf=600)
[MF-SEL] tPrev=(  d=0.015575  dMin=0.000000  dAvg=0.014599  dMax=0.893582  Dlo=0.007300  Dhi=0.454091  err=0.000000  inc=0.120000  bucket 4->4  (mf=600)
[MF-SEL] tPrev=(  d=0.014959  dMin=0.000000  dAvg=0.014601  dMax=0.893582  Dlo=0.007300  Dhi=0.454091  err=0.000000  inc=0.120000  bucket 4->4  (mf=600)
[MF-SEL] tPrev=(  d=0.016800  dMin=0.000000  dAvg=0.014609  dMax=0.893582  Dlo=0.007304  Dhi=0.454095  err=0.000000  inc=0.120000  bucket 4->4  (mf=600)
[MF-SEL] tPrev=(  d=0.017741  dMin=0.000000  dAvg=0.014620  dMax=0.893582  Dlo=0.007310  Dhi=0.454101  err=0.000000  inc=0.120000  bucket 4->4  (mf=600)
[MF-SEL] tPrev=(  d=0.018712  dMin=0.000000  dAvg=0.014635  dMax=0.893582  Dlo=0.007318  Dhi=0.454109  err=0.000000  inc=0.120000  bucket 4->4  (mf=600)
[MF-SEL] tPrev=(  d=0.017972  dMin=0.000000  dAvg=0.014647  dMax=0.893582  Dlo=0.007324  Dhi=0.454115  err=0.000000  inc=0.120000  bucket 4->4  (mf=600)
[MF-SEL] tPrev=(  d=0.016629  dMin=0.000000  dAvg=0.014655  dMax=0.893582  Dlo=0.007327  Dhi=0.454118  err=0.000000  inc=0.120000  bucket 4->4  (mf=600)
[MF-SEL] tPrev=(  d=0.015330  dMin=0.000000  dAvg=0.014657  dMax=0.893582  Dlo=0.007329  Dhi=0.454120  err=0.000000  inc=0.120000  bucket 4->4  (mf=600)
[MF-SEL] tPrev=(  d=0.013681  dMin=0.000000  dAvg=0.014654  dMax=0.893582  Dlo=0.007327  Dhi=0.454118  err=0.000000  inc=0.120000  bucket 4->4  (mf=600)
[MF-SEL] tPrev=(  d=0.012889  dMin=0.000000  dAvg=0.014647  dMax=0.893582  Dlo=0.007324  Dhi=0.454115  err=0.000000  inc=0.120000  bucket 4->4  (mf=600)
[MF-SEL] tPrev=(  d=0.012440  dMin=0.000000  dAvg=0.014639  dMax=0.893582  Dlo=0.007320  Dhi=0.454111  err=0.000000  inc=0.120000  bucket 4->4  (mf=600)
[MF-SEL] tPrev=(  d=0.011957  dMin=0.000000  dAvg=0.014630  dMax=0.893582  Dlo=0.007315  Dhi=0.454106  err=0.000000  inc=0.120000  bucket 4->4  (mf=600)
[MF-SEL] tPrev=(  d=0.012682  dMin=0.000000  dAvg=0.014623  dMax=0.893582  Dlo=0.007311  Dhi=0.454102  err=0.000000  inc=0.120000  bucket 4->4  (mf=600)
[MF-SEL] tPrev=(  d=0.013344  dMin=0.000000  dAvg=0.014618  dMax=0.893582  Dlo=0.007309  Dhi=0.454100  err=0.000000  inc=0.120000  bucket 4->4  (mf=600)
[MF-SEL] tPrev=(  d=0.029628  dMin=0.000000  dAvg=0.014671  dMax=0.893582  Dlo=0.007336  Dhi=0.454127  err=0.000000  inc=0.120000  bucket 4->4  (mf=600)
[MF-SEL] tPrev=(  d=0.016563  dMin=0.000000  dAvg=0.014678  dMax=0.893582  Dlo=0.007339  Dhi=0.454130  err=0.000000  inc=0.120000  bucket 4->4  (mf=600)
[MF-SEL] tPrev=(  d=0.017447  dMin=0.000000  dAvg=0.014688  dMax=0.893582  Dlo=0.007344  Dhi=0.454135  err=0.000000  inc=0.120000  bucket 4->4  (mf=600)
[MF-SEL] tPrev=(  d=0.018350  dMin=0.000000  dAvg=0.014700  dMax=0.893582  Dlo=0.007350  Dhi=0.454141  err=0.000000  inc=0.120000  bucket 4->4  (mf=600)
[MF-SEL] tPrev=(  d=0.018956  dMin=0.000000  dAvg=0.014715  dMax=0.893582  Dlo=0.007358  Dhi=0.454149  err=0.000000  inc=0.120000  bucket 4->4  (mf=600)
[MF-SEL] tPrev=(  d=0.019201  dMin=0.000000  dAvg=0.014731  dMax=0.893582  Dlo=0.007365  Dhi=0.454156  err=0.000000  inc=0.120000  bucket 4->4  (mf=600)
[MF-SEL] tPrev=(  d=0.019583  dMin=0.000000  dAvg=0.014747  dMax=0.893582  Dlo=0.007374  Dhi=0.454165  err=0.000000  inc=0.120000  bucket 4->4  (mf=600)
[MF-SEL] tPrev=(  d=0.019881  dMin=0.000000  dAvg=0.014765  dMax=0.893582  Dlo=0.007382  Dhi=0.454173  err=0.000000  inc=0.120000  bucket 4->4  (mf=600)
[MF-SEL] tPrev=(  d=0.020041  dMin=0.000000  dAvg=0.014783  dMax=0.893582  Dlo=0.007392  Dhi=0.454183  err=0.000000  inc=0.120000  bucket 4->4  (mf=600)
[MF-SEL] tPrev=(  d=0.020319  dMin=0.000000  dAvg=0.014802  dMax=0.893582  Dlo=0.007401  Dhi=0.454192  err=0.000000  inc=0.120000  bucket 4->4  (mf=600)
[MF-SEL] tPrev=(  d=0.015396  dMin=0.000000  dAvg=0.014804  dMax=0.893582  Dlo=0.007402  Dhi=0.454193  err=0.000000  inc=0.120000  bucket 4->4  (mf=600)
[MF-SEL] tPrev=(  d=0.021301  dMin=0.000000  dAvg=0.014826  dMax=0.893582  Dlo=0.007413  Dhi=0.454204  err=0.000000  inc=0.120000  bucket 4->4  (mf=600)
[MF-SEL] tPrev=(  d=0.021596  dMin=0.000000  dAvg=0.014849  dMax=0.893582  Dlo=0.007424  Dhi=0.454215  err=0.000000  inc=0.120000  bucket 4->4  (mf=600)
[MF-SEL] tPrev=(  d=0.021820  dMin=0.000000  dAvg=0.014872  dMax=0.893582  Dlo=0.007436  Dhi=0.454227  err=0.000000  inc=0.120000  bucket 4->4  (mf=600)
[MF-SEL] tPrev=(  d=0.022000  dMin=0.000000  dAvg=0.014896  dMax=0.893582  Dlo=0.007448  Dhi=0.454239  err=0.000000  inc=0.120000  bucket 4->4  (mf=600)
[MF-SEL] tPrev=(  d=0.021676  dMin=0.000000  dAvg=0.014919  dMax=0.893582  Dlo=0.007459  Dhi=0.454250  err=0.000000  inc=0.120000  bucket 4->4  (mf=600)
[MF-SEL] tPrev=(  d=0.021687  dMin=0.000000  dAvg=0.014941  dMax=0.893582  Dlo=0.007471  Dhi=0.454262  err=0.000000  inc=0.120000  bucket 4->4  (mf=600)
[MF-SEL] tPrev=(  d=0.026649  dMin=0.000000  dAvg=0.014980  dMax=0.893582  Dlo=0.007490  Dhi=0.454281  err=0.000000  inc=0.120000  bucket 4->4  (mf=600)
[MF-SEL] tPrev=(  d=0.021505  dMin=0.000000  dAvg=0.015002  dMax=0.893582  Dlo=0.007501  Dhi=0.454292  err=0.000000  inc=0.120000  bucket 4->4  (mf=600)
[MF-SEL] tPrev=(  d=0.021442  dMin=0.000000  dAvg=0.015023  dMax=0.893582  Dlo=0.007512  Dhi=0.454303  err=0.000000  inc=0.120000  bucket 4->4  (mf=600)
[MF-SEL] tPrev=(  d=0.021529  dMin=0.000000  dAvg=0.015045  dMax=0.893582  Dlo=0.007522  Dhi=0.454313  err=0.000000  inc=0.120000  bucket 4->4  (mf=600)
[MF-SEL] tPrev=(  d=0.021495  dMin=0.000000  dAvg=0.015066  dMax=0.893582  Dlo=0.007533  Dhi=0.454324  err=0.000000  inc=0.120000  bucket 4->4  (mf=600)
[MF-SEL] tPrev=(  d=0.021180  dMin=0.000000  dAvg=0.015086  dMax=0.893582  Dlo=0.007543  Dhi=0.454334  err=0.000000  inc=0.120000  bucket 4->4  (mf=600)
[MF-SEL] tPrev=(  d=0.020907  dMin=0.000000  dAvg=0.015105  dMax=0.893582  Dlo=0.007552  Dhi=0.454343  err=0.000000  inc=0.120000  bucket 4->4  (mf=600)
[MF-SEL] tPrev=(  d=0.020875  dMin=0.000000  dAvg=0.015123  dMax=0.893582  Dlo=0.007562  Dhi=0.454353  err=0.000000  inc=0.120000  bucket 4->4  (mf=600)
[MF-SEL] tPrev=(  d=0.020497  dMin=0.000000  dAvg=0.015141  dMax=0.893582  Dlo=0.007570  Dhi=0.454361  err=0.000000  inc=0.120000  bucket 4->4  (mf=600)
[MF-SEL] tPrev=(  d=0.026225  dMin=0.000000  dAvg=0.015177  dMax=0.893582  Dlo=0.007588  Dhi=0.454379  err=0.000000  inc=0.120000  bucket 4->4  (mf=600)
[MF-SEL] tPrev=(  d=0.020001  dMin=0.000000  dAvg=0.015192  dMax=0.893582  Dlo=0.007596  Dhi=0.454387  err=0.000000  inc=0.120000  bucket 4->4  (mf=600)
[MF-SEL] tPrev=(  d=0.019745  dMin=0.000000  dAvg=0.015207  dMax=0.893582  Dlo=0.007603  Dhi=0.454394  err=0.000000  inc=0.120000  bucket 4->4  (mf=600)
[MF-SEL] tPrev=(  d=0.019393  dMin=0.000000  dAvg=0.015220  dMax=0.893582  Dlo=0.007610  Dhi=0.454401  err=0.000000  inc=0.120000  bucket 4->4  (mf=600)
[MF-SEL] tPrev=(  d=0.016692  dMin=0.000000  dAvg=0.015225  dMax=0.893582  Dlo=0.007612  Dhi=0.454403  err=0.000000  inc=0.120000  bucket 4->4  (mf=600)
[MF-SEL] tPrev=(  d=0.018779  dMin=0.000000  dAvg=0.015236  dMax=0.893582  Dlo=0.007618  Dhi=0.454409  err=0.000000  inc=0.120000  bucket 4->4  (mf=600)
[MF-SEL] tPrev=(  d=0.018780  dMin=0.000000  dAvg=0.015247  dMax=0.893582  Dlo=0.007624  Dhi=0.454415  err=0.000000  inc=0.120000  bucket 4->4  (mf=600)
[MF-SEL] tPrev=(  d=0.018588  dMin=0.000000  dAvg=0.015258  dMax=0.893582  Dlo=0.007629  Dhi=0.454420  err=0.000000  inc=0.120000  bucket 4->4  (mf=600)
[MF-SEL] tPrev=(  d=0.018516  dMin=0.000000  dAvg=0.015268  dMax=0.893582  Dlo=0.007634  Dhi=0.454425  err=0.000000  inc=0.120000  bucket 4->4  (mf=600)
[MF-SEL] tPrev=(  d=0.018495  dMin=0.000000  dAvg=0.015278  dMax=0.893582  Dlo=0.007639  Dhi=0.454430  err=0.000000  inc=0.120000  bucket 4->4  (mf=600)
[MF-SEL] tPrev=(  d=0.018571  dMin=0.000000  dAvg=0.015288  dMax=0.893582  Dlo=0.007644  Dhi=0.454435  err=0.000000  inc=0.120000  bucket 4->4  (mf=600)
[MF-SEL] tPrev=(  d=0.019204  dMin=0.000000  dAvg=0.015301  dMax=0.893582  Dlo=0.007650  Dhi=0.454441  err=0.000000  inc=0.120000  bucket 4->4  (mf=600)
[MF-SEL] tPrev=(  d=0.034141  dMin=0.000000  dAvg=0.015359  dMax=0.893582  Dlo=0.007680  Dhi=0.454471  err=0.000000  inc=0.120000  bucket 4->4  (mf=600)
[MF-SEL] tPrev=(  d=0.019292  dMin=0.000000  dAvg=0.015371  dMax=0.893582  Dlo=0.007686  Dhi=0.454477  err=0.000000  inc=0.120000  bucket 4->4  (mf=600)
[MF-SEL] tPrev=(  d=0.019139  dMin=0.000000  dAvg=0.015383  dMax=0.893582  Dlo=0.007691  Dhi=0.454482  err=0.000000  inc=0.120000  bucket 4->4  (mf=600)
[MF-SEL] tPrev=(  d=0.018873  dMin=0.000000  dAvg=0.015394  dMax=0.893582  Dlo=0.007697  Dhi=0.454488  err=0.000000  inc=0.120000  bucket 4->4  (mf=600)
[MF-SEL] tPrev=(  d=0.018552  dMin=0.000000  dAvg=0.015403  dMax=0.893582  Dlo=0.007702  Dhi=0.454493  err=0.000000  inc=0.120000  bucket 4->4  (mf=600)
[MF-SEL] tPrev=(  d=0.018308  dMin=0.000000  dAvg=0.015412  dMax=0.893582  Dlo=0.007706  Dhi=0.454497  err=0.000000  inc=0.120000  bucket 4->4  (mf=600)
[MF-SEL] tPrev=(  d=0.018136  dMin=0.000000  dAvg=0.015421  dMax=0.893582  Dlo=0.007710  Dhi=0.454501  err=0.000000  inc=0.120000  bucket 4->4  (mf=600)
[MF-SEL] tPrev=(  d=0.018441  dMin=0.000000  dAvg=0.015430  dMax=0.893582  Dlo=0.007715  Dhi=0.454506  err=0.000000  inc=0.120000  bucket 4->4  (mf=600)
[MF-SEL] tPrev=(  d=0.026085  dMin=0.000000  dAvg=0.015462  dMax=0.893582  Dlo=0.007731  Dhi=0.454522  err=0.000000  inc=0.120000  bucket 4->4  (mf=600)
[MF-SEL] tPrev=(  d=0.019151  dMin=0.000000  dAvg=0.015473  dMax=0.893582  Dlo=0.007737  Dhi=0.454528  err=0.000000  inc=0.120000  bucket 4->4  (mf=600)
[MF-SEL] tPrev=(  d=0.019760  dMin=0.000000  dAvg=0.015486  dMax=0.893582  Dlo=0.007743  Dhi=0.454534  err=0.000000  inc=0.120000  bucket 4->4  (mf=600)
[MF-SEL] tPrev=(  d=0.020534  dMin=0.000000  dAvg=0.015501  dMax=0.893582  Dlo=0.007751  Dhi=0.454542  err=0.000000  inc=0.120000  bucket 4->4  (mf=600)
[MF-SEL] tPrev=(  d=0.022610  dMin=0.000000  dAvg=0.015523  dMax=0.893582  Dlo=0.007761  Dhi=0.454552  err=0.000000  inc=0.120000  bucket 4->4  (mf=600)
[MF-SEL] tPrev=(  d=0.022276  dMin=0.000000  dAvg=0.015543  dMax=0.893582  Dlo=0.007771  Dhi=0.454562  err=0.000000  inc=0.120000  bucket 4->4  (mf=600)
[MF-SEL] tPrev=(  d=0.022652  dMin=0.000000  dAvg=0.015564  dMax=0.893582  Dlo=0.007782  Dhi=0.454573  err=0.000000  inc=0.120000  bucket 4->4  (mf=600)
[MF-SEL] tPrev=(  d=0.023098  dMin=0.000000  dAvg=0.015586  dMax=0.893582  Dlo=0.007793  Dhi=0.454584  err=0.000000  inc=0.120000  bucket 4->4  (mf=600)
[MF-SEL] tPrev=(  d=0.030952  dMin=0.000000  dAvg=0.015632  dMax=0.893582  Dlo=0.007816  Dhi=0.454607  err=0.000000  inc=0.120000  bucket 4->4  (mf=600)
[MF-SEL] tPrev=(  d=0.024421  dMin=0.000000  dAvg=0.015658  dMax=0.893582  Dlo=0.007829  Dhi=0.454620  err=0.000000  inc=0.120000  bucket 4->4  (mf=600)
[MF-SEL] tPrev=(  d=0.024941  dMin=0.000000  dAvg=0.015685  dMax=0.893582  Dlo=0.007842  Dhi=0.454633  err=0.000000  inc=0.120000  bucket 4->4  (mf=600)
[MF-SEL] tPrev=(  d=0.025623  dMin=0.000000  dAvg=0.015714  dMax=0.893582  Dlo=0.007857  Dhi=0.454648  err=0.000000  inc=0.120000  bucket 4->4  (mf=600)
[MF-SEL] tPrev=(  d=0.036429  dMin=0.000000  dAvg=0.015775  dMax=0.893582  Dlo=0.007887  Dhi=0.454678  err=0.000000  inc=0.120000  bucket 4->4  (mf=600)
[MF-SEL] tPrev=(  d=0.026518  dMin=0.000000  dAvg=0.015806  dMax=0.893582  Dlo=0.007903  Dhi=0.454694  err=0.000000  inc=0.120000  bucket 4->4  (mf=600)
[MF-SEL] tPrev=(  d=0.028278  dMin=0.000000  dAvg=0.015842  dMax=0.893582  Dlo=0.007921  Dhi=0.454712  err=0.000000  inc=0.120000  bucket 4->4  (mf=600)
[MF-SEL] tPrev=(  d=0.026213  dMin=0.000000  dAvg=0.015872  dMax=0.893582  Dlo=0.007936  Dhi=0.454727  err=0.000000  inc=0.120000  bucket 4->4  (mf=600)
[MF-SEL] tPrev=(  d=0.034498  dMin=0.000000  dAvg=0.015926  dMax=0.893582  Dlo=0.007963  Dhi=0.454754  err=0.000000  inc=0.120000  bucket 4->4  (mf=600)
[MF-SEL] tPrev=(  d=0.026064  dMin=0.000000  dAvg=0.015955  dMax=0.893582  Dlo=0.007978  Dhi=0.454769  err=0.000000  inc=0.120000  bucket 4->4  (mf=600)
[MF-SEL] tPrev=(  d=0.026062  dMin=0.000000  dAvg=0.015984  dMax=0.893582  Dlo=0.007992  Dhi=0.454783  err=0.000000  inc=0.120000  bucket 4->4  (mf=600)
[MF-SEL] tPrev=(  d=0.026288  dMin=0.000000  dAvg=0.016014  dMax=0.893582  Dlo=0.008007  Dhi=0.454798  err=0.000000  inc=0.120000  bucket 4->4  (mf=600)
[MF-SEL] tPrev=(  d=0.031469  dMin=0.000000  dAvg=0.016058  dMax=0.893582  Dlo=0.008029  Dhi=0.454820  err=0.000000  inc=0.120000  bucket 4->4  (mf=600)
[MF-SEL] tPrev=(  d=0.027949  dMin=0.000000  dAvg=0.016092  dMax=0.893582  Dlo=0.008046  Dhi=0.454837  err=0.000000  inc=0.120000  bucket 4->4  (mf=600)
[MF-SEL] tPrev=(  d=0.029110  dMin=0.000000  dAvg=0.016129  dMax=0.893582  Dlo=0.008064  Dhi=0.454855  err=0.000000  inc=0.120000  bucket 4->4  (mf=600)
[MF-SEL] tPrev=(  d=0.024676  dMin=0.000000  dAvg=0.016153  dMax=0.893582  Dlo=0.008077  Dhi=0.454868  err=0.000000  inc=0.120000  bucket 4->4  (mf=600)
[MF-SEL] tPrev=(  d=0.031727  dMin=0.000000  dAvg=0.016197  dMax=0.893582  Dlo=0.008099  Dhi=0.454890  err=0.000000  inc=0.120000  bucket 4->4  (mf=600)
[MF-SEL] tPrev=(  d=0.032848  dMin=0.000000  dAvg=0.016244  dMax=0.893582  Dlo=0.008122  Dhi=0.454913  err=0.000000  inc=0.120000  bucket 4->4  (mf=600)
[MF-SEL] tPrev=(  d=0.033744  dMin=0.000000  dAvg=0.016293  dMax=0.893582  Dlo=0.008147  Dhi=0.454938  err=0.000000  inc=0.120000  bucket 4->4  (mf=600)
[MF-SEL] tPrev=(  d=0.034247  dMin=0.000000  dAvg=0.016343  dMax=0.893582  Dlo=0.008172  Dhi=0.454963  err=0.000000  inc=0.120000  bucket 4->4  (mf=600)
[MF-SEL] tPrev=(  d=0.043328  dMin=0.000000  dAvg=0.016419  dMax=0.893582  Dlo=0.008209  Dhi=0.455000  err=0.000000  inc=0.120000  bucket 4->4  (mf=600)
[MF-SEL] tPrev=(  d=0.036051  dMin=0.000000  dAvg=0.016474  dMax=0.893582  Dlo=0.008237  Dhi=0.455028  err=0.000000  inc=0.120000  bucket 4->4  (mf=600)
[MF-SEL] tPrev=(  d=0.036105  dMin=0.000000  dAvg=0.016528  dMax=0.893582  Dlo=0.008264  Dhi=0.455055  err=0.000000  inc=0.120000  bucket 4->4  (mf=600)
[MF-SEL] tPrev=(  d=0.036473  dMin=0.000000  dAvg=0.016583  dMax=0.893582  Dlo=0.008292  Dhi=0.455083  err=0.000000  inc=0.120000  bucket 4->4  (mf=600)
[MF-SEL] tPrev=(  d=0.029446  dMin=0.000000  dAvg=0.016619  dMax=0.893582  Dlo=0.008309  Dhi=0.455100  err=0.000000  inc=0.120000  bucket 4->4  (mf=600)
[MF-SEL] tPrev=(  d=0.036738  dMin=0.000000  dAvg=0.016674  dMax=0.893582  Dlo=0.008337  Dhi=0.455128  err=0.000000  inc=0.120000  bucket 4->4  (mf=600)
[MF-SEL] tPrev=(  d=0.036925  dMin=0.000000  dAvg=0.016730  dMax=0.893582  Dlo=0.008365  Dhi=0.455156  err=0.000000  inc=0.120000  bucket 4->4  (mf=600)
[MF-SEL] tPrev=(  d=0.035819  dMin=0.000000  dAvg=0.016782  dMax=0.893582  Dlo=0.008391  Dhi=0.455182  err=0.000000  inc=0.120000  bucket 4->4  (mf=600)
[MF-SEL] tPrev=(  d=0.037399  dMin=0.000000  dAvg=0.016839  dMax=0.893582  Dlo=0.008419  Dhi=0.455210  err=0.000000  inc=0.120000  bucket 4->4  (mf=600)
[MF-SEL] tPrev=(  d=0.038384  dMin=0.000000  dAvg=0.016897  dMax=0.893582  Dlo=0.008449  Dhi=0.455240  err=0.000000  inc=0.120000  bucket 4->4  (mf=600)
[MF-SEL] tPrev=(  d=0.041039  dMin=0.000000  dAvg=0.016963  dMax=0.893582  Dlo=0.008481  Dhi=0.455272  err=0.000000  inc=0.120000  bucket 4->4  (mf=600)
[MF-SEL] tPrev=(  d=0.038808  dMin=0.000000  dAvg=0.017022  dMax=0.893582  Dlo=0.008511  Dhi=0.455302  err=0.000000  inc=0.120000  bucket 4->4  (mf=600)
[MF-SEL] tPrev=(  d=0.039512  dMin=0.000000  dAvg=0.017083  dMax=0.893582  Dlo=0.008541  Dhi=0.455332  err=0.000000  inc=0.120000  bucket 4->4  (mf=600)
[MF-SEL] tPrev=(  d=0.034933  dMin=0.000000  dAvg=0.017131  dMax=0.893582  Dlo=0.008565  Dhi=0.455356  err=0.000000  inc=0.120000  bucket 4->4  (mf=600)
[MF-SEL] tPrev=(  d=0.040156  dMin=0.000000  dAvg=0.017193  dMax=0.893582  Dlo=0.008596  Dhi=0.455387  err=0.000000  inc=0.120000  bucket 4->4  (mf=600)
[MF-SEL] tPrev=(  d=0.040381  dMin=0.000000  dAvg=0.017255  dMax=0.893582  Dlo=0.008628  Dhi=0.455418  err=0.000000  inc=0.120000  bucket 4->4  (mf=600)
[MF-SEL] tPrev=(  d=0.044915  dMin=0.000000  dAvg=0.017329  dMax=0.893582  Dlo=0.008664  Dhi=0.455455  err=0.000000  inc=0.120000  bucket 4->4  (mf=600)
[MF-SEL] tPrev=(  d=0.040940  dMin=0.000000  dAvg=0.017392  dMax=0.893582  Dlo=0.008696  Dhi=0.455487  err=0.000000  inc=0.120000  bucket 4->4  (mf=600)
[MF-SEL] tPrev=(  d=0.041113  dMin=0.000000  dAvg=0.017455  dMax=0.893582  Dlo=0.008728  Dhi=0.455518  err=0.000000  inc=0.120000  bucket 4->4  (mf=600)
[MF-SEL] tPrev=(  d=0.033090  dMin=0.000000  dAvg=0.017496  dMax=0.893582  Dlo=0.008748  Dhi=0.455539  err=0.000000  inc=0.120000  bucket 4->4  (mf=600)
[MF-SEL] tPrev=(  d=0.041398  dMin=0.000000  dAvg=0.017560  dMax=0.893582  Dlo=0.008780  Dhi=0.455571  err=0.000000  inc=0.120000  bucket 4->4  (mf=600)
[MF-SEL] tPrev=(  d=0.041244  dMin=0.000000  dAvg=0.017622  dMax=0.893582  Dlo=0.008811  Dhi=0.455602  err=0.000000  inc=0.120000  bucket 4->4  (mf=600)
[MF-SEL] tPrev=(  d=0.042568  dMin=0.000000  dAvg=0.017688  dMax=0.893582  Dlo=0.008844  Dhi=0.455635  err=0.000000  inc=0.120000  bucket 4->4  (mf=600)
[MF-SEL] tPrev=(  d=0.041390  dMin=0.000000  dAvg=0.017750  dMax=0.893582  Dlo=0.008875  Dhi=0.455666  err=0.000000  inc=0.120000  bucket 4->4  (mf=600)
[MF-SEL] tPrev=(  d=0.041657  dMin=0.000000  dAvg=0.017813  dMax=0.893582  Dlo=0.008906  Dhi=0.455697  err=0.000000  inc=0.120000  bucket 4->4  (mf=600)
[MF-SEL] tPrev=(  d=0.037834  dMin=0.000000  dAvg=0.017865  dMax=0.893582  Dlo=0.008932  Dhi=0.455723  err=0.000000  inc=0.120000  bucket 4->4  (mf=600)
[MF-SEL] tPrev=(  d=0.041000  dMin=0.000000  dAvg=0.017925  dMax=0.893582  Dlo=0.008963  Dhi=0.455754  err=0.000000  inc=0.120000  bucket 4->4  (mf=600)
[MF-SEL] tPrev=(  d=0.055180  dMin=0.000000  dAvg=0.018022  dMax=0.893582  Dlo=0.009011  Dhi=0.455802  err=0.000000  inc=0.120000  bucket 4->4  (mf=600)
[MF-SEL] tPrev=(  d=0.039358  dMin=0.000000  dAvg=0.018077  dMax=0.893582  Dlo=0.009039  Dhi=0.455830  err=0.000000  inc=0.120000  bucket 4->4  (mf=600)
start VIBA 2
[MF-SEL] tPrev=(  d=0.034731  dMin=0.000000  dAvg=0.018120  dMax=0.893582  Dlo=0.009060  Dhi=0.455851  err=0.000000  inc=0.120000  bucket 4->4  (mf=600)
[MF-SEL] tPrev=(  d=0.035377  dMin=0.000000  dAvg=0.018165  dMax=0.893582  Dlo=0.009082  Dhi=0.455873  err=0.000000  inc=0.120000  bucket 4->4  (mf=600)
end VIBA 2
[MF-SEL] tPrev=(  d=2.209743  dMin=0.000000  dAvg=0.023799  dMax=2.209743  Dlo=0.011899  Dhi=1.116771  err=1.000000  inc=1.058211  bucket 4->5  (mf=510)
[MF-SEL] tPrev=(  d=0.031515  dMin=0.000000  dAvg=0.023818  dMax=2.209743  Dlo=0.011909  Dhi=1.116781  err=0.000000  inc=-0.184133  bucket 5->5  (mf=510)
[MF-SEL] tPrev=(  d=0.029943  dMin=0.000000  dAvg=0.023834  dMax=2.209743  Dlo=0.011917  Dhi=1.116789  err=0.000000  inc=0.122382  bucket 5->5  (mf=510)
[MF-SEL] tPrev=(  d=0.028490  dMin=0.000000  dAvg=0.023846  dMax=2.209743  Dlo=0.011923  Dhi=1.116794  err=0.000000  inc=0.122382  bucket 5->5  (mf=510)
[MF-SEL] tPrev=(  d=0.048775  dMin=0.000000  dAvg=0.023909  dMax=2.209743  Dlo=0.011955  Dhi=1.116826  err=0.000000  inc=0.122382  bucket 5->5  (mf=510)
[MF-SEL] tPrev=(  d=0.027347  dMin=0.000000  dAvg=0.023918  dMax=2.209743  Dlo=0.011959  Dhi=1.116831  err=0.000000  inc=0.122382  bucket 5->5  (mf=510)
[MF-SEL] tPrev=(  d=0.027636  dMin=0.000000  dAvg=0.023927  dMax=2.209743  Dlo=0.011964  Dhi=1.116835  err=0.000000  inc=0.122382  bucket 5->5  (mf=510)
[MF-SEL] tPrev=(  d=0.026410  dMin=0.000000  dAvg=0.023934  dMax=2.209743  Dlo=0.011967  Dhi=1.116838  err=0.000000  inc=0.122382  bucket 5->5  (mf=510)
[MF-SEL] tPrev=(  d=0.026401  dMin=0.000000  dAvg=0.023940  dMax=2.209743  Dlo=0.011970  Dhi=1.116841  err=0.000000  inc=0.122382  bucket 5->5  (mf=510)
[MF-SEL] tPrev=(  d=0.026398  dMin=0.000000  dAvg=0.023946  dMax=2.209743  Dlo=0.011973  Dhi=1.116845  err=0.000000  inc=0.122382  bucket 5->5  (mf=510)
[MF-SEL] tPrev=(  d=0.026563  dMin=0.000000  dAvg=0.023953  dMax=2.209743  Dlo=0.011976  Dhi=1.116848  err=0.000000  inc=0.122382  bucket 5->5  (mf=510)
[MF-SEL] tPrev=(  d=0.022989  dMin=0.000000  dAvg=0.023950  dMax=2.209743  Dlo=0.011975  Dhi=1.116847  err=0.000000  inc=0.122382  bucket 5->5  (mf=510)
[MF-SEL] tPrev=(  d=0.026893  dMin=0.000000  dAvg=0.023958  dMax=2.209743  Dlo=0.011979  Dhi=1.116850  err=0.000000  inc=0.122382  bucket 5->5  (mf=510)
[MF-SEL] tPrev=(  d=0.035003  dMin=0.000000  dAvg=0.023985  dMax=2.209743  Dlo=0.011993  Dhi=1.116864  err=0.000000  inc=0.122382  bucket 5->5  (mf=510)
[MF-SEL] tPrev=(  d=0.028642  dMin=0.000000  dAvg=0.023997  dMax=2.209743  Dlo=0.011998  Dhi=1.116870  err=0.000000  inc=0.122382  bucket 5->5  (mf=510)
[MF-SEL] tPrev=(  d=0.029407  dMin=0.000000  dAvg=0.024010  dMax=2.209743  Dlo=0.012005  Dhi=1.116877  err=0.000000  inc=0.122382  bucket 5->5  (mf=510)
[MF-SEL] tPrev=(  d=0.030333  dMin=0.000000  dAvg=0.024026  dMax=2.209743  Dlo=0.012013  Dhi=1.116884  err=0.000000  inc=0.122382  bucket 5->5  (mf=510)
[MF-SEL] tPrev=(  d=0.033787  dMin=0.000000  dAvg=0.024050  dMax=2.209743  Dlo=0.012025  Dhi=1.116896  err=0.000000  inc=0.122382  bucket 5->5  (mf=510)
[MF-SEL] tPrev=(  d=0.030702  dMin=0.000000  dAvg=0.024066  dMax=2.209743  Dlo=0.012033  Dhi=1.116905  err=0.000000  inc=0.122382  bucket 5->5  (mf=510)
[MF-SEL] tPrev=(  d=0.030771  dMin=0.000000  dAvg=0.024082  dMax=2.209743  Dlo=0.012041  Dhi=1.116913  err=0.000000  inc=0.122382  bucket 5->5  (mf=510)
[MF-SEL] tPrev=(  d=0.030993  dMin=0.000000  dAvg=0.024099  dMax=2.209743  Dlo=0.012050  Dhi=1.116921  err=0.000000  inc=0.122382  bucket 5->5  (mf=510)
[MF-SEL] tPrev=(  d=0.033431  dMin=0.000000  dAvg=0.024122  dMax=2.209743  Dlo=0.012061  Dhi=1.116933  err=0.000000  inc=0.122382  bucket 5->5  (mf=510)
[MF-SEL] tPrev=(  d=0.031930  dMin=0.000000  dAvg=0.024141  dMax=2.209743  Dlo=0.012071  Dhi=1.116942  err=0.000000  inc=0.122382  bucket 5->5  (mf=510)
[MF-SEL] tPrev=(  d=0.032235  dMin=0.000000  dAvg=0.024161  dMax=2.209743  Dlo=0.012080  Dhi=1.116952  err=0.000000  inc=0.122382  bucket 5->5  (mf=510)
[MF-SEL] tPrev=(  d=0.032257  dMin=0.000000  dAvg=0.024180  dMax=2.209743  Dlo=0.012090  Dhi=1.116962  err=0.000000  inc=0.122382  bucket 5->5  (mf=510)
[MF-SEL] tPrev=(  d=0.032600  dMin=0.000000  dAvg=0.024201  dMax=2.209743  Dlo=0.012100  Dhi=1.116972  err=0.000000  inc=0.122382  bucket 5->5  (mf=510)
[MF-SEL] tPrev=(  d=0.032726  dMin=0.000000  dAvg=0.024221  dMax=2.209743  Dlo=0.012111  Dhi=1.116982  err=0.000000  inc=0.122382  bucket 5->5  (mf=510)
[MF-SEL] tPrev=(  d=0.033036  dMin=0.000000  dAvg=0.024242  dMax=2.209743  Dlo=0.012121  Dhi=1.116993  err=0.000000  inc=0.122382  bucket 5->5  (mf=510)
[MF-SEL] tPrev=(  d=0.034366  dMin=0.000000  dAvg=0.024267  dMax=2.209743  Dlo=0.012133  Dhi=1.117005  err=0.000000  inc=0.122382  bucket 5->5  (mf=510)
[MF-SEL] tPrev=(  d=0.035074  dMin=0.000000  dAvg=0.024293  dMax=2.209743  Dlo=0.012146  Dhi=1.117018  err=0.000000  inc=0.122382  bucket 5->5  (mf=510)
[MF-SEL] tPrev=(  d=0.035742  dMin=0.000000  dAvg=0.024320  dMax=2.209743  Dlo=0.012160  Dhi=1.117031  err=0.000000  inc=0.122382  bucket 5->5  (mf=510)
[MF-SEL] tPrev=(  d=0.033539  dMin=0.000000  dAvg=0.024342  dMax=2.209743  Dlo=0.012171  Dhi=1.117042  err=0.000000  inc=0.122382  bucket 5->5  (mf=510)
[MF-SEL] tPrev=(  d=0.036723  dMin=0.000000  dAvg=0.024371  dMax=2.209743  Dlo=0.012186  Dhi=1.117057  err=0.000000  inc=0.122382  bucket 5->5  (mf=510)
[MF-SEL] tPrev=(  d=0.036855  dMin=0.000000  dAvg=0.024401  dMax=2.209743  Dlo=0.012200  Dhi=1.117072  err=0.000000  inc=0.122382  bucket 5->5  (mf=510)
[MF-SEL] tPrev=(  d=0.036906  dMin=0.000000  dAvg=0.024430  dMax=2.209743  Dlo=0.012215  Dhi=1.117087  err=0.000000  inc=0.122382  bucket 5->5  (mf=510)
[MF-SEL] tPrev=(  d=0.036475  dMin=0.000000  dAvg=0.024459  dMax=2.209743  Dlo=0.012229  Dhi=1.117101  err=0.000000  inc=0.122382  bucket 5->5  (mf=510)
[MF-SEL] tPrev=(  d=0.030642  dMin=0.000000  dAvg=0.024473  dMax=2.209743  Dlo=0.012237  Dhi=1.117108  err=0.000000  inc=0.122382  bucket 5->5  (mf=510)
[MF-SEL] tPrev=(  d=0.035690  dMin=0.000000  dAvg=0.024500  dMax=2.209743  Dlo=0.012250  Dhi=1.117121  err=0.000000  inc=0.122382  bucket 5->5  (mf=510)
[MF-SEL] tPrev=(  d=0.036124  dMin=0.000000  dAvg=0.024527  dMax=2.209743  Dlo=0.012263  Dhi=1.117135  err=0.000000  inc=0.122382  bucket 5->5  (mf=510)
[MF-SEL] tPrev=(  d=0.043218  dMin=0.000000  dAvg=0.024571  dMax=2.209743  Dlo=0.012285  Dhi=1.117157  err=0.000000  inc=0.122382  bucket 5->5  (mf=510)
[MF-SEL] tPrev=(  d=0.038242  dMin=0.000000  dAvg=0.024602  dMax=2.209743  Dlo=0.012301  Dhi=1.117173  err=0.000000  inc=0.122382  bucket 5->5  (mf=510)
[MF-SEL] tPrev=(  d=0.033736  dMin=0.000000  dAvg=0.024624  dMax=2.209743  Dlo=0.012312  Dhi=1.117183  err=0.000000  inc=0.122382  bucket 5->5  (mf=510)
[MF-SEL] tPrev=(  d=0.036898  dMin=0.000000  dAvg=0.024652  dMax=2.209743  Dlo=0.012326  Dhi=1.117198  err=0.000000  inc=0.122382  bucket 5->5  (mf=510)
[MF-SEL] tPrev=(  d=0.035018  dMin=0.000000  dAvg=0.024676  dMax=2.209743  Dlo=0.012338  Dhi=1.117210  err=0.000000  inc=0.122382  bucket 5->5  (mf=510)
[MF-SEL] tPrev=(  d=0.034505  dMin=0.000000  dAvg=0.024699  dMax=2.209743  Dlo=0.012349  Dhi=1.117221  err=0.000000  inc=0.122382  bucket 5->5  (mf=510)
[MF-SEL] tPrev=(  d=0.034915  dMin=0.000000  dAvg=0.024722  dMax=2.209743  Dlo=0.012361  Dhi=1.117233  err=0.000000  inc=0.122382  bucket 5->5  (mf=510)
[MF-SEL] tPrev=(  d=0.032266  dMin=0.000000  dAvg=0.024740  dMax=2.209743  Dlo=0.012370  Dhi=1.117241  err=0.000000  inc=0.122382  bucket 5->5  (mf=510)
[MF-SEL] tPrev=(  d=0.030146  dMin=0.000000  dAvg=0.024752  dMax=2.209743  Dlo=0.012376  Dhi=1.117248  err=0.000000  inc=0.122382  bucket 5->5  (mf=510)
[MF-SEL] tPrev=(  d=0.028457  dMin=0.000000  dAvg=0.024761  dMax=2.209743  Dlo=0.012380  Dhi=1.117252  err=0.000000  inc=0.122382  bucket 5->5  (mf=510)
[MF-SEL] tPrev=(  d=0.028039  dMin=0.000000  dAvg=0.024768  dMax=2.209743  Dlo=0.012384  Dhi=1.117256  err=0.000000  inc=0.122382  bucket 5->5  (mf=510)
[MF-SEL] tPrev=(  d=0.025749  dMin=0.000000  dAvg=0.024770  dMax=2.209743  Dlo=0.012385  Dhi=1.117257  err=0.000000  inc=0.122382  bucket 5->5  (mf=510)
[MF-SEL] tPrev=(  d=0.024043  dMin=0.000000  dAvg=0.024769  dMax=2.209743  Dlo=0.012384  Dhi=1.117256  err=0.000000  inc=0.122382  bucket 5->5  (mf=510)
[MF-SEL] tPrev=(  d=0.021514  dMin=0.000000  dAvg=0.024761  dMax=2.209743  Dlo=0.012381  Dhi=1.117252  err=0.000000  inc=0.122382  bucket 5->5  (mf=510)
[MF-SEL] tPrev=(  d=0.016194  dMin=0.000000  dAvg=0.024742  dMax=2.209743  Dlo=0.012371  Dhi=1.117242  err=0.000000  inc=0.122382  bucket 5->5  (mf=510)
[MF-SEL] tPrev=(  d=0.016134  dMin=0.000000  dAvg=0.024723  dMax=2.209743  Dlo=0.012361  Dhi=1.117233  err=0.000000  inc=0.122382  bucket 5->5  (mf=510)
[MF-SEL] tPrev=(  d=0.015710  dMin=0.000000  dAvg=0.024702  dMax=2.209743  Dlo=0.012351  Dhi=1.117223  err=0.000000  inc=0.122382  bucket 5->5  (mf=510)
[MF-SEL] tPrev=(  d=0.018050  dMin=0.000000  dAvg=0.024687  dMax=2.209743  Dlo=0.012344  Dhi=1.117215  err=0.000000  inc=0.122382  bucket 5->5  (mf=510)
[MF-SEL] tPrev=(  d=0.019926  dMin=0.000000  dAvg=0.024677  dMax=2.209743  Dlo=0.012338  Dhi=1.117210  err=0.000000  inc=0.122382  bucket 5->5  (mf=510)
[MF-SEL] tPrev=(  d=0.023368  dMin=0.000000  dAvg=0.024674  dMax=2.209743  Dlo=0.012337  Dhi=1.117208  err=0.000000  inc=0.122382  bucket 5->5  (mf=510)
[MF-SEL] tPrev=(  d=0.026905  dMin=0.000000  dAvg=0.024679  dMax=2.209743  Dlo=0.012339  Dhi=1.117211  err=0.000000  inc=0.122382  bucket 5->5  (mf=510)
[MF-SEL] tPrev=(  d=0.027639  dMin=0.000000  dAvg=0.024685  dMax=2.209743  Dlo=0.012343  Dhi=1.117214  err=0.000000  inc=0.122382  bucket 5->5  (mf=510)
[MF-SEL] tPrev=(  d=0.029776  dMin=0.000000  dAvg=0.024697  dMax=2.209743  Dlo=0.012348  Dhi=1.117220  err=0.000000  inc=0.122382  bucket 5->5  (mf=510)
[MF-SEL] tPrev=(  d=0.023926  dMin=0.000000  dAvg=0.024695  dMax=2.209743  Dlo=0.012347  Dhi=1.117219  err=0.000000  inc=0.122382  bucket 5->5  (mf=510)
[MF-SEL] tPrev=(  d=0.020417  dMin=0.000000  dAvg=0.024685  dMax=2.209743  Dlo=0.012343  Dhi=1.117214  err=0.000000  inc=0.122382  bucket 5->5  (mf=510)
[MF-SEL] tPrev=(  d=0.017280  dMin=0.000000  dAvg=0.024669  dMax=2.209743  Dlo=0.012335  Dhi=1.117206  err=0.000000  inc=0.122382  bucket 5->5  (mf=510)
[MF-SEL] tPrev=(  d=0.015603  dMin=0.000000  dAvg=0.024649  dMax=2.209743  Dlo=0.012325  Dhi=1.117196  err=0.000000  inc=0.122382  bucket 5->5  (mf=510)
[MF-SEL] tPrev=(  d=0.016692  dMin=0.000000  dAvg=0.024632  dMax=2.209743  Dlo=0.012316  Dhi=1.117187  err=0.000000  inc=0.122382  bucket 5->5  (mf=510)
[MF-SEL] tPrev=(  d=0.017661  dMin=0.000000  dAvg=0.024616  dMax=2.209743  Dlo=0.012308  Dhi=1.117180  err=0.000000  inc=0.122382  bucket 5->5  (mf=510)
[MF-SEL] tPrev=(  d=0.019755  dMin=0.000000  dAvg=0.024606  dMax=2.209743  Dlo=0.012303  Dhi=1.117174  err=0.000000  inc=0.122382  bucket 5->5  (mf=510)
[MF-SEL] tPrev=(  d=0.021008  dMin=0.000000  dAvg=0.024598  dMax=2.209743  Dlo=0.012299  Dhi=1.117170  err=0.000000  inc=0.122382  bucket 5->5  (mf=510)
[MF-SEL] tPrev=(  d=0.021055  dMin=0.000000  dAvg=0.024590  dMax=2.209743  Dlo=0.012295  Dhi=1.117167  err=0.000000  inc=0.122382  bucket 5->5  (mf=510)
[MF-SEL] tPrev=(  d=0.019900  dMin=0.000000  dAvg=0.024580  dMax=2.209743  Dlo=0.012290  Dhi=1.117161  err=0.000000  inc=0.122382  bucket 5->5  (mf=510)
[MF-SEL] tPrev=(  d=0.018589  dMin=0.000000  dAvg=0.024567  dMax=2.209743  Dlo=0.012283  Dhi=1.117155  err=0.000000  inc=0.122382  bucket 5->5  (mf=510)
[MF-SEL] tPrev=(  d=0.020952  dMin=0.000000  dAvg=0.024559  dMax=2.209743  Dlo=0.012280  Dhi=1.117151  err=0.000000  inc=0.122382  bucket 5->5  (mf=510)
[MF-SEL] tPrev=(  d=0.015242  dMin=0.000000  dAvg=0.024539  dMax=2.209743  Dlo=0.012269  Dhi=1.117141  err=0.000000  inc=0.122382  bucket 5->5  (mf=510)
[MF-SEL] tPrev=(  d=0.013528  dMin=0.000000  dAvg=0.024515  dMax=2.209743  Dlo=0.012258  Dhi=1.117129  err=0.000000  inc=0.122382  bucket 5->5  (mf=510)
[MF-SEL] tPrev=(  d=0.012099  dMin=0.000000  dAvg=0.024489  dMax=2.209743  Dlo=0.012244  Dhi=1.117116  err=-1.000000  inc=-0.793434  bucket 5->4  (mf=600)
[MF-SEL] tPrev=(  d=0.010363  dMin=0.000000  dAvg=0.024458  dMax=2.209743  Dlo=0.012229  Dhi=1.117101  err=-1.000000  inc=-0.482671  bucket 4->4  (mf=600)
[MF-SEL] tPrev=(  d=0.008871  dMin=0.000000  dAvg=0.024425  dMax=2.209743  Dlo=0.012212  Dhi=1.117084  err=-1.000000  inc=-0.485163  bucket 4->4  (mf=600)
[MF-SEL] tPrev=(  d=0.008528  dMin=0.000000  dAvg=0.024391  dMax=2.209743  Dlo=0.012195  Dhi=1.117067  err=-1.000000  inc=-0.487722  bucket 4->4  (mf=600)
[MF-SEL] tPrev=(  d=0.009519  dMin=0.000000  dAvg=0.024359  dMax=2.209743  Dlo=0.012180  Dhi=1.117051  err=-1.000000  inc=-0.490175  bucket 4->4  (mf=600)
[MF-SEL] tPrev=(  d=0.011390  dMin=0.000000  dAvg=0.024332  dMax=2.209743  Dlo=0.012166  Dhi=1.117037  err=-1.000000  inc=-0.492514  bucket 4->4  (mf=600)
[MF-SEL] tPrev=(  d=0.012871  dMin=0.000000  dAvg=0.024307  dMax=2.209743  Dlo=0.012154  Dhi=1.117025  err=0.000000  inc=0.425705  bucket 4->4  (mf=600)
[MF-SEL] tPrev=(  d=0.018031  dMin=0.000000  dAvg=0.024294  dMax=2.209743  Dlo=0.012147  Dhi=1.117018  err=0.000000  inc=0.107486  bucket 4->4  (mf=600)
[MF-SEL] tPrev=(  d=0.013121  dMin=0.000000  dAvg=0.024270  dMax=2.209743  Dlo=0.012135  Dhi=1.117007  err=0.000000  inc=0.107486  bucket 4->4  (mf=600)
[MF-SEL] tPrev=(  d=0.012504  dMin=0.000000  dAvg=0.024245  dMax=2.209743  Dlo=0.012123  Dhi=1.116994  err=0.000000  inc=0.107486  bucket 4->4  (mf=600)
[MF-SEL] tPrev=(  d=0.011487  dMin=0.000000  dAvg=0.024219  dMax=2.209743  Dlo=0.012109  Dhi=1.116981  err=-1.000000  inc=-0.925009  bucket 4->3  (mf=700)
[MF-SEL] tPrev=(  d=0.010027  dMin=0.000000  dAvg=0.024189  dMax=2.209743  Dlo=0.012094  Dhi=1.116966  err=-1.000000  inc=-0.497327  bucket 3->3  (mf=700)
[MF-SEL] tPrev=(  d=0.007175  dMin=0.000000  dAvg=0.024153  dMax=2.209743  Dlo=0.012077  Dhi=1.116948  err=-1.000000  inc=-0.499745  bucket 3->3  (mf=700)
[MF-SEL] tPrev=(  d=0.006438  dMin=0.000000  dAvg=0.024116  dMax=2.209743  Dlo=0.012058  Dhi=1.116930  err=-1.000000  inc=-0.502039  bucket 3->2  (mf=800)
[MF-SEL] tPrev=(  d=0.005089  dMin=0.000000  dAvg=0.024076  dMax=2.209743  Dlo=0.012038  Dhi=1.116910  err=-1.000000  inc=-0.504525  bucket 2->1  (mf=900)
[MF-SEL] tPrev=(  d=0.005731  dMin=0.000000  dAvg=0.024038  dMax=2.209743  Dlo=0.012019  Dhi=1.116891  err=-1.000000  inc=-0.506958  bucket 1->0  (mf=1000)
[MF-SEL] tPrev=(  d=0.006627  dMin=0.000000  dAvg=0.024002  dMax=2.209743  Dlo=0.012001  Dhi=1.116872  err=-1.000000  inc=-0.509277  bucket 0->0  (mf=1000)
[MF-SEL] tPrev=(  d=0.014255  dMin=0.000000  dAvg=0.023982  dMax=2.209743  Dlo=0.011991  Dhi=1.116862  err=0.000000  inc=0.442219  bucket 0->0  (mf=1000)
[MF-SEL] tPrev=(  d=0.007241  dMin=0.000000  dAvg=0.023947  dMax=2.209743  Dlo=0.011974  Dhi=1.116845  err=-1.000000  inc=-0.832914  bucket 0->0  (mf=1000)
[MF-SEL] tPrev=(  d=0.007348  dMin=0.000000  dAvg=0.023913  dMax=2.209743  Dlo=0.011956  Dhi=1.116828  err=-1.000000  inc=-0.514240  bucket 0->0  (mf=1000)
[MF-SEL] tPrev=(  d=0.007197  dMin=0.000000  dAvg=0.023878  dMax=2.209743  Dlo=0.011939  Dhi=1.116811  err=-1.000000  inc=-0.516318  bucket 0->0  (mf=1000)
[MF-SEL] tPrev=(  d=0.006491  dMin=0.000000  dAvg=0.023843  dMax=2.209743  Dlo=0.011921  Dhi=1.116793  err=-1.000000  inc=-0.518839  bucket 0->0  (mf=1000)
[MF-SEL] tPrev=(  d=0.005684  dMin=0.000000  dAvg=0.023805  dMax=2.209743  Dlo=0.011903  Dhi=1.116774  err=-1.000000  inc=-0.521117  bucket 0->0  (mf=1000)
[MF-SEL] tPrev=(  d=0.006006  dMin=0.000000  dAvg=0.023769  dMax=2.209743  Dlo=0.011884  Dhi=1.116756  err=-1.000000  inc=-0.523539  bucket 0->0  (mf=1000)
[MF-SEL] tPrev=(  d=0.012320  dMin=0.000000  dAvg=0.023745  dMax=2.209743  Dlo=0.011873  Dhi=1.116744  err=0.000000  inc=0.407157  bucket 0->0  (mf=1000)
[MF-SEL] tPrev=(  d=0.009812  dMin=0.000000  dAvg=0.023717  dMax=2.209743  Dlo=0.011858  Dhi=1.116730  err=-1.000000  inc=-0.839427  bucket 0->0  (mf=1000)
Dropping frame 1413393236.905761
[MF-SEL] tPrev=(  d=0.036162  dMin=0.000000  dAvg=0.023742  dMax=2.209743  Dlo=0.011871  Dhi=1.116743  err=0.000000  inc=0.252408  bucket 0->0  (mf=1000)
[MF-SEL] tPrev=(  d=0.009869  dMin=0.000000  dAvg=0.023714  dMax=2.209743  Dlo=0.011857  Dhi=1.116729  err=-1.000000  inc=-0.826672  bucket 0->0  (mf=1000)
[MF-SEL] tPrev=(  d=0.011075  dMin=0.000000  dAvg=0.023688  dMax=2.209743  Dlo=0.011844  Dhi=1.116716  err=-1.000000  inc=-0.531085  bucket 0->0  (mf=1000)
[MF-SEL] tPrev=(  d=0.014402  dMin=0.000000  dAvg=0.023670  dMax=2.209743  Dlo=0.011835  Dhi=1.116706  err=0.000000  inc=0.412812  bucket 0->0  (mf=1000)
[MF-SEL] tPrev=(  d=0.016680  dMin=0.000000  dAvg=0.023656  dMax=2.209743  Dlo=0.011828  Dhi=1.116699  err=0.000000  inc=0.068915  bucket 0->0  (mf=1000)
[MF-SEL] tPrev=(  d=0.017309  dMin=0.000000  dAvg=0.023643  dMax=2.209743  Dlo=0.011821  Dhi=1.116693  err=0.000000  inc=0.068915  bucket 0->0  (mf=1000)
Dropping frame 1413393237.255760
[MF-SEL] tPrev=(  d=0.030612  dMin=0.000000  dAvg=0.023657  dMax=2.209743  Dlo=0.011828  Dhi=1.116700  err=0.000000  inc=0.068915  bucket 0->0  (mf=1000)
[MF-SEL] tPrev=(  d=0.012448  dMin=0.000000  dAvg=0.023634  dMax=2.209743  Dlo=0.011817  Dhi=1.116689  err=0.000000  inc=0.068915  bucket 0->0  (mf=1000)
[MF-SEL] tPrev=(  d=0.013138  dMin=0.000000  dAvg=0.023613  dMax=2.209743  Dlo=0.011807  Dhi=1.116678  err=0.000000  inc=0.068915  bucket 0->0  (mf=1000)
[MF-SEL] tPrev=(  d=0.024527  dMin=0.000000  dAvg=0.023615  dMax=2.209743  Dlo=0.011808  Dhi=1.116679  err=0.000000  inc=0.068915  bucket 0->0  (mf=1000)
Dropping frame 1413393237.505760
[MF-SEL] tPrev=(  d=0.028553  dMin=0.000000  dAvg=0.023625  dMax=2.209743  Dlo=0.011812  Dhi=1.116684  err=0.000000  inc=0.068915  bucket 0->0  (mf=1000)
[MF-SEL] tPrev=(  d=0.014206  dMin=0.000000  dAvg=0.023606  dMax=2.209743  Dlo=0.011803  Dhi=1.116675  err=0.000000  inc=0.068915  bucket 0->0  (mf=1000)
[MF-SEL] tPrev=(  d=0.013723  dMin=0.000000  dAvg=0.023586  dMax=2.209743  Dlo=0.011793  Dhi=1.116665  err=0.000000  inc=0.068915  bucket 0->0  (mf=1000)
Dropping frame 1413393237.705760
[MF-SEL] tPrev=(  d=0.027181  dMin=0.000000  dAvg=0.023594  dMax=2.209743  Dlo=0.011797  Dhi=1.116668  err=0.000000  inc=0.068915  bucket 0->0  (mf=1000)
[MF-SEL] tPrev=(  d=0.011531  dMin=0.000000  dAvg=0.023570  dMax=2.209743  Dlo=0.011785  Dhi=1.116656  err=-1.000000  inc=-0.886885  bucket 0->0  (mf=1000)
[MF-SEL] tPrev=(  d=0.010505  dMin=0.000000  dAvg=0.023544  dMax=2.209743  Dlo=0.011772  Dhi=1.116643  err=-1.000000  inc=-0.535695  bucket 0->0  (mf=1000)
[MF-SEL] tPrev=(  d=0.010204  dMin=0.000000  dAvg=0.023518  dMax=2.209743  Dlo=0.011759  Dhi=1.116630  err=-1.000000  inc=-0.537893  bucket 0->0  (mf=1000)
Dropping frame 1413393237.955760
[MF-SEL] tPrev=(  d=0.039774  dMin=0.000000  dAvg=0.023550  dMax=2.209743  Dlo=0.011775  Dhi=1.116646  err=0.000000  inc=0.230483  bucket 0->0  (mf=1000)
[MF-SEL] tPrev=(  d=0.011411  dMin=0.000000  dAvg=0.023526  dMax=2.209743  Dlo=0.011763  Dhi=1.116634  err=-1.000000  inc=-0.894746  bucket 0->0  (mf=1000)
[MF-SEL] tPrev=(  d=0.012468  dMin=0.000000  dAvg=0.023504  dMax=2.209743  Dlo=0.011752  Dhi=1.116624  err=0.000000  inc=0.404192  bucket 0->0  (mf=1000)
[MF-SEL] tPrev=(  d=0.012473  dMin=0.000000  dAvg=0.023482  dMax=2.209743  Dlo=0.011741  Dhi=1.116613  err=0.000000  inc=0.059851  bucket 0->0  (mf=1000)
[MF-SEL] tPrev=(  d=0.011396  dMin=0.000000  dAvg=0.023459  dMax=2.209743  Dlo=0.011729  Dhi=1.116601  err=-1.000000  inc=-0.892500  bucket 0->0  (mf=1000)
[MF-SEL] tPrev=(  d=0.013884  dMin=0.000000  dAvg=0.023440  dMax=2.209743  Dlo=0.011720  Dhi=1.116592  err=0.000000  inc=0.398747  bucket 0->0  (mf=1000)
Dropping frame 1413393238.305761
[MF-SEL] tPrev=(  d=0.029713  dMin=0.000000  dAvg=0.023452  dMax=2.209743  Dlo=0.011726  Dhi=1.116598  err=0.000000  inc=0.057566  bucket 0->0  (mf=1000)
Dropping frame 1413393238.405761
[MF-SEL] tPrev=(  d=0.043376  dMin=0.000000  dAvg=0.023491  dMax=2.209743  Dlo=0.011746  Dhi=1.116617  err=0.000000  inc=0.057566  bucket 0->0  (mf=1000)
[MF-SEL] tPrev=(  d=0.043986  dMin=0.000000  dAvg=0.023531  dMax=2.209743  Dlo=0.011765  Dhi=1.116637  err=0.000000  inc=0.057566  bucket 0->0  (mf=1000)
[MF-SEL] tPrev=(  d=0.026658  dMin=0.000000  dAvg=0.023537  dMax=2.209743  Dlo=0.011768  Dhi=1.116640  err=0.000000  inc=0.057566  bucket 0->0  (mf=1000)
[MF-SEL] tPrev=(  d=0.021851  dMin=0.000000  dAvg=0.023534  dMax=2.209743  Dlo=0.011767  Dhi=1.116638  err=0.000000  inc=0.057566  bucket 0->0  (mf=1000)
Dropping frame 1413393238.655760
[MF-SEL] tPrev=(  d=0.040818  dMin=0.000000  dAvg=0.023567  dMax=2.209743  Dlo=0.011783  Dhi=1.116655  err=0.000000  inc=0.057566  bucket 0->0  (mf=1000)
[MF-SEL] tPrev=(  d=0.021687  dMin=0.000000  dAvg=0.023563  dMax=2.209743  Dlo=0.011782  Dhi=1.116653  err=0.000000  inc=0.057566  bucket 0->0  (mf=1000)
[MF-SEL] tPrev=(  d=0.022001  dMin=0.000000  dAvg=0.023560  dMax=2.209743  Dlo=0.011780  Dhi=1.116652  err=0.000000  inc=0.057566  bucket 0->0  (mf=1000)
[MF-SEL] tPrev=(  d=0.037484  dMin=0.000000  dAvg=0.023587  dMax=2.209743  Dlo=0.011793  Dhi=1.116665  err=0.000000  inc=0.057566  bucket 0->0  (mf=1000)
[MF-SEL] tPrev=(  d=0.026054  dMin=0.000000  dAvg=0.023592  dMax=2.209743  Dlo=0.011796  Dhi=1.116667  err=0.000000  inc=0.057566  bucket 0->0  (mf=1000)
[MF-SEL] tPrev=(  d=0.026079  dMin=0.000000  dAvg=0.023596  dMax=2.209743  Dlo=0.011798  Dhi=1.116670  err=0.000000  inc=0.057566  bucket 0->0  (mf=1000)
Dropping frame 1413393239.005760
[MF-SEL] tPrev=(  d=0.053336  dMin=0.000000  dAvg=0.023653  dMax=2.209743  Dlo=0.011827  Dhi=1.116698  err=0.000000  inc=0.057566  bucket 0->0  (mf=1000)
[MF-SEL] tPrev=(  d=0.022886  dMin=0.000000  dAvg=0.023652  dMax=2.209743  Dlo=0.011826  Dhi=1.116697  err=0.000000  inc=0.057566  bucket 0->0  (mf=1000)
[MF-SEL] tPrev=(  d=0.021853  dMin=0.000000  dAvg=0.023648  dMax=2.209743  Dlo=0.011824  Dhi=1.116696  err=0.000000  inc=0.057566  bucket 0->0  (mf=1000)
[MF-SEL] tPrev=(  d=0.014057  dMin=0.000000  dAvg=0.023630  dMax=2.209743  Dlo=0.011815  Dhi=1.116687  err=0.000000  inc=0.057566  bucket 0->0  (mf=1000)
[MF-SEL] tPrev=(  d=0.025431  dMin=0.000000  dAvg=0.023633  dMax=2.209743  Dlo=0.011817  Dhi=1.116688  err=0.000000  inc=0.057566  bucket 0->0  (mf=1000)
[MF-SEL] tPrev=(  d=0.025378  dMin=0.000000  dAvg=0.023637  dMax=2.209743  Dlo=0.011818  Dhi=1.116690  err=0.000000  inc=0.057566  bucket 0->0  (mf=1000)
[MF-SEL] tPrev=(  d=0.019048  dMin=0.000000  dAvg=0.023628  dMax=2.209743  Dlo=0.011814  Dhi=1.116686  err=0.000000  inc=0.057566  bucket 0->0  (mf=1000)
[MF-SEL] tPrev=(  d=0.024780  dMin=0.000000  dAvg=0.023630  dMax=2.209743  Dlo=0.011815  Dhi=1.116687  err=0.000000  inc=0.057566  bucket 0->0  (mf=1000)
Dropping frame 1413393239.455760
[MF-SEL] tPrev=(  d=0.049497  dMin=0.000000  dAvg=0.023679  dMax=2.209743  Dlo=0.011839  Dhi=1.116711  err=0.000000  inc=0.057566  bucket 0->0  (mf=1000)
[MF-SEL] tPrev=(  d=0.024541  dMin=0.000000  dAvg=0.023680  dMax=2.209743  Dlo=0.011840  Dhi=1.116712  err=0.000000  inc=0.057566  bucket 0->0  (mf=1000)
[MF-SEL] tPrev=(  d=0.025197  dMin=0.000000  dAvg=0.023683  dMax=2.209743  Dlo=0.011842  Dhi=1.116713  err=0.000000  inc=0.057566  bucket 0->0  (mf=1000)
Dropping frame 1413393239.655760
[MF-SEL] tPrev=(  d=0.051980  dMin=0.000000  dAvg=0.023736  dMax=2.209743  Dlo=0.011868  Dhi=1.116740  err=0.000000  inc=0.057566  bucket 0->0  (mf=1000)
[MF-SEL] tPrev=(  d=0.031821  dMin=0.000000  dAvg=0.023751  dMax=2.209743  Dlo=0.011876  Dhi=1.116747  err=0.000000  inc=0.057566  bucket 0->0  (mf=1000)
Dropping frame 1413393239.805761
[MF-SEL] tPrev=(  d=0.054728  dMin=0.000000  dAvg=0.023809  dMax=2.209743  Dlo=0.011904  Dhi=1.116776  err=0.000000  inc=0.057566  bucket 0->0  (mf=1000)
[MF-SEL] tPrev=(  d=0.021408  dMin=0.000000  dAvg=0.023804  dMax=2.209743  Dlo=0.011902  Dhi=1.116774  err=0.000000  inc=0.057566  bucket 0->0  (mf=1000)
[MF-SEL] tPrev=(  d=0.026999  dMin=0.000000  dAvg=0.023810  dMax=2.209743  Dlo=0.011905  Dhi=1.116777  err=0.000000  inc=0.057566  bucket 0->0  (mf=1000)
[MF-SEL] tPrev=(  d=0.027459  dMin=0.000000  dAvg=0.023817  dMax=2.209743  Dlo=0.011908  Dhi=1.116780  err=0.000000  inc=0.057566  bucket 0->0  (mf=1000)
Dropping frame 1413393240.055760
[MF-SEL] tPrev=(  d=0.056799  dMin=0.000000  dAvg=0.023878  dMax=2.209743  Dlo=0.011939  Dhi=1.116810  err=0.000000  inc=0.057566  bucket 0->0  (mf=1000)
Dropping frame 1413393240.155760
[MF-SEL] tPrev=(  d=0.056127  dMin=0.000000  dAvg=0.023937  dMax=2.209743  Dlo=0.011969  Dhi=1.116840  err=0.000000  inc=0.057566  bucket 0->0  (mf=1000)
[MF-SEL] tPrev=(  d=0.026747  dMin=0.000000  dAvg=0.023942  dMax=2.209743  Dlo=0.011971  Dhi=1.116843  err=0.000000  inc=0.057566  bucket 0->0  (mf=1000)
[MF-SEL] tPrev=(  d=0.026857  dMin=0.000000  dAvg=0.023948  dMax=2.209743  Dlo=0.011974  Dhi=1.116845  err=0.000000  inc=0.057566  bucket 0->0  (mf=1000)
[MF-SEL] tPrev=(  d=0.027710  dMin=0.000000  dAvg=0.023955  dMax=2.209743  Dlo=0.011977  Dhi=1.116849  err=0.000000  inc=0.057566  bucket 0->0  (mf=1000)
[MF-SEL] tPrev=(  d=0.035698  dMin=0.000000  dAvg=0.023976  dMax=2.209743  Dlo=0.011988  Dhi=1.116860  err=0.000000  inc=0.057566  bucket 0->0  (mf=1000)
[MF-SEL] tPrev=(  d=0.027682  dMin=0.000000  dAvg=0.023983  dMax=2.209743  Dlo=0.011991  Dhi=1.116863  err=0.000000  inc=0.057566  bucket 0->0  (mf=1000)
[MF-SEL] tPrev=(  d=0.028228  dMin=0.000000  dAvg=0.023990  dMax=2.209743  Dlo=0.011995  Dhi=1.116867  err=0.000000  inc=0.057566  bucket 0->0  (mf=1000)
Dropping frame 1413393240.555760
[MF-SEL] tPrev=(  d=0.065410  dMin=0.000000  dAvg=0.024066  dMax=2.209743  Dlo=0.012033  Dhi=1.116904  err=0.000000  inc=0.057566  bucket 0->0  (mf=1000)
Dropping frame 1413393240.655760
[MF-SEL] tPrev=(  d=0.061796  dMin=0.000000  dAvg=0.024134  dMax=2.209743  Dlo=0.012067  Dhi=1.116939  err=0.000000  inc=0.057566  bucket 0->0  (mf=1000)
[MF-SEL] tPrev=(  d=0.031951  dMin=0.000000  dAvg=0.024148  dMax=2.209743  Dlo=0.012074  Dhi=1.116946  err=0.000000  inc=0.057566  bucket 0->0  (mf=1000)
[MF-SEL] tPrev=(  d=0.028667  dMin=0.000000  dAvg=0.024157  dMax=2.209743  Dlo=0.012078  Dhi=1.116950  err=0.000000  inc=0.057566  bucket 0->0  (mf=1000)
[MF-SEL] tPrev=(  d=0.023998  dMin=0.000000  dAvg=0.024156  dMax=2.209743  Dlo=0.012078  Dhi=1.116950  err=0.000000  inc=0.057566  bucket 0->0  (mf=1000)
[MF-SEL] tPrev=(  d=0.028456  dMin=0.000000  dAvg=0.024164  dMax=2.209743  Dlo=0.012082  Dhi=1.116954  err=0.000000  inc=0.057566  bucket 0->0  (mf=1000)
[MF-SEL] tPrev=(  d=0.027741  dMin=0.000000  dAvg=0.024170  dMax=2.209743  Dlo=0.012085  Dhi=1.116957  err=0.000000  inc=0.057566  bucket 0->0  (mf=1000)
[MF-SEL] tPrev=(  d=0.026451  dMin=0.000000  dAvg=0.024175  dMax=2.209743  Dlo=0.012087  Dhi=1.116959  err=0.000000  inc=0.057566  bucket 0->0  (mf=1000)
[MF-SEL] tPrev=(  d=0.026343  dMin=0.000000  dAvg=0.024178  dMax=2.209743  Dlo=0.012089  Dhi=1.116961  err=0.000000  inc=0.057566  bucket 0->0  (mf=1000)
[MF-SEL] tPrev=(  d=0.025690  dMin=0.000000  dAvg=0.024181  dMax=2.209743  Dlo=0.012091  Dhi=1.116962  err=0.000000  inc=0.057566  bucket 0->0  (mf=1000)
Dropping frame 1413393241.155760
[MF-SEL] tPrev=(  d=0.064971  dMin=0.000000  dAvg=0.024254  dMax=2.209743  Dlo=0.012127  Dhi=1.116999  err=0.000000  inc=0.057566  bucket 0->0  (mf=1000)
Dropping frame 1413393241.255760
[MF-SEL] tPrev=(  d=0.049404  dMin=0.000000  dAvg=0.024299  dMax=2.209743  Dlo=0.012149  Dhi=1.117021  err=0.000000  inc=0.057566  bucket 0->0  (mf=1000)
Dropping frame 1413393241.355760
[MF-SEL] tPrev=(  d=0.042278  dMin=0.000000  dAvg=0.024331  dMax=2.209743  Dlo=0.012165  Dhi=1.117037  err=0.000000  inc=0.057566  bucket 0->0  (mf=1000)
[MF-SEL] tPrev=(  d=0.020569  dMin=0.000000  dAvg=0.024324  dMax=2.209743  Dlo=0.012162  Dhi=1.117034  err=0.000000  inc=0.057566  bucket 0->0  (mf=1000)
[MF-SEL] tPrev=(  d=0.019673  dMin=0.000000  dAvg=0.024316  dMax=2.209743  Dlo=0.012158  Dhi=1.117029  err=0.000000  inc=0.057566  bucket 0->0  (mf=1000)
Dropping frame 1413393241.555760
[MF-SEL] tPrev=(  d=0.043212  dMin=0.000000  dAvg=0.024349  dMax=2.209743  Dlo=0.012175  Dhi=1.117046  err=0.000000  inc=0.057566  bucket 0->0  (mf=1000)
[MF-SEL] tPrev=(  d=0.027968  dMin=0.000000  dAvg=0.024356  dMax=2.209743  Dlo=0.012178  Dhi=1.117049  err=0.000000  inc=0.057566  bucket 0->0  (mf=1000)
[MF-SEL] tPrev=(  d=0.023284  dMin=0.000000  dAvg=0.024354  dMax=2.209743  Dlo=0.012177  Dhi=1.117048  err=0.000000  inc=0.057566  bucket 0->0  (mf=1000)
[MF-SEL] tPrev=(  d=0.022055  dMin=0.000000  dAvg=0.024350  dMax=2.209743  Dlo=0.012175  Dhi=1.117046  err=0.000000  inc=0.057566  bucket 0->0  (mf=1000)
Dropping frame 1413393241.805761
[MF-SEL] tPrev=(  d=0.042411  dMin=0.000000  dAvg=0.024382  dMax=2.209743  Dlo=0.012191  Dhi=1.117062  err=0.000000  inc=0.057566  bucket 0->0  (mf=1000)
[MF-SEL] tPrev=(  d=0.013810  dMin=0.000000  dAvg=0.024363  dMax=2.209743  Dlo=0.012182  Dhi=1.117053  err=0.000000  inc=0.057566  bucket 0->0  (mf=1000)
Dropping frame 1413393241.955760
[MF-SEL] tPrev=(  d=0.035477  dMin=0.000000  dAvg=0.024382  dMax=2.209743  Dlo=0.012191  Dhi=1.117063  err=0.000000  inc=0.057566  bucket 0->0  (mf=1000)
[MF-SEL] tPrev=(  d=0.015049  dMin=0.000000  dAvg=0.024366  dMax=2.209743  Dlo=0.012183  Dhi=1.117055  err=0.000000  inc=0.057566  bucket 0->0  (mf=1000)
[MF-SEL] tPrev=(  d=0.015386  dMin=0.000000  dAvg=0.024350  dMax=2.209743  Dlo=0.012175  Dhi=1.117047  err=0.000000  inc=0.057566  bucket 0->0  (mf=1000)
[MF-SEL] tPrev=(  d=0.014926  dMin=0.000000  dAvg=0.024334  dMax=2.209743  Dlo=0.012167  Dhi=1.117039  err=0.000000  inc=0.057566  bucket 0->0  (mf=1000)
Dropping frame 1413393242.205760
[MF-SEL] tPrev=(  d=0.058473  dMin=0.000000  dAvg=0.024393  dMax=2.209743  Dlo=0.012197  Dhi=1.117068  err=0.000000  inc=0.057566  bucket 0->0  (mf=1000)
[MF-SEL] tPrev=(  d=0.009686  dMin=0.000000  dAvg=0.024368  dMax=2.209743  Dlo=0.012184  Dhi=1.117055  err=-1.000000  inc=-0.905692  bucket 0->0  (mf=1000)
[MF-SEL] tPrev=(  d=0.009021  dMin=0.000000  dAvg=0.024341  dMax=2.209743  Dlo=0.012171  Dhi=1.117042  err=-1.000000  inc=-0.546625  bucket 0->0  (mf=1000)
Dropping frame 1413393242.405761
[MF-SEL] tPrev=(  d=0.026346  dMin=0.000000  dAvg=0.024345  dMax=2.209743  Dlo=0.012172  Dhi=1.117044  err=0.000000  inc=0.221170  bucket 0->0  (mf=1000)
Dropping frame 1413393242.505760
[MF-SEL] tPrev=(  d=0.015346  dMin=0.000000  dAvg=0.024329  dMax=2.209743  Dlo=0.012165  Dhi=1.117036  err=0.000000  inc=0.053375  bucket 0->0  (mf=1000)
[MF-SEL] tPrev=(  d=0.005510  dMin=0.000000  dAvg=0.024297  dMax=2.209743  Dlo=0.012148  Dhi=1.117020  err=-1.000000  inc=-0.864013  bucket 0->0  (mf=1000)
[MF-SEL] tPrev=(  d=0.004109  dMin=0.000000  dAvg=0.024262  dMax=2.209743  Dlo=0.012131  Dhi=1.117003  err=-1.000000  inc=-0.551436  bucket 0->0  (mf=1000)
[MF-SEL] tPrev=(  d=0.004356  dMin=0.000000  dAvg=0.024228  dMax=2.209743  Dlo=0.012114  Dhi=1.116985  err=-1.000000  inc=-0.553610  bucket 0->0  (mf=1000)
[MF-SEL] tPrev=(  d=0.005923  dMin=0.000000  dAvg=0.024196  dMax=2.209743  Dlo=0.012098  Dhi=1.116970  err=-1.000000  inc=-0.556202  bucket 0->0  (mf=1000)
[MF-SEL] tPrev=(  d=0.006628  dMin=0.000000  dAvg=0.024166  dMax=2.209743  Dlo=0.012083  Dhi=1.116955  err=-1.000000  inc=-0.558213  bucket 0->0  (mf=1000)
[MF-SEL] tPrev=(  d=0.008195  dMin=0.000000  dAvg=0.024139  dMax=2.209743  Dlo=0.012070  Dhi=1.116941  err=-1.000000  inc=-0.560444  bucket 0->0  (mf=1000)
[MF-SEL] tPrev=(  d=0.018095  dMin=0.000000  dAvg=0.024129  dMax=2.209743  Dlo=0.012064  Dhi=1.116936  err=0.000000  inc=0.374348  bucket 0->0  (mf=1000)
Dropping frame 1413393242.955760
[MF-SEL] tPrev=(  d=0.019066  dMin=0.000000  dAvg=0.024120  dMax=2.209743  Dlo=0.012060  Dhi=1.116932  err=0.000000  inc=0.039556  bucket 0->0  (mf=1000)
[MF-SEL] tPrev=(  d=0.009575  dMin=0.000000  dAvg=0.024095  dMax=2.209743  Dlo=0.012048  Dhi=1.116919  err=-1.000000  inc=-0.953413  bucket 0->0  (mf=1000)
[MF-SEL] tPrev=(  d=0.019178  dMin=0.000000  dAvg=0.024087  dMax=2.209743  Dlo=0.012044  Dhi=1.116915  err=0.000000  inc=0.371375  bucket 0->0  (mf=1000)
Dropping frame 1413393243.155760
[MF-SEL] tPrev=(  d=0.024378  dMin=0.000000  dAvg=0.024088  dMax=2.209743  Dlo=0.012044  Dhi=1.116915  err=0.000000  inc=0.037510  bucket 0->0  (mf=1000)
[MF-SEL] tPrev=(  d=0.012510  dMin=0.000000  dAvg=0.024068  dMax=2.209743  Dlo=0.012034  Dhi=1.116905  err=0.000000  inc=0.037510  bucket 0->0  (mf=1000)
[MF-SEL] tPrev=(  d=0.012422  dMin=0.000000  dAvg=0.024048  dMax=2.209743  Dlo=0.012024  Dhi=1.116896  err=0.000000  inc=0.037510  bucket 0->0  (mf=1000)
Dropping frame 1413393243.355760
[MF-SEL] tPrev=(  d=0.016391  dMin=0.000000  dAvg=0.024035  dMax=2.209743  Dlo=0.012018  Dhi=1.116889  err=0.000000  inc=0.037510  bucket 0->0  (mf=1000)
[MF-SEL] tPrev=(  d=0.010133  dMin=0.000000  dAvg=0.024012  dMax=2.209743  Dlo=0.012006  Dhi=1.116877  err=-1.000000  inc=-0.861912  bucket 0->0  (mf=1000)
[MF-SEL] tPrev=(  d=0.013700  dMin=0.000000  dAvg=0.023995  dMax=2.209743  Dlo=0.011997  Dhi=1.116869  err=0.000000  inc=0.425762  bucket 0->0  (mf=1000)
[MF-SEL] tPrev=(  d=0.014515  dMin=0.000000  dAvg=0.023979  dMax=2.209743  Dlo=0.011989  Dhi=1.116861  err=0.000000  inc=0.034814  bucket 0->0  (mf=1000)
[MF-SEL] tPrev=(  d=0.012377  dMin=0.000000  dAvg=0.023959  dMax=2.209743  Dlo=0.011980  Dhi=1.116851  err=0.000000  inc=0.034814  bucket 0->0  (mf=1000)
[MF-SEL] tPrev=(  d=0.012391  dMin=0.000000  dAvg=0.023940  dMax=2.209743  Dlo=0.011970  Dhi=1.116841  err=0.000000  inc=0.034814  bucket 0->0  (mf=1000)
[MF-SEL] tPrev=(  d=0.011536  dMin=0.000000  dAvg=0.023919  dMax=2.209743  Dlo=0.011960  Dhi=1.116831  err=-1.000000  inc=-0.958856  bucket 0->0  (mf=1000)
[MF-SEL] tPrev=(  d=0.009214  dMin=0.000000  dAvg=0.023895  dMax=2.209743  Dlo=0.011947  Dhi=1.116819  err=-1.000000  inc=-0.569379  bucket 0->0  (mf=1000)
Dropping frame 1413393243.805761
[MF-SEL] tPrev=(  d=0.014547  dMin=0.000000  dAvg=0.023879  dMax=2.209743  Dlo=0.011940  Dhi=1.116811  err=0.000000  inc=0.194166  bucket 0->0  (mf=1000)
[MF-SEL] tPrev=(  d=0.005162  dMin=0.000000  dAvg=0.023848  dMax=2.209743  Dlo=0.011924  Dhi=1.116796  err=-1.000000  inc=-0.887853  bucket 0->0  (mf=1000)
[MF-SEL] tPrev=(  d=0.004522  dMin=0.000000  dAvg=0.023816  dMax=2.209743  Dlo=0.011908  Dhi=1.116780  err=-1.000000  inc=-0.573889  bucket 0->0  (mf=1000)
Dropping frame 1413393244.005760
[MF-SEL] tPrev=(  d=0.022458  dMin=0.000000  dAvg=0.023814  dMax=2.209743  Dlo=0.011907  Dhi=1.116778  err=0.000000  inc=0.197986  bucket 0->0  (mf=1000)
[MF-SEL] tPrev=(  d=0.003929  dMin=0.000000  dAvg=0.023781  dMax=2.209743  Dlo=0.011890  Dhi=1.116762  err=-1.000000  inc=-0.864027  bucket 0->0  (mf=1000)
[MF-SEL] tPrev=(  d=0.003859  dMin=0.000000  dAvg=0.023748  dMax=2.209743  Dlo=0.011874  Dhi=1.116746  err=-1.000000  inc=-0.578937  bucket 0->0  (mf=1000)
Dropping frame 1413393244.205760
[MF-SEL] tPrev=(  d=0.011619  dMin=0.000000  dAvg=0.023728  dMax=2.209743  Dlo=0.011864  Dhi=1.116736  err=-1.000000  inc=-0.583843  bucket 0->0  (mf=1000)
Dropping frame 1413393244.305761
[MF-SEL] tPrev=(  d=0.014885  dMin=0.000000  dAvg=0.023713  dMax=2.209743  Dlo=0.011857  Dhi=1.116728  err=0.000000  inc=0.180774  bucket 0->0  (mf=1000)
Dropping frame 1413393244.405761
[MF-SEL] tPrev=(  d=0.017444  dMin=0.000000  dAvg=0.023703  dMax=2.209743  Dlo=0.011852  Dhi=1.116723  err=0.000000  inc=0.016157  bucket 0->0  (mf=1000)
[MF-SEL] tPrev=(  d=0.010886  dMin=0.000000  dAvg=0.023682  dMax=2.209743  Dlo=0.011841  Dhi=1.116713  err=-1.000000  inc=-0.982015  bucket 0->0  (mf=1000)
[MF-SEL] tPrev=(  d=0.039394  dMin=0.000000  dAvg=0.023708  dMax=2.209743  Dlo=0.011854  Dhi=1.116725  err=0.000000  inc=0.394121  bucket 0->0  (mf=1000)
[MF-SEL] tPrev=(  d=0.013927  dMin=0.000000  dAvg=0.023692  dMax=2.209743  Dlo=0.011846  Dhi=1.116717  err=0.000000  inc=0.014138  bucket 0->0  (mf=1000)
[MF-SEL] tPrev=(  d=0.015312  dMin=0.000000  dAvg=0.023678  dMax=2.209743  Dlo=0.011839  Dhi=1.116711  err=0.000000  inc=0.014138  bucket 0->0  (mf=1000)
Dropping frame 1413393244.705760
[MF-SEL] tPrev=(  d=0.030575  dMin=0.000000  dAvg=0.023689  dMax=2.209743  Dlo=0.011845  Dhi=1.116716  err=0.000000  inc=0.014138  bucket 0->0  (mf=1000)
[MF-SEL] tPrev=(  d=0.012684  dMin=0.000000  dAvg=0.023672  dMax=2.209743  Dlo=0.011836  Dhi=1.116707  err=0.000000  inc=0.014138  bucket 0->0  (mf=1000)
[MF-SEL] tPrev=(  d=0.010515  dMin=0.000000  dAvg=0.023650  dMax=2.209743  Dlo=0.011825  Dhi=1.116697  err=-1.000000  inc=-1.021806  bucket 0->0  (mf=1000)
[MF-SEL] tPrev=(  d=0.035594  dMin=0.000000  dAvg=0.023670  dMax=2.209743  Dlo=0.011835  Dhi=1.116706  err=0.000000  inc=0.348288  bucket 0->0  (mf=1000)
[MF-SEL] tPrev=(  d=0.012535  dMin=0.000000  dAvg=0.023652  dMax=2.209743  Dlo=0.011826  Dhi=1.116697  err=0.000000  inc=0.012295  bucket 0->0  (mf=1000)
Dropping frame 1413393245.005760
[MF-SEL] tPrev=(  d=0.025843  dMin=0.000000  dAvg=0.023655  dMax=2.209743  Dlo=0.011828  Dhi=1.116699  err=0.000000  inc=0.012295  bucket 0->0  (mf=1000)
[MF-SEL] tPrev=(  d=0.020065  dMin=0.000000  dAvg=0.023649  dMax=2.209743  Dlo=0.011825  Dhi=1.116696  err=0.000000  inc=0.012295  bucket 0->0  (mf=1000)
[MF-SEL] tPrev=(  d=0.023968  dMin=0.000000  dAvg=0.023650  dMax=2.209743  Dlo=0.011825  Dhi=1.116696  err=0.000000  inc=0.012295  bucket 0->0  (mf=1000)
Dropping frame 1413393245.205760
[MF-SEL] tPrev=(  d=0.030082  dMin=0.000000  dAvg=0.023660  dMax=2.209743  Dlo=0.011830  Dhi=1.116702  err=0.000000  inc=0.012295  bucket 0->0  (mf=1000)
[MF-SEL] tPrev=(  d=0.012042  dMin=0.000000  dAvg=0.023642  dMax=2.209743  Dlo=0.011821  Dhi=1.116692  err=0.000000  inc=0.012295  bucket 0->0  (mf=1000)
[MF-SEL] tPrev=(  d=0.012850  dMin=0.000000  dAvg=0.023624  dMax=2.209743  Dlo=0.011812  Dhi=1.116684  err=0.000000  inc=0.012295  bucket 0->0  (mf=1000)
[MF-SEL] tPrev=(  d=0.012832  dMin=0.000000  dAvg=0.023607  dMax=2.209743  Dlo=0.011803  Dhi=1.116675  err=0.000000  inc=0.012295  bucket 0->0  (mf=1000)
[MF-SEL] tPrev=(  d=0.020436  dMin=0.000000  dAvg=0.023602  dMax=2.209743  Dlo=0.011801  Dhi=1.116672  err=0.000000  inc=0.012295  bucket 0->0  (mf=1000)
[MF-SEL] tPrev=(  d=0.012350  dMin=0.000000  dAvg=0.023584  dMax=2.209743  Dlo=0.011792  Dhi=1.116663  err=0.000000  inc=0.012295  bucket 0->0  (mf=1000)
Dropping frame 1413393245.555760
[MF-SEL] tPrev=(  d=0.023856  dMin=0.000000  dAvg=0.023584  dMax=2.209743  Dlo=0.011792  Dhi=1.116664  err=0.000000  inc=0.012295  bucket 0->0  (mf=1000)
[MF-SEL] tPrev=(  d=0.011577  dMin=0.000000  dAvg=0.023565  dMax=2.209743  Dlo=0.011783  Dhi=1.116654  err=-1.000000  inc=-0.920145  bucket 0->0  (mf=1000)
[MF-SEL] tPrev=(  d=0.012813  dMin=0.000000  dAvg=0.023548  dMax=2.209743  Dlo=0.011774  Dhi=1.116646  err=0.000000  inc=0.360504  bucket 0->0  (mf=1000)
[MF-SEL] tPrev=(  d=0.013359  dMin=0.000000  dAvg=0.023532  dMax=2.209743  Dlo=0.011766  Dhi=1.116638  err=0.000000  inc=0.009871  bucket 0->0  (mf=1000)
[MF-SEL] tPrev=(  d=0.012500  dMin=0.000000  dAvg=0.023515  dMax=2.209743  Dlo=0.011757  Dhi=1.116629  err=0.000000  inc=0.009871  bucket 0->0  (mf=1000)
[MF-SEL] tPrev=(  d=0.012029  dMin=0.000000  dAvg=0.023496  dMax=2.209743  Dlo=0.011748  Dhi=1.116620  err=0.000000  inc=0.009871  bucket 0->0  (mf=1000)
[MF-SEL] tPrev=(  d=0.012064  dMin=0.000000  dAvg=0.023478  dMax=2.209743  Dlo=0.011739  Dhi=1.116611  err=0.000000  inc=0.009871  bucket 0->0  (mf=1000)
[MF-SEL] tPrev=(  d=0.020571  dMin=0.000000  dAvg=0.023474  dMax=2.209743  Dlo=0.011737  Dhi=1.116608  err=0.000000  inc=0.009871  bucket 0->0  (mf=1000)
Dropping frame 1413393246.005760
[MF-SEL] tPrev=(  d=0.021366  dMin=0.000000  dAvg=0.023471  dMax=2.209743  Dlo=0.011735  Dhi=1.116607  err=0.000000  inc=0.009871  bucket 0->0  (mf=1000)
Dropping frame 1413393246.105761
[MF-SEL] tPrev=(  d=0.024595  dMin=0.000000  dAvg=0.023472  dMax=2.209743  Dlo=0.011736  Dhi=1.116608  err=0.000000  inc=0.009871  bucket 0->0  (mf=1000)
[MF-SEL] tPrev=(  d=0.011440  dMin=0.000000  dAvg=0.023453  dMax=2.209743  Dlo=0.011727  Dhi=1.116598  err=-1.000000  inc=-0.950176  bucket 0->0  (mf=1000)
[MF-SEL] tPrev=(  d=0.007120  dMin=0.000000  dAvg=0.023428  dMax=2.209743  Dlo=0.011714  Dhi=1.116585  err=-1.000000  inc=-0.594813  bucket 0->0  (mf=1000)
Dropping frame 1413393246.305761
[MF-SEL] tPrev=(  d=0.012605  dMin=0.000000  dAvg=0.023411  dMax=2.209743  Dlo=0.011705  Dhi=1.116577  err=0.000000  inc=0.185124  bucket 0->0  (mf=1000)
[MF-SEL] tPrev=(  d=0.008938  dMin=0.000000  dAvg=0.023388  dMax=2.209743  Dlo=0.011694  Dhi=1.116566  err=-1.000000  inc=-0.887768  bucket 0->0  (mf=1000)
[MF-SEL] tPrev=(  d=0.005276  dMin=0.000000  dAvg=0.023360  dMax=2.209743  Dlo=0.011680  Dhi=1.116552  err=-1.000000  inc=-0.599928  bucket 0->0  (mf=1000)
[MF-SEL] tPrev=(  d=0.005131  dMin=0.000000  dAvg=0.023332  dMax=2.209743  Dlo=0.011666  Dhi=1.116537  err=-1.000000  inc=-0.602144  bucket 0->0  (mf=1000)
[MF-SEL] tPrev=(  d=0.005200  dMin=0.000000  dAvg=0.023304  dMax=2.209743  Dlo=0.011652  Dhi=1.116523  err=-1.000000  inc=-0.604563  bucket 0->0  (mf=1000)
[MF-SEL] tPrev=(  d=0.005416  dMin=0.000000  dAvg=0.023276  dMax=2.209743  Dlo=0.011638  Dhi=1.116509  err=-1.000000  inc=-0.606629  bucket 0->0  (mf=1000)
Dropping frame 1413393246.655760
[MF-SEL] tPrev=(  d=0.013967  dMin=0.000000  dAvg=0.023262  dMax=2.209743  Dlo=0.011631  Dhi=1.116502  err=0.000000  inc=0.160516  bucket 0->0  (mf=1000)
[MF-SEL] tPrev=(  d=0.006654  dMin=0.000000  dAvg=0.023236  dMax=2.209743  Dlo=0.011618  Dhi=1.116489  err=-1.000000  inc=-0.946870  bucket 0->0  (mf=1000)
[MF-SEL] tPrev=(  d=0.006522  dMin=0.000000  dAvg=0.023210  dMax=2.209743  Dlo=0.011605  Dhi=1.116477  err=-1.000000  inc=-0.611044  bucket 0->0  (mf=1000)
[MF-SEL] tPrev=(  d=0.007691  dMin=0.000000  dAvg=0.023186  dMax=2.209743  Dlo=0.011593  Dhi=1.116465  err=-1.000000  inc=-0.613318  bucket 0->0  (mf=1000)
[MF-SEL] tPrev=(  d=0.011454  dMin=0.000000  dAvg=0.023168  dMax=2.209743  Dlo=0.011584  Dhi=1.116456  err=-1.000000  inc=-0.615461  bucket 0->0  (mf=1000)
Dropping frame 1413393246.955760
[MF-SEL] tPrev=(  d=0.017975  dMin=0.000000  dAvg=0.023160  dMax=2.209743  Dlo=0.011580  Dhi=1.116452  err=0.000000  inc=0.140676  bucket 0->0  (mf=1000)
Dropping frame 1413393247.055760
[MF-SEL] tPrev=(  d=0.024930  dMin=0.000000  dAvg=0.023163  dMax=2.209743  Dlo=0.011581  Dhi=1.116453  err=0.000000  inc=-0.015461  bucket 0->0  (mf=1000)
[MF-SEL] tPrev=(  d=0.013609  dMin=0.000000  dAvg=0.023148  dMax=2.209743  Dlo=0.011574  Dhi=1.116446  err=0.000000  inc=-0.015461  bucket 0->0  (mf=1000)
[MF-SEL] tPrev=(  d=0.014822  dMin=0.000000  dAvg=0.023136  dMax=2.209743  Dlo=0.011568  Dhi=1.116439  err=0.000000  inc=-0.015461  bucket 0->0  (mf=1000)
[MF-SEL] tPrev=(  d=0.016774  dMin=0.000000  dAvg=0.023126  dMax=2.209743  Dlo=0.011563  Dhi=1.116434  err=0.000000  inc=-0.015461  bucket 0->0  (mf=1000)
[MF-SEL] tPrev=(  d=0.020682  dMin=0.000000  dAvg=0.023122  dMax=2.209743  Dlo=0.011561  Dhi=1.116433  err=0.000000  inc=-0.015461  bucket 0->0  (mf=1000)
Dropping frame 1413393247.355760
[MF-SEL] tPrev=(  d=0.040014  dMin=0.000000  dAvg=0.023148  dMax=2.209743  Dlo=0.011574  Dhi=1.116445  err=0.000000  inc=-0.015461  bucket 0->0  (mf=1000)
[MF-SEL] tPrev=(  d=0.233906  dMin=0.000000  dAvg=0.023468  dMax=2.209743  Dlo=0.011734  Dhi=1.116606  err=0.000000  inc=-0.015461  bucket 0->0  (mf=1000)
[MF-SEL] tPrev=(  d=0.011854  dMin=0.000000  dAvg=0.023450  dMax=2.209743  Dlo=0.011725  Dhi=1.116597  err=0.000000  inc=-0.015461  bucket 0->0  (mf=1000)
[MF-SEL] tPrev=(  d=0.012909  dMin=0.000000  dAvg=0.023434  dMax=2.209743  Dlo=0.011717  Dhi=1.116589  err=0.000000  inc=-0.015461  bucket 0->0  (mf=1000)
Dropping frame 1413393247.605761
[MF-SEL] tPrev=(  d=0.163792  dMin=0.000000  dAvg=0.023647  dMax=2.209743  Dlo=0.011823  Dhi=1.116695  err=0.000000  inc=-0.015461  bucket 0->0  (mf=1000)
[MF-SEL] tPrev=(  d=0.009186  dMin=0.000000  dAvg=0.023625  dMax=2.209743  Dlo=0.011812  Dhi=1.116684  err=-1.000000  inc=-0.955576  bucket 0->0  (mf=1000)
[MF-SEL] tPrev=(  d=0.012875  dMin=0.000000  dAvg=0.023609  dMax=2.209743  Dlo=0.011804  Dhi=1.116676  err=0.000000  inc=0.299215  bucket 0->0  (mf=1000)
[MF-SEL] tPrev=(  d=0.012138  dMin=0.000000  dAvg=0.023591  dMax=2.209743  Dlo=0.011796  Dhi=1.116667  err=0.000000  inc=-0.017829  bucket 0->0  (mf=1000)
[MF-SEL] tPrev=(  d=0.013147  dMin=0.000000  dAvg=0.023576  dMax=2.209743  Dlo=0.011788  Dhi=1.116659  err=0.000000  inc=-0.017829  bucket 0->0  (mf=1000)
[MF-SEL] tPrev=(  d=0.014661  dMin=0.000000  dAvg=0.023562  dMax=2.209743  Dlo=0.011781  Dhi=1.116653  err=0.000000  inc=-0.017829  bucket 0->0  (mf=1000)
Dropping frame 1413393247.955760
[MF-SEL] tPrev=(  d=0.070989  dMin=0.000000  dAvg=0.023634  dMax=2.209743  Dlo=0.011817  Dhi=1.116688  err=0.000000  inc=-0.017829  bucket 0->0  (mf=1000)
[MF-SEL] tPrev=(  d=0.015997  dMin=0.000000  dAvg=0.023622  dMax=2.209743  Dlo=0.011811  Dhi=1.116683  err=0.000000  inc=-0.017829  bucket 0->0  (mf=1000)
[MF-SEL] tPrev=(  d=0.015608  dMin=0.000000  dAvg=0.023610  dMax=2.209743  Dlo=0.011805  Dhi=1.116677  err=0.000000  inc=-0.017829  bucket 0->0  (mf=1000)
[MF-SEL] tPrev=(  d=0.016593  dMin=0.000000  dAvg=0.023600  dMax=2.209743  Dlo=0.011800  Dhi=1.116671  err=0.000000  inc=-0.017829  bucket 0->0  (mf=1000)
[MF-SEL] tPrev=(  d=0.220721  dMin=0.000000  dAvg=0.023893  dMax=2.209743  Dlo=0.011947  Dhi=1.116818  err=0.000000  inc=-0.017829  bucket 0->0  (mf=1000)
Dropping frame 1413393248.255760
[MF-SEL] tPrev=(  d=0.030373  dMin=0.000000  dAvg=0.023903  dMax=2.209743  Dlo=0.011952  Dhi=1.116823  err=0.000000  inc=-0.017829  bucket 0->0  (mf=1000)
[MF-SEL] tPrev=(  d=0.015589  dMin=0.000000  dAvg=0.023891  dMax=2.209743  Dlo=0.011945  Dhi=1.116817  err=0.000000  inc=-0.017829  bucket 0->0  (mf=1000)
[MF-SEL] tPrev=(  d=0.015303  dMin=0.000000  dAvg=0.023878  dMax=2.209743  Dlo=0.011939  Dhi=1.116810  err=0.000000  inc=-0.017829  bucket 0->0  (mf=1000)
[MF-SEL] tPrev=(  d=0.014353  dMin=0.000000  dAvg=0.023864  dMax=2.209743  Dlo=0.011932  Dhi=1.116803  err=0.000000  inc=-0.017829  bucket 0->0  (mf=1000)
Dropping frame 1413393248.505760
[MF-SEL] tPrev=(  d=0.028802  dMin=0.000000  dAvg=0.023871  dMax=2.209743  Dlo=0.011936  Dhi=1.116807  err=0.000000  inc=-0.017829  bucket 0->0  (mf=1000)
[MF-SEL] tPrev=(  d=0.014785  dMin=0.000000  dAvg=0.023858  dMax=2.209743  Dlo=0.011929  Dhi=1.116800  err=0.000000  inc=-0.017829  bucket 0->0  (mf=1000)
[MF-SEL] tPrev=(  d=0.015677  dMin=0.000000  dAvg=0.023846  dMax=2.209743  Dlo=0.011923  Dhi=1.116794  err=0.000000  inc=-0.017829  bucket 0->0  (mf=1000)
Dropping frame 1413393248.705760
[MF-SEL] tPrev=(  d=0.204242  dMin=0.000000  dAvg=0.024111  dMax=2.209743  Dlo=0.012056  Dhi=1.116927  err=0.000000  inc=-0.017829  bucket 0->0  (mf=1000)
[MF-SEL] tPrev=(  d=0.018540  dMin=0.000000  dAvg=0.024103  dMax=2.209743  Dlo=0.012052  Dhi=1.116923  err=0.000000  inc=-0.017829  bucket 0->0  (mf=1000)
[MF-SEL] tPrev=(  d=0.019368  dMin=0.000000  dAvg=0.024096  dMax=2.209743  Dlo=0.012048  Dhi=1.116920  err=0.000000  inc=-0.017829  bucket 0->0  (mf=1000)
[MF-SEL] tPrev=(  d=0.018730  dMin=0.000000  dAvg=0.024088  dMax=2.209743  Dlo=0.012044  Dhi=1.116916  err=0.000000  inc=-0.017829  bucket 0->0  (mf=1000)
[MF-SEL] tPrev=(  d=0.017555  dMin=0.000000  dAvg=0.024079  dMax=2.209743  Dlo=0.012039  Dhi=1.116911  err=0.000000  inc=-0.017829  bucket 0->0  (mf=1000)
[MF-SEL] tPrev=(  d=0.016069  dMin=0.000000  dAvg=0.024067  dMax=2.209743  Dlo=0.012034  Dhi=1.116905  err=0.000000  inc=-0.017829  bucket 0->0  (mf=1000)
[MF-SEL] tPrev=(  d=0.014857  dMin=0.000000  dAvg=0.024054  dMax=2.209743  Dlo=0.012027  Dhi=1.116898  err=0.000000  inc=-0.017829  bucket 0->0  (mf=1000)
[MF-SEL] tPrev=(  d=0.013588  dMin=0.000000  dAvg=0.024038  dMax=2.209743  Dlo=0.012019  Dhi=1.116891  err=0.000000  inc=-0.017829  bucket 0->0  (mf=1000)
[MF-SEL] tPrev=(  d=0.012617  dMin=0.000000  dAvg=0.024022  dMax=2.209743  Dlo=0.012011  Dhi=1.116882  err=0.000000  inc=-0.017829  bucket 0->0  (mf=1000)
[MF-SEL] tPrev=(  d=0.131412  dMin=0.000000  dAvg=0.024178  dMax=2.209743  Dlo=0.012089  Dhi=1.116960  err=0.000000  inc=-0.017829  bucket 0->0  (mf=1000)
[MF-SEL] tPrev=(  d=0.012022  dMin=0.000000  dAvg=0.024160  dMax=2.209743  Dlo=0.012080  Dhi=1.116952  err=-1.000000  inc=-0.973708  bucket 0->0  (mf=1000)
[MF-SEL] tPrev=(  d=0.010019  dMin=0.000000  dAvg=0.024140  dMax=2.209743  Dlo=0.012070  Dhi=1.116941  err=-1.000000  inc=-0.622456  bucket 0->0  (mf=1000)
[MF-SEL] tPrev=(  d=0.025352  dMin=0.000000  dAvg=0.024141  dMax=2.209743  Dlo=0.012071  Dhi=1.116942  err=0.000000  inc=0.389022  bucket 0->0  (mf=1000)
[MF-SEL] tPrev=(  d=0.009317  dMin=0.000000  dAvg=0.024120  dMax=2.209743  Dlo=0.012060  Dhi=1.116932  err=-1.000000  inc=-0.947590  bucket 0->0  (mf=1000)
[MF-SEL] tPrev=(  d=0.008275  dMin=0.000000  dAvg=0.024097  dMax=2.209743  Dlo=0.012049  Dhi=1.116920  err=-1.000000  inc=-0.627215  bucket 0->0  (mf=1000)
[MF-SEL] tPrev=(  d=0.007592  dMin=0.000000  dAvg=0.024073  dMax=2.209743  Dlo=0.012037  Dhi=1.116908  err=-1.000000  inc=-0.629475  bucket 0->0  (mf=1000)
[MF-SEL] tPrev=(  d=0.007289  dMin=0.000000  dAvg=0.024049  dMax=2.209743  Dlo=0.012025  Dhi=1.116896  err=-1.000000  inc=-0.631970  bucket 0->0  (mf=1000)
Dropping frame 1413393249.605761
[MF-SEL] tPrev=(  d=0.016093  dMin=0.000000  dAvg=0.024038  dMax=2.209743  Dlo=0.012019  Dhi=1.116890  err=0.000000  inc=0.141175  bucket 0->0  (mf=1000)
Dropping frame 1413393249.705760
[MF-SEL] tPrev=(  d=0.017042  dMin=0.000000  dAvg=0.024028  dMax=2.209743  Dlo=0.012014  Dhi=1.116885  err=0.000000  inc=-0.031970  bucket 0->0  (mf=1000)
[MF-SEL] tPrev=(  d=0.009248  dMin=0.000000  dAvg=0.024007  dMax=2.209743  Dlo=0.012003  Dhi=1.116875  err=-1.000000  inc=-0.953939  bucket 0->0  (mf=1000)
[MF-SEL] tPrev=(  d=0.010242  dMin=0.000000  dAvg=0.023987  dMax=2.209743  Dlo=0.011993  Dhi=1.116865  err=-1.000000  inc=-0.636544  bucket 0->0  (mf=1000)
[MF-SEL] tPrev=(  d=0.010957  dMin=0.000000  dAvg=0.023968  dMax=2.209743  Dlo=0.011984  Dhi=1.116856  err=-1.000000  inc=-0.638776  bucket 0->0  (mf=1000)
Dropping frame 1413393249.955760
[MF-SEL] tPrev=(  d=0.029836  dMin=0.000000  dAvg=0.023977  dMax=2.209743  Dlo=0.011988  Dhi=1.116860  err=0.000000  inc=0.124062  bucket 0->0  (mf=1000)
Dropping frame 1413393250.055760
[MF-SEL] tPrev=(  d=0.022521  dMin=0.000000  dAvg=0.023975  dMax=2.209743  Dlo=0.011987  Dhi=1.116859  err=0.000000  inc=-0.038776  bucket 0->0  (mf=1000)
[MF-SEL] tPrev=(  d=0.012639  dMin=0.000000  dAvg=0.023958  dMax=2.209743  Dlo=0.011979  Dhi=1.116851  err=0.000000  inc=-0.038776  bucket 0->0  (mf=1000)
[MF-SEL] tPrev=(  d=0.013246  dMin=0.000000  dAvg=0.023943  dMax=2.209743  Dlo=0.011972  Dhi=1.116843  err=0.000000  inc=-0.038776  bucket 0->0  (mf=1000)
[MF-SEL] tPrev=(  d=0.013772  dMin=0.000000  dAvg=0.023929  dMax=2.209743  Dlo=0.011964  Dhi=1.116836  err=0.000000  inc=-0.038776  bucket 0->0  (mf=1000)
[MF-SEL] tPrev=(  d=0.014284  dMin=0.000000  dAvg=0.023915  dMax=2.209743  Dlo=0.011958  Dhi=1.116829  err=0.000000  inc=-0.038776  bucket 0->0  (mf=1000)
[MF-SEL] tPrev=(  d=0.014678  dMin=0.000000  dAvg=0.023902  dMax=2.209743  Dlo=0.011951  Dhi=1.116823  err=0.000000  inc=-0.038776  bucket 0->0  (mf=1000)
[MF-SEL] tPrev=(  d=0.015070  dMin=0.000000  dAvg=0.023890  dMax=2.209743  Dlo=0.011945  Dhi=1.116816  err=0.000000  inc=-0.038776  bucket 0->0  (mf=1000)
Dropping frame 1413393250.455760
[MF-SEL] tPrev=(  d=0.039389  dMin=0.000000  dAvg=0.023911  dMax=2.209743  Dlo=0.011956  Dhi=1.116827  err=0.000000  inc=-0.038776  bucket 0->0  (mf=1000)
Dropping frame 1413393250.555760
[MF-SEL] tPrev=(  d=0.029820  dMin=0.000000  dAvg=0.023920  dMax=2.209743  Dlo=0.011960  Dhi=1.116831  err=0.000000  inc=-0.038776  bucket 0->0  (mf=1000)
[MF-SEL] tPrev=(  d=0.013153  dMin=0.000000  dAvg=0.023905  dMax=2.209743  Dlo=0.011952  Dhi=1.116824  err=0.000000  inc=-0.038776  bucket 0->0  (mf=1000)
[MF-SEL] tPrev=(  d=0.012518  dMin=0.000000  dAvg=0.023889  dMax=2.209743  Dlo=0.011944  Dhi=1.116816  err=0.000000  inc=-0.038776  bucket 0->0  (mf=1000)
[MF-SEL] tPrev=(  d=0.011182  dMin=0.000000  dAvg=0.023871  dMax=2.209743  Dlo=0.011935  Dhi=1.116807  err=-1.000000  inc=-0.966550  bucket 0->0  (mf=1000)
[MF-SEL] tPrev=(  d=0.010635  dMin=0.000000  dAvg=0.023852  dMax=2.209743  Dlo=0.011926  Dhi=1.116798  err=-1.000000  inc=-0.643413  bucket 0->0  (mf=1000)
[MF-SEL] tPrev=(  d=0.010192  dMin=0.000000  dAvg=0.023833  dMax=2.209743  Dlo=0.011917  Dhi=1.116788  err=-1.000000  inc=-0.645628  bucket 0->0  (mf=1000)
[MF-SEL] tPrev=(  d=0.008380  dMin=0.000000  dAvg=0.023812  dMax=2.209743  Dlo=0.011906  Dhi=1.116777  err=-1.000000  inc=-0.647814  bucket 0->0  (mf=1000)
[MF-SEL] tPrev=(  d=0.030427  dMin=0.000000  dAvg=0.023821  dMax=2.209743  Dlo=0.011910  Dhi=1.116782  err=0.000000  inc=0.305653  bucket 0->0  (mf=1000)
[MF-SEL] tPrev=(  d=0.006732  dMin=0.000000  dAvg=0.023797  dMax=2.209743  Dlo=0.011898  Dhi=1.116770  err=-1.000000  inc=-0.981339  bucket 0->0  (mf=1000)
[MF-SEL] tPrev=(  d=0.004435  dMin=0.000000  dAvg=0.023770  dMax=2.209743  Dlo=0.011885  Dhi=1.116757  err=-1.000000  inc=-0.652589  bucket 0->0  (mf=1000)
[MF-SEL] tPrev=(  d=0.035488  dMin=0.000000  dAvg=0.023786  dMax=2.209743  Dlo=0.011893  Dhi=1.116765  err=0.000000  inc=0.289771  bucket 0->0  (mf=1000)
[MF-SEL] tPrev=(  d=0.004200  dMin=0.000000  dAvg=0.023759  dMax=2.209743  Dlo=0.011880  Dhi=1.116751  err=-1.000000  inc=-0.990122  bucket 0->0  (mf=1000)
Dropping frame 1413393251.205760
[MF-SEL] tPrev=(  d=0.007480  dMin=0.000000  dAvg=0.023737  dMax=2.209743  Dlo=0.011868  Dhi=1.116740  err=-1.000000  inc=-0.660162  bucket 0->0  (mf=1000)
[MF-SEL] tPrev=(  d=0.003888  dMin=0.000000  dAvg=0.023709  dMax=2.209743  Dlo=0.011855  Dhi=1.116726  err=-1.000000  inc=-0.662632  bucket 0->0  (mf=1000)
Dropping frame 1413393251.355760
[MF-SEL] tPrev=(  d=0.012287  dMin=0.000000  dAvg=0.023693  dMax=2.209743  Dlo=0.011847  Dhi=1.116718  err=0.000000  inc=0.100564  bucket 0->0  (mf=1000)
[MF-SEL] tPrev=(  d=0.005645  dMin=0.000000  dAvg=0.023669  dMax=2.209743  Dlo=0.011834  Dhi=1.116706  err=-1.000000  inc=-1.000204  bucket 0->0  (mf=1000)
[MF-SEL] tPrev=(  d=0.006287  dMin=0.000000  dAvg=0.023645  dMax=2.209743  Dlo=0.011822  Dhi=1.116694  err=-1.000000  inc=-0.667281  bucket 0->0  (mf=1000)
[MF-SEL] tPrev=(  d=0.006555  dMin=0.000000  dAvg=0.023621  dMax=2.209743  Dlo=0.011811  Dhi=1.116682  err=-1.000000  inc=-0.669546  bucket 0->0  (mf=1000)
Dropping frame 1413393251.605761
[MF-SEL] tPrev=(  d=0.017574  dMin=0.000000  dAvg=0.023613  dMax=2.209743  Dlo=0.011806  Dhi=1.116678  err=0.000000  inc=0.100352  bucket 0->0  (mf=1000)
Dropping frame 1413393251.705760
[MF-SEL] tPrev=(  d=0.018683  dMin=0.000000  dAvg=0.023606  dMax=2.209743  Dlo=0.011803  Dhi=1.116675  err=0.000000  inc=-0.069546  bucket 0->0  (mf=1000)
[MF-SEL] tPrev=(  d=0.011496  dMin=0.000000  dAvg=0.023589  dMax=2.209743  Dlo=0.011795  Dhi=1.116666  err=-1.000000  inc=-0.984435  bucket 0->0  (mf=1000)
Dropping frame 1413393251.855760
[MF-SEL] tPrev=(  d=0.024091  dMin=0.000000  dAvg=0.023590  dMax=2.209743  Dlo=0.011795  Dhi=1.116667  err=0.000000  inc=0.102145  bucket 0->0  (mf=1000)
[MF-SEL] tPrev=(  d=0.012469  dMin=0.000000  dAvg=0.023575  dMax=2.209743  Dlo=0.011787  Dhi=1.116659  err=0.000000  inc=-0.072107  bucket 0->0  (mf=1000)
[MF-SEL] tPrev=(  d=0.012368  dMin=0.000000  dAvg=0.023560  dMax=2.209743  Dlo=0.011780  Dhi=1.116651  err=0.000000  inc=-0.072107  bucket 0->0  (mf=1000)
[MF-SEL] tPrev=(  d=0.014343  dMin=0.000000  dAvg=0.023547  dMax=2.209743  Dlo=0.011774  Dhi=1.116645  err=0.000000  inc=-0.072107  bucket 0->0  (mf=1000)
Dropping frame 1413393252.105761
[MF-SEL] tPrev=(  d=0.027550  dMin=0.000000  dAvg=0.023552  dMax=2.209743  Dlo=0.011776  Dhi=1.116648  err=0.000000  inc=-0.072107  bucket 0->0  (mf=1000)
Dropping frame 1413393252.205760
[MF-SEL] tPrev=(  d=0.026407  dMin=0.000000  dAvg=0.023556  dMax=2.209743  Dlo=0.011778  Dhi=1.116650  err=0.000000  inc=-0.072107  bucket 0->0  (mf=1000)
[MF-SEL] tPrev=(  d=0.011407  dMin=0.000000  dAvg=0.023540  dMax=2.209743  Dlo=0.011770  Dhi=1.116641  err=-1.000000  inc=-0.989930  bucket 0->0  (mf=1000)
[MF-SEL] tPrev=(  d=0.012288  dMin=0.000000  dAvg=0.023525  dMax=2.209743  Dlo=0.011762  Dhi=1.116634  err=0.000000  inc=0.246420  bucket 0->0  (mf=1000)
[MF-SEL] tPrev=(  d=0.011355  dMin=0.000000  dAvg=0.023508  dMax=2.209743  Dlo=0.011754  Dhi=1.116626  err=-1.000000  inc=-1.041141  bucket 0->0  (mf=1000)
[MF-SEL] tPrev=(  d=0.009901  dMin=0.000000  dAvg=0.023490  dMax=2.209743  Dlo=0.011745  Dhi=1.116616  err=-1.000000  inc=-0.679105  bucket 0->0  (mf=1000)
[MF-SEL] tPrev=(  d=0.027119  dMin=0.000000  dAvg=0.023495  dMax=2.209743  Dlo=0.011747  Dhi=1.116619  err=0.000000  inc=0.250695  bucket 0->0  (mf=1000)
Dropping frame 1413393252.555760
[MF-SEL] tPrev=(  d=0.012166  dMin=0.000000  dAvg=0.023479  dMax=2.209743  Dlo=0.011740  Dhi=1.116611  err=0.000000  inc=-0.079105  bucket 0->0  (mf=1000)
[MF-SEL] tPrev=(  d=0.008093  dMin=0.000000  dAvg=0.023459  dMax=2.209743  Dlo=0.011729  Dhi=1.116601  err=-1.000000  inc=-1.021024  bucket 0->0  (mf=1000)
[MF-SEL] tPrev=(  d=0.007337  dMin=0.000000  dAvg=0.023437  dMax=2.209743  Dlo=0.011719  Dhi=1.116590  err=-1.000000  inc=-0.683822  bucket 0->0  (mf=1000)
Dropping frame 1413393252.755760
[MF-SEL] tPrev=(  d=0.013475  dMin=0.000000  dAvg=0.023424  dMax=2.209743  Dlo=0.011712  Dhi=1.116583  err=0.000000  inc=0.085568  bucket 0->0  (mf=1000)
Dropping frame 1413393252.855760
[MF-SEL] tPrev=(  d=0.012901  dMin=0.000000  dAvg=0.023410  dMax=2.209743  Dlo=0.011705  Dhi=1.116576  err=0.000000  inc=-0.083822  bucket 0->0  (mf=1000)
[MF-SEL] tPrev=(  d=0.003648  dMin=0.000000  dAvg=0.023383  dMax=2.209743  Dlo=0.011692  Dhi=1.116563  err=-1.000000  inc=-1.020092  bucket 0->0  (mf=1000)
[MF-SEL] tPrev=(  d=0.013624  dMin=0.000000  dAvg=0.023370  dMax=2.209743  Dlo=0.011685  Dhi=1.116557  err=0.000000  inc=0.287462  bucket 0->0  (mf=1000)
[MF-SEL] tPrev=(  d=0.014800  dMin=0.000000  dAvg=0.023359  dMax=2.209743  Dlo=0.011679  Dhi=1.116551  err=0.000000  inc=-0.086219  bucket 0->0  (mf=1000)
[MF-SEL] tPrev=(  d=0.002750  dMin=0.000000  dAvg=0.023331  dMax=2.209743  Dlo=0.011666  Dhi=1.116537  err=-1.000000  inc=-1.020381  bucket 0->0  (mf=1000)
[MF-SEL] tPrev=(  d=0.001145  dMin=0.000000  dAvg=0.023302  dMax=2.209743  Dlo=0.011651  Dhi=1.116522  err=-1.000000  inc=-0.690879  bucket 0->0  (mf=1000)
[MF-SEL] tPrev=(  d=0.001488  dMin=0.000000  dAvg=0.023273  dMax=2.209743  Dlo=0.011636  Dhi=1.116508  err=-1.000000  inc=-0.693312  bucket 0->0  (mf=1000)
[MF-SEL] tPrev=(  d=0.002776  dMin=0.000000  dAvg=0.023245  dMax=2.209743  Dlo=0.011623  Dhi=1.116494  err=-1.000000  inc=-0.695570  bucket 0->0  (mf=1000)
[MF-SEL] tPrev=(  d=0.004086  dMin=0.000000  dAvg=0.023220  dMax=2.209743  Dlo=0.011610  Dhi=1.116481  err=-1.000000  inc=-0.697982  bucket 0->0  (mf=1000)
[MF-SEL] tPrev=(  d=0.005344  dMin=0.000000  dAvg=0.023196  dMax=2.209743  Dlo=0.011598  Dhi=1.116470  err=-1.000000  inc=-0.700354  bucket 0->0  (mf=1000)
[MF-SEL] tPrev=(  d=0.007202  dMin=0.000000  dAvg=0.023175  dMax=2.209743  Dlo=0.011588  Dhi=1.116459  err=-1.000000  inc=-0.702468  bucket 0->0  (mf=1000)
[MF-SEL] tPrev=(  d=0.008839  dMin=0.000000  dAvg=0.023156  dMax=2.209743  Dlo=0.011578  Dhi=1.116450  err=-1.000000  inc=-0.704791  bucket 0->0  (mf=1000)
[MF-SEL] tPrev=(  d=0.011879  dMin=0.000000  dAvg=0.023141  dMax=2.209743  Dlo=0.011571  Dhi=1.116442  err=0.000000  inc=0.255560  bucket 0->0  (mf=1000)
[MF-SEL] tPrev=(  d=0.011828  dMin=0.000000  dAvg=0.023126  dMax=2.209743  Dlo=0.011563  Dhi=1.116435  err=0.000000  inc=-0.104791  bucket 0->0  (mf=1000)
Dropping frame 1413393253.605761
[MF-SEL] tPrev=(  d=0.028822  dMin=0.000000  dAvg=0.023134  dMax=2.209743  Dlo=0.011567  Dhi=1.116438  err=0.000000  inc=-0.104791  bucket 0->0  (mf=1000)
[MF-SEL] tPrev=(  d=0.015355  dMin=0.000000  dAvg=0.023124  dMax=2.209743  Dlo=0.011562  Dhi=1.116433  err=0.000000  inc=-0.104791  bucket 0->0  (mf=1000)
[MF-SEL] tPrev=(  d=0.015973  dMin=0.000000  dAvg=0.023114  dMax=2.209743  Dlo=0.011557  Dhi=1.116429  err=0.000000  inc=-0.104791  bucket 0->0  (mf=1000)
[MF-SEL] tPrev=(  d=0.016715  dMin=0.000000  dAvg=0.023106  dMax=2.209743  Dlo=0.011553  Dhi=1.116424  err=0.000000  inc=-0.104791  bucket 0->0  (mf=1000)
[MF-SEL] tPrev=(  d=0.017181  dMin=0.000000  dAvg=0.023098  dMax=2.209743  Dlo=0.011549  Dhi=1.116421  err=0.000000  inc=-0.104791  bucket 0->0  (mf=1000)
[MF-SEL] tPrev=(  d=0.017604  dMin=0.000000  dAvg=0.023091  dMax=2.209743  Dlo=0.011545  Dhi=1.116417  err=0.000000  inc=-0.104791  bucket 0->0  (mf=1000)
[MF-SEL] tPrev=(  d=0.018113  dMin=0.000000  dAvg=0.023084  dMax=2.209743  Dlo=0.011542  Dhi=1.116414  err=0.000000  inc=-0.104791  bucket 0->0  (mf=1000)
[MF-SEL] tPrev=(  d=0.027370  dMin=0.000000  dAvg=0.023090  dMax=2.209743  Dlo=0.011545  Dhi=1.116417  err=0.000000  inc=-0.104791  bucket 0->0  (mf=1000)
[MF-SEL] tPrev=(  d=0.019321  dMin=0.000000  dAvg=0.023085  dMax=2.209743  Dlo=0.011543  Dhi=1.116414  err=0.000000  inc=-0.104791  bucket 0->0  (mf=1000)
[MF-SEL] tPrev=(  d=0.019608  dMin=0.000000  dAvg=0.023081  dMax=2.209743  Dlo=0.011540  Dhi=1.116412  err=0.000000  inc=-0.104791  bucket 0->0  (mf=1000)
[MF-SEL] tPrev=(  d=0.020072  dMin=0.000000  dAvg=0.023077  dMax=2.209743  Dlo=0.011538  Dhi=1.116410  err=0.000000  inc=-0.104791  bucket 0->0  (mf=1000)
[MF-SEL] tPrev=(  d=0.020221  dMin=0.000000  dAvg=0.023073  dMax=2.209743  Dlo=0.011537  Dhi=1.116408  err=0.000000  inc=-0.104791  bucket 0->0  (mf=1000)
[MF-SEL] tPrev=(  d=0.020164  dMin=0.000000  dAvg=0.023069  dMax=2.209743  Dlo=0.011535  Dhi=1.116406  err=0.000000  inc=-0.104791  bucket 0->0  (mf=1000)
Dropping frame 1413393254.305761
[MF-SEL] tPrev=(  d=0.041948  dMin=0.000000  dAvg=0.023094  dMax=2.209743  Dlo=0.011547  Dhi=1.116418  err=0.000000  inc=-0.104791  bucket 0->0  (mf=1000)
[MF-SEL] tPrev=(  d=0.024527  dMin=0.000000  dAvg=0.023096  dMax=2.209743  Dlo=0.011548  Dhi=1.116419  err=0.000000  inc=-0.104791  bucket 0->0  (mf=1000)
Dropping frame 1413393254.455760
[MF-SEL] tPrev=(  d=0.035744  dMin=0.000000  dAvg=0.023112  dMax=2.209743  Dlo=0.011556  Dhi=1.116427  err=0.000000  inc=-0.104791  bucket 0->0  (mf=1000)
[MF-SEL] tPrev=(  d=0.020793  dMin=0.000000  dAvg=0.023109  dMax=2.209743  Dlo=0.011554  Dhi=1.116426  err=0.000000  inc=-0.104791  bucket 0->0  (mf=1000)
[MF-SEL] tPrev=(  d=0.021559  dMin=0.000000  dAvg=0.023107  dMax=2.209743  Dlo=0.011553  Dhi=1.116425  err=0.000000  inc=-0.104791  bucket 0->0  (mf=1000)
[MF-SEL] tPrev=(  d=0.022907  dMin=0.000000  dAvg=0.023107  dMax=2.209743  Dlo=0.011553  Dhi=1.116425  err=0.000000  inc=-0.104791  bucket 0->0  (mf=1000)
Dropping frame 1413393254.705760
[MF-SEL] tPrev=(  d=0.051798  dMin=0.000000  dAvg=0.023143  dMax=2.209743  Dlo=0.011572  Dhi=1.116443  err=0.000000  inc=-0.104791  bucket 0->0  (mf=1000)
Dropping frame 1413393254.805761
[MF-SEL] tPrev=(  d=0.057103  dMin=0.000000  dAvg=0.023187  dMax=2.209743  Dlo=0.011593  Dhi=1.116465  err=0.000000  inc=-0.104791  bucket 0->0  (mf=1000)
[MF-SEL] tPrev=(  d=0.025909  dMin=0.000000  dAvg=0.023190  dMax=2.209743  Dlo=0.011595  Dhi=1.116467  err=0.000000  inc=-0.104791  bucket 0->0  (mf=1000)
[MF-SEL] tPrev=(  d=0.025280  dMin=0.000000  dAvg=0.023193  dMax=2.209743  Dlo=0.011597  Dhi=1.116468  err=0.000000  inc=-0.104791  bucket 0->0  (mf=1000)
[MF-SEL] tPrev=(  d=0.023392  dMin=0.000000  dAvg=0.023193  dMax=2.209743  Dlo=0.011597  Dhi=1.116468  err=0.000000  inc=-0.104791  bucket 0->0  (mf=1000)
[MF-SEL] tPrev=(  d=0.023017  dMin=0.000000  dAvg=0.023193  dMax=2.209743  Dlo=0.011597  Dhi=1.116468  err=0.000000  inc=-0.104791  bucket 0->0  (mf=1000)
Dropping frame 1413393255.105761
[MF-SEL] tPrev=(  d=0.045963  dMin=0.000000  dAvg=0.023222  dMax=2.209743  Dlo=0.011611  Dhi=1.116483  err=0.000000  inc=-0.104791  bucket 0->0  (mf=1000)
[MF-SEL] tPrev=(  d=0.017658  dMin=0.000000  dAvg=0.023215  dMax=2.209743  Dlo=0.011608  Dhi=1.116479  err=0.000000  inc=-0.104791  bucket 0->0  (mf=1000)
[MF-SEL] tPrev=(  d=0.020372  dMin=0.000000  dAvg=0.023211  dMax=2.209743  Dlo=0.011606  Dhi=1.116477  err=0.000000  inc=-0.104791  bucket 0->0  (mf=1000)
[MF-SEL] tPrev=(  d=0.018882  dMin=0.000000  dAvg=0.023206  dMax=2.209743  Dlo=0.011603  Dhi=1.116475  err=0.000000  inc=-0.104791  bucket 0->0  (mf=1000)
[MF-SEL] tPrev=(  d=0.017404  dMin=0.000000  dAvg=0.023199  dMax=2.209743  Dlo=0.011599  Dhi=1.116471  err=0.000000  inc=-0.104791  bucket 0->0  (mf=1000)
[MF-SEL] tPrev=(  d=0.016300  dMin=0.000000  dAvg=0.023190  dMax=2.209743  Dlo=0.011595  Dhi=1.116466  err=0.000000  inc=-0.104791  bucket 0->0  (mf=1000)
[MF-SEL] tPrev=(  d=0.015224  dMin=0.000000  dAvg=0.023180  dMax=2.209743  Dlo=0.011590  Dhi=1.116461  err=0.000000  inc=-0.104791  bucket 0->0  (mf=1000)
[MF-SEL] tPrev=(  d=0.014408  dMin=0.000000  dAvg=0.023169  dMax=2.209743  Dlo=0.011584  Dhi=1.116456  err=0.000000  inc=-0.104791  bucket 0->0  (mf=1000)
[MF-SEL] tPrev=(  d=0.013830  dMin=0.000000  dAvg=0.023157  dMax=2.209743  Dlo=0.011578  Dhi=1.116450  err=0.000000  inc=-0.104791  bucket 0->0  (mf=1000)
[MF-SEL] tPrev=(  d=0.012920  dMin=0.000000  dAvg=0.023144  dMax=2.209743  Dlo=0.011572  Dhi=1.116444  err=0.000000  inc=-0.104791  bucket 0->0  (mf=1000)
[MF-SEL] tPrev=(  d=0.012109  dMin=0.000000  dAvg=0.023130  dMax=2.209743  Dlo=0.011565  Dhi=1.116437  err=0.000000  inc=-0.104791  bucket 0->0  (mf=1000)
[MF-SEL] tPrev=(  d=0.015997  dMin=0.000000  dAvg=0.023121  dMax=2.209743  Dlo=0.011561  Dhi=1.116432  err=0.000000  inc=-0.104791  bucket 0->0  (mf=1000)
[MF-SEL] tPrev=(  d=0.010722  dMin=0.000000  dAvg=0.023106  dMax=2.209743  Dlo=0.011553  Dhi=1.116424  err=-1.000000  inc=-1.014075  bucket 0->0  (mf=1000)
[MF-SEL] tPrev=(  d=0.010649  dMin=0.000000  dAvg=0.023090  dMax=2.209743  Dlo=0.011545  Dhi=1.116417  err=-1.000000  inc=-0.709646  bucket 0->0  (mf=1000)
[MF-SEL] tPrev=(  d=0.010506  dMin=0.000000  dAvg=0.023074  dMax=2.209743  Dlo=0.011537  Dhi=1.116409  err=-1.000000  inc=-0.712232  bucket 0->0  (mf=1000)
Dropping frame 1413393255.905761
[MF-SEL] tPrev=(  d=0.020978  dMin=0.000000  dAvg=0.023072  dMax=2.209743  Dlo=0.011536  Dhi=1.116407  err=0.000000  inc=0.060521  bucket 0->0  (mf=1000)
[MF-SEL] tPrev=(  d=0.011333  dMin=0.000000  dAvg=0.023057  dMax=2.209743  Dlo=0.011529  Dhi=1.116400  err=-1.000000  inc=-1.052254  bucket 0->0  (mf=1000)
[MF-SEL] tPrev=(  d=0.012620  dMin=0.000000  dAvg=0.023044  dMax=2.209743  Dlo=0.011522  Dhi=1.116394  err=0.000000  inc=0.215307  bucket 0->0  (mf=1000)
Dropping frame 1413393256.105761
[MF-SEL] tPrev=(  d=0.028920  dMin=0.000000  dAvg=0.023051  dMax=2.209743  Dlo=0.011526  Dhi=1.116397  err=0.000000  inc=-0.114602  bucket 0->0  (mf=1000)
[MF-SEL] tPrev=(  d=0.022255  dMin=0.000000  dAvg=0.023050  dMax=2.209743  Dlo=0.011525  Dhi=1.116397  err=0.000000  inc=-0.114602  bucket 0->0  (mf=1000)
[MF-SEL] tPrev=(  d=0.015760  dMin=0.000000  dAvg=0.023041  dMax=2.209743  Dlo=0.011521  Dhi=1.116392  err=0.000000  inc=-0.114602  bucket 0->0  (mf=1000)
Dropping frame 1413393256.305761
[MF-SEL] tPrev=(  d=0.031502  dMin=0.000000  dAvg=0.023052  dMax=2.209743  Dlo=0.011526  Dhi=1.116397  err=0.000000  inc=-0.114602  bucket 0->0  (mf=1000)
Dropping frame 1413393256.405761
[MF-SEL] tPrev=(  d=0.031308  dMin=0.000000  dAvg=0.023062  dMax=2.209743  Dlo=0.011531  Dhi=1.116403  err=0.000000  inc=-0.114602  bucket 0->0  (mf=1000)
[MF-SEL] tPrev=(  d=0.016915  dMin=0.000000  dAvg=0.023054  dMax=2.209743  Dlo=0.011527  Dhi=1.116399  err=0.000000  inc=-0.114602  bucket 0->0  (mf=1000)
[MF-SEL] tPrev=(  d=0.018639  dMin=0.000000  dAvg=0.023049  dMax=2.209743  Dlo=0.011524  Dhi=1.116396  err=0.000000  inc=-0.114602  bucket 0->0  (mf=1000)
[MF-SEL] tPrev=(  d=0.020136  dMin=0.000000  dAvg=0.023045  dMax=2.209743  Dlo=0.011523  Dhi=1.116394  err=0.000000  inc=-0.114602  bucket 0->0  (mf=1000)
[MF-SEL] tPrev=(  d=0.020918  dMin=0.000000  dAvg=0.023043  dMax=2.209743  Dlo=0.011521  Dhi=1.116393  err=0.000000  inc=-0.114602  bucket 0->0  (mf=1000)
Dropping frame 1413393256.705760
[MF-SEL] tPrev=(  d=0.043123  dMin=0.000000  dAvg=0.023067  dMax=2.209743  Dlo=0.011534  Dhi=1.116405  err=0.000000  inc=-0.114602  bucket 0->0  (mf=1000)
[MF-SEL] tPrev=(  d=0.022520  dMin=0.000000  dAvg=0.023067  dMax=2.209743  Dlo=0.011533  Dhi=1.116405  err=0.000000  inc=-0.114602  bucket 0->0  (mf=1000)
[MF-SEL] tPrev=(  d=0.024177  dMin=0.000000  dAvg=0.023068  dMax=2.209743  Dlo=0.011534  Dhi=1.116406  err=0.000000  inc=-0.114602  bucket 0->0  (mf=1000)
Dropping frame 1413393256.905761
[MF-SEL] tPrev=(  d=0.049502  dMin=0.000000  dAvg=0.023101  dMax=2.209743  Dlo=0.011550  Dhi=1.116422  err=0.000000  inc=-0.114602  bucket 0->0  (mf=1000)
Dropping frame 1413393257.005760
[MF-SEL] tPrev=(  d=0.057342  dMin=0.000000  dAvg=0.023143  dMax=2.209743  Dlo=0.011571  Dhi=1.116443  err=0.000000  inc=-0.114602  bucket 0->0  (mf=1000)
[MF-SEL] tPrev=(  d=0.027049  dMin=0.000000  dAvg=0.023147  dMax=2.209743  Dlo=0.011574  Dhi=1.116445  err=0.000000  inc=-0.114602  bucket 0->0  (mf=1000)
[MF-SEL] tPrev=(  d=0.026364  dMin=0.000000  dAvg=0.023151  dMax=2.209743  Dlo=0.011576  Dhi=1.116447  err=0.000000  inc=-0.114602  bucket 0->0  (mf=1000)
[MF-SEL] tPrev=(  d=0.026569  dMin=0.000000  dAvg=0.023155  dMax=2.209743  Dlo=0.011578  Dhi=1.116449  err=0.000000  inc=-0.114602  bucket 0->0  (mf=1000)
[MF-SEL] tPrev=(  d=0.031654  dMin=0.000000  dAvg=0.023166  dMax=2.209743  Dlo=0.011583  Dhi=1.116454  err=0.000000  inc=-0.114602  bucket 0->0  (mf=1000)
[MF-SEL] tPrev=(  d=0.026368  dMin=0.000000  dAvg=0.023170  dMax=2.209743  Dlo=0.011585  Dhi=1.116456  err=0.000000  inc=-0.114602  bucket 0->0  (mf=1000)
[MF-SEL] tPrev=(  d=0.026470  dMin=0.000000  dAvg=0.023174  dMax=2.209743  Dlo=0.011587  Dhi=1.116458  err=0.000000  inc=-0.114602  bucket 0->0  (mf=1000)
[MF-SEL] tPrev=(  d=0.026979  dMin=0.000000  dAvg=0.023178  dMax=2.209743  Dlo=0.011589  Dhi=1.116461  err=0.000000  inc=-0.114602  bucket 0->0  (mf=1000)
Dropping frame 1413393257.455760
[MF-SEL] tPrev=(  d=0.054805  dMin=0.000000  dAvg=0.023217  dMax=2.209743  Dlo=0.011608  Dhi=1.116480  err=0.000000  inc=-0.114602  bucket 0->0  (mf=1000)
[MF-SEL] tPrev=(  d=0.029647  dMin=0.000000  dAvg=0.023225  dMax=2.209743  Dlo=0.011612  Dhi=1.116484  err=0.000000  inc=-0.114602  bucket 0->0  (mf=1000)
[MF-SEL] tPrev=(  d=0.029009  dMin=0.000000  dAvg=0.023232  dMax=2.209743  Dlo=0.011616  Dhi=1.116487  err=0.000000  inc=-0.114602  bucket 0->0  (mf=1000)
Dropping frame 1413393257.655760
[MF-SEL] tPrev=(  d=0.060193  dMin=0.000000  dAvg=0.023276  dMax=2.209743  Dlo=0.011638  Dhi=1.116510  err=0.000000  inc=-0.114602  bucket 0->0  (mf=1000)
Dropping frame 1413393257.755760
[MF-SEL] tPrev=(  d=0.072522  dMin=0.000000  dAvg=0.023336  dMax=2.209743  Dlo=0.011668  Dhi=1.116539  err=0.000000  inc=-0.114602  bucket 0->0  (mf=1000)
[MF-SEL] tPrev=(  d=0.029575  dMin=0.000000  dAvg=0.023343  dMax=2.209743  Dlo=0.011672  Dhi=1.116543  err=0.000000  inc=-0.114602  bucket 0->0  (mf=1000)
Dropping frame 1413393257.905761
[MF-SEL] tPrev=(  d=0.058782  dMin=0.000000  dAvg=0.023386  dMax=2.209743  Dlo=0.011693  Dhi=1.116564  err=0.000000  inc=-0.114602  bucket 0->0  (mf=1000)
[MF-SEL] tPrev=(  d=0.028565  dMin=0.000000  dAvg=0.023392  dMax=2.209743  Dlo=0.011696  Dhi=1.116568  err=0.000000  inc=-0.114602  bucket 0->0  (mf=1000)
[MF-SEL] tPrev=(  d=0.028991  dMin=0.000000  dAvg=0.023399  dMax=2.209743  Dlo=0.011699  Dhi=1.116571  err=0.000000  inc=-0.114602  bucket 0->0  (mf=1000)
[MF-SEL] tPrev=(  d=0.029031  dMin=0.000000  dAvg=0.023406  dMax=2.209743  Dlo=0.011703  Dhi=1.116574  err=0.000000  inc=-0.114602  bucket 0->0  (mf=1000)
[MF-SEL] tPrev=(  d=0.028541  dMin=0.000000  dAvg=0.023412  dMax=2.209743  Dlo=0.011706  Dhi=1.116577  err=0.000000  inc=-0.114602  bucket 0->0  (mf=1000)
[MF-SEL] tPrev=(  d=0.029071  dMin=0.000000  dAvg=0.023419  dMax=2.209743  Dlo=0.011709  Dhi=1.116581  err=0.000000  inc=-0.114602  bucket 0->0  (mf=1000)
[MF-SEL] tPrev=(  d=0.038105  dMin=0.000000  dAvg=0.023436  dMax=2.209743  Dlo=0.011718  Dhi=1.116590  err=0.000000  inc=-0.114602  bucket 0->0  (mf=1000)
[MF-SEL] tPrev=(  d=0.028830  dMin=0.000000  dAvg=0.023443  dMax=2.209743  Dlo=0.011721  Dhi=1.116593  err=0.000000  inc=-0.114602  bucket 0->0  (mf=1000)
[MF-SEL] tPrev=(  d=0.028364  dMin=0.000000  dAvg=0.023448  dMax=2.209743  Dlo=0.011724  Dhi=1.116596  err=0.000000  inc=-0.114602  bucket 0->0  (mf=1000)
[MF-SEL] tPrev=(  d=0.028635  dMin=0.000000  dAvg=0.023455  dMax=2.209743  Dlo=0.011727  Dhi=1.116599  err=0.000000  inc=-0.114602  bucket 0->0  (mf=1000)
[MF-SEL] tPrev=(  d=0.033388  dMin=0.000000  dAvg=0.023466  dMax=2.209743  Dlo=0.011733  Dhi=1.116605  err=0.000000  inc=-0.114602  bucket 0->0  (mf=1000)
Dropping frame 1413393258.505760
[MF-SEL] tPrev=(  d=0.046231  dMin=0.000000  dAvg=0.023494  dMax=2.209743  Dlo=0.011747  Dhi=1.116618  err=0.000000  inc=-0.114602  bucket 0->0  (mf=1000)
Dropping frame 1413393258.605761
[MF-SEL] tPrev=(  d=0.052576  dMin=0.000000  dAvg=0.023528  dMax=2.209743  Dlo=0.011764  Dhi=1.116636  err=0.000000  inc=-0.114602  bucket 0->0  (mf=1000)
[MF-SEL] tPrev=(  d=0.019520  dMin=0.000000  dAvg=0.023523  dMax=2.209743  Dlo=0.011762  Dhi=1.116633  err=0.000000  inc=-0.114602  bucket 0->0  (mf=1000)
[MF-SEL] tPrev=(  d=0.019702  dMin=0.000000  dAvg=0.023519  dMax=2.209743  Dlo=0.011759  Dhi=1.116631  err=0.000000  inc=-0.114602  bucket 0->0  (mf=1000)
Dropping frame 1413393258.805761
[MF-SEL] tPrev=(  d=0.036879  dMin=0.000000  dAvg=0.023535  dMax=2.209743  Dlo=0.011767  Dhi=1.116639  err=0.000000  inc=-0.114602  bucket 0->0  (mf=1000)
Dropping frame 1413393258.905761
[MF-SEL] tPrev=(  d=0.032207  dMin=0.000000  dAvg=0.023545  dMax=2.209743  Dlo=0.011772  Dhi=1.116644  err=0.000000  inc=-0.114602  bucket 0->0  (mf=1000)
[MF-SEL] tPrev=(  d=0.015506  dMin=0.000000  dAvg=0.023535  dMax=2.209743  Dlo=0.011768  Dhi=1.116639  err=0.000000  inc=-0.114602  bucket 0->0  (mf=1000)
[MF-SEL] tPrev=(  d=0.026107  dMin=0.000000  dAvg=0.023538  dMax=2.209743  Dlo=0.011769  Dhi=1.116641  err=0.000000  inc=-0.114602  bucket 0->0  (mf=1000)
[MF-SEL] tPrev=(  d=0.015677  dMin=0.000000  dAvg=0.023529  dMax=2.209743  Dlo=0.011765  Dhi=1.116636  err=0.000000  inc=-0.114602  bucket 0->0  (mf=1000)
[MF-SEL] tPrev=(  d=0.015278  dMin=0.000000  dAvg=0.023519  dMax=2.209743  Dlo=0.011760  Dhi=1.116631  err=0.000000  inc=-0.114602  bucket 0->0  (mf=1000)
[MF-SEL] tPrev=(  d=0.016001  dMin=0.000000  dAvg=0.023511  dMax=2.209743  Dlo=0.011755  Dhi=1.116627  err=0.000000  inc=-0.114602  bucket 0->0  (mf=1000)
[MF-SEL] tPrev=(  d=0.016118  dMin=0.000000  dAvg=0.023502  dMax=2.209743  Dlo=0.011751  Dhi=1.116622  err=0.000000  inc=-0.114602  bucket 0->0  (mf=1000)
[MF-SEL] tPrev=(  d=0.016331  dMin=0.000000  dAvg=0.023494  dMax=2.209743  Dlo=0.011747  Dhi=1.116618  err=0.000000  inc=-0.114602  bucket 0->0  (mf=1000)
Dropping frame 1413393259.355760
[MF-SEL] tPrev=(  d=0.032903  dMin=0.000000  dAvg=0.023505  dMax=2.209743  Dlo=0.011752  Dhi=1.116624  err=0.000000  inc=-0.114602  bucket 0->0  (mf=1000)
Dropping frame 1413393259.455760
[MF-SEL] tPrev=(  d=0.035570  dMin=0.000000  dAvg=0.023519  dMax=2.209743  Dlo=0.011759  Dhi=1.116631  err=0.000000  inc=-0.114602  bucket 0->0  (mf=1000)
[MF-SEL] tPrev=(  d=0.016414  dMin=0.000000  dAvg=0.023510  dMax=2.209743  Dlo=0.011755  Dhi=1.116627  err=0.000000  inc=-0.114602  bucket 0->0  (mf=1000)
[MF-SEL] tPrev=(  d=0.017707  dMin=0.000000  dAvg=0.023504  dMax=2.209743  Dlo=0.011752  Dhi=1.116623  err=0.000000  inc=-0.114602  bucket 0->0  (mf=1000)
[MF-SEL] tPrev=(  d=0.018151  dMin=0.000000  dAvg=0.023497  dMax=2.209743  Dlo=0.011749  Dhi=1.116620  err=0.000000  inc=-0.114602  bucket 0->0  (mf=1000)
[MF-SEL] tPrev=(  d=0.025984  dMin=0.000000  dAvg=0.023500  dMax=2.209743  Dlo=0.011750  Dhi=1.116622  err=0.000000  inc=-0.114602  bucket 0->0  (mf=1000)
[MF-SEL] tPrev=(  d=0.019424  dMin=0.000000  dAvg=0.023495  dMax=2.209743  Dlo=0.011748  Dhi=1.116619  err=0.000000  inc=-0.114602  bucket 0->0  (mf=1000)
Dropping frame 1413393259.805761
[MF-SEL] tPrev=(  d=0.042431  dMin=0.000000  dAvg=0.023517  dMax=2.209743  Dlo=0.011759  Dhi=1.116630  err=0.000000  inc=-0.114602  bucket 0->0  (mf=1000)
[MF-SEL] tPrev=(  d=0.021819  dMin=0.000000  dAvg=0.023516  dMax=2.209743  Dlo=0.011758  Dhi=1.116629  err=0.000000  inc=-0.114602  bucket 0->0  (mf=1000)
[MF-SEL] tPrev=(  d=0.021935  dMin=0.000000  dAvg=0.023514  dMax=2.209743  Dlo=0.011757  Dhi=1.116628  err=0.000000  inc=-0.114602  bucket 0->0  (mf=1000)
Dropping frame 1413393260.005760
[MF-SEL] tPrev=(  d=0.047514  dMin=0.000000  dAvg=0.023541  dMax=2.209743  Dlo=0.011771  Dhi=1.116642  err=0.000000  inc=-0.114602  bucket 0->0  (mf=1000)
[MF-SEL] tPrev=(  d=0.021612  dMin=0.000000  dAvg=0.023539  dMax=2.209743  Dlo=0.011770  Dhi=1.116641  err=0.000000  inc=-0.114602  bucket 0->0  (mf=1000)
[MF-SEL] tPrev=(  d=0.046654  dMin=0.000000  dAvg=0.023566  dMax=2.209743  Dlo=0.011783  Dhi=1.116654  err=0.000000  inc=-0.114602  bucket 0->0  (mf=1000)
Dropping frame 1413393260.205760
[MF-SEL] tPrev=(  d=0.044467  dMin=0.000000  dAvg=0.023590  dMax=2.209743  Dlo=0.011795  Dhi=1.116667  err=0.000000  inc=-0.114602  bucket 0->0  (mf=1000)
Dropping frame 1413393260.305761
[MF-SEL] tPrev=(  d=0.049987  dMin=0.000000  dAvg=0.023620  dMax=2.209743  Dlo=0.011810  Dhi=1.116682  err=0.000000  inc=-0.114602  bucket 0->0  (mf=1000)
Dropping frame 1413393260.405761
[MF-SEL] tPrev=(  d=0.045041  dMin=0.000000  dAvg=0.023645  dMax=2.209743  Dlo=0.011823  Dhi=1.116694  err=0.000000  inc=-0.114602  bucket 0->0  (mf=1000)
[MF-SEL] tPrev=(  d=0.020904  dMin=0.000000  dAvg=0.023642  dMax=2.209743  Dlo=0.011821  Dhi=1.116692  err=0.000000  inc=-0.114602  bucket 0->0  (mf=1000)
[MF-SEL] tPrev=(  d=0.029902  dMin=0.000000  dAvg=0.023649  dMax=2.209743  Dlo=0.011825  Dhi=1.116696  err=0.000000  inc=-0.114602  bucket 0->0  (mf=1000)
[MF-SEL] tPrev=(  d=0.018076  dMin=0.000000  dAvg=0.023643  dMax=2.209743  Dlo=0.011821  Dhi=1.116693  err=0.000000  inc=-0.114602  bucket 0->0  (mf=1000)
[MF-SEL] tPrev=(  d=0.014220  dMin=0.000000  dAvg=0.023632  dMax=2.209743  Dlo=0.011816  Dhi=1.116687  err=0.000000  inc=-0.114602  bucket 0->0  (mf=1000)
[MF-SEL] tPrev=(  d=0.010724  dMin=0.000000  dAvg=0.023617  dMax=2.209743  Dlo=0.011809  Dhi=1.116680  err=-1.000000  inc=-1.076155  bucket 0->0  (mf=1000)
Dropping frame 1413393260.755760
[MF-SEL] tPrev=(  d=0.021703  dMin=0.000000  dAvg=0.023615  dMax=2.209743  Dlo=0.011807  Dhi=1.116679  err=0.000000  inc=0.051355  bucket 0->0  (mf=1000)
Dropping frame 1413393260.855760
[MF-SEL] tPrev=(  d=0.023230  dMin=0.000000  dAvg=0.023615  dMax=2.209743  Dlo=0.011807  Dhi=1.116679  err=0.000000  inc=-0.116828  bucket 0->0  (mf=1000)
Dropping frame 1413393260.955760
[MF-SEL] tPrev=(  d=0.027635  dMin=0.000000  dAvg=0.023619  dMax=2.209743  Dlo=0.011810  Dhi=1.116681  err=0.000000  inc=-0.116828  bucket 0->0  (mf=1000)
[MF-SEL] tPrev=(  d=0.014875  dMin=0.000000  dAvg=0.023609  dMax=2.209743  Dlo=0.011805  Dhi=1.116676  err=0.000000  inc=-0.116828  bucket 0->0  (mf=1000)
[MF-SEL] tPrev=(  d=0.024698  dMin=0.000000  dAvg=0.023610  dMax=2.209743  Dlo=0.011805  Dhi=1.116677  err=0.000000  inc=-0.116828  bucket 0->0  (mf=1000)
Dropping frame 1413393261.155760
[MF-SEL] tPrev=(  d=0.026842  dMin=0.000000  dAvg=0.023614  dMax=2.209743  Dlo=0.011807  Dhi=1.116679  err=0.000000  inc=-0.116828  bucket 0->0  (mf=1000)
[MF-SEL] tPrev=(  d=0.012935  dMin=0.000000  dAvg=0.023602  dMax=2.209743  Dlo=0.011801  Dhi=1.116672  err=0.000000  inc=-0.116828  bucket 0->0  (mf=1000)
[MF-SEL] tPrev=(  d=0.012864  dMin=0.000000  dAvg=0.023590  dMax=2.209743  Dlo=0.011795  Dhi=1.116666  err=0.000000  inc=-0.116828  bucket 0->0  (mf=1000)
Dropping frame 1413393261.355760
[MF-SEL] tPrev=(  d=0.027837  dMin=0.000000  dAvg=0.023595  dMax=2.209743  Dlo=0.011797  Dhi=1.116669  err=0.000000  inc=-0.116828  bucket 0->0  (mf=1000)
Dropping frame 1413393261.455760
[MF-SEL] tPrev=(  d=0.028230  dMin=0.000000  dAvg=0.023600  dMax=2.209743  Dlo=0.011800  Dhi=1.116671  err=0.000000  inc=-0.116828  bucket 0->0  (mf=1000)
[MF-SEL] tPrev=(  d=0.014297  dMin=0.000000  dAvg=0.023589  dMax=2.209743  Dlo=0.011795  Dhi=1.116666  err=0.000000  inc=-0.116828  bucket 0->0  (mf=1000)
Dropping frame 1413393261.605761
[MF-SEL] tPrev=(  d=0.037204  dMin=0.000000  dAvg=0.023605  dMax=2.209743  Dlo=0.011802  Dhi=1.116674  err=0.000000  inc=-0.116828  bucket 0->0  (mf=1000)
Dropping frame 1413393261.705760
[MF-SEL] tPrev=(  d=0.026325  dMin=0.000000  dAvg=0.023608  dMax=2.209743  Dlo=0.011804  Dhi=1.116675  err=0.000000  inc=-0.116828  bucket 0->0  (mf=1000)
[MF-SEL] tPrev=(  d=0.012163  dMin=0.000000  dAvg=0.023595  dMax=2.209743  Dlo=0.011797  Dhi=1.116669  err=0.000000  inc=-0.116828  bucket 0->0  (mf=1000)
Dropping frame 1413393261.855760
[MF-SEL] tPrev=(  d=0.031384  dMin=0.000000  dAvg=0.023604  dMax=2.209743  Dlo=0.011802  Dhi=1.116673  err=0.000000  inc=-0.116828  bucket 0->0  (mf=1000)
[MF-SEL] tPrev=(  d=0.010020  dMin=0.000000  dAvg=0.023588  dMax=2.209743  Dlo=0.011794  Dhi=1.116666  err=-1.000000  inc=-1.031545  bucket 0->0  (mf=1000)
Dropping frame 1413393262.005760
[MF-SEL] tPrev=(  d=0.020795  dMin=0.000000  dAvg=0.023585  dMax=2.209743  Dlo=0.011793  Dhi=1.116664  err=0.000000  inc=0.064565  bucket 0->0  (mf=1000)
Dropping frame 1413393262.105761
[MF-SEL] tPrev=(  d=0.038370  dMin=0.000000  dAvg=0.023602  dMax=2.209743  Dlo=0.011801  Dhi=1.116672  err=0.000000  inc=-0.119391  bucket 0->0  (mf=1000)
[MF-SEL] tPrev=(  d=0.011960  dMin=0.000000  dAvg=0.023589  dMax=2.209743  Dlo=0.011794  Dhi=1.116666  err=0.000000  inc=-0.119391  bucket 0->0  (mf=1000)
[MF-SEL] tPrev=(  d=0.013172  dMin=0.000000  dAvg=0.023577  dMax=2.209743  Dlo=0.011789  Dhi=1.116660  err=0.000000  inc=-0.119391  bucket 0->0  (mf=1000)
[MF-SEL] tPrev=(  d=0.015106  dMin=0.000000  dAvg=0.023568  dMax=2.209743  Dlo=0.011784  Dhi=1.116655  err=0.000000  inc=-0.119391  bucket 0->0  (mf=1000)
Dropping frame 1413393262.355760
[MF-SEL] tPrev=(  d=0.036856  dMin=0.000000  dAvg=0.023582  dMax=2.209743  Dlo=0.011791  Dhi=1.116663  err=0.000000  inc=-0.119391  bucket 0->0  (mf=1000)
[MF-SEL] tPrev=(  d=0.017493  dMin=0.000000  dAvg=0.023576  dMax=2.209743  Dlo=0.011788  Dhi=1.116659  err=0.000000  inc=-0.119391  bucket 0->0  (mf=1000)
[MF-SEL] tPrev=(  d=0.016377  dMin=0.000000  dAvg=0.023568  dMax=2.209743  Dlo=0.011784  Dhi=1.116655  err=0.000000  inc=-0.119391  bucket 0->0  (mf=1000)
Dropping frame 1413393262.555760
[MF-SEL] tPrev=(  d=0.028969  dMin=0.000000  dAvg=0.023574  dMax=2.209743  Dlo=0.011787  Dhi=1.116658  err=0.000000  inc=-0.119391  bucket 0->0  (mf=1000)
[MF-SEL] tPrev=(  d=0.014680  dMin=0.000000  dAvg=0.023564  dMax=2.209743  Dlo=0.011782  Dhi=1.116653  err=0.000000  inc=-0.119391  bucket 0->0  (mf=1000)
Dropping frame 1413393262.705760
[MF-SEL] tPrev=(  d=0.032072  dMin=0.000000  dAvg=0.023573  dMax=2.209743  Dlo=0.011787  Dhi=1.116658  err=0.000000  inc=-0.119391  bucket 0->0  (mf=1000)
Dropping frame 1413393262.805761
[MF-SEL] tPrev=(  d=0.034036  dMin=0.000000  dAvg=0.023585  dMax=2.209743  Dlo=0.011792  Dhi=1.116664  err=0.000000  inc=-0.119391  bucket 0->0  (mf=1000)
[MF-SEL] tPrev=(  d=0.020121  dMin=0.000000  dAvg=0.023581  dMax=2.209743  Dlo=0.011791  Dhi=1.116662  err=0.000000  inc=-0.119391  bucket 0->0  (mf=1000)
[MF-SEL] tPrev=(  d=0.019808  dMin=0.000000  dAvg=0.023577  dMax=2.209743  Dlo=0.011788  Dhi=1.116660  err=0.000000  inc=-0.119391  bucket 0->0  (mf=1000)
[MF-SEL] tPrev=(  d=0.019056  dMin=0.000000  dAvg=0.023572  dMax=2.209743  Dlo=0.011786  Dhi=1.116657  err=0.000000  inc=-0.119391  bucket 0->0  (mf=1000)
[MF-SEL] tPrev=(  d=0.018967  dMin=0.000000  dAvg=0.023567  dMax=2.209743  Dlo=0.011783  Dhi=1.116655  err=0.000000  inc=-0.119391  bucket 0->0  (mf=1000)
[MF-SEL] tPrev=(  d=0.018666  dMin=0.000000  dAvg=0.023561  dMax=2.209743  Dlo=0.011781  Dhi=1.116652  err=0.000000  inc=-0.119391  bucket 0->0  (mf=1000)
[MF-SEL] tPrev=(  d=0.019056  dMin=0.000000  dAvg=0.023556  dMax=2.209743  Dlo=0.011778  Dhi=1.116650  err=0.000000  inc=-0.119391  bucket 0->0  (mf=1000)
[MF-SEL] tPrev=(  d=0.019010  dMin=0.000000  dAvg=0.023551  dMax=2.209743  Dlo=0.011776  Dhi=1.116647  err=0.000000  inc=-0.119391  bucket 0->0  (mf=1000)
Dropping frame 1413393263.255760
[MF-SEL] tPrev=(  d=0.030978  dMin=0.000000  dAvg=0.023560  dMax=2.209743  Dlo=0.011780  Dhi=1.116651  err=0.000000  inc=-0.119391  bucket 0->0  (mf=1000)
[MF-SEL] tPrev=(  d=0.017554  dMin=0.000000  dAvg=0.023553  dMax=2.209743  Dlo=0.011776  Dhi=1.116648  err=0.000000  inc=-0.119391  bucket 0->0  (mf=1000)
[MF-SEL] tPrev=(  d=0.018130  dMin=0.000000  dAvg=0.023547  dMax=2.209743  Dlo=0.011774  Dhi=1.116645  err=0.000000  inc=-0.119391  bucket 0->0  (mf=1000)
[MF-SEL] tPrev=(  d=0.019633  dMin=0.000000  dAvg=0.023543  dMax=2.209743  Dlo=0.011771  Dhi=1.116643  err=0.000000  inc=-0.119391  bucket 0->0  (mf=1000)
[MF-SEL] tPrev=(  d=0.020838  dMin=0.000000  dAvg=0.023540  dMax=2.209743  Dlo=0.011770  Dhi=1.116641  err=0.000000  inc=-0.119391  bucket 0->0  (mf=1000)
[MF-SEL] tPrev=(  d=0.020848  dMin=0.000000  dAvg=0.023537  dMax=2.209743  Dlo=0.011768  Dhi=1.116640  err=0.000000  inc=-0.119391  bucket 0->0  (mf=1000)
[MF-SEL] tPrev=(  d=0.022929  dMin=0.000000  dAvg=0.023536  dMax=2.209743  Dlo=0.011768  Dhi=1.116640  err=0.000000  inc=-0.119391  bucket 0->0  (mf=1000)
[MF-SEL] tPrev=(  d=0.023370  dMin=0.000000  dAvg=0.023536  dMax=2.209743  Dlo=0.011768  Dhi=1.116640  err=0.000000  inc=-0.119391  bucket 0->0  (mf=1000)
Dropping frame 1413393263.705760
[MF-SEL] tPrev=(  d=0.047456  dMin=0.000000  dAvg=0.023562  dMax=2.209743  Dlo=0.011781  Dhi=1.116653  err=0.000000  inc=-0.119391  bucket 0->0  (mf=1000)
[MF-SEL] tPrev=(  d=0.022447  dMin=0.000000  dAvg=0.023561  dMax=2.209743  Dlo=0.011780  Dhi=1.116652  err=0.000000  inc=-0.119391  bucket 0->0  (mf=1000)
Dropping frame 1413393263.855760
[MF-SEL] tPrev=(  d=0.042047  dMin=0.000000  dAvg=0.023581  dMax=2.209743  Dlo=0.011790  Dhi=1.116662  err=0.000000  inc=-0.119391  bucket 0->0  (mf=1000)
[MF-SEL] tPrev=(  d=0.017308  dMin=0.000000  dAvg=0.023574  dMax=2.209743  Dlo=0.011787  Dhi=1.116659  err=0.000000  inc=-0.119391  bucket 0->0  (mf=1000)
[MF-SEL] tPrev=(  d=0.015933  dMin=0.000000  dAvg=0.023566  dMax=2.209743  Dlo=0.011783  Dhi=1.116654  err=0.000000  inc=-0.119391  bucket 0->0  (mf=1000)
[MF-SEL] tPrev=(  d=0.014560  dMin=0.000000  dAvg=0.023556  dMax=2.209743  Dlo=0.011778  Dhi=1.116650  err=0.000000  inc=-0.119391  bucket 0->0  (mf=1000)
Dropping frame 1413393264.105761
[MF-SEL] tPrev=(  d=0.037473  dMin=0.000000  dAvg=0.023571  dMax=2.209743  Dlo=0.011786  Dhi=1.116657  err=0.000000  inc=-0.119391  bucket 0->0  (mf=1000)
[MF-SEL] tPrev=(  d=0.010547  dMin=0.000000  dAvg=0.023557  dMax=2.209743  Dlo=0.011779  Dhi=1.116650  err=-1.000000  inc=-1.044146  bucket 0->0  (mf=1000)
[MF-SEL] tPrev=(  d=0.011670  dMin=0.000000  dAvg=0.023544  dMax=2.209743  Dlo=0.011772  Dhi=1.116644  err=-1.000000  inc=-0.724016  bucket 0->0  (mf=1000)
Dropping frame 1413393264.305761
[MF-SEL] tPrev=(  d=0.027138  dMin=0.000000  dAvg=0.023548  dMax=2.209743  Dlo=0.011774  Dhi=1.116646  err=0.000000  inc=0.053543  bucket 0->0  (mf=1000)
Dropping frame 1413393264.405761
[MF-SEL] tPrev=(  d=0.011270  dMin=0.000000  dAvg=0.023535  dMax=2.209743  Dlo=0.011767  Dhi=1.116639  err=-1.000000  inc=-0.897296  bucket 0->0  (mf=1000)
[MF-SEL] tPrev=(  d=0.008464  dMin=0.000000  dAvg=0.023519  dMax=2.209743  Dlo=0.011759  Dhi=1.116631  err=-1.000000  inc=-0.730974  bucket 0->0  (mf=1000)
Dropping frame 1413393264.555760
[MF-SEL] tPrev=(  d=0.027799  dMin=0.000000  dAvg=0.023523  dMax=2.209743  Dlo=0.011762  Dhi=1.116633  err=0.000000  inc=0.037069  bucket 0->0  (mf=1000)
[MF-SEL] tPrev=(  d=0.010596  dMin=0.000000  dAvg=0.023509  dMax=2.209743  Dlo=0.011755  Dhi=1.116626  err=-1.000000  inc=-1.087870  bucket 0->0  (mf=1000)
[MF-SEL] tPrev=(  d=0.011411  dMin=0.000000  dAvg=0.023496  dMax=2.209743  Dlo=0.011748  Dhi=1.116620  err=-1.000000  inc=-0.735590  bucket 0->0  (mf=1000)
[MF-SEL] tPrev=(  d=0.010929  dMin=0.000000  dAvg=0.023483  dMax=2.209743  Dlo=0.011741  Dhi=1.116613  err=-1.000000  inc=-0.737783  bucket 0->0  (mf=1000)
[MF-SEL] tPrev=(  d=0.011330  dMin=0.000000  dAvg=0.023470  dMax=2.209743  Dlo=0.011735  Dhi=1.116606  err=-1.000000  inc=-0.739896  bucket 0->0  (mf=1000)
[MF-SEL] tPrev=(  d=0.012093  dMin=0.000000  dAvg=0.023458  dMax=2.209743  Dlo=0.011729  Dhi=1.116600  err=0.000000  inc=0.216523  bucket 0->0  (mf=1000)
Dropping frame 1413393264.905761
[MF-SEL] tPrev=(  d=0.026237  dMin=0.000000  dAvg=0.023461  dMax=2.209743  Dlo=0.011730  Dhi=1.116602  err=0.000000  inc=-0.139896  bucket 0->0  (mf=1000)
[MF-SEL] tPrev=(  d=0.012713  dMin=0.000000  dAvg=0.023449  dMax=2.209743  Dlo=0.011725  Dhi=1.116596  err=0.000000  inc=-0.139896  bucket 0->0  (mf=1000)
[MF-SEL] tPrev=(  d=0.005938  dMin=0.000000  dAvg=0.023431  dMax=2.209743  Dlo=0.011715  Dhi=1.116587  err=-1.000000  inc=-1.115874  bucket 0->0  (mf=1000)
Dropping frame 1413393265.105761
[MF-SEL] tPrev=(  d=0.037829  dMin=0.000000  dAvg=0.023446  dMax=2.209743  Dlo=0.011723  Dhi=1.116594  err=0.000000  inc=0.015101  bucket 0->0  (mf=1000)
[MF-SEL] tPrev=(  d=0.014037  dMin=0.000000  dAvg=0.023436  dMax=2.209743  Dlo=0.011718  Dhi=1.116589  err=0.000000  inc=-0.142036  bucket 0->0  (mf=1000)
Dropping frame 1413393265.255760
[MF-SEL] tPrev=(  d=0.026503  dMin=0.000000  dAvg=0.023439  dMax=2.209743  Dlo=0.011720  Dhi=1.116591  err=0.000000  inc=-0.142036  bucket 0->0  (mf=1000)
[MF-SEL] tPrev=(  d=0.034804  dMin=0.000000  dAvg=0.023451  dMax=2.209743  Dlo=0.011726  Dhi=1.116597  err=0.000000  inc=-0.142036  bucket 0->0  (mf=1000)
[MF-SEL] tPrev=(  d=0.007333  dMin=0.000000  dAvg=0.023434  dMax=2.209743  Dlo=0.011717  Dhi=1.116589  err=-1.000000  inc=-1.075084  bucket 0->0  (mf=1000)
[MF-SEL] tPrev=(  d=0.006435  dMin=0.000000  dAvg=0.023416  dMax=2.209743  Dlo=0.011708  Dhi=1.116580  err=-1.000000  inc=-0.746528  bucket 0->0  (mf=1000)
[MF-SEL] tPrev=(  d=0.020996  dMin=0.000000  dAvg=0.023414  dMax=2.209743  Dlo=0.011707  Dhi=1.116578  err=0.000000  inc=0.241198  bucket 0->0  (mf=1000)
[MF-SEL] tPrev=(  d=0.006202  dMin=0.000000  dAvg=0.023395  dMax=2.209743  Dlo=0.011698  Dhi=1.116569  err=-1.000000  inc=-1.068843  bucket 0->0  (mf=1000)
[MF-SEL] tPrev=(  d=0.003029  dMin=0.000000  dAvg=0.023374  dMax=2.209743  Dlo=0.011687  Dhi=1.116558  err=-1.000000  inc=-0.751286  bucket 0->0  (mf=1000)
Dropping frame 1413393265.655760
[MF-SEL] tPrev=(  d=0.003320  dMin=0.000000  dAvg=0.023353  dMax=2.209743  Dlo=0.011676  Dhi=1.116548  err=-1.000000  inc=-0.756043  bucket 0->0  (mf=1000)
[MF-SEL] tPrev=(  d=0.001684  dMin=0.000000  dAvg=0.023330  dMax=2.209743  Dlo=0.011665  Dhi=1.116536  err=-1.000000  inc=-0.758363  bucket 0->0  (mf=1000)
[MF-SEL] tPrev=(  d=0.002994  dMin=0.000000  dAvg=0.023308  dMax=2.209743  Dlo=0.011654  Dhi=1.116526  err=-1.000000  inc=-0.760478  bucket 0->0  (mf=1000)
Dropping frame 1413393265.855760
[MF-SEL] tPrev=(  d=0.008715  dMin=0.000000  dAvg=0.023293  dMax=2.209743  Dlo=0.011647  Dhi=1.116518  err=-1.000000  inc=-0.765294  bucket 0->0  (mf=1000)
Dropping frame 1413393265.955760
[MF-SEL] tPrev=(  d=0.012756  dMin=0.000000  dAvg=0.023282  dMax=2.209743  Dlo=0.011641  Dhi=1.116513  err=0.000000  inc=0.007563  bucket 0->0  (mf=1000)
Dropping frame 1413393266.055760
[MF-SEL] tPrev=(  d=0.020050  dMin=0.000000  dAvg=0.023279  dMax=2.209743  Dlo=0.011639  Dhi=1.116511  err=0.000000  inc=-0.165294  bucket 0->0  (mf=1000)
[MF-SEL] tPrev=(  d=0.011192  dMin=0.000000  dAvg=0.023266  dMax=2.209743  Dlo=0.011633  Dhi=1.116504  err=-1.000000  inc=-1.091806  bucket 0->0  (mf=1000)
[MF-SEL] tPrev=(  d=0.011832  dMin=0.000000  dAvg=0.023254  dMax=2.209743  Dlo=0.011627  Dhi=1.116499  err=0.000000  inc=0.228323  bucket 0->0  (mf=1000)
[MF-SEL] tPrev=(  d=0.013138  dMin=0.000000  dAvg=0.023243  dMax=2.209743  Dlo=0.011622  Dhi=1.116493  err=0.000000  inc=-0.167763  bucket 0->0  (mf=1000)
[MF-SEL] tPrev=(  d=0.013523  dMin=0.000000  dAvg=0.023233  dMax=2.209743  Dlo=0.011617  Dhi=1.116488  err=0.000000  inc=-0.167763  bucket 0->0  (mf=1000)
[MF-SEL] tPrev=(  d=0.014597  dMin=0.000000  dAvg=0.023224  dMax=2.209743  Dlo=0.011612  Dhi=1.116484  err=0.000000  inc=-0.167763  bucket 0->0  (mf=1000)
[MF-SEL] tPrev=(  d=0.014493  dMin=0.000000  dAvg=0.023215  dMax=2.209743  Dlo=0.011608  Dhi=1.116479  err=0.000000  inc=-0.167763  bucket 0->0  (mf=1000)
[MF-SEL] tPrev=(  d=0.020758  dMin=0.000000  dAvg=0.023213  dMax=2.209743  Dlo=0.011606  Dhi=1.116478  err=0.000000  inc=-0.167763  bucket 0->0  (mf=1000)
Dropping frame 1413393266.505760
[MF-SEL] tPrev=(  d=0.035047  dMin=0.000000  dAvg=0.023225  dMax=2.209743  Dlo=0.011612  Dhi=1.116484  err=0.000000  inc=-0.167763  bucket 0->0  (mf=1000)
[MF-SEL] tPrev=(  d=0.016698  dMin=0.000000  dAvg=0.023218  dMax=2.209743  Dlo=0.011609  Dhi=1.116481  err=0.000000  inc=-0.167763  bucket 0->0  (mf=1000)
[MF-SEL] tPrev=(  d=0.013553  dMin=0.000000  dAvg=0.023208  dMax=2.209743  Dlo=0.011604  Dhi=1.116476  err=0.000000  inc=-0.167763  bucket 0->0  (mf=1000)
Dropping frame 1413393266.705760
[MF-SEL] tPrev=(  d=0.019164  dMin=0.000000  dAvg=0.023204  dMax=2.209743  Dlo=0.011602  Dhi=1.116473  err=0.000000  inc=-0.167763  bucket 0->0  (mf=1000)
[MF-SEL] tPrev=(  d=0.007080  dMin=0.000000  dAvg=0.023187  dMax=2.209743  Dlo=0.011594  Dhi=1.116465  err=-1.000000  inc=-1.106928  bucket 0->0  (mf=1000)
Dropping frame 1413393266.855760
[MF-SEL] tPrev=(  d=0.018993  dMin=0.000000  dAvg=0.023183  dMax=2.209743  Dlo=0.011591  Dhi=1.116463  err=0.000000  inc=0.010222  bucket 0->0  (mf=1000)
[MF-SEL] tPrev=(  d=0.010550  dMin=0.000000  dAvg=0.023170  dMax=2.209743  Dlo=0.011585  Dhi=1.116456  err=-1.000000  inc=-1.085948  bucket 0->0  (mf=1000)
[MF-SEL] tPrev=(  d=0.015136  dMin=0.000000  dAvg=0.023161  dMax=2.209743  Dlo=0.011581  Dhi=1.116452  err=0.000000  inc=0.186415  bucket 0->0  (mf=1000)
[MF-SEL] tPrev=(  d=0.018388  dMin=0.000000  dAvg=0.023157  dMax=2.209743  Dlo=0.011578  Dhi=1.116450  err=0.000000  inc=-0.172692  bucket 0->0  (mf=1000)
[MF-SEL] tPrev=(  d=0.020260  dMin=0.000000  dAvg=0.023154  dMax=2.209743  Dlo=0.011577  Dhi=1.116448  err=0.000000  inc=-0.172692  bucket 0->0  (mf=1000)
Dropping frame 1413393267.155760
[MF-SEL] tPrev=(  d=0.033522  dMin=0.000000  dAvg=0.023164  dMax=2.209743  Dlo=0.011582  Dhi=1.116454  err=0.000000  inc=-0.172692  bucket 0->0  (mf=1000)
Dropping frame 1413393267.255760
[MF-SEL] tPrev=(  d=0.023795  dMin=0.000000  dAvg=0.023165  dMax=2.209743  Dlo=0.011582  Dhi=1.116454  err=0.000000  inc=-0.172692  bucket 0->0  (mf=1000)
Dropping frame 1413393267.355760
[MF-SEL] tPrev=(  d=0.018350  dMin=0.000000  dAvg=0.023160  dMax=2.209743  Dlo=0.011580  Dhi=1.116451  err=0.000000  inc=-0.172692  bucket 0->0  (mf=1000)
[MF-SEL] tPrev=(  d=0.009033  dMin=0.000000  dAvg=0.023145  dMax=2.209743  Dlo=0.011573  Dhi=1.116444  err=-1.000000  inc=-1.120243  bucket 0->0  (mf=1000)
[MF-SEL] tPrev=(  d=0.009536  dMin=0.000000  dAvg=0.023131  dMax=2.209743  Dlo=0.011566  Dhi=1.116437  err=-1.000000  inc=-0.777371  bucket 0->0  (mf=1000)
Dropping frame 1413393267.555760
[MF-SEL] tPrev=(  d=0.024931  dMin=0.000000  dAvg=0.023133  dMax=2.209743  Dlo=0.011567  Dhi=1.116438  err=0.000000  inc=-0.015425  bucket 0->0  (mf=1000)
[MF-SEL] tPrev=(  d=0.012592  dMin=0.000000  dAvg=0.023123  dMax=2.209743  Dlo=0.011561  Dhi=1.116433  err=0.000000  inc=-0.177371  bucket 0->0  (mf=1000)
[MF-SEL] tPrev=(  d=0.012861  dMin=0.000000  dAvg=0.023112  dMax=2.209743  Dlo=0.011556  Dhi=1.116428  err=0.000000  inc=-0.177371  bucket 0->0  (mf=1000)
Dropping frame 1413393267.755760
[MF-SEL] tPrev=(  d=0.042167  dMin=0.000000  dAvg=0.023131  dMax=2.209743  Dlo=0.011566  Dhi=1.116437  err=0.000000  inc=-0.177371  bucket 0->0  (mf=1000)
Dropping frame 1413393267.855760
[MF-SEL] tPrev=(  d=0.022925  dMin=0.000000  dAvg=0.023131  dMax=2.209743  Dlo=0.011566  Dhi=1.116437  err=0.000000  inc=-0.177371  bucket 0->0  (mf=1000)
[MF-SEL] tPrev=(  d=0.023518  dMin=0.000000  dAvg=0.023132  dMax=2.209743  Dlo=0.011566  Dhi=1.116437  err=0.000000  inc=-0.177371  bucket 0->0  (mf=1000)
[MF-SEL] tPrev=(  d=0.004598  dMin=0.000000  dAvg=0.023113  dMax=2.209743  Dlo=0.011556  Dhi=1.116428  err=-1.000000  inc=-1.102009  bucket 0->0  (mf=1000)
[MF-SEL] tPrev=(  d=0.008334  dMin=0.000000  dAvg=0.023098  dMax=2.209743  Dlo=0.011549  Dhi=1.116420  err=-1.000000  inc=-0.781990  bucket 0->0  (mf=1000)
Dropping frame 1413393268.105761
[MF-SEL] tPrev=(  d=0.015215  dMin=0.000000  dAvg=0.023090  dMax=2.209743  Dlo=0.011545  Dhi=1.116416  err=0.000000  inc=-0.014273  bucket 0->0  (mf=1000)
[MF-SEL] tPrev=(  d=0.009950  dMin=0.000000  dAvg=0.023076  dMax=2.209743  Dlo=0.011538  Dhi=1.116410  err=-1.000000  inc=-1.144017  bucket 0->0  (mf=1000)
[MF-SEL] tPrev=(  d=0.008043  dMin=0.000000  dAvg=0.023061  dMax=2.209743  Dlo=0.011531  Dhi=1.116402  err=-1.000000  inc=-0.786697  bucket 0->0  (mf=1000)
[MF-SEL] tPrev=(  d=0.007723  dMin=0.000000  dAvg=0.023046  dMax=2.209743  Dlo=0.011523  Dhi=1.116394  err=-1.000000  inc=-0.788697  bucket 0->0  (mf=1000)
[MF-SEL] tPrev=(  d=0.010010  dMin=0.000000  dAvg=0.023032  dMax=2.209743  Dlo=0.011516  Dhi=1.116388  err=-1.000000  inc=-0.791384  bucket 0->0  (mf=1000)
Dropping frame 1413393268.405761
[MF-SEL] tPrev=(  d=0.015914  dMin=0.000000  dAvg=0.023025  dMax=2.209743  Dlo=0.011513  Dhi=1.116384  err=0.000000  inc=-0.029619  bucket 0->0  (mf=1000)
Dropping frame 1413393268.505760
[MF-SEL] tPrev=(  d=0.010855  dMin=0.000000  dAvg=0.023013  dMax=2.209743  Dlo=0.011506  Dhi=1.116378  err=-1.000000  inc=-0.962005  bucket 0->0  (mf=1000)
[MF-SEL] tPrev=(  d=0.004440  dMin=0.000000  dAvg=0.022994  dMax=2.209743  Dlo=0.011497  Dhi=1.116369  err=-1.000000  inc=-0.798391  bucket 0->0  (mf=1000)
[MF-SEL] tPrev=(  d=0.008396  dMin=0.000000  dAvg=0.022979  dMax=2.209743  Dlo=0.011490  Dhi=1.116361  err=-1.000000  inc=-0.800551  bucket 0->0  (mf=1000)
[MF-SEL] tPrev=(  d=0.011659  dMin=0.000000  dAvg=0.022968  dMax=2.209743  Dlo=0.011484  Dhi=1.116356  err=0.000000  inc=0.133212  bucket 0->0  (mf=1000)
[MF-SEL] tPrev=(  d=0.008186  dMin=0.000000  dAvg=0.022953  dMax=2.209743  Dlo=0.011477  Dhi=1.116348  err=-1.000000  inc=-1.161560  bucket 0->0  (mf=1000)
[MF-SEL] tPrev=(  d=0.007610  dMin=0.000000  dAvg=0.022938  dMax=2.209743  Dlo=0.011469  Dhi=1.116340  err=-1.000000  inc=-0.805038  bucket 0->0  (mf=1000)
[MF-SEL] tPrev=(  d=0.008311  dMin=0.000000  dAvg=0.022923  dMax=2.209743  Dlo=0.011462  Dhi=1.116333  err=-1.000000  inc=-0.807255  bucket 0->0  (mf=1000)
Dropping frame 1413393268.905761
[MF-SEL] tPrev=(  d=0.009413  dMin=0.000000  dAvg=0.022910  dMax=2.209743  Dlo=0.011455  Dhi=1.116326  err=-1.000000  inc=-0.812083  bucket 0->0  (mf=1000)
[MF-SEL] tPrev=(  d=0.003089  dMin=0.000000  dAvg=0.022890  dMax=2.209743  Dlo=0.011445  Dhi=1.116316  err=-1.000000  inc=-0.814724  bucket 0->0  (mf=1000)
[MF-SEL] tPrev=(  d=0.003423  dMin=0.000000  dAvg=0.022870  dMax=2.209743  Dlo=0.011435  Dhi=1.116307  err=-1.000000  inc=-0.816925  bucket 0->0  (mf=1000)
[MF-SEL] tPrev=(  d=0.003581  dMin=0.000000  dAvg=0.022851  dMax=2.209743  Dlo=0.011425  Dhi=1.116297  err=-1.000000  inc=-0.819208  bucket 0->0  (mf=1000)
Dropping frame 1413393269.155760
[MF-SEL] tPrev=(  d=0.017288  dMin=0.000000  dAvg=0.022845  dMax=2.209743  Dlo=0.011423  Dhi=1.116294  err=0.000000  inc=-0.049435  bucket 0->0  (mf=1000)
[MF-SEL] tPrev=(  d=0.007792  dMin=0.000000  dAvg=0.022830  dMax=2.209743  Dlo=0.011415  Dhi=1.116287  err=-1.000000  inc=-1.173635  bucket 0->0  (mf=1000)
Dropping frame 1413393269.305761
[MF-SEL] tPrev=(  d=0.017072  dMin=0.000000  dAvg=0.022825  dMax=2.209743  Dlo=0.011412  Dhi=1.116284  err=0.000000  inc=-0.049265  bucket 0->0  (mf=1000)
[MF-SEL] tPrev=(  d=0.025645  dMin=0.000000  dAvg=0.022827  dMax=2.209743  Dlo=0.011414  Dhi=1.116285  err=0.000000  inc=-0.221479  bucket 0->0  (mf=1000)
[MF-SEL] tPrev=(  d=0.008138  dMin=0.000000  dAvg=0.022813  dMax=2.209743  Dlo=0.011406  Dhi=1.116278  err=-1.000000  inc=-1.170649  bucket 0->0  (mf=1000)
[MF-SEL] tPrev=(  d=0.008495  dMin=0.000000  dAvg=0.022799  dMax=2.209743  Dlo=0.011399  Dhi=1.116271  err=-1.000000  inc=-0.825993  bucket 0->0  (mf=1000)
[MF-SEL] tPrev=(  d=0.009295  dMin=0.000000  dAvg=0.022785  dMax=2.209743  Dlo=0.011393  Dhi=1.116264  err=-1.000000  inc=-0.828230  bucket 0->0  (mf=1000)
[MF-SEL] tPrev=(  d=0.014237  dMin=0.000000  dAvg=0.022777  dMax=2.209743  Dlo=0.011388  Dhi=1.116260  err=0.000000  inc=0.125440  bucket 0->0  (mf=1000)
[MF-SEL] tPrev=(  d=0.014871  dMin=0.000000  dAvg=0.022769  dMax=2.209743  Dlo=0.011384  Dhi=1.116256  err=0.000000  inc=-0.228230  bucket 0->0  (mf=1000)
[MF-SEL] tPrev=(  d=0.017601  dMin=0.000000  dAvg=0.022764  dMax=2.209743  Dlo=0.011382  Dhi=1.116253  err=0.000000  inc=-0.228230  bucket 0->0  (mf=1000)
[MF-SEL] tPrev=(  d=0.018818  dMin=0.000000  dAvg=0.022760  dMax=2.209743  Dlo=0.011380  Dhi=1.116251  err=0.000000  inc=-0.228230  bucket 0->0  (mf=1000)
[MF-SEL] tPrev=(  d=0.020675  dMin=0.000000  dAvg=0.022758  dMax=2.209743  Dlo=0.011379  Dhi=1.116250  err=0.000000  inc=-0.228230  bucket 0->0  (mf=1000)
[MF-SEL] tPrev=(  d=0.019041  dMin=0.000000  dAvg=0.022754  dMax=2.209743  Dlo=0.011377  Dhi=1.116249  err=0.000000  inc=-0.228230  bucket 0->0  (mf=1000)
[MF-SEL] tPrev=(  d=0.018648  dMin=0.000000  dAvg=0.022750  dMax=2.209743  Dlo=0.011375  Dhi=1.116247  err=0.000000  inc=-0.228230  bucket 0->0  (mf=1000)
[MF-SEL] tPrev=(  d=0.019005  dMin=0.000000  dAvg=0.022746  dMax=2.209743  Dlo=0.011373  Dhi=1.116245  err=0.000000  inc=-0.228230  bucket 0->0  (mf=1000)
[MF-SEL] tPrev=(  d=0.018048  dMin=0.000000  dAvg=0.022742  dMax=2.209743  Dlo=0.011371  Dhi=1.116242  err=0.000000  inc=-0.228230  bucket 0->0  (mf=1000)
[MF-SEL] tPrev=(  d=0.016115  dMin=0.000000  dAvg=0.022735  dMax=2.209743  Dlo=0.011368  Dhi=1.116239  err=0.000000  inc=-0.228230  bucket 0->0  (mf=1000)
Dropping frame 1413393270.105761
[MF-SEL] tPrev=(  d=0.034965  dMin=0.000000  dAvg=0.022747  dMax=2.209743  Dlo=0.011374  Dhi=1.116245  err=0.000000  inc=-0.228230  bucket 0->0  (mf=1000)
[MF-SEL] tPrev=(  d=0.014011  dMin=0.000000  dAvg=0.022739  dMax=2.209743  Dlo=0.011369  Dhi=1.116241  err=0.000000  inc=-0.228230  bucket 0->0  (mf=1000)
[MF-SEL] tPrev=(  d=0.014129  dMin=0.000000  dAvg=0.022730  dMax=2.209743  Dlo=0.011365  Dhi=1.116237  err=0.000000  inc=-0.228230  bucket 0->0  (mf=1000)
[MF-SEL] tPrev=(  d=0.010995  dMin=0.000000  dAvg=0.022719  dMax=2.209743  Dlo=0.011359  Dhi=1.116231  err=-1.000000  inc=-1.201035  bucket 0->0  (mf=1000)
Dropping frame 1413393270.355760
[MF-SEL] tPrev=(  d=0.053196  dMin=0.000000  dAvg=0.022749  dMax=2.209743  Dlo=0.011374  Dhi=1.116246  err=0.000000  inc=-0.061168  bucket 0->0  (mf=1000)
[MF-SEL] tPrev=(  d=0.015644  dMin=0.000000  dAvg=0.022742  dMax=2.209743  Dlo=0.011371  Dhi=1.116242  err=0.000000  inc=-0.230388  bucket 0->0  (mf=1000)
[MF-SEL] tPrev=(  d=0.012949  dMin=0.000000  dAvg=0.022732  dMax=2.209743  Dlo=0.011366  Dhi=1.116238  err=0.000000  inc=-0.230388  bucket 0->0  (mf=1000)
Dropping frame 1413393270.555760
[MF-SEL] tPrev=(  d=0.007224  dMin=0.000000  dAvg=0.022717  dMax=2.209743  Dlo=0.011358  Dhi=1.116230  err=-1.000000  inc=-1.005806  bucket 0->0  (mf=1000)
[MF-SEL] tPrev=(  d=0.009391  dMin=0.000000  dAvg=0.022704  dMax=2.209743  Dlo=0.011352  Dhi=1.116223  err=-1.000000  inc=-0.837589  bucket 0->0  (mf=1000)
[MF-SEL] tPrev=(  d=0.006884  dMin=0.000000  dAvg=0.022689  dMax=2.209743  Dlo=0.011344  Dhi=1.116216  err=-1.000000  inc=-0.839610  bucket 0->0  (mf=1000)
[MF-SEL] tPrev=(  d=0.005338  dMin=0.000000  dAvg=0.022672  dMax=2.209743  Dlo=0.011336  Dhi=1.116207  err=-1.000000  inc=-0.842096  bucket 0->0  (mf=1000)
[MF-SEL] tPrev=(  d=0.016335  dMin=0.000000  dAvg=0.022665  dMax=2.209743  Dlo=0.011333  Dhi=1.116204  err=0.000000  inc=0.121112  bucket 0->0  (mf=1000)
[MF-SEL] tPrev=(  d=0.013461  dMin=0.000000  dAvg=0.022657  dMax=2.209743  Dlo=0.011328  Dhi=1.116200  err=0.000000  inc=-0.242096  bucket 0->0  (mf=1000)
[MF-SEL] tPrev=(  d=0.010673  dMin=0.000000  dAvg=0.022645  dMax=2.209743  Dlo=0.011322  Dhi=1.116194  err=-1.000000  inc=-1.200615  bucket 0->0  (mf=1000)
[MF-SEL] tPrev=(  d=0.025142  dMin=0.000000  dAvg=0.022647  dMax=2.209743  Dlo=0.011324  Dhi=1.116195  err=0.000000  inc=0.098278  bucket 0->0  (mf=1000)
[MF-SEL] tPrev=(  d=0.012708  dMin=0.000000  dAvg=0.022638  dMax=2.209743  Dlo=0.011319  Dhi=1.116190  err=0.000000  inc=-0.244341  bucket 0->0  (mf=1000)
[MF-SEL] tPrev=(  d=0.012090  dMin=0.000000  dAvg=0.022628  dMax=2.209743  Dlo=0.011314  Dhi=1.116185  err=0.000000  inc=-0.244341  bucket 0->0  (mf=1000)
[MF-SEL] tPrev=(  d=0.010674  dMin=0.000000  dAvg=0.022616  dMax=2.209743  Dlo=0.011308  Dhi=1.116179  err=-1.000000  inc=-1.214179  bucket 0->0  (mf=1000)
[MF-SEL] tPrev=(  d=0.010321  dMin=0.000000  dAvg=0.022604  dMax=2.209743  Dlo=0.011302  Dhi=1.116174  err=-1.000000  inc=-0.849150  bucket 0->0  (mf=1000)
[MF-SEL] tPrev=(  d=0.009852  dMin=0.000000  dAvg=0.022592  dMax=2.209743  Dlo=0.011296  Dhi=1.116167  err=-1.000000  inc=-0.851261  bucket 0->0  (mf=1000)
Dropping frame 1413393271.255760
[MF-SEL] tPrev=(  d=0.022056  dMin=0.000000  dAvg=0.022591  dMax=2.209743  Dlo=0.011296  Dhi=1.116167  err=0.000000  inc=-0.095051  bucket 0->0  (mf=1000)
Dropping frame 1413393271.355760
[MF-SEL] tPrev=(  d=0.024109  dMin=0.000000  dAvg=0.022593  dMax=2.209743  Dlo=0.011296  Dhi=1.116168  err=0.000000  inc=-0.251261  bucket 0->0  (mf=1000)
[MF-SEL] tPrev=(  d=0.012259  dMin=0.000000  dAvg=0.022583  dMax=2.209743  Dlo=0.011291  Dhi=1.116163  err=0.000000  inc=-0.251261  bucket 0->0  (mf=1000)
[MF-SEL] tPrev=(  d=0.015434  dMin=0.000000  dAvg=0.022576  dMax=2.209743  Dlo=0.011288  Dhi=1.116159  err=0.000000  inc=-0.251261  bucket 0->0  (mf=1000)
[MF-SEL] tPrev=(  d=0.013817  dMin=0.000000  dAvg=0.022568  dMax=2.209743  Dlo=0.011284  Dhi=1.116155  err=0.000000  inc=-0.251261  bucket 0->0  (mf=1000)
[MF-SEL] tPrev=(  d=0.013574  dMin=0.000000  dAvg=0.022559  dMax=2.209743  Dlo=0.011279  Dhi=1.116151  err=0.000000  inc=-0.251261  bucket 0->0  (mf=1000)
[MF-SEL] tPrev=(  d=0.013717  dMin=0.000000  dAvg=0.022550  dMax=2.209743  Dlo=0.011275  Dhi=1.116147  err=0.000000  inc=-0.251261  bucket 0->0  (mf=1000)
[MF-SEL] tPrev=(  d=0.015218  dMin=0.000000  dAvg=0.022543  dMax=2.209743  Dlo=0.011272  Dhi=1.116143  err=0.000000  inc=-0.251261  bucket 0->0  (mf=1000)
[MF-SEL] tPrev=(  d=0.014175  dMin=0.000000  dAvg=0.022535  dMax=2.209743  Dlo=0.011268  Dhi=1.116139  err=0.000000  inc=-0.251261  bucket 0->0  (mf=1000)
[MF-SEL] tPrev=(  d=0.014187  dMin=0.000000  dAvg=0.022527  dMax=2.209743  Dlo=0.011264  Dhi=1.116135  err=0.000000  inc=-0.251261  bucket 0->0  (mf=1000)
Dropping frame 1413393271.855760
[MF-SEL] tPrev=(  d=0.034290  dMin=0.000000  dAvg=0.022539  dMax=2.209743  Dlo=0.011269  Dhi=1.116141  err=0.000000  inc=-0.251261  bucket 0->0  (mf=1000)
[MF-SEL] tPrev=(  d=0.015218  dMin=0.000000  dAvg=0.022532  dMax=2.209743  Dlo=0.011266  Dhi=1.116137  err=0.000000  inc=-0.251261  bucket 0->0  (mf=1000)
[MF-SEL] tPrev=(  d=0.015859  dMin=0.000000  dAvg=0.022525  dMax=2.209743  Dlo=0.011263  Dhi=1.116134  err=0.000000  inc=-0.251261  bucket 0->0  (mf=1000)
[MF-SEL] tPrev=(  d=0.015612  dMin=0.000000  dAvg=0.022519  dMax=2.209743  Dlo=0.011259  Dhi=1.116131  err=0.000000  inc=-0.251261  bucket 0->0  (mf=1000)
Dropping frame 1413393272.105761
[MF-SEL] tPrev=(  d=0.035832  dMin=0.000000  dAvg=0.022531  dMax=2.209743  Dlo=0.011266  Dhi=1.116137  err=0.000000  inc=-0.251261  bucket 0->0  (mf=1000)
[MF-SEL] tPrev=(  d=0.016562  dMin=0.000000  dAvg=0.022526  dMax=2.209743  Dlo=0.011263  Dhi=1.116134  err=0.000000  inc=-0.251261  bucket 0->0  (mf=1000)
[MF-SEL] tPrev=(  d=0.017151  dMin=0.000000  dAvg=0.022521  dMax=2.209743  Dlo=0.011260  Dhi=1.116132  err=0.000000  inc=-0.251261  bucket 0->0  (mf=1000)
[MF-SEL] tPrev=(  d=0.016965  dMin=0.000000  dAvg=0.022515  dMax=2.209743  Dlo=0.011258  Dhi=1.116129  err=0.000000  inc=-0.251261  bucket 0->0  (mf=1000)
Dropping frame 1413393272.355760
[MF-SEL] tPrev=(  d=0.033882  dMin=0.000000  dAvg=0.022526  dMax=2.209743  Dlo=0.011263  Dhi=1.116135  err=0.000000  inc=-0.251261  bucket 0->0  (mf=1000)
[MF-SEL] tPrev=(  d=0.015649  dMin=0.000000  dAvg=0.022520  dMax=2.209743  Dlo=0.011260  Dhi=1.116131  err=0.000000  inc=-0.251261  bucket 0->0  (mf=1000)
[MF-SEL] tPrev=(  d=0.014762  dMin=0.000000  dAvg=0.022512  dMax=2.209743  Dlo=0.011256  Dhi=1.116128  err=0.000000  inc=-0.251261  bucket 0->0  (mf=1000)
[MF-SEL] tPrev=(  d=0.014530  dMin=0.000000  dAvg=0.022505  dMax=2.209743  Dlo=0.011252  Dhi=1.116124  err=0.000000  inc=-0.251261  bucket 0->0  (mf=1000)
[MF-SEL] tPrev=(  d=0.016285  dMin=0.000000  dAvg=0.022499  dMax=2.209743  Dlo=0.011249  Dhi=1.116121  err=0.000000  inc=-0.251261  bucket 0->0  (mf=1000)
[MF-SEL] tPrev=(  d=0.014707  dMin=0.000000  dAvg=0.022492  dMax=2.209743  Dlo=0.011246  Dhi=1.116117  err=0.000000  inc=-0.251261  bucket 0->0  (mf=1000)
Dropping frame 1413393272.705760
[MF-SEL] tPrev=(  d=0.037435  dMin=0.000000  dAvg=0.022506  dMax=2.209743  Dlo=0.011253  Dhi=1.116124  err=0.000000  inc=-0.251261  bucket 0->0  (mf=1000)
Dropping frame 1413393272.805761
[MF-SEL] tPrev=(  d=0.032023  dMin=0.000000  dAvg=0.022515  dMax=2.209743  Dlo=0.011257  Dhi=1.116129  err=0.000000  inc=-0.251261  bucket 0->0  (mf=1000)
[MF-SEL] tPrev=(  d=0.020460  dMin=0.000000  dAvg=0.022513  dMax=2.209743  Dlo=0.011256  Dhi=1.116128  err=0.000000  inc=-0.251261  bucket 0->0  (mf=1000)
Dropping frame 1413393272.955760
[MF-SEL] tPrev=(  d=0.039157  dMin=0.000000  dAvg=0.022528  dMax=2.209743  Dlo=0.011264  Dhi=1.116136  err=0.000000  inc=-0.251261  bucket 0->0  (mf=1000)
[MF-SEL] tPrev=(  d=0.020057  dMin=0.000000  dAvg=0.022526  dMax=2.209743  Dlo=0.011263  Dhi=1.116134  err=0.000000  inc=-0.251261  bucket 0->0  (mf=1000)
[MF-SEL] tPrev=(  d=0.030592  dMin=0.000000  dAvg=0.022534  dMax=2.209743  Dlo=0.011267  Dhi=1.116138  err=0.000000  inc=-0.251261  bucket 0->0  (mf=1000)
[MF-SEL] tPrev=(  d=0.022148  dMin=0.000000  dAvg=0.022533  dMax=2.209743  Dlo=0.011267  Dhi=1.116138  err=0.000000  inc=-0.251261  bucket 0->0  (mf=1000)
[MF-SEL] tPrev=(  d=0.024636  dMin=0.000000  dAvg=0.022535  dMax=2.209743  Dlo=0.011268  Dhi=1.116139  err=0.000000  inc=-0.251261  bucket 0->0  (mf=1000)
[MF-SEL] tPrev=(  d=0.021849  dMin=0.000000  dAvg=0.022534  dMax=2.209743  Dlo=0.011267  Dhi=1.116139  err=0.000000  inc=-0.251261  bucket 0->0  (mf=1000)
[MF-SEL] tPrev=(  d=0.018993  dMin=0.000000  dAvg=0.022531  dMax=2.209743  Dlo=0.011266  Dhi=1.116137  err=0.000000  inc=-0.251261  bucket 0->0  (mf=1000)
[MF-SEL] tPrev=(  d=0.018360  dMin=0.000000  dAvg=0.022527  dMax=2.209743  Dlo=0.011264  Dhi=1.116135  err=0.000000  inc=-0.251261  bucket 0->0  (mf=1000)
Dropping frame 1413393273.405761
[MF-SEL] tPrev=(  d=0.042280  dMin=0.000000  dAvg=0.022546  dMax=2.209743  Dlo=0.011273  Dhi=1.116144  err=0.000000  inc=-0.251261  bucket 0->0  (mf=1000)
[MF-SEL] tPrev=(  d=0.019413  dMin=0.000000  dAvg=0.022543  dMax=2.209743  Dlo=0.011271  Dhi=1.116143  err=0.000000  inc=-0.251261  bucket 0->0  (mf=1000)
[MF-SEL] tPrev=(  d=0.019319  dMin=0.000000  dAvg=0.022540  dMax=2.209743  Dlo=0.011270  Dhi=1.116141  err=0.000000  inc=-0.251261  bucket 0->0  (mf=1000)
[MF-SEL] tPrev=(  d=0.019452  dMin=0.000000  dAvg=0.022537  dMax=2.209743  Dlo=0.011268  Dhi=1.116140  err=0.000000  inc=-0.251261  bucket 0->0  (mf=1000)
[MF-SEL] tPrev=(  d=0.019403  dMin=0.000000  dAvg=0.022534  dMax=2.209743  Dlo=0.011267  Dhi=1.116139  err=0.000000  inc=-0.251261  bucket 0->0  (mf=1000)
[MF-SEL] tPrev=(  d=0.046193  dMin=0.000000  dAvg=0.022556  dMax=2.209743  Dlo=0.011278  Dhi=1.116149  err=0.000000  inc=-0.251261  bucket 0->0  (mf=1000)
[MF-SEL] tPrev=(  d=0.018140  dMin=0.000000  dAvg=0.022552  dMax=2.209743  Dlo=0.011276  Dhi=1.116147  err=0.000000  inc=-0.251261  bucket 0->0  (mf=1000)
[MF-SEL] tPrev=(  d=0.018452  dMin=0.000000  dAvg=0.022548  dMax=2.209743  Dlo=0.011274  Dhi=1.116146  err=0.000000  inc=-0.251261  bucket 0->0  (mf=1000)
Dropping frame 1413393273.855760
[MF-SEL] tPrev=(  d=0.028080  dMin=0.000000  dAvg=0.022553  dMax=2.209743  Dlo=0.011277  Dhi=1.116148  err=0.000000  inc=-0.251261  bucket 0->0  (mf=1000)
[MF-SEL] tPrev=(  d=0.016464  dMin=0.000000  dAvg=0.022548  dMax=2.209743  Dlo=0.011274  Dhi=1.116145  err=0.000000  inc=-0.251261  bucket 0->0  (mf=1000)
[MF-SEL] tPrev=(  d=0.017346  dMin=0.000000  dAvg=0.022543  dMax=2.209743  Dlo=0.011271  Dhi=1.116143  err=0.000000  inc=-0.251261  bucket 0->0  (mf=1000)
[MF-SEL] tPrev=(  d=0.017135  dMin=0.000000  dAvg=0.022538  dMax=2.209743  Dlo=0.011269  Dhi=1.116140  err=0.000000  inc=-0.251261  bucket 0->0  (mf=1000)
[MF-SEL] tPrev=(  d=0.034482  dMin=0.000000  dAvg=0.022549  dMax=2.209743  Dlo=0.011274  Dhi=1.116146  err=0.000000  inc=-0.251261  bucket 0->0  (mf=1000)
Dropping frame 1413393274.155760
[MF-SEL] tPrev=(  d=0.027918  dMin=0.000000  dAvg=0.022554  dMax=2.209743  Dlo=0.011277  Dhi=1.116148  err=0.000000  inc=-0.251261  bucket 0->0  (mf=1000)
[MF-SEL] tPrev=(  d=0.012141  dMin=0.000000  dAvg=0.022544  dMax=2.209743  Dlo=0.011272  Dhi=1.116144  err=0.000000  inc=-0.251261  bucket 0->0  (mf=1000)
[MF-SEL] tPrev=(  d=0.011823  dMin=0.000000  dAvg=0.022534  dMax=2.209743  Dlo=0.011267  Dhi=1.116139  err=0.000000  inc=-0.251261  bucket 0->0  (mf=1000)
Dropping frame 1413393274.355760
[MF-SEL] tPrev=(  d=0.025584  dMin=0.000000  dAvg=0.022537  dMax=2.209743  Dlo=0.011269  Dhi=1.116140  err=0.000000  inc=-0.251261  bucket 0->0  (mf=1000)
[MF-SEL] tPrev=(  d=0.010861  dMin=0.000000  dAvg=0.022526  dMax=2.209743  Dlo=0.011263  Dhi=1.116135  err=-1.000000  inc=-1.189838  bucket 0->0  (mf=1000)
[MF-SEL] tPrev=(  d=0.010111  dMin=0.000000  dAvg=0.022515  dMax=2.209743  Dlo=0.011257  Dhi=1.116129  err=-1.000000  inc=-0.855765  bucket 0->0  (mf=1000)
[MF-SEL] tPrev=(  d=0.008330  dMin=0.000000  dAvg=0.022502  dMax=2.209743  Dlo=0.011251  Dhi=1.116123  err=-1.000000  inc=-0.858273  bucket 0->0  (mf=1000)
Dropping frame 1413393274.605761
[MF-SEL] tPrev=(  d=0.015623  dMin=0.000000  dAvg=0.022496  dMax=2.209743  Dlo=0.011248  Dhi=1.116119  err=0.000000  inc=-0.091109  bucket 0->0  (mf=1000)
[MF-SEL] tPrev=(  d=0.006402  dMin=0.000000  dAvg=0.022481  dMax=2.209743  Dlo=0.011240  Dhi=1.116112  err=-1.000000  inc=-1.198782  bucket 0->0  (mf=1000)
[MF-SEL] tPrev=(  d=0.007505  dMin=0.000000  dAvg=0.022467  dMax=2.209743  Dlo=0.011234  Dhi=1.116105  err=-1.000000  inc=-0.862808  bucket 0->0  (mf=1000)
[MF-SEL] tPrev=(  d=0.007656  dMin=0.000000  dAvg=0.022454  dMax=2.209743  Dlo=0.011227  Dhi=1.116098  err=-1.000000  inc=-0.865211  bucket 0->0  (mf=1000)
Dropping frame 1413393274.855760
[MF-SEL] tPrev=(  d=0.040972  dMin=0.000000  dAvg=0.022471  dMax=2.209743  Dlo=0.011235  Dhi=1.116107  err=0.000000  inc=-0.089452  bucket 0->0  (mf=1000)
[MF-SEL] tPrev=(  d=0.011118  dMin=0.000000  dAvg=0.022460  dMax=2.209743  Dlo=0.011230  Dhi=1.116102  err=-1.000000  inc=-1.186444  bucket 0->0  (mf=1000)
[MF-SEL] tPrev=(  d=0.009235  dMin=0.000000  dAvg=0.022448  dMax=2.209743  Dlo=0.011224  Dhi=1.116096  err=-1.000000  inc=-0.869745  bucket 0->0  (mf=1000)
[MF-SEL] tPrev=(  d=0.008820  dMin=0.000000  dAvg=0.022436  dMax=2.209743  Dlo=0.011218  Dhi=1.116089  err=-1.000000  inc=-0.872300  bucket 0->0  (mf=1000)
Dropping frame 1413393275.105761
[MF-SEL] tPrev=(  d=0.016866  dMin=0.000000  dAvg=0.022431  dMax=2.209743  Dlo=0.011215  Dhi=1.116087  err=0.000000  inc=-0.104762  bucket 0->0  (mf=1000)
[MF-SEL] tPrev=(  d=0.009600  dMin=0.000000  dAvg=0.022419  dMax=2.209743  Dlo=0.011210  Dhi=1.116081  err=-1.000000  inc=-1.196536  bucket 0->0  (mf=1000)
[MF-SEL] tPrev=(  d=0.010242  dMin=0.000000  dAvg=0.022408  dMax=2.209743  Dlo=0.011204  Dhi=1.116076  err=-1.000000  inc=-0.876896  bucket 0->0  (mf=1000)
[MF-SEL] tPrev=(  d=0.010367  dMin=0.000000  dAvg=0.022397  dMax=2.209743  Dlo=0.011199  Dhi=1.116070  err=-1.000000  inc=-0.879129  bucket 0->0  (mf=1000)
[MF-SEL] tPrev=(  d=0.011183  dMin=0.000000  dAvg=0.022387  dMax=2.209743  Dlo=0.011194  Dhi=1.116065  err=-1.000000  inc=-0.881524  bucket 0->0  (mf=1000)
[MF-SEL] tPrev=(  d=0.011685  dMin=0.000000  dAvg=0.022377  dMax=2.209743  Dlo=0.011189  Dhi=1.116060  err=0.000000  inc=0.054799  bucket 0->0  (mf=1000)
Dropping frame 1413393275.455760
[MF-SEL] tPrev=(  d=0.023726  dMin=0.000000  dAvg=0.022379  dMax=2.209743  Dlo=0.011189  Dhi=1.116061  err=0.000000  inc=-0.281524  bucket 0->0  (mf=1000)
Dropping frame 1413393275.555760
[MF-SEL] tPrev=(  d=0.024652  dMin=0.000000  dAvg=0.022381  dMax=2.209743  Dlo=0.011190  Dhi=1.116062  err=0.000000  inc=-0.281524  bucket 0->0  (mf=1000)
[MF-SEL] tPrev=(  d=0.012583  dMin=0.000000  dAvg=0.022372  dMax=2.209743  Dlo=0.011186  Dhi=1.116057  err=0.000000  inc=-0.281524  bucket 0->0  (mf=1000)
[MF-SEL] tPrev=(  d=0.013804  dMin=0.000000  dAvg=0.022364  dMax=2.209743  Dlo=0.011182  Dhi=1.116054  err=0.000000  inc=-0.281524  bucket 0->0  (mf=1000)
[MF-SEL] tPrev=(  d=0.015804  dMin=0.000000  dAvg=0.022358  dMax=2.209743  Dlo=0.011179  Dhi=1.116051  err=0.000000  inc=-0.281524  bucket 0->0  (mf=1000)
[MF-SEL] tPrev=(  d=0.015393  dMin=0.000000  dAvg=0.022352  dMax=2.209743  Dlo=0.011176  Dhi=1.116048  err=0.000000  inc=-0.281524  bucket 0->0  (mf=1000)
[MF-SEL] tPrev=(  d=0.021491  dMin=0.000000  dAvg=0.022351  dMax=2.209743  Dlo=0.011176  Dhi=1.116047  err=0.000000  inc=-0.281524  bucket 0->0  (mf=1000)
Dropping frame 1413393275.905761
[MF-SEL] tPrev=(  d=0.029765  dMin=0.000000  dAvg=0.022358  dMax=2.209743  Dlo=0.011179  Dhi=1.116050  err=0.000000  inc=-0.281524  bucket 0->0  (mf=1000)
[MF-SEL] tPrev=(  d=0.014712  dMin=0.000000  dAvg=0.022351  dMax=2.209743  Dlo=0.011176  Dhi=1.116047  err=0.000000  inc=-0.281524  bucket 0->0  (mf=1000)
[MF-SEL] tPrev=(  d=0.025573  dMin=0.000000  dAvg=0.022354  dMax=2.209743  Dlo=0.011177  Dhi=1.116048  err=0.000000  inc=-0.281524  bucket 0->0  (mf=1000)
[MF-SEL] tPrev=(  d=0.016157  dMin=0.000000  dAvg=0.022348  dMax=2.209743  Dlo=0.011174  Dhi=1.116046  err=0.000000  inc=-0.281524  bucket 0->0  (mf=1000)
[MF-SEL] tPrev=(  d=0.016618  dMin=0.000000  dAvg=0.022343  dMax=2.209743  Dlo=0.011172  Dhi=1.116043  err=0.000000  inc=-0.281524  bucket 0->0  (mf=1000)
Dropping frame 1413393276.205760
[MF-SEL] tPrev=(  d=0.034017  dMin=0.000000  dAvg=0.022354  dMax=2.209743  Dlo=0.011177  Dhi=1.116048  err=0.000000  inc=-0.281524  bucket 0->0  (mf=1000)
[MF-SEL] tPrev=(  d=0.015506  dMin=0.000000  dAvg=0.022348  dMax=2.209743  Dlo=0.011174  Dhi=1.116045  err=0.000000  inc=-0.281524  bucket 0->0  (mf=1000)
[MF-SEL] tPrev=(  d=0.013858  dMin=0.000000  dAvg=0.022340  dMax=2.209743  Dlo=0.011170  Dhi=1.116041  err=0.000000  inc=-0.281524  bucket 0->0  (mf=1000)
[MF-SEL] tPrev=(  d=0.011421  dMin=0.000000  dAvg=0.022330  dMax=2.209743  Dlo=0.011165  Dhi=1.116037  err=0.000000  inc=-0.281524  bucket 0->0  (mf=1000)
[MF-SEL] tPrev=(  d=0.009829  dMin=0.000000  dAvg=0.022319  dMax=2.209743  Dlo=0.011160  Dhi=1.116031  err=-1.000000  inc=-1.296806  bucket 0->0  (mf=1000)
[MF-SEL] tPrev=(  d=0.009322  dMin=0.000000  dAvg=0.022308  dMax=2.209743  Dlo=0.011154  Dhi=1.116025  err=-1.000000  inc=-0.885500  bucket 0->0  (mf=1000)
[MF-SEL] tPrev=(  d=0.015877  dMin=0.000000  dAvg=0.022302  dMax=2.209743  Dlo=0.011151  Dhi=1.116022  err=0.000000  inc=0.050153  bucket 0->0  (mf=1000)
Dropping frame 1413393276.605761
[MF-SEL] tPrev=(  d=0.021032  dMin=0.000000  dAvg=0.022301  dMax=2.209743  Dlo=0.011150  Dhi=1.116022  err=0.000000  inc=-0.285500  bucket 0->0  (mf=1000)
[MF-SEL] tPrev=(  d=0.010836  dMin=0.000000  dAvg=0.022291  dMax=2.209743  Dlo=0.011145  Dhi=1.116017  err=-1.000000  inc=-1.241640  bucket 0->0  (mf=1000)
[MF-SEL] tPrev=(  d=0.010999  dMin=0.000000  dAvg=0.022281  dMax=2.209743  Dlo=0.011140  Dhi=1.116012  err=-1.000000  inc=-0.890024  bucket 0->0  (mf=1000)
[MF-SEL] tPrev=(  d=0.010485  dMin=0.000000  dAvg=0.022270  dMax=2.209743  Dlo=0.011135  Dhi=1.116007  err=-1.000000  inc=-0.892257  bucket 0->0  (mf=1000)
[MF-SEL] tPrev=(  d=0.010447  dMin=0.000000  dAvg=0.022260  dMax=2.209743  Dlo=0.011130  Dhi=1.116001  err=-1.000000  inc=-0.894607  bucket 0->0  (mf=1000)
[MF-SEL] tPrev=(  d=0.010178  dMin=0.000000  dAvg=0.022249  dMax=2.209743  Dlo=0.011124  Dhi=1.115996  err=-1.000000  inc=-0.896840  bucket 0->0  (mf=1000)
[MF-SEL] tPrev=(  d=0.010537  dMin=0.000000  dAvg=0.022239  dMax=2.209743  Dlo=0.011119  Dhi=1.115991  err=-1.000000  inc=-0.898957  bucket 0->0  (mf=1000)
[MF-SEL] tPrev=(  d=0.010613  dMin=0.000000  dAvg=0.022228  dMax=2.209743  Dlo=0.011114  Dhi=1.115986  err=-1.000000  inc=-0.901124  bucket 0->0  (mf=1000)
[MF-SEL] tPrev=(  d=0.010819  dMin=0.000000  dAvg=0.022218  dMax=2.209743  Dlo=0.011109  Dhi=1.115981  err=-1.000000  inc=-0.903335  bucket 0->0  (mf=1000)
[MF-SEL] tPrev=(  d=0.011062  dMin=0.000000  dAvg=0.022208  dMax=2.209743  Dlo=0.011104  Dhi=1.115976  err=-1.000000  inc=-0.905856  bucket 0->0  (mf=1000)
[MF-SEL] tPrev=(  d=0.011549  dMin=0.000000  dAvg=0.022199  dMax=2.209743  Dlo=0.011100  Dhi=1.115971  err=0.000000  inc=0.060413  bucket 0->0  (mf=1000)
Dropping frame 1413393277.205760
[MF-SEL] tPrev=(  d=0.023555  dMin=0.000000  dAvg=0.022200  dMax=2.209743  Dlo=0.011100  Dhi=1.115972  err=0.000000  inc=-0.305856  bucket 0->0  (mf=1000)
[MF-SEL] tPrev=(  d=0.011895  dMin=0.000000  dAvg=0.022191  dMax=2.209743  Dlo=0.011096  Dhi=1.115967  err=0.000000  inc=-0.305856  bucket 0->0  (mf=1000)
[MF-SEL] tPrev=(  d=0.012264  dMin=0.000000  dAvg=0.022182  dMax=2.209743  Dlo=0.011091  Dhi=1.115963  err=0.000000  inc=-0.305856  bucket 0->0  (mf=1000)
[MF-SEL] tPrev=(  d=0.012246  dMin=0.000000  dAvg=0.022174  dMax=2.209743  Dlo=0.011087  Dhi=1.115958  err=0.000000  inc=-0.305856  bucket 0->0  (mf=1000)
[MF-SEL] tPrev=(  d=0.012179  dMin=0.000000  dAvg=0.022165  dMax=2.209743  Dlo=0.011082  Dhi=1.115954  err=0.000000  inc=-0.305856  bucket 0->0  (mf=1000)
[MF-SEL] tPrev=(  d=0.012900  dMin=0.000000  dAvg=0.022157  dMax=2.209743  Dlo=0.011078  Dhi=1.115950  err=0.000000  inc=-0.305856  bucket 0->0  (mf=1000)
[MF-SEL] tPrev=(  d=0.008729  dMin=0.000000  dAvg=0.022145  dMax=2.209743  Dlo=0.011073  Dhi=1.115944  err=-1.000000  inc=-1.249355  bucket 0->0  (mf=1000)
[MF-SEL] tPrev=(  d=0.012866  dMin=0.000000  dAvg=0.022137  dMax=2.209743  Dlo=0.011069  Dhi=1.115940  err=0.000000  inc=0.021978  bucket 0->0  (mf=1000)
[MF-SEL] tPrev=(  d=0.011916  dMin=0.000000  dAvg=0.022128  dMax=2.209743  Dlo=0.011064  Dhi=1.115936  err=0.000000  inc=-0.308201  bucket 0->0  (mf=1000)
[MF-SEL] tPrev=(  d=0.011934  dMin=0.000000  dAvg=0.022119  dMax=2.209743  Dlo=0.011060  Dhi=1.115931  err=0.000000  inc=-0.308201  bucket 0->0  (mf=1000)
[MF-SEL] tPrev=(  d=0.012474  dMin=0.000000  dAvg=0.022111  dMax=2.209743  Dlo=0.011055  Dhi=1.115927  err=0.000000  inc=-0.308201  bucket 0->0  (mf=1000)
[MF-SEL] tPrev=(  d=0.012585  dMin=0.000000  dAvg=0.022102  dMax=2.209743  Dlo=0.011051  Dhi=1.115923  err=0.000000  inc=-0.308201  bucket 0->0  (mf=1000)
Dropping frame 1413393277.855760
[MF-SEL] tPrev=(  d=0.027906  dMin=0.000000  dAvg=0.022108  dMax=2.209743  Dlo=0.011054  Dhi=1.115925  err=0.000000  inc=-0.308201  bucket 0->0  (mf=1000)
[MF-SEL] tPrev=(  d=0.015710  dMin=0.000000  dAvg=0.022102  dMax=2.209743  Dlo=0.011051  Dhi=1.115923  err=0.000000  inc=-0.308201  bucket 0->0  (mf=1000)
Dropping frame 1413393278.005760
[MF-SEL] tPrev=(  d=0.029197  dMin=0.000000  dAvg=0.022108  dMax=2.209743  Dlo=0.011054  Dhi=1.115926  err=0.000000  inc=-0.308201  bucket 0->0  (mf=1000)
[MF-SEL] tPrev=(  d=0.021593  dMin=0.000000  dAvg=0.022108  dMax=2.209743  Dlo=0.011054  Dhi=1.115925  err=0.000000  inc=-0.308201  bucket 0->0  (mf=1000)
[MF-SEL] tPrev=(  d=0.017139  dMin=0.000000  dAvg=0.022103  dMax=2.209743  Dlo=0.011052  Dhi=1.115923  err=0.000000  inc=-0.308201  bucket 0->0  (mf=1000)
[MF-SEL] tPrev=(  d=0.015162  dMin=0.000000  dAvg=0.022097  dMax=2.209743  Dlo=0.011049  Dhi=1.115920  err=0.000000  inc=-0.308201  bucket 0->0  (mf=1000)
[MF-SEL] tPrev=(  d=0.015576  dMin=0.000000  dAvg=0.022092  dMax=2.209743  Dlo=0.011046  Dhi=1.115917  err=0.000000  inc=-0.308201  bucket 0->0  (mf=1000)
Dropping frame 1413393278.305761
[MF-SEL] tPrev=(  d=0.031688  dMin=0.000000  dAvg=0.022100  dMax=2.209743  Dlo=0.011050  Dhi=1.115922  err=0.000000  inc=-0.308201  bucket 0->0  (mf=1000)
[MF-SEL] tPrev=(  d=0.016374  dMin=0.000000  dAvg=0.022095  dMax=2.209743  Dlo=0.011048  Dhi=1.115919  err=0.000000  inc=-0.308201  bucket 0->0  (mf=1000)
[MF-SEL] tPrev=(  d=0.017973  dMin=0.000000  dAvg=0.022092  dMax=2.209743  Dlo=0.011046  Dhi=1.115917  err=0.000000  inc=-0.308201  bucket 0->0  (mf=1000)
[MF-SEL] tPrev=(  d=0.019169  dMin=0.000000  dAvg=0.022089  dMax=2.209743  Dlo=0.011044  Dhi=1.115916  err=0.000000  inc=-0.308201  bucket 0->0  (mf=1000)
[MF-SEL] tPrev=(  d=0.021071  dMin=0.000000  dAvg=0.022088  dMax=2.209743  Dlo=0.011044  Dhi=1.115916  err=0.000000  inc=-0.308201  bucket 0->0  (mf=1000)
[MF-SEL] tPrev=(  d=0.023137  dMin=0.000000  dAvg=0.022089  dMax=2.209743  Dlo=0.011045  Dhi=1.115916  err=0.000000  inc=-0.308201  bucket 0->0  (mf=1000)
[MF-SEL] tPrev=(  d=0.025787  dMin=0.000000  dAvg=0.022092  dMax=2.209743  Dlo=0.011046  Dhi=1.115918  err=0.000000  inc=-0.308201  bucket 0->0  (mf=1000)
Dropping frame 1413393278.705760
[MF-SEL] tPrev=(  d=0.058808  dMin=0.000000  dAvg=0.022124  dMax=2.209743  Dlo=0.011062  Dhi=1.115933  err=0.000000  inc=-0.308201  bucket 0->0  (mf=1000)
[MF-SEL] tPrev=(  d=0.032743  dMin=0.000000  dAvg=0.022133  dMax=2.209743  Dlo=0.011066  Dhi=1.115938  err=0.000000  inc=-0.308201  bucket 0->0  (mf=1000)
[MF-SEL] tPrev=(  d=0.031274  dMin=0.000000  dAvg=0.022141  dMax=2.209743  Dlo=0.011070  Dhi=1.115942  err=0.000000  inc=-0.308201  bucket 0->0  (mf=1000)
[MF-SEL] tPrev=(  d=0.033272  dMin=0.000000  dAvg=0.022150  dMax=2.209743  Dlo=0.011075  Dhi=1.115947  err=0.000000  inc=-0.308201  bucket 0->0  (mf=1000)
Dropping frame 1413393278.955760
[MF-SEL] tPrev=(  d=0.066111  dMin=0.000000  dAvg=0.022188  dMax=2.209743  Dlo=0.011094  Dhi=1.115965  err=0.000000  inc=-0.308201  bucket 0->0  (mf=1000)
[MF-SEL] tPrev=(  d=0.031316  dMin=0.000000  dAvg=0.022196  dMax=2.209743  Dlo=0.011098  Dhi=1.115969  err=0.000000  inc=-0.308201  bucket 0->0  (mf=1000)
Dropping frame 1413393279.105761
[MF-SEL] tPrev=(  d=0.060276  dMin=0.000000  dAvg=0.022228  dMax=2.209743  Dlo=0.011114  Dhi=1.115986  err=0.000000  inc=-0.308201  bucket 0->0  (mf=1000)
[MF-SEL] tPrev=(  d=0.029917  dMin=0.000000  dAvg=0.022235  dMax=2.209743  Dlo=0.011117  Dhi=1.115989  err=0.000000  inc=-0.308201  bucket 0->0  (mf=1000)
[MF-SEL] tPrev=(  d=0.026255  dMin=0.000000  dAvg=0.022238  dMax=2.209743  Dlo=0.011119  Dhi=1.115991  err=0.000000  inc=-0.308201  bucket 0->0  (mf=1000)
[MF-SEL] tPrev=(  d=0.026084  dMin=0.000000  dAvg=0.022242  dMax=2.209743  Dlo=0.011121  Dhi=1.115992  err=0.000000  inc=-0.308201  bucket 0->0  (mf=1000)
[MF-SEL] tPrev=(  d=0.025176  dMin=0.000000  dAvg=0.022244  dMax=2.209743  Dlo=0.011122  Dhi=1.115994  err=0.000000  inc=-0.308201  bucket 0->0  (mf=1000)
[MF-SEL] tPrev=(  d=0.024292  dMin=0.000000  dAvg=0.022246  dMax=2.209743  Dlo=0.011123  Dhi=1.115994  err=0.000000  inc=-0.308201  bucket 0->0  (mf=1000)
[MF-SEL] tPrev=(  d=0.024056  dMin=0.000000  dAvg=0.022247  dMax=2.209743  Dlo=0.011124  Dhi=1.115995  err=0.000000  inc=-0.308201  bucket 0->0  (mf=1000)
[MF-SEL] tPrev=(  d=0.023616  dMin=0.000000  dAvg=0.022249  dMax=2.209743  Dlo=0.011124  Dhi=1.115996  err=0.000000  inc=-0.308201  bucket 0->0  (mf=1000)
[MF-SEL] tPrev=(  d=0.023285  dMin=0.000000  dAvg=0.022249  dMax=2.209743  Dlo=0.011125  Dhi=1.115996  err=0.000000  inc=-0.308201  bucket 0->0  (mf=1000)
[MF-SEL] tPrev=(  d=0.023249  dMin=0.000000  dAvg=0.022250  dMax=2.209743  Dlo=0.011125  Dhi=1.115997  err=0.000000  inc=-0.308201  bucket 0->0  (mf=1000)
[MF-SEL] tPrev=(  d=0.023033  dMin=0.000000  dAvg=0.022251  dMax=2.209743  Dlo=0.011125  Dhi=1.115997  err=0.000000  inc=-0.308201  bucket 0->0  (mf=1000)
Dropping frame 1413393279.705760
[MF-SEL] tPrev=(  d=0.049699  dMin=0.000000  dAvg=0.022274  dMax=2.209743  Dlo=0.011137  Dhi=1.116009  err=0.000000  inc=-0.308201  bucket 0->0  (mf=1000)
Dropping frame 1413393279.805761
[MF-SEL] tPrev=(  d=0.046174  dMin=0.000000  dAvg=0.022294  dMax=2.209743  Dlo=0.011147  Dhi=1.116019  err=0.000000  inc=-0.308201  bucket 0->0  (mf=1000)
[MF-SEL] tPrev=(  d=0.022530  dMin=0.000000  dAvg=0.022295  dMax=2.209743  Dlo=0.011147  Dhi=1.116019  err=0.000000  inc=-0.308201  bucket 0->0  (mf=1000)
[MF-SEL] tPrev=(  d=0.020739  dMin=0.000000  dAvg=0.022293  dMax=2.209743  Dlo=0.011147  Dhi=1.116018  err=0.000000  inc=-0.308201  bucket 0->0  (mf=1000)
[MF-SEL] tPrev=(  d=0.019026  dMin=0.000000  dAvg=0.022291  dMax=2.209743  Dlo=0.011145  Dhi=1.116017  err=0.000000  inc=-0.308201  bucket 0->0  (mf=1000)
[MF-SEL] tPrev=(  d=0.017814  dMin=0.000000  dAvg=0.022287  dMax=2.209743  Dlo=0.011143  Dhi=1.116015  err=0.000000  inc=-0.308201  bucket 0->0  (mf=1000)
[MF-SEL] tPrev=(  d=0.016426  dMin=0.000000  dAvg=0.022282  dMax=2.209743  Dlo=0.011141  Dhi=1.116012  err=0.000000  inc=-0.308201  bucket 0->0  (mf=1000)
[MF-SEL] tPrev=(  d=0.013414  dMin=0.000000  dAvg=0.022274  dMax=2.209743  Dlo=0.011137  Dhi=1.116009  err=0.000000  inc=-0.308201  bucket 0->0  (mf=1000)
[MF-SEL] tPrev=(  d=0.015351  dMin=0.000000  dAvg=0.022269  dMax=2.209743  Dlo=0.011134  Dhi=1.116006  err=0.000000  inc=-0.308201  bucket 0->0  (mf=1000)
[MF-SEL] tPrev=(  d=0.014484  dMin=0.000000  dAvg=0.022262  dMax=2.209743  Dlo=0.011131  Dhi=1.116003  err=0.000000  inc=-0.308201  bucket 0->0  (mf=1000)
[MF-SEL] tPrev=(  d=0.014358  dMin=0.000000  dAvg=0.022255  dMax=2.209743  Dlo=0.011128  Dhi=1.115999  err=0.000000  inc=-0.308201  bucket 0->0  (mf=1000)
[MF-SEL] tPrev=(  d=0.014079  dMin=0.000000  dAvg=0.022249  dMax=2.209743  Dlo=0.011124  Dhi=1.115996  err=0.000000  inc=-0.308201  bucket 0->0  (mf=1000)
[MF-SEL] tPrev=(  d=0.014170  dMin=0.000000  dAvg=0.022242  dMax=2.209743  Dlo=0.011121  Dhi=1.115992  err=0.000000  inc=-0.308201  bucket 0->0  (mf=1000)
Dropping frame 1413393280.455760
[MF-SEL] tPrev=(  d=0.029816  dMin=0.000000  dAvg=0.022248  dMax=2.209743  Dlo=0.011124  Dhi=1.115996  err=0.000000  inc=-0.308201  bucket 0->0  (mf=1000)
Dropping frame 1413393280.555760
[MF-SEL] tPrev=(  d=0.029565  dMin=0.000000  dAvg=0.022254  dMax=2.209743  Dlo=0.011127  Dhi=1.115999  err=0.000000  inc=-0.308201  bucket 0->0  (mf=1000)
[MF-SEL] tPrev=(  d=0.016396  dMin=0.000000  dAvg=0.022249  dMax=2.209743  Dlo=0.011125  Dhi=1.115996  err=0.000000  inc=-0.308201  bucket 0->0  (mf=1000)
[MF-SEL] tPrev=(  d=0.013656  dMin=0.000000  dAvg=0.022242  dMax=2.209743  Dlo=0.011121  Dhi=1.115993  err=0.000000  inc=-0.308201  bucket 0->0  (mf=1000)
[MF-SEL] tPrev=(  d=0.020788  dMin=0.000000  dAvg=0.022241  dMax=2.209743  Dlo=0.011120  Dhi=1.115992  err=0.000000  inc=-0.308201  bucket 0->0  (mf=1000)
Dropping frame 1413393280.805761
[MF-SEL] tPrev=(  d=0.047274  dMin=0.000000  dAvg=0.022262  dMax=2.209743  Dlo=0.011131  Dhi=1.116002  err=0.000000  inc=-0.308201  bucket 0->0  (mf=1000)
[MF-SEL] tPrev=(  d=0.026027  dMin=0.000000  dAvg=0.022265  dMax=2.209743  Dlo=0.011132  Dhi=1.116004  err=0.000000  inc=-0.308201  bucket 0->0  (mf=1000)
[MF-SEL] tPrev=(  d=0.029035  dMin=0.000000  dAvg=0.022271  dMax=2.209743  Dlo=0.011135  Dhi=1.116007  err=0.000000  inc=-0.308201  bucket 0->0  (mf=1000)
Dropping frame 1413393281.005760
[MF-SEL] tPrev=(  d=0.065363  dMin=0.000000  dAvg=0.022306  dMax=2.209743  Dlo=0.011153  Dhi=1.116025  err=0.000000  inc=-0.308201  bucket 0->0  (mf=1000)
[MF-SEL] tPrev=(  d=0.034521  dMin=0.000000  dAvg=0.022317  dMax=2.209743  Dlo=0.011158  Dhi=1.116030  err=0.000000  inc=-0.308201  bucket 0->0  (mf=1000)
[MF-SEL] tPrev=(  d=0.039436  dMin=0.000000  dAvg=0.022331  dMax=2.209743  Dlo=0.011165  Dhi=1.116037  err=0.000000  inc=-0.308201  bucket 0->0  (mf=1000)
Dropping frame 1413393281.205760
[MF-SEL] tPrev=(  d=0.069660  dMin=0.000000  dAvg=0.022370  dMax=2.209743  Dlo=0.011185  Dhi=1.116057  err=0.000000  inc=-0.308201  bucket 0->0  (mf=1000)
Dropping frame 1413393281.305761
[MF-SEL] tPrev=(  d=0.066446  dMin=0.000000  dAvg=0.022407  dMax=2.209743  Dlo=0.011203  Dhi=1.116075  err=0.000000  inc=-0.308201  bucket 0->0  (mf=1000)
[MF-SEL] tPrev=(  d=0.032911  dMin=0.000000  dAvg=0.022415  dMax=2.209743  Dlo=0.011208  Dhi=1.116079  err=0.000000  inc=-0.308201  bucket 0->0  (mf=1000)
[MF-SEL] tPrev=(  d=0.032352  dMin=0.000000  dAvg=0.022424  dMax=2.209743  Dlo=0.011212  Dhi=1.116083  err=0.000000  inc=-0.308201  bucket 0->0  (mf=1000)
[MF-SEL] tPrev=(  d=0.030011  dMin=0.000000  dAvg=0.022430  dMax=2.209743  Dlo=0.011215  Dhi=1.116087  err=0.000000  inc=-0.308201  bucket 0->0  (mf=1000)
[MF-SEL] tPrev=(  d=0.029297  dMin=0.000000  dAvg=0.022436  dMax=2.209743  Dlo=0.011218  Dhi=1.116089  err=0.000000  inc=-0.308201  bucket 0->0  (mf=1000)
[MF-SEL] tPrev=(  d=0.042067  dMin=0.000000  dAvg=0.022452  dMax=2.209743  Dlo=0.011226  Dhi=1.116097  err=0.000000  inc=-0.308201  bucket 0->0  (mf=1000)
Dropping frame 1413393281.655760
[MF-SEL] tPrev=(  d=0.053575  dMin=0.000000  dAvg=0.022478  dMax=2.209743  Dlo=0.011239  Dhi=1.116110  err=0.000000  inc=-0.308201  bucket 0->0  (mf=1000)
[MF-SEL] tPrev=(  d=0.026819  dMin=0.000000  dAvg=0.022481  dMax=2.209743  Dlo=0.011241  Dhi=1.116112  err=0.000000  inc=-0.308201  bucket 0->0  (mf=1000)
[MF-SEL] tPrev=(  d=0.024553  dMin=0.000000  dAvg=0.022483  dMax=2.209743  Dlo=0.011241  Dhi=1.116113  err=0.000000  inc=-0.308201  bucket 0->0  (mf=1000)
Dropping frame 1413393281.855760
[MF-SEL] tPrev=(  d=0.047525  dMin=0.000000  dAvg=0.022504  dMax=2.209743  Dlo=0.011252  Dhi=1.116123  err=0.000000  inc=-0.308201  bucket 0->0  (mf=1000)
[MF-SEL] tPrev=(  d=0.022339  dMin=0.000000  dAvg=0.022503  dMax=2.209743  Dlo=0.011252  Dhi=1.116123  err=0.000000  inc=-0.308201  bucket 0->0  (mf=1000)
[MF-SEL] tPrev=(  d=0.022328  dMin=0.000000  dAvg=0.022503  dMax=2.209743  Dlo=0.011252  Dhi=1.116123  err=0.000000  inc=-0.308201  bucket 0->0  (mf=1000)
[MF-SEL] tPrev=(  d=0.021678  dMin=0.000000  dAvg=0.022503  dMax=2.209743  Dlo=0.011251  Dhi=1.116123  err=0.000000  inc=-0.308201  bucket 0->0  (mf=1000)
[MF-SEL] tPrev=(  d=0.021201  dMin=0.000000  dAvg=0.022501  dMax=2.209743  Dlo=0.011251  Dhi=1.116122  err=0.000000  inc=-0.308201  bucket 0->0  (mf=1000)
Dropping frame 1413393282.155760
[MF-SEL] tPrev=(  d=0.042327  dMin=0.000000  dAvg=0.022518  dMax=2.209743  Dlo=0.011259  Dhi=1.116130  err=0.000000  inc=-0.308201  bucket 0->0  (mf=1000)
Dropping frame 1413393282.255760
[MF-SEL] tPrev=(  d=0.052230  dMin=0.000000  dAvg=0.022542  dMax=2.209743  Dlo=0.011271  Dhi=1.116143  err=0.000000  inc=-0.308201  bucket 0->0  (mf=1000)
[MF-SEL] tPrev=(  d=0.025297  dMin=0.000000  dAvg=0.022544  dMax=2.209743  Dlo=0.011272  Dhi=1.116144  err=0.000000  inc=-0.308201  bucket 0->0  (mf=1000)
[MF-SEL] tPrev=(  d=0.025243  dMin=0.000000  dAvg=0.022547  dMax=2.209743  Dlo=0.011273  Dhi=1.116145  err=0.000000  inc=-0.308201  bucket 0->0  (mf=1000)
[MF-SEL] tPrev=(  d=0.024899  dMin=0.000000  dAvg=0.022548  dMax=2.209743  Dlo=0.011274  Dhi=1.116146  err=0.000000  inc=-0.308201  bucket 0->0  (mf=1000)
Dropping frame 1413393282.505760
[MF-SEL] tPrev=(  d=0.044054  dMin=0.000000  dAvg=0.022566  dMax=2.209743  Dlo=0.011283  Dhi=1.116155  err=0.000000  inc=-0.308201  bucket 0->0  (mf=1000)
[MF-SEL] tPrev=(  d=0.021969  dMin=0.000000  dAvg=0.022566  dMax=2.209743  Dlo=0.011283  Dhi=1.116154  err=0.000000  inc=-0.308201  bucket 0->0  (mf=1000)
[MF-SEL] tPrev=(  d=0.020687  dMin=0.000000  dAvg=0.022564  dMax=2.209743  Dlo=0.011282  Dhi=1.116154  err=0.000000  inc=-0.308201  bucket 0->0  (mf=1000)
[MF-SEL] tPrev=(  d=0.019432  dMin=0.000000  dAvg=0.022561  dMax=2.209743  Dlo=0.011281  Dhi=1.116152  err=0.000000  inc=-0.308201  bucket 0->0  (mf=1000)
[MF-SEL] tPrev=(  d=0.017842  dMin=0.000000  dAvg=0.022558  dMax=2.209743  Dlo=0.011279  Dhi=1.116150  err=0.000000  inc=-0.308201  bucket 0->0  (mf=1000)
[MF-SEL] tPrev=(  d=0.015633  dMin=0.000000  dAvg=0.022552  dMax=2.209743  Dlo=0.011276  Dhi=1.116148  err=0.000000  inc=-0.308201  bucket 0->0  (mf=1000)
Dropping frame 1413393282.855760
[MF-SEL] tPrev=(  d=0.022220  dMin=0.000000  dAvg=0.022552  dMax=2.209743  Dlo=0.011276  Dhi=1.116147  err=0.000000  inc=-0.308201  bucket 0->0  (mf=1000)
[MF-SEL] tPrev=(  d=0.018443  dMin=0.000000  dAvg=0.022548  dMax=2.209743  Dlo=0.011274  Dhi=1.116146  err=0.000000  inc=-0.308201  bucket 0->0  (mf=1000)
[MF-SEL] tPrev=(  d=0.011617  dMin=0.000000  dAvg=0.022540  dMax=2.209743  Dlo=0.011270  Dhi=1.116141  err=0.000000  inc=-0.308201  bucket 0->0  (mf=1000)
Dropping frame 1413393283.055760
[MF-SEL] tPrev=(  d=0.019679  dMin=0.000000  dAvg=0.022537  dMax=2.209743  Dlo=0.011269  Dhi=1.116140  err=0.000000  inc=-0.308201  bucket 0->0  (mf=1000)
[MF-SEL] tPrev=(  d=0.009628  dMin=0.000000  dAvg=0.022527  dMax=2.209743  Dlo=0.011263  Dhi=1.116135  err=-1.000000  inc=-1.249868  bucket 0->0  (mf=1000)
[MF-SEL] tPrev=(  d=0.009074  dMin=0.000000  dAvg=0.022516  dMax=2.209743  Dlo=0.011258  Dhi=1.116129  err=-1.000000  inc=-0.912792  bucket 0->0  (mf=1000)
Dropping frame 1413393283.255760
[MF-SEL] tPrev=(  d=0.015972  dMin=0.000000  dAvg=0.022511  dMax=2.209743  Dlo=0.011255  Dhi=1.116127  err=0.000000  inc=-0.143587  bucket 0->0  (mf=1000)
[MF-SEL] tPrev=(  d=0.009767  dMin=0.000000  dAvg=0.022500  dMax=2.209743  Dlo=0.011250  Dhi=1.116122  err=-1.000000  inc=-1.274184  bucket 0->0  (mf=1000)
Dropping frame 1413393283.405761
[MF-SEL] tPrev=(  d=0.011768  dMin=0.000000  dAvg=0.022492  dMax=2.209743  Dlo=0.011246  Dhi=1.116117  err=0.000000  inc=-0.151695  bucket 0->0  (mf=1000)
[MF-SEL] tPrev=(  d=0.005728  dMin=0.000000  dAvg=0.022478  dMax=2.209743  Dlo=0.011239  Dhi=1.116111  err=-1.000000  inc=-1.246413  bucket 0->0  (mf=1000)
[MF-SEL] tPrev=(  d=0.005964  dMin=0.000000  dAvg=0.022465  dMax=2.209743  Dlo=0.011232  Dhi=1.116104  err=-1.000000  inc=-0.919594  bucket 0->0  (mf=1000)
Dropping frame 1413393283.605761
[MF-SEL] tPrev=(  d=0.018258  dMin=0.000000  dAvg=0.022461  dMax=2.209743  Dlo=0.011231  Dhi=1.116102  err=0.000000  inc=-0.158327  bucket 0->0  (mf=1000)
Dropping frame 1413393283.705760
[MF-SEL] tPrev=(  d=0.025651  dMin=0.000000  dAvg=0.022464  dMax=2.209743  Dlo=0.011232  Dhi=1.116103  err=0.000000  inc=-0.319594  bucket 0->0  (mf=1000)
[MF-SEL] tPrev=(  d=0.014478  dMin=0.000000  dAvg=0.022458  dMax=2.209743  Dlo=0.011229  Dhi=1.116100  err=0.000000  inc=-0.319594  bucket 0->0  (mf=1000)
[MF-SEL] tPrev=(  d=0.014269  dMin=0.000000  dAvg=0.022451  dMax=2.209743  Dlo=0.011225  Dhi=1.116097  err=0.000000  inc=-0.319594  bucket 0->0  (mf=1000)
[MF-SEL] tPrev=(  d=0.020670  dMin=0.000000  dAvg=0.022449  dMax=2.209743  Dlo=0.011225  Dhi=1.116096  err=0.000000  inc=-0.319594  bucket 0->0  (mf=1000)
Dropping frame 1413393283.955760
[MF-SEL] tPrev=(  d=0.020804  dMin=0.000000  dAvg=0.022448  dMax=2.209743  Dlo=0.011224  Dhi=1.116096  err=0.000000  inc=-0.319594  bucket 0->0  (mf=1000)
[MF-SEL] tPrev=(  d=0.011104  dMin=0.000000  dAvg=0.022439  dMax=2.209743  Dlo=0.011220  Dhi=1.116091  err=-1.000000  inc=-1.253599  bucket 0->0  (mf=1000)
[MF-SEL] tPrev=(  d=0.011339  dMin=0.000000  dAvg=0.022430  dMax=2.209743  Dlo=0.011215  Dhi=1.116087  err=0.000000  inc=0.047939  bucket 0->0  (mf=1000)
Dropping frame 1413393284.155760
[MF-SEL] tPrev=(  d=0.020839  dMin=0.000000  dAvg=0.022429  dMax=2.209743  Dlo=0.011214  Dhi=1.116086  err=0.000000  inc=-0.322007  bucket 0->0  (mf=1000)
[MF-SEL] tPrev=(  d=0.012012  dMin=0.000000  dAvg=0.022421  dMax=2.209743  Dlo=0.011210  Dhi=1.116082  err=0.000000  inc=-0.322007  bucket 0->0  (mf=1000)
Dropping frame 1413393284.305761
[MF-SEL] tPrev=(  d=0.024633  dMin=0.000000  dAvg=0.022422  dMax=2.209743  Dlo=0.011211  Dhi=1.116083  err=0.000000  inc=-0.322007  bucket 0->0  (mf=1000)
[MF-SEL] tPrev=(  d=0.012748  dMin=0.000000  dAvg=0.022415  dMax=2.209743  Dlo=0.011207  Dhi=1.116079  err=0.000000  inc=-0.322007  bucket 0->0  (mf=1000)
[MF-SEL] tPrev=(  d=0.048812  dMin=0.000000  dAvg=0.022436  dMax=2.209743  Dlo=0.011218  Dhi=1.116089  err=0.000000  inc=-0.322007  bucket 0->0  (mf=1000)
[MF-SEL] tPrev=(  d=0.015374  dMin=0.000000  dAvg=0.022430  dMax=2.209743  Dlo=0.011215  Dhi=1.116087  err=0.000000  inc=-0.322007  bucket 0->0  (mf=1000)
Dropping frame 1413393284.555760
[MF-SEL] tPrev=(  d=0.019788  dMin=0.000000  dAvg=0.022428  dMax=2.209743  Dlo=0.011214  Dhi=1.116085  err=0.000000  inc=-0.322007  bucket 0->0  (mf=1000)
[MF-SEL] tPrev=(  d=0.015514  dMin=0.000000  dAvg=0.022422  dMax=2.209743  Dlo=0.011211  Dhi=1.116083  err=0.000000  inc=-0.322007  bucket 0->0  (mf=1000)
Dropping frame 1413393284.705760
[MF-SEL] tPrev=(  d=0.030327  dMin=0.000000  dAvg=0.022429  dMax=2.209743  Dlo=0.011214  Dhi=1.116086  err=0.000000  inc=-0.322007  bucket 0->0  (mf=1000)
[MF-SEL] tPrev=(  d=0.012552  dMin=0.000000  dAvg=0.022421  dMax=2.209743  Dlo=0.011210  Dhi=1.116082  err=0.000000  inc=-0.322007  bucket 0->0  (mf=1000)
Dropping frame 1413393284.855760
[MF-SEL] tPrev=(  d=0.029934  dMin=0.000000  dAvg=0.022427  dMax=2.209743  Dlo=0.011213  Dhi=1.116085  err=0.000000  inc=-0.322007  bucket 0->0  (mf=1000)
[MF-SEL] tPrev=(  d=0.015555  dMin=0.000000  dAvg=0.022421  dMax=2.209743  Dlo=0.011211  Dhi=1.116082  err=0.000000  inc=-0.322007  bucket 0->0  (mf=1000)
[MF-SEL] tPrev=(  d=0.027857  dMin=0.000000  dAvg=0.022426  dMax=2.209743  Dlo=0.011213  Dhi=1.116084  err=0.000000  inc=-0.322007  bucket 0->0  (mf=1000)
Dropping frame 1413393285.055760
[MF-SEL] tPrev=(  d=0.030203  dMin=0.000000  dAvg=0.022432  dMax=2.209743  Dlo=0.011216  Dhi=1.116087  err=0.000000  inc=-0.322007  bucket 0->0  (mf=1000)
[MF-SEL] tPrev=(  d=0.013529  dMin=0.000000  dAvg=0.022425  dMax=2.209743  Dlo=0.011212  Dhi=1.116084  err=0.000000  inc=-0.322007  bucket 0->0  (mf=1000)
[MF-SEL] tPrev=(  d=0.014753  dMin=0.000000  dAvg=0.022419  dMax=2.209743  Dlo=0.011209  Dhi=1.116081  err=0.000000  inc=-0.322007  bucket 0->0  (mf=1000)
Dropping frame 1413393285.255760
[MF-SEL] tPrev=(  d=0.034226  dMin=0.000000  dAvg=0.022428  dMax=2.209743  Dlo=0.011214  Dhi=1.116086  err=0.000000  inc=-0.322007  bucket 0->0  (mf=1000)
[MF-SEL] tPrev=(  d=0.015419  dMin=0.000000  dAvg=0.022423  dMax=2.209743  Dlo=0.011211  Dhi=1.116083  err=0.000000  inc=-0.322007  bucket 0->0  (mf=1000)
[MF-SEL] tPrev=(  d=0.036364  dMin=0.000000  dAvg=0.022434  dMax=2.209743  Dlo=0.011217  Dhi=1.116088  err=0.000000  inc=-0.322007  bucket 0->0  (mf=1000)
[MF-SEL] tPrev=(  d=0.022589  dMin=0.000000  dAvg=0.022434  dMax=2.209743  Dlo=0.011217  Dhi=1.116088  err=0.000000  inc=-0.322007  bucket 0->0  (mf=1000)
[MF-SEL] tPrev=(  d=0.017826  dMin=0.000000  dAvg=0.022430  dMax=2.209743  Dlo=0.011215  Dhi=1.116087  err=0.000000  inc=-0.322007  bucket 0->0  (mf=1000)
[MF-SEL] tPrev=(  d=0.017673  dMin=0.000000  dAvg=0.022426  dMax=2.209743  Dlo=0.011213  Dhi=1.116085  err=0.000000  inc=-0.322007  bucket 0->0  (mf=1000)
[MF-SEL] tPrev=(  d=0.017969  dMin=0.000000  dAvg=0.022423  dMax=2.209743  Dlo=0.011211  Dhi=1.116083  err=0.000000  inc=-0.322007  bucket 0->0  (mf=1000)
[MF-SEL] tPrev=(  d=0.023927  dMin=0.000000  dAvg=0.022424  dMax=2.209743  Dlo=0.011212  Dhi=1.116083  err=0.000000  inc=-0.322007  bucket 0->0  (mf=1000)
[MF-SEL] tPrev=(  d=0.020720  dMin=0.000000  dAvg=0.022423  dMax=2.209743  Dlo=0.011211  Dhi=1.116083  err=0.000000  inc=-0.322007  bucket 0->0  (mf=1000)
Dropping frame 1413393285.755760
[MF-SEL] tPrev=(  d=0.039980  dMin=0.000000  dAvg=0.022436  dMax=2.209743  Dlo=0.011218  Dhi=1.116090  err=0.000000  inc=-0.322007  bucket 0->0  (mf=1000)
Dropping frame 1413393285.855760
[MF-SEL] tPrev=(  d=0.047109  dMin=0.000000  dAvg=0.022456  dMax=2.209743  Dlo=0.011228  Dhi=1.116099  err=0.000000  inc=-0.322007  bucket 0->0  (mf=1000)
[MF-SEL] tPrev=(  d=0.018300  dMin=0.000000  dAvg=0.022453  dMax=2.209743  Dlo=0.011226  Dhi=1.116098  err=0.000000  inc=-0.322007  bucket 0->0  (mf=1000)
[MF-SEL] tPrev=(  d=0.018382  dMin=0.000000  dAvg=0.022449  dMax=2.209743  Dlo=0.011225  Dhi=1.116096  err=0.000000  inc=-0.322007  bucket 0->0  (mf=1000)
[MF-SEL] tPrev=(  d=0.017802  dMin=0.000000  dAvg=0.022446  dMax=2.209743  Dlo=0.011223  Dhi=1.116094  err=0.000000  inc=-0.322007  bucket 0->0  (mf=1000)
[MF-SEL] tPrev=(  d=0.018099  dMin=0.000000  dAvg=0.022442  dMax=2.209743  Dlo=0.011221  Dhi=1.116093  err=0.000000  inc=-0.322007  bucket 0->0  (mf=1000)
Dropping frame 1413393286.155760
[MF-SEL] tPrev=(  d=0.041130  dMin=0.000000  dAvg=0.022457  dMax=2.209743  Dlo=0.011228  Dhi=1.116100  err=0.000000  inc=-0.322007  bucket 0->0  (mf=1000)
[MF-SEL] tPrev=(  d=0.019152  dMin=0.000000  dAvg=0.022454  dMax=2.209743  Dlo=0.011227  Dhi=1.116099  err=0.000000  inc=-0.322007  bucket 0->0  (mf=1000)
[MF-SEL] tPrev=(  d=0.024515  dMin=0.000000  dAvg=0.022456  dMax=2.209743  Dlo=0.011228  Dhi=1.116099  err=0.000000  inc=-0.322007  bucket 0->0  (mf=1000)
[MF-SEL] tPrev=(  d=0.019857  dMin=0.000000  dAvg=0.022454  dMax=2.209743  Dlo=0.011227  Dhi=1.116098  err=0.000000  inc=-0.322007  bucket 0->0  (mf=1000)
Dropping frame 1413393286.405761
[MF-SEL] tPrev=(  d=0.035262  dMin=0.000000  dAvg=0.022464  dMax=2.209743  Dlo=0.011232  Dhi=1.116103  err=0.000000  inc=-0.322007  bucket 0->0  (mf=1000)
[MF-SEL] tPrev=(  d=0.020513  dMin=0.000000  dAvg=0.022462  dMax=2.209743  Dlo=0.011231  Dhi=1.116103  err=0.000000  inc=-0.322007  bucket 0->0  (mf=1000)
[MF-SEL] tPrev=(  d=0.020632  dMin=0.000000  dAvg=0.022461  dMax=2.209743  Dlo=0.011230  Dhi=1.116102  err=0.000000  inc=-0.322007  bucket 0->0  (mf=1000)
[MF-SEL] tPrev=(  d=0.020143  dMin=0.000000  dAvg=0.022459  dMax=2.209743  Dlo=0.011230  Dhi=1.116101  err=0.000000  inc=-0.322007  bucket 0->0  (mf=1000)
[MF-SEL] tPrev=(  d=0.018979  dMin=0.000000  dAvg=0.022456  dMax=2.209743  Dlo=0.011228  Dhi=1.116100  err=0.000000  inc=-0.322007  bucket 0->0  (mf=1000)
[MF-SEL] tPrev=(  d=0.018459  dMin=0.000000  dAvg=0.022453  dMax=2.209743  Dlo=0.011227  Dhi=1.116098  err=0.000000  inc=-0.322007  bucket 0->0  (mf=1000)
[MF-SEL] tPrev=(  d=0.017758  dMin=0.000000  dAvg=0.022450  dMax=2.209743  Dlo=0.011225  Dhi=1.116096  err=0.000000  inc=-0.322007  bucket 0->0  (mf=1000)
[MF-SEL] tPrev=(  d=0.013785  dMin=0.000000  dAvg=0.022443  dMax=2.209743  Dlo=0.011221  Dhi=1.116093  err=0.000000  inc=-0.322007  bucket 0->0  (mf=1000)
[MF-SEL] tPrev=(  d=0.017474  dMin=0.000000  dAvg=0.022439  dMax=2.209743  Dlo=0.011220  Dhi=1.116091  err=0.000000  inc=-0.322007  bucket 0->0  (mf=1000)
[MF-SEL] tPrev=(  d=0.016005  dMin=0.000000  dAvg=0.022434  dMax=2.209743  Dlo=0.011217  Dhi=1.116089  err=0.000000  inc=-0.322007  bucket 0->0  (mf=1000)
[MF-SEL] tPrev=(  d=0.014541  dMin=0.000000  dAvg=0.022428  dMax=2.209743  Dlo=0.011214  Dhi=1.116086  err=0.000000  inc=-0.322007  bucket 0->0  (mf=1000)
[MF-SEL] tPrev=(  d=0.013323  dMin=0.000000  dAvg=0.022421  dMax=2.209743  Dlo=0.011211  Dhi=1.116082  err=0.000000  inc=-0.322007  bucket 0->0  (mf=1000)
Dropping frame 1413393287.055760
[MF-SEL] tPrev=(  d=0.020651  dMin=0.000000  dAvg=0.022420  dMax=2.209743  Dlo=0.011210  Dhi=1.116081  err=0.000000  inc=-0.322007  bucket 0->0  (mf=1000)
[MF-SEL] tPrev=(  d=0.007177  dMin=0.000000  dAvg=0.022408  dMax=2.209743  Dlo=0.011204  Dhi=1.116075  err=-1.000000  inc=-1.271204  bucket 0->0  (mf=1000)
Dropping frame 1413393287.205760
[MF-SEL] tPrev=(  d=0.027085  dMin=0.000000  dAvg=0.022411  dMax=2.209743  Dlo=0.011206  Dhi=1.116077  err=0.000000  inc=-0.152783  bucket 0->0  (mf=1000)
[MF-SEL] tPrev=(  d=0.007638  dMin=0.000000  dAvg=0.022400  dMax=2.209743  Dlo=0.011200  Dhi=1.116072  err=-1.000000  inc=-1.237419  bucket 0->0  (mf=1000)
[MF-SEL] tPrev=(  d=0.010984  dMin=0.000000  dAvg=0.022391  dMax=2.209743  Dlo=0.011196  Dhi=1.116067  err=-1.000000  inc=-0.929035  bucket 0->0  (mf=1000)
Dropping frame 1413393287.405761
[MF-SEL] tPrev=(  d=0.026778  dMin=0.000000  dAvg=0.022395  dMax=2.209743  Dlo=0.011197  Dhi=1.116069  err=0.000000  inc=-0.156380  bucket 0->0  (mf=1000)
Dropping frame 1413393287.505760
[MF-SEL] tPrev=(  d=0.019061  dMin=0.000000  dAvg=0.022392  dMax=2.209743  Dlo=0.011196  Dhi=1.116068  err=0.000000  inc=-0.329035  bucket 0->0  (mf=1000)
[MF-SEL] tPrev=(  d=0.010568  dMin=0.000000  dAvg=0.022383  dMax=2.209743  Dlo=0.011192  Dhi=1.116063  err=-1.000000  inc=-1.244141  bucket 0->0  (mf=1000)
[MF-SEL] tPrev=(  d=0.010558  dMin=0.000000  dAvg=0.022374  dMax=2.209743  Dlo=0.011187  Dhi=1.116059  err=-1.000000  inc=-0.933652  bucket 0->0  (mf=1000)
[MF-SEL] tPrev=(  d=0.010802  dMin=0.000000  dAvg=0.022365  dMax=2.209743  Dlo=0.011183  Dhi=1.116054  err=-1.000000  inc=-0.935904  bucket 0->0  (mf=1000)
[MF-SEL] tPrev=(  d=0.011851  dMin=0.000000  dAvg=0.022357  dMax=2.209743  Dlo=0.011179  Dhi=1.116050  err=0.000000  inc=-0.025702  bucket 0->0  (mf=1000)
[MF-SEL] tPrev=(  d=0.011597  dMin=0.000000  dAvg=0.022349  dMax=2.209743  Dlo=0.011174  Dhi=1.116046  err=0.000000  inc=-0.335904  bucket 0->0  (mf=1000)
Dropping frame 1413393287.855760
[MF-SEL] tPrev=(  d=0.023643  dMin=0.000000  dAvg=0.022350  dMax=2.209743  Dlo=0.011175  Dhi=1.116046  err=0.000000  inc=-0.335904  bucket 0->0  (mf=1000)
[MF-SEL] tPrev=(  d=0.004806  dMin=0.000000  dAvg=0.022336  dMax=2.209743  Dlo=0.011168  Dhi=1.116040  err=-1.000000  inc=-1.274097  bucket 0->0  (mf=1000)
[MF-SEL] tPrev=(  d=0.011706  dMin=0.000000  dAvg=0.022328  dMax=2.209743  Dlo=0.011164  Dhi=1.116036  err=0.000000  inc=-0.029966  bucket 0->0  (mf=1000)
[MF-SEL] tPrev=(  d=0.011506  dMin=0.000000  dAvg=0.022320  dMax=2.209743  Dlo=0.011160  Dhi=1.116032  err=0.000000  inc=-0.338287  bucket 0->0  (mf=1000)
[MF-SEL] tPrev=(  d=0.011105  dMin=0.000000  dAvg=0.022312  dMax=2.209743  Dlo=0.011156  Dhi=1.116027  err=-1.000000  inc=-1.309645  bucket 0->0  (mf=1000)
Dropping frame 1413393288.155760
[MF-SEL] tPrev=(  d=0.030042  dMin=0.000000  dAvg=0.022317  dMax=2.209743  Dlo=0.011159  Dhi=1.116030  err=0.000000  inc=-0.171404  bucket 0->0  (mf=1000)
[MF-SEL] tPrev=(  d=0.012500  dMin=0.000000  dAvg=0.022310  dMax=2.209743  Dlo=0.011155  Dhi=1.116026  err=0.000000  inc=-0.340454  bucket 0->0  (mf=1000)
[MF-SEL] tPrev=(  d=0.013982  dMin=0.000000  dAvg=0.022304  dMax=2.209743  Dlo=0.011152  Dhi=1.116023  err=0.000000  inc=-0.340454  bucket 0->0  (mf=1000)
[MF-SEL] tPrev=(  d=0.014347  dMin=0.000000  dAvg=0.022298  dMax=2.209743  Dlo=0.011149  Dhi=1.116020  err=0.000000  inc=-0.340454  bucket 0->0  (mf=1000)
Dropping frame 1413393288.405761
[MF-SEL] tPrev=(  d=0.037229  dMin=0.000000  dAvg=0.022309  dMax=2.209743  Dlo=0.011154  Dhi=1.116026  err=0.000000  inc=-0.340454  bucket 0->0  (mf=1000)
Dropping frame 1413393288.505760
[MF-SEL] tPrev=(  d=0.029273  dMin=0.000000  dAvg=0.022314  dMax=2.209743  Dlo=0.011157  Dhi=1.116029  err=0.000000  inc=-0.340454  bucket 0->0  (mf=1000)
Dropping frame 1413393288.605761
[MF-SEL] tPrev=(  d=0.031980  dMin=0.000000  dAvg=0.022322  dMax=2.209743  Dlo=0.011161  Dhi=1.116032  err=0.000000  inc=-0.340454  bucket 0->0  (mf=1000)
[MF-SEL] tPrev=(  d=0.015488  dMin=0.000000  dAvg=0.022316  dMax=2.209743  Dlo=0.011158  Dhi=1.116030  err=0.000000  inc=-0.340454  bucket 0->0  (mf=1000)
Dropping frame 1413393288.755760
[MF-SEL] tPrev=(  d=0.031554  dMin=0.000000  dAvg=0.022323  dMax=2.209743  Dlo=0.011162  Dhi=1.116033  err=0.000000  inc=-0.340454  bucket 0->0  (mf=1000)
[MF-SEL] tPrev=(  d=0.015686  dMin=0.000000  dAvg=0.022318  dMax=2.209743  Dlo=0.011159  Dhi=1.116031  err=0.000000  inc=-0.340454  bucket 0->0  (mf=1000)
Dropping frame 1413393288.905761
[MF-SEL] tPrev=(  d=0.039511  dMin=0.000000  dAvg=0.022331  dMax=2.209743  Dlo=0.011166  Dhi=1.116037  err=0.000000  inc=-0.340454  bucket 0->0  (mf=1000)
[MF-SEL] tPrev=(  d=0.015357  dMin=0.000000  dAvg=0.022326  dMax=2.209743  Dlo=0.011163  Dhi=1.116035  err=0.000000  inc=-0.340454  bucket 0->0  (mf=1000)
[MF-SEL] tPrev=(  d=0.016485  dMin=0.000000  dAvg=0.022322  dMax=2.209743  Dlo=0.011161  Dhi=1.116032  err=0.000000  inc=-0.340454  bucket 0->0  (mf=1000)
[MF-SEL] tPrev=(  d=0.017459  dMin=0.000000  dAvg=0.022318  dMax=2.209743  Dlo=0.011159  Dhi=1.116030  err=0.000000  inc=-0.340454  bucket 0->0  (mf=1000)
Dropping frame 1413393289.155760
[MF-SEL] tPrev=(  d=0.033752  dMin=0.000000  dAvg=0.022327  dMax=2.209743  Dlo=0.011163  Dhi=1.116035  err=0.000000  inc=-0.340454  bucket 0->0  (mf=1000)
[MF-SEL] tPrev=(  d=0.016460  dMin=0.000000  dAvg=0.022322  dMax=2.209743  Dlo=0.011161  Dhi=1.116033  err=0.000000  inc=-0.340454  bucket 0->0  (mf=1000)
[MF-SEL] tPrev=(  d=0.016101  dMin=0.000000  dAvg=0.022317  dMax=2.209743  Dlo=0.011159  Dhi=1.116030  err=0.000000  inc=-0.340454  bucket 0->0  (mf=1000)
Dropping frame 1413393289.355760
[MF-SEL] tPrev=(  d=0.023062  dMin=0.000000  dAvg=0.022318  dMax=2.209743  Dlo=0.011159  Dhi=1.116031  err=0.000000  inc=-0.340454  bucket 0->0  (mf=1000)
Dropping frame 1413393289.455760
[MF-SEL] tPrev=(  d=0.025064  dMin=0.000000  dAvg=0.022320  dMax=2.209743  Dlo=0.011160  Dhi=1.116032  err=0.000000  inc=-0.340454  bucket 0->0  (mf=1000)
[MF-SEL] tPrev=(  d=0.012730  dMin=0.000000  dAvg=0.022313  dMax=2.209743  Dlo=0.011156  Dhi=1.116028  err=0.000000  inc=-0.340454  bucket 0->0  (mf=1000)
[MF-SEL] tPrev=(  d=0.013222  dMin=0.000000  dAvg=0.022306  dMax=2.209743  Dlo=0.011153  Dhi=1.116025  err=0.000000  inc=-0.340454  bucket 0->0  (mf=1000)
Dropping frame 1413393289.655760
[MF-SEL] tPrev=(  d=0.025373  dMin=0.000000  dAvg=0.022308  dMax=2.209743  Dlo=0.011154  Dhi=1.116026  err=0.000000  inc=-0.340454  bucket 0->0  (mf=1000)
[MF-SEL] tPrev=(  d=0.012621  dMin=0.000000  dAvg=0.022301  dMax=2.209743  Dlo=0.011151  Dhi=1.116022  err=0.000000  inc=-0.340454  bucket 0->0  (mf=1000)
[MF-SEL] tPrev=(  d=0.012650  dMin=0.000000  dAvg=0.022294  dMax=2.209743  Dlo=0.011147  Dhi=1.116018  err=0.000000  inc=-0.340454  bucket 0->0  (mf=1000)
[MF-SEL] tPrev=(  d=0.012344  dMin=0.000000  dAvg=0.022286  dMax=2.209743  Dlo=0.011143  Dhi=1.116015  err=0.000000  inc=-0.340454  bucket 0->0  (mf=1000)
[MF-SEL] tPrev=(  d=0.017046  dMin=0.000000  dAvg=0.022283  dMax=2.209743  Dlo=0.011141  Dhi=1.116013  err=0.000000  inc=-0.340454  bucket 0->0  (mf=1000)
[MF-SEL] tPrev=(  d=0.012650  dMin=0.000000  dAvg=0.022275  dMax=2.209743  Dlo=0.011138  Dhi=1.116009  err=0.000000  inc=-0.340454  bucket 0->0  (mf=1000)
[MF-SEL] tPrev=(  d=0.011584  dMin=0.000000  dAvg=0.022267  dMax=2.209743  Dlo=0.011134  Dhi=1.116005  err=0.000000  inc=-0.340454  bucket 0->0  (mf=1000)
Dropping frame 1413393290.055760
[MF-SEL] tPrev=(  d=0.016948  dMin=0.000000  dAvg=0.022263  dMax=2.209743  Dlo=0.011132  Dhi=1.116003  err=0.000000  inc=-0.340454  bucket 0->0  (mf=1000)
[MF-SEL] tPrev=(  d=0.008621  dMin=0.000000  dAvg=0.022253  dMax=2.209743  Dlo=0.011127  Dhi=1.115998  err=-1.000000  inc=-1.251355  bucket 0->0  (mf=1000)
Dropping frame 1413393290.205760
[MF-SEL] tPrev=(  d=0.027423  dMin=0.000000  dAvg=0.022257  dMax=2.209743  Dlo=0.011129  Dhi=1.116000  err=0.000000  inc=-0.167188  bucket 0->0  (mf=1000)
[MF-SEL] tPrev=(  d=0.013198  dMin=0.000000  dAvg=0.022250  dMax=2.209743  Dlo=0.011125  Dhi=1.115997  err=0.000000  inc=-0.343048  bucket 0->0  (mf=1000)
[MF-SEL] tPrev=(  d=0.017889  dMin=0.000000  dAvg=0.022247  dMax=2.209743  Dlo=0.011124  Dhi=1.115995  err=0.000000  inc=-0.343048  bucket 0->0  (mf=1000)
[MF-SEL] tPrev=(  d=0.015134  dMin=0.000000  dAvg=0.022242  dMax=2.209743  Dlo=0.011121  Dhi=1.115992  err=0.000000  inc=-0.343048  bucket 0->0  (mf=1000)
Dropping frame 1413393290.455760
[MF-SEL] tPrev=(  d=0.035854  dMin=0.000000  dAvg=0.022252  dMax=2.209743  Dlo=0.011126  Dhi=1.115997  err=0.000000  inc=-0.343048  bucket 0->0  (mf=1000)
Dropping frame 1413393290.555760
[MF-SEL] tPrev=(  d=0.030637  dMin=0.000000  dAvg=0.022258  dMax=2.209743  Dlo=0.011129  Dhi=1.116001  err=0.000000  inc=-0.343048  bucket 0->0  (mf=1000)
[MF-SEL] tPrev=(  d=0.015598  dMin=0.000000  dAvg=0.022253  dMax=2.209743  Dlo=0.011127  Dhi=1.115998  err=0.000000  inc=-0.343048  bucket 0->0  (mf=1000)
[MF-SEL] tPrev=(  d=0.015793  dMin=0.000000  dAvg=0.022248  dMax=2.209743  Dlo=0.011124  Dhi=1.115996  err=0.000000  inc=-0.343048  bucket 0->0  (mf=1000)
[MF-SEL] tPrev=(  d=0.016022  dMin=0.000000  dAvg=0.022244  dMax=2.209743  Dlo=0.011122  Dhi=1.115993  err=0.000000  inc=-0.343048  bucket 0->0  (mf=1000)
[MF-SEL] tPrev=(  d=0.015603  dMin=0.000000  dAvg=0.022239  dMax=2.209743  Dlo=0.011119  Dhi=1.115991  err=0.000000  inc=-0.343048  bucket 0->0  (mf=1000)
Dropping frame 1413393290.855760
[MF-SEL] tPrev=(  d=0.039681  dMin=0.000000  dAvg=0.022252  dMax=2.209743  Dlo=0.011126  Dhi=1.115997  err=0.000000  inc=-0.343048  bucket 0->0  (mf=1000)
Dropping frame 1413393290.955760
[MF-SEL] tPrev=(  d=0.030972  dMin=0.000000  dAvg=0.022258  dMax=2.209743  Dlo=0.011129  Dhi=1.116001  err=0.000000  inc=-0.343048  bucket 0->0  (mf=1000)
Dropping frame 1413393291.055760
[MF-SEL] tPrev=(  d=0.033524  dMin=0.000000  dAvg=0.022267  dMax=2.209743  Dlo=0.011133  Dhi=1.116005  err=0.000000  inc=-0.343048  bucket 0->0  (mf=1000)
[MF-SEL] tPrev=(  d=0.016963  dMin=0.000000  dAvg=0.022263  dMax=2.209743  Dlo=0.011131  Dhi=1.116003  err=0.000000  inc=-0.343048  bucket 0->0  (mf=1000)
[MF-SEL] tPrev=(  d=0.017047  dMin=0.000000  dAvg=0.022259  dMax=2.209743  Dlo=0.011129  Dhi=1.116001  err=0.000000  inc=-0.343048  bucket 0->0  (mf=1000)
[MF-SEL] tPrev=(  d=0.017030  dMin=0.000000  dAvg=0.022255  dMax=2.209743  Dlo=0.011127  Dhi=1.115999  err=0.000000  inc=-0.343048  bucket 0->0  (mf=1000)
[MF-SEL] tPrev=(  d=0.018136  dMin=0.000000  dAvg=0.022252  dMax=2.209743  Dlo=0.011126  Dhi=1.115997  err=0.000000  inc=-0.343048  bucket 0->0  (mf=1000)
[MF-SEL] tPrev=(  d=0.013735  dMin=0.000000  dAvg=0.022246  dMax=2.209743  Dlo=0.011123  Dhi=1.115994  err=0.000000  inc=-0.343048  bucket 0->0  (mf=1000)
[MF-SEL] tPrev=(  d=0.018818  dMin=0.000000  dAvg=0.022243  dMax=2.209743  Dlo=0.011122  Dhi=1.115993  err=0.000000  inc=-0.343048  bucket 0->0  (mf=1000)
[MF-SEL] tPrev=(  d=0.018218  dMin=0.000000  dAvg=0.022240  dMax=2.209743  Dlo=0.011120  Dhi=1.115992  err=0.000000  inc=-0.343048  bucket 0->0  (mf=1000)
[MF-SEL] tPrev=(  d=0.017155  dMin=0.000000  dAvg=0.022236  dMax=2.209743  Dlo=0.011118  Dhi=1.115990  err=0.000000  inc=-0.343048  bucket 0->0  (mf=1000)
Dropping frame 1413393291.555760
[MF-SEL] tPrev=(  d=0.034721  dMin=0.000000  dAvg=0.022246  dMax=2.209743  Dlo=0.011123  Dhi=1.115994  err=0.000000  inc=-0.343048  bucket 0->0  (mf=1000)
Dropping frame 1413393291.655760
[MF-SEL] tPrev=(  d=0.028762  dMin=0.000000  dAvg=0.022250  dMax=2.209743  Dlo=0.011125  Dhi=1.115997  err=0.000000  inc=-0.343048  bucket 0->0  (mf=1000)
[MF-SEL] tPrev=(  d=0.012751  dMin=0.000000  dAvg=0.022243  dMax=2.209743  Dlo=0.011122  Dhi=1.115993  err=0.000000  inc=-0.343048  bucket 0->0  (mf=1000)
[MF-SEL] tPrev=(  d=0.012104  dMin=0.000000  dAvg=0.022236  dMax=2.209743  Dlo=0.011118  Dhi=1.115990  err=0.000000  inc=-0.343048  bucket 0->0  (mf=1000)
Dropping frame 1413393291.855760
[MF-SEL] tPrev=(  d=0.029672  dMin=0.000000  dAvg=0.022241  dMax=2.209743  Dlo=0.011121  Dhi=1.115992  err=0.000000  inc=-0.343048  bucket 0->0  (mf=1000)
[MF-SEL] tPrev=(  d=0.010995  dMin=0.000000  dAvg=0.022233  dMax=2.209743  Dlo=0.011117  Dhi=1.115988  err=-1.000000  inc=-1.272336  bucket 0->0  (mf=1000)
[MF-SEL] tPrev=(  d=0.012857  dMin=0.000000  dAvg=0.022226  dMax=2.209743  Dlo=0.011113  Dhi=1.115985  err=0.000000  inc=-0.004025  bucket 0->0  (mf=1000)
Dropping frame 1413393292.055760
[MF-SEL] tPrev=(  d=0.029402  dMin=0.000000  dAvg=0.022232  dMax=2.209743  Dlo=0.011116  Dhi=1.115987  err=0.000000  inc=-0.345496  bucket 0->0  (mf=1000)
[MF-SEL] tPrev=(  d=0.013982  dMin=0.000000  dAvg=0.022226  dMax=2.209743  Dlo=0.011113  Dhi=1.115984  err=0.000000  inc=-0.345496  bucket 0->0  (mf=1000)
[MF-SEL] tPrev=(  d=0.013297  dMin=0.000000  dAvg=0.022219  dMax=2.209743  Dlo=0.011110  Dhi=1.115981  err=0.000000  inc=-0.345496  bucket 0->0  (mf=1000)
[MF-SEL] tPrev=(  d=0.013056  dMin=0.000000  dAvg=0.022212  dMax=2.209743  Dlo=0.011106  Dhi=1.115978  err=0.000000  inc=-0.345496  bucket 0->0  (mf=1000)
Dropping frame 1413393292.305761
[MF-SEL] tPrev=(  d=0.026841  dMin=0.000000  dAvg=0.022216  dMax=2.209743  Dlo=0.011108  Dhi=1.115979  err=0.000000  inc=-0.345496  bucket 0->0  (mf=1000)
[MF-SEL] tPrev=(  d=0.020184  dMin=0.000000  dAvg=0.022214  dMax=2.209743  Dlo=0.011107  Dhi=1.115979  err=0.000000  inc=-0.345496  bucket 0->0  (mf=1000)
[MF-SEL] tPrev=(  d=0.024491  dMin=0.000000  dAvg=0.022216  dMax=2.209743  Dlo=0.011108  Dhi=1.115979  err=0.000000  inc=-0.345496  bucket 0->0  (mf=1000)
Dropping frame 1413393292.505760
[MF-SEL] tPrev=(  d=0.018776  dMin=0.000000  dAvg=0.022213  dMax=2.209743  Dlo=0.011107  Dhi=1.115978  err=0.000000  inc=-0.345496  bucket 0->0  (mf=1000)
Dropping frame 1413393292.605761
[MF-SEL] tPrev=(  d=0.024519  dMin=0.000000  dAvg=0.022215  dMax=2.209743  Dlo=0.011108  Dhi=1.115979  err=0.000000  inc=-0.345496  bucket 0->0  (mf=1000)
Dropping frame 1413393292.705760
[MF-SEL] tPrev=(  d=0.024599  dMin=0.000000  dAvg=0.022217  dMax=2.209743  Dlo=0.011108  Dhi=1.115980  err=0.000000  inc=-0.345496  bucket 0->0  (mf=1000)
[MF-SEL] tPrev=(  d=0.014472  dMin=0.000000  dAvg=0.022211  dMax=2.209743  Dlo=0.011106  Dhi=1.115977  err=0.000000  inc=-0.345496  bucket 0->0  (mf=1000)
[MF-SEL] tPrev=(  d=0.014525  dMin=0.000000  dAvg=0.022206  dMax=2.209743  Dlo=0.011103  Dhi=1.115974  err=0.000000  inc=-0.345496  bucket 0->0  (mf=1000)
[MF-SEL] tPrev=(  d=0.016203  dMin=0.000000  dAvg=0.022201  dMax=2.209743  Dlo=0.011101  Dhi=1.115972  err=0.000000  inc=-0.345496  bucket 0->0  (mf=1000)
[MF-SEL] tPrev=(  d=0.017630  dMin=0.000000  dAvg=0.022198  dMax=2.209743  Dlo=0.011099  Dhi=1.115971  err=0.000000  inc=-0.345496  bucket 0->0  (mf=1000)
Dropping frame 1413393293.005760
[MF-SEL] tPrev=(  d=0.032513  dMin=0.000000  dAvg=0.022206  dMax=2.209743  Dlo=0.011103  Dhi=1.115974  err=0.000000  inc=-0.345496  bucket 0->0  (mf=1000)
[MF-SEL] tPrev=(  d=0.014837  dMin=0.000000  dAvg=0.022200  dMax=2.209743  Dlo=0.011100  Dhi=1.115972  err=0.000000  inc=-0.345496  bucket 0->0  (mf=1000)
[MF-SEL] tPrev=(  d=0.017618  dMin=0.000000  dAvg=0.022197  dMax=2.209743  Dlo=0.011098  Dhi=1.115970  err=0.000000  inc=-0.345496  bucket 0->0  (mf=1000)
[MF-SEL] tPrev=(  d=0.019139  dMin=0.000000  dAvg=0.022195  dMax=2.209743  Dlo=0.011097  Dhi=1.115969  err=0.000000  inc=-0.345496  bucket 0->0  (mf=1000)
Dropping frame 1413393293.255760
[MF-SEL] tPrev=(  d=0.056898  dMin=0.000000  dAvg=0.022220  dMax=2.209743  Dlo=0.011110  Dhi=1.115981  err=0.000000  inc=-0.345496  bucket 0->0  (mf=1000)
[MF-SEL] tPrev=(  d=0.019422  dMin=0.000000  dAvg=0.022218  dMax=2.209743  Dlo=0.011109  Dhi=1.115980  err=0.000000  inc=-0.345496  bucket 0->0  (mf=1000)
[MF-SEL] tPrev=(  d=0.019536  dMin=0.000000  dAvg=0.022216  dMax=2.209743  Dlo=0.011108  Dhi=1.115979  err=0.000000  inc=-0.345496  bucket 0->0  (mf=1000)
[MF-SEL] tPrev=(  d=0.019686  dMin=0.000000  dAvg=0.022214  dMax=2.209743  Dlo=0.011107  Dhi=1.115978  err=0.000000  inc=-0.345496  bucket 0->0  (mf=1000)
[MF-SEL] tPrev=(  d=0.047369  dMin=0.000000  dAvg=0.022232  dMax=2.209743  Dlo=0.011116  Dhi=1.115987  err=0.000000  inc=-0.345496  bucket 0->0  (mf=1000)
[MF-SEL] tPrev=(  d=0.018040  dMin=0.000000  dAvg=0.022229  dMax=2.209743  Dlo=0.011114  Dhi=1.115986  err=0.000000  inc=-0.345496  bucket 0->0  (mf=1000)
Dropping frame 1413393293.605761
[MF-SEL] tPrev=(  d=0.039662  dMin=0.000000  dAvg=0.022241  dMax=2.209743  Dlo=0.011121  Dhi=1.115992  err=0.000000  inc=-0.345496  bucket 0->0  (mf=1000)
[MF-SEL] tPrev=(  d=0.019917  dMin=0.000000  dAvg=0.022240  dMax=2.209743  Dlo=0.011120  Dhi=1.115991  err=0.000000  inc=-0.345496  bucket 0->0  (mf=1000)
[MF-SEL] tPrev=(  d=0.020140  dMin=0.000000  dAvg=0.022238  dMax=2.209743  Dlo=0.011119  Dhi=1.115991  err=0.000000  inc=-0.345496  bucket 0->0  (mf=1000)
[MF-SEL] tPrev=(  d=0.021888  dMin=0.000000  dAvg=0.022238  dMax=2.209743  Dlo=0.011119  Dhi=1.115991  err=0.000000  inc=-0.345496  bucket 0->0  (mf=1000)
[MF-SEL] tPrev=(  d=0.021865  dMin=0.000000  dAvg=0.022238  dMax=2.209743  Dlo=0.011119  Dhi=1.115990  err=0.000000  inc=-0.345496  bucket 0->0  (mf=1000)
Dropping frame 1413393293.905761
[MF-SEL] tPrev=(  d=0.044881  dMin=0.000000  dAvg=0.022254  dMax=2.209743  Dlo=0.011127  Dhi=1.115998  err=0.000000  inc=-0.345496  bucket 0->0  (mf=1000)
Dropping frame 1413393294.005760
[MF-SEL] tPrev=(  d=0.057294  dMin=0.000000  dAvg=0.022279  dMax=2.209743  Dlo=0.011139  Dhi=1.116011  err=0.000000  inc=-0.345496  bucket 0->0  (mf=1000)
[MF-SEL] tPrev=(  d=0.024343  dMin=0.000000  dAvg=0.022280  dMax=2.209743  Dlo=0.011140  Dhi=1.116012  err=0.000000  inc=-0.345496  bucket 0->0  (mf=1000)
Dropping frame 1413393294.155760
[MF-SEL] tPrev=(  d=0.051822  dMin=0.000000  dAvg=0.022301  dMax=2.209743  Dlo=0.011151  Dhi=1.116022  err=0.000000  inc=-0.345496  bucket 0->0  (mf=1000)
[MF-SEL] tPrev=(  d=0.027591  dMin=0.000000  dAvg=0.022305  dMax=2.209743  Dlo=0.011153  Dhi=1.116024  err=0.000000  inc=-0.345496  bucket 0->0  (mf=1000)
[MF-SEL] tPrev=(  d=0.028017  dMin=0.000000  dAvg=0.022309  dMax=2.209743  Dlo=0.011155  Dhi=1.116026  err=0.000000  inc=-0.345496  bucket 0->0  (mf=1000)
Dropping frame 1413393294.355760
[MF-SEL] tPrev=(  d=0.055746  dMin=0.000000  dAvg=0.022333  dMax=2.209743  Dlo=0.011167  Dhi=1.116038  err=0.000000  inc=-0.345496  bucket 0->0  (mf=1000)
Dropping frame 1413393294.455760
[MF-SEL] tPrev=(  d=0.064464  dMin=0.000000  dAvg=0.022363  dMax=2.209743  Dlo=0.011182  Dhi=1.116053  err=0.000000  inc=-0.345496  bucket 0->0  (mf=1000)
[MF-SEL] tPrev=(  d=0.030630  dMin=0.000000  dAvg=0.022369  dMax=2.209743  Dlo=0.011184  Dhi=1.116056  err=0.000000  inc=-0.345496  bucket 0->0  (mf=1000)
[MF-SEL] tPrev=(  d=0.031352  dMin=0.000000  dAvg=0.022375  dMax=2.209743  Dlo=0.011188  Dhi=1.116059  err=0.000000  inc=-0.345496  bucket 0->0  (mf=1000)
[MF-SEL] tPrev=(  d=0.031792  dMin=0.000000  dAvg=0.022382  dMax=2.209743  Dlo=0.011191  Dhi=1.116062  err=0.000000  inc=-0.345496  bucket 0->0  (mf=1000)
[MF-SEL] tPrev=(  d=0.030617  dMin=0.000000  dAvg=0.022388  dMax=2.209743  Dlo=0.011194  Dhi=1.116065  err=0.000000  inc=-0.345496  bucket 0->0  (mf=1000)
[MF-SEL] tPrev=(  d=0.032338  dMin=0.000000  dAvg=0.022395  dMax=2.209743  Dlo=0.011197  Dhi=1.116069  err=0.000000  inc=-0.345496  bucket 0->0  (mf=1000)
Dropping frame 1413393294.805761
[MF-SEL] tPrev=(  d=0.064623  dMin=0.000000  dAvg=0.022425  dMax=2.209743  Dlo=0.011212  Dhi=1.116084  err=0.000000  inc=-0.345496  bucket 0->0  (mf=1000)
[MF-SEL] tPrev=(  d=0.030716  dMin=0.000000  dAvg=0.022431  dMax=2.209743  Dlo=0.011215  Dhi=1.116087  err=0.000000  inc=-0.345496  bucket 0->0  (mf=1000)
[MF-SEL] tPrev=(  d=0.030530  dMin=0.000000  dAvg=0.022436  dMax=2.209743  Dlo=0.011218  Dhi=1.116090  err=0.000000  inc=-0.345496  bucket 0->0  (mf=1000)
[MF-SEL] tPrev=(  d=0.029484  dMin=0.000000  dAvg=0.022441  dMax=2.209743  Dlo=0.011221  Dhi=1.116092  err=0.000000  inc=-0.345496  bucket 0->0  (mf=1000)
[MF-SEL] tPrev=(  d=0.028339  dMin=0.000000  dAvg=0.022445  dMax=2.209743  Dlo=0.011223  Dhi=1.116094  err=0.000000  inc=-0.345496  bucket 0->0  (mf=1000)
Dropping frame 1413393295.105761
[MF-SEL] tPrev=(  d=0.060018  dMin=0.000000  dAvg=0.022472  dMax=2.209743  Dlo=0.011236  Dhi=1.116107  err=0.000000  inc=-0.345496  bucket 0->0  (mf=1000)
Dropping frame 1413393295.205760
[MF-SEL] tPrev=(  d=0.055003  dMin=0.000000  dAvg=0.022495  dMax=2.209743  Dlo=0.011247  Dhi=1.116119  err=0.000000  inc=-0.345496  bucket 0->0  (mf=1000)
[MF-SEL] tPrev=(  d=0.028782  dMin=0.000000  dAvg=0.022499  dMax=2.209743  Dlo=0.011250  Dhi=1.116121  err=0.000000  inc=-0.345496  bucket 0->0  (mf=1000)
[MF-SEL] tPrev=(  d=0.028926  dMin=0.000000  dAvg=0.022504  dMax=2.209743  Dlo=0.011252  Dhi=1.116123  err=0.000000  inc=-0.345496  bucket 0->0  (mf=1000)
[MF-SEL] tPrev=(  d=0.029206  dMin=0.000000  dAvg=0.022509  dMax=2.209743  Dlo=0.011254  Dhi=1.116126  err=0.000000  inc=-0.345496  bucket 0->0  (mf=1000)
[MF-SEL] tPrev=(  d=0.026664  dMin=0.000000  dAvg=0.022511  dMax=2.209743  Dlo=0.011256  Dhi=1.116127  err=0.000000  inc=-0.345496  bucket 0->0  (mf=1000)
[MF-SEL] tPrev=(  d=0.026933  dMin=0.000000  dAvg=0.022515  dMax=2.209743  Dlo=0.011257  Dhi=1.116129  err=0.000000  inc=-0.345496  bucket 0->0  (mf=1000)
[MF-SEL] tPrev=(  d=0.025615  dMin=0.000000  dAvg=0.022517  dMax=2.209743  Dlo=0.011258  Dhi=1.116130  err=0.000000  inc=-0.345496  bucket 0->0  (mf=1000)
[MF-SEL] tPrev=(  d=0.024563  dMin=0.000000  dAvg=0.022518  dMax=2.209743  Dlo=0.011259  Dhi=1.116131  err=0.000000  inc=-0.345496  bucket 0->0  (mf=1000)
[MF-SEL] tPrev=(  d=0.035846  dMin=0.000000  dAvg=0.022528  dMax=2.209743  Dlo=0.011264  Dhi=1.116135  err=0.000000  inc=-0.345496  bucket 0->0  (mf=1000)
[MF-SEL] tPrev=(  d=0.022586  dMin=0.000000  dAvg=0.022528  dMax=2.209743  Dlo=0.011264  Dhi=1.116135  err=0.000000  inc=-0.345496  bucket 0->0  (mf=1000)
Dropping frame 1413393295.755760
[MF-SEL] tPrev=(  d=0.040912  dMin=0.000000  dAvg=0.022540  dMax=2.209743  Dlo=0.011270  Dhi=1.116142  err=0.000000  inc=-0.345496  bucket 0->0  (mf=1000)
[MF-SEL] tPrev=(  d=0.018607  dMin=0.000000  dAvg=0.022538  dMax=2.209743  Dlo=0.011269  Dhi=1.116140  err=0.000000  inc=-0.345496  bucket 0->0  (mf=1000)
[MF-SEL] tPrev=(  d=0.017312  dMin=0.000000  dAvg=0.022534  dMax=2.209743  Dlo=0.011267  Dhi=1.116139  err=0.000000  inc=-0.345496  bucket 0->0  (mf=1000)
[MF-SEL] tPrev=(  d=0.017142  dMin=0.000000  dAvg=0.022530  dMax=2.209743  Dlo=0.011265  Dhi=1.116137  err=0.000000  inc=-0.345496  bucket 0->0  (mf=1000)
[MF-SEL] tPrev=(  d=0.019873  dMin=0.000000  dAvg=0.022528  dMax=2.209743  Dlo=0.011264  Dhi=1.116136  err=0.000000  inc=-0.345496  bucket 0->0  (mf=1000)
[MF-SEL] tPrev=(  d=0.017134  dMin=0.000000  dAvg=0.022525  dMax=2.209743  Dlo=0.011262  Dhi=1.116134  err=0.000000  inc=-0.345496  bucket 0->0  (mf=1000)
[MF-SEL] tPrev=(  d=0.017739  dMin=0.000000  dAvg=0.022521  dMax=2.209743  Dlo=0.011261  Dhi=1.116132  err=0.000000  inc=-0.345496  bucket 0->0  (mf=1000)
[MF-SEL] tPrev=(  d=0.024918  dMin=0.000000  dAvg=0.022523  dMax=2.209743  Dlo=0.011261  Dhi=1.116133  err=0.000000  inc=-0.345496  bucket 0->0  (mf=1000)
[MF-SEL] tPrev=(  d=0.020279  dMin=0.000000  dAvg=0.022521  dMax=2.209743  Dlo=0.011261  Dhi=1.116132  err=0.000000  inc=-0.345496  bucket 0->0  (mf=1000)
[MF-SEL] tPrev=(  d=0.021480  dMin=0.000000  dAvg=0.022521  dMax=2.209743  Dlo=0.011260  Dhi=1.116132  err=0.000000  inc=-0.345496  bucket 0->0  (mf=1000)
Dropping frame 1413393296.305761
[MF-SEL] tPrev=(  d=0.043953  dMin=0.000000  dAvg=0.022536  dMax=2.209743  Dlo=0.011268  Dhi=1.116139  err=0.000000  inc=-0.345496  bucket 0->0  (mf=1000)
[MF-SEL] tPrev=(  d=0.023091  dMin=0.000000  dAvg=0.022536  dMax=2.209743  Dlo=0.011268  Dhi=1.116139  err=0.000000  inc=-0.345496  bucket 0->0  (mf=1000)
Dropping frame 1413393296.455760
[MF-SEL] tPrev=(  d=0.045559  dMin=0.000000  dAvg=0.022552  dMax=2.209743  Dlo=0.011276  Dhi=1.116147  err=0.000000  inc=-0.345496  bucket 0->0  (mf=1000)
[MF-SEL] tPrev=(  d=0.031797  dMin=0.000000  dAvg=0.022558  dMax=2.209743  Dlo=0.011279  Dhi=1.116151  err=0.000000  inc=-0.345496  bucket 0->0  (mf=1000)
[MF-SEL] tPrev=(  d=0.025090  dMin=0.000000  dAvg=0.022560  dMax=2.209743  Dlo=0.011280  Dhi=1.116152  err=0.000000  inc=-0.345496  bucket 0->0  (mf=1000)
Dropping frame 1413393296.655760
[MF-SEL] tPrev=(  d=0.050131  dMin=0.000000  dAvg=0.022579  dMax=2.209743  Dlo=0.011290  Dhi=1.116161  err=0.000000  inc=-0.345496  bucket 0->0  (mf=1000)
[MF-SEL] tPrev=(  d=0.025084  dMin=0.000000  dAvg=0.022581  dMax=2.209743  Dlo=0.011290  Dhi=1.116162  err=0.000000  inc=-0.345496  bucket 0->0  (mf=1000)
Dropping frame 1413393296.805761
[MF-SEL] tPrev=(  d=0.049171  dMin=0.000000  dAvg=0.022599  dMax=2.209743  Dlo=0.011300  Dhi=1.116171  err=0.000000  inc=-0.345496  bucket 0->0  (mf=1000)
Dropping frame 1413393296.905761
[MF-SEL] tPrev=(  d=0.074598  dMin=0.000000  dAvg=0.022635  dMax=2.209743  Dlo=0.011318  Dhi=1.116189  err=0.000000  inc=-0.345496  bucket 0->0  (mf=1000)
[MF-SEL] tPrev=(  d=0.023334  dMin=0.000000  dAvg=0.022636  dMax=2.209743  Dlo=0.011318  Dhi=1.116189  err=0.000000  inc=-0.345496  bucket 0->0  (mf=1000)
[MF-SEL] tPrev=(  d=0.021212  dMin=0.000000  dAvg=0.022635  dMax=2.209743  Dlo=0.011317  Dhi=1.116189  err=0.000000  inc=-0.345496  bucket 0->0  (mf=1000)
[MF-SEL] tPrev=(  d=0.020564  dMin=0.000000  dAvg=0.022633  dMax=2.209743  Dlo=0.011317  Dhi=1.116188  err=0.000000  inc=-0.345496  bucket 0->0  (mf=1000)
[MF-SEL] tPrev=(  d=0.020423  dMin=0.000000  dAvg=0.022632  dMax=2.209743  Dlo=0.011316  Dhi=1.116187  err=0.000000  inc=-0.345496  bucket 0->0  (mf=1000)
[MF-SEL] tPrev=(  d=0.019914  dMin=0.000000  dAvg=0.022630  dMax=2.209743  Dlo=0.011315  Dhi=1.116186  err=0.000000  inc=-0.345496  bucket 0->0  (mf=1000)
Dropping frame 1413393297.255760
[MF-SEL] tPrev=(  d=0.055454  dMin=0.000000  dAvg=0.022653  dMax=2.209743  Dlo=0.011326  Dhi=1.116198  err=0.000000  inc=-0.345496  bucket 0->0  (mf=1000)
[MF-SEL] tPrev=(  d=0.019360  dMin=0.000000  dAvg=0.022650  dMax=2.209743  Dlo=0.011325  Dhi=1.116197  err=0.000000  inc=-0.345496  bucket 0->0  (mf=1000)
[MF-SEL] tPrev=(  d=0.018516  dMin=0.000000  dAvg=0.022647  dMax=2.209743  Dlo=0.011324  Dhi=1.116195  err=0.000000  inc=-0.345496  bucket 0->0  (mf=1000)
[MF-SEL] tPrev=(  d=0.018067  dMin=0.000000  dAvg=0.022644  dMax=2.209743  Dlo=0.011322  Dhi=1.116194  err=0.000000  inc=-0.345496  bucket 0->0  (mf=1000)
Dropping frame 1413393297.505760
[MF-SEL] tPrev=(  d=0.034245  dMin=0.000000  dAvg=0.022652  dMax=2.209743  Dlo=0.011326  Dhi=1.116198  err=0.000000  inc=-0.345496  bucket 0->0  (mf=1000)
[MF-SEL] tPrev=(  d=0.015750  dMin=0.000000  dAvg=0.022648  dMax=2.209743  Dlo=0.011324  Dhi=1.116195  err=0.000000  inc=-0.345496  bucket 0->0  (mf=1000)
[MF-SEL] tPrev=(  d=0.017374  dMin=0.000000  dAvg=0.022644  dMax=2.209743  Dlo=0.011322  Dhi=1.116193  err=0.000000  inc=-0.345496  bucket 0->0  (mf=1000)
[MF-SEL] tPrev=(  d=0.016407  dMin=0.000000  dAvg=0.022640  dMax=2.209743  Dlo=0.011320  Dhi=1.116191  err=0.000000  inc=-0.345496  bucket 0->0  (mf=1000)
[MF-SEL] tPrev=(  d=0.018356  dMin=0.000000  dAvg=0.022637  dMax=2.209743  Dlo=0.011318  Dhi=1.116190  err=0.000000  inc=-0.345496  bucket 0->0  (mf=1000)
Dropping frame 1413393297.805761
[MF-SEL] tPrev=(  d=0.032692  dMin=0.000000  dAvg=0.022644  dMax=2.209743  Dlo=0.011322  Dhi=1.116193  err=0.000000  inc=-0.345496  bucket 0->0  (mf=1000)
[MF-SEL] tPrev=(  d=0.015641  dMin=0.000000  dAvg=0.022639  dMax=2.209743  Dlo=0.011319  Dhi=1.116191  err=0.000000  inc=-0.345496  bucket 0->0  (mf=1000)
[MF-SEL] tPrev=(  d=0.014992  dMin=0.000000  dAvg=0.022634  dMax=2.209743  Dlo=0.011317  Dhi=1.116188  err=0.000000  inc=-0.345496  bucket 0->0  (mf=1000)
[MF-SEL] tPrev=(  d=0.014122  dMin=0.000000  dAvg=0.022628  dMax=2.209743  Dlo=0.011314  Dhi=1.116185  err=0.000000  inc=-0.345496  bucket 0->0  (mf=1000)
Dropping frame 1413393298.055760
[MF-SEL] tPrev=(  d=0.028572  dMin=0.000000  dAvg=0.022632  dMax=2.209743  Dlo=0.011316  Dhi=1.116187  err=0.000000  inc=-0.345496  bucket 0->0  (mf=1000)
[MF-SEL] tPrev=(  d=0.014937  dMin=0.000000  dAvg=0.022627  dMax=2.209743  Dlo=0.011313  Dhi=1.116185  err=0.000000  inc=-0.345496  bucket 0->0  (mf=1000)
Dropping frame 1413393298.205760
[MF-SEL] tPrev=(  d=0.032566  dMin=0.000000  dAvg=0.022633  dMax=2.209743  Dlo=0.011317  Dhi=1.116188  err=0.000000  inc=-0.345496  bucket 0->0  (mf=1000)
[MF-SEL] tPrev=(  d=0.010275  dMin=0.000000  dAvg=0.022625  dMax=2.209743  Dlo=0.011312  Dhi=1.116184  err=-1.000000  inc=-1.299401  bucket 0->0  (mf=1000)
[MF-SEL] tPrev=(  d=0.021276  dMin=0.000000  dAvg=0.022624  dMax=2.209743  Dlo=0.011312  Dhi=1.116184  err=0.000000  inc=-0.034725  bucket 0->0  (mf=1000)
[MF-SEL] tPrev=(  d=0.017714  dMin=0.000000  dAvg=0.022621  dMax=2.209743  Dlo=0.011310  Dhi=1.116182  err=0.000000  inc=-0.347771  bucket 0->0  (mf=1000)
[MF-SEL] tPrev=(  d=0.018155  dMin=0.000000  dAvg=0.022618  dMax=2.209743  Dlo=0.011309  Dhi=1.116180  err=0.000000  inc=-0.347771  bucket 0->0  (mf=1000)
Dropping frame 1413393298.505760
[MF-SEL] tPrev=(  d=0.037450  dMin=0.000000  dAvg=0.022628  dMax=2.209743  Dlo=0.011314  Dhi=1.116185  err=0.000000  inc=-0.347771  bucket 0->0  (mf=1000)
[MF-SEL] tPrev=(  d=0.019409  dMin=0.000000  dAvg=0.022626  dMax=2.209743  Dlo=0.011313  Dhi=1.116184  err=0.000000  inc=-0.347771  bucket 0->0  (mf=1000)
[MF-SEL] tPrev=(  d=0.019298  dMin=0.000000  dAvg=0.022623  dMax=2.209743  Dlo=0.011312  Dhi=1.116183  err=0.000000  inc=-0.347771  bucket 0->0  (mf=1000)
Dropping frame 1413393298.705760
[MF-SEL] tPrev=(  d=0.034531  dMin=0.000000  dAvg=0.022631  dMax=2.209743  Dlo=0.011316  Dhi=1.116187  err=0.000000  inc=-0.347771  bucket 0->0  (mf=1000)
[MF-SEL] tPrev=(  d=0.021605  dMin=0.000000  dAvg=0.022631  dMax=2.209743  Dlo=0.011315  Dhi=1.116187  err=0.000000  inc=-0.347771  bucket 0->0  (mf=1000)
[MF-SEL] tPrev=(  d=0.020861  dMin=0.000000  dAvg=0.022629  dMax=2.209743  Dlo=0.011315  Dhi=1.116186  err=0.000000  inc=-0.347771  bucket 0->0  (mf=1000)
[MF-SEL] tPrev=(  d=0.020968  dMin=0.000000  dAvg=0.022628  dMax=2.209743  Dlo=0.011314  Dhi=1.116186  err=0.000000  inc=-0.347771  bucket 0->0  (mf=1000)
Dropping frame 1413393298.955760
[MF-SEL] tPrev=(  d=0.043198  dMin=0.000000  dAvg=0.022642  dMax=2.209743  Dlo=0.011321  Dhi=1.116193  err=0.000000  inc=-0.347771  bucket 0->0  (mf=1000)
[MF-SEL] tPrev=(  d=0.021084  dMin=0.000000  dAvg=0.022641  dMax=2.209743  Dlo=0.011321  Dhi=1.116192  err=0.000000  inc=-0.347771  bucket 0->0  (mf=1000)
[MF-SEL] tPrev=(  d=0.021817  dMin=0.000000  dAvg=0.022641  dMax=2.209743  Dlo=0.011320  Dhi=1.116192  err=0.000000  inc=-0.347771  bucket 0->0  (mf=1000)
[MF-SEL] tPrev=(  d=0.020989  dMin=0.000000  dAvg=0.022639  dMax=2.209743  Dlo=0.011320  Dhi=1.116191  err=0.000000  inc=-0.347771  bucket 0->0  (mf=1000)
[MF-SEL] tPrev=(  d=0.020701  dMin=0.000000  dAvg=0.022638  dMax=2.209743  Dlo=0.011319  Dhi=1.116191  err=0.000000  inc=-0.347771  bucket 0->0  (mf=1000)
[MF-SEL] tPrev=(  d=0.021332  dMin=0.000000  dAvg=0.022637  dMax=2.209743  Dlo=0.011319  Dhi=1.116190  err=0.000000  inc=-0.347771  bucket 0->0  (mf=1000)
Dropping frame 1413393299.305761
[MF-SEL] tPrev=(  d=0.042974  dMin=0.000000  dAvg=0.022651  dMax=2.209743  Dlo=0.011325  Dhi=1.116197  err=0.000000  inc=-0.347771  bucket 0->0  (mf=1000)
[MF-SEL] tPrev=(  d=0.019842  dMin=0.000000  dAvg=0.022649  dMax=2.209743  Dlo=0.011325  Dhi=1.116196  err=0.000000  inc=-0.347771  bucket 0->0  (mf=1000)
[MF-SEL] tPrev=(  d=0.018564  dMin=0.000000  dAvg=0.022646  dMax=2.209743  Dlo=0.011323  Dhi=1.116195  err=0.000000  inc=-0.347771  bucket 0->0  (mf=1000)
[MF-SEL] tPrev=(  d=0.017363  dMin=0.000000  dAvg=0.022643  dMax=2.209743  Dlo=0.011321  Dhi=1.116193  err=0.000000  inc=-0.347771  bucket 0->0  (mf=1000)
[MF-SEL] tPrev=(  d=0.016391  dMin=0.000000  dAvg=0.022639  dMax=2.209743  Dlo=0.011319  Dhi=1.116191  err=0.000000  inc=-0.347771  bucket 0->0  (mf=1000)
Dropping frame 1413393299.605761
[MF-SEL] tPrev=(  d=0.029701  dMin=0.000000  dAvg=0.022643  dMax=2.209743  Dlo=0.011322  Dhi=1.116193  err=0.000000  inc=-0.347771  bucket 0->0  (mf=1000)
[MF-SEL] tPrev=(  d=0.037403  dMin=0.000000  dAvg=0.022653  dMax=2.209743  Dlo=0.011327  Dhi=1.116198  err=0.000000  inc=-0.347771  bucket 0->0  (mf=1000)
[MF-SEL] tPrev=(  d=0.010829  dMin=0.000000  dAvg=0.022645  dMax=2.209743  Dlo=0.011323  Dhi=1.116194  err=-1.000000  inc=-1.287010  bucket 0->0  (mf=1000)
[MF-SEL] tPrev=(  d=0.009948  dMin=0.000000  dAvg=0.022637  dMax=2.209743  Dlo=0.011318  Dhi=1.116190  err=-1.000000  inc=-0.952614  bucket 0->0  (mf=1000)
Dropping frame 1413393299.855760
[MF-SEL] tPrev=(  d=0.014593  dMin=0.000000  dAvg=0.022631  dMax=2.209743  Dlo=0.011316  Dhi=1.116187  err=0.000000  inc=-0.184824  bucket 0->0  (mf=1000)
[MF-SEL] tPrev=(  d=0.006773  dMin=0.000000  dAvg=0.022621  dMax=2.209743  Dlo=0.011310  Dhi=1.116182  err=-1.000000  inc=-1.298203  bucket 0->0  (mf=1000)
[MF-SEL] tPrev=(  d=0.007377  dMin=0.000000  dAvg=0.022611  dMax=2.209743  Dlo=0.011305  Dhi=1.116177  err=-1.000000  inc=-0.957382  bucket 0->0  (mf=1000)
[MF-SEL] tPrev=(  d=0.008823  dMin=0.000000  dAvg=0.022601  dMax=2.209743  Dlo=0.011301  Dhi=1.116172  err=-1.000000  inc=-0.959665  bucket 0->0  (mf=1000)
[MF-SEL] tPrev=(  d=0.009598  dMin=0.000000  dAvg=0.022593  dMax=2.209743  Dlo=0.011296  Dhi=1.116168  err=-1.000000  inc=-0.962016  bucket 0->0  (mf=1000)
Dropping frame 1413393300.155760
[MF-SEL] tPrev=(  d=0.022401  dMin=0.000000  dAvg=0.022593  dMax=2.209743  Dlo=0.011296  Dhi=1.116168  err=0.000000  inc=-0.195669  bucket 0->0  (mf=1000)
[MF-SEL] tPrev=(  d=0.005145  dMin=0.000000  dAvg=0.022581  dMax=2.209743  Dlo=0.011291  Dhi=1.116162  err=-1.000000  inc=-1.368141  bucket 0->0  (mf=1000)
Dropping frame 1413393300.305761
[MF-SEL] tPrev=(  d=0.031226  dMin=0.000000  dAvg=0.022587  dMax=2.209743  Dlo=0.011293  Dhi=1.116165  err=0.000000  inc=-0.214794  bucket 0->0  (mf=1000)
[MF-SEL] tPrev=(  d=0.015259  dMin=0.000000  dAvg=0.022582  dMax=2.209743  Dlo=0.011291  Dhi=1.116162  err=0.000000  inc=-0.363995  bucket 0->0  (mf=1000)
[MF-SEL] tPrev=(  d=0.014623  dMin=0.000000  dAvg=0.022577  dMax=2.209743  Dlo=0.011288  Dhi=1.116160  err=0.000000  inc=-0.363995  bucket 0->0  (mf=1000)
[MF-SEL] tPrev=(  d=0.013572  dMin=0.000000  dAvg=0.022571  dMax=2.209743  Dlo=0.011285  Dhi=1.116157  err=0.000000  inc=-0.363995  bucket 0->0  (mf=1000)
Dropping frame 1413393300.555760
[MF-SEL] tPrev=(  d=0.022705  dMin=0.000000  dAvg=0.022571  dMax=2.209743  Dlo=0.011285  Dhi=1.116157  err=0.000000  inc=-0.363995  bucket 0->0  (mf=1000)
Dropping frame 1413393300.655760
[MF-SEL] tPrev=(  d=0.021292  dMin=0.000000  dAvg=0.022570  dMax=2.209743  Dlo=0.011285  Dhi=1.116156  err=0.000000  inc=-0.363995  bucket 0->0  (mf=1000)
[MF-SEL] tPrev=(  d=0.009153  dMin=0.000000  dAvg=0.022561  dMax=2.209743  Dlo=0.011280  Dhi=1.116152  err=-1.000000  inc=-1.270958  bucket 0->0  (mf=1000)
[MF-SEL] tPrev=(  d=0.005723  dMin=0.000000  dAvg=0.022550  dMax=2.209743  Dlo=0.011275  Dhi=1.116146  err=-1.000000  inc=-0.968821  bucket 0->0  (mf=1000)
Dropping frame 1413393300.855760
[MF-SEL] tPrev=(  d=0.011979  dMin=0.000000  dAvg=0.022543  dMax=2.209743  Dlo=0.011271  Dhi=1.116143  err=0.000000  inc=-0.208633  bucket 0->0  (mf=1000)
[MF-SEL] tPrev=(  d=0.006240  dMin=0.000000  dAvg=0.022532  dMax=2.209743  Dlo=0.011266  Dhi=1.116138  err=-1.000000  inc=-1.286438  bucket 0->0  (mf=1000)
Dropping frame 1413393301.005760
[MF-SEL] tPrev=(  d=0.015438  dMin=0.000000  dAvg=0.022527  dMax=2.209743  Dlo=0.011264  Dhi=1.116135  err=0.000000  inc=-0.205060  bucket 0->0  (mf=1000)
[MF-SEL] tPrev=(  d=0.020775  dMin=0.000000  dAvg=0.022526  dMax=2.209743  Dlo=0.011263  Dhi=1.116135  err=0.000000  inc=-0.371360  bucket 0->0  (mf=1000)
Dropping frame 1413393301.155760
[MF-SEL] tPrev=(  d=0.021992  dMin=0.000000  dAvg=0.022526  dMax=2.209743  Dlo=0.011263  Dhi=1.116134  err=0.000000  inc=-0.371360  bucket 0->0  (mf=1000)
[MF-SEL] tPrev=(  d=0.023386  dMin=0.000000  dAvg=0.022526  dMax=2.209743  Dlo=0.011263  Dhi=1.116135  err=0.000000  inc=-0.371360  bucket 0->0  (mf=1000)
[MF-SEL] tPrev=(  d=0.014619  dMin=0.000000  dAvg=0.022521  dMax=2.209743  Dlo=0.011261  Dhi=1.116132  err=0.000000  inc=-0.371360  bucket 0->0  (mf=1000)
Dropping frame 1413393301.355760
[MF-SEL] tPrev=(  d=0.031588  dMin=0.000000  dAvg=0.022527  dMax=2.209743  Dlo=0.011264  Dhi=1.116135  err=0.000000  inc=-0.371360  bucket 0->0  (mf=1000)
[MF-SEL] tPrev=(  d=0.014049  dMin=0.000000  dAvg=0.022522  dMax=2.209743  Dlo=0.011261  Dhi=1.116132  err=0.000000  inc=-0.371360  bucket 0->0  (mf=1000)
Dropping frame 1413393301.505760
[MF-SEL] tPrev=(  d=0.024422  dMin=0.000000  dAvg=0.022523  dMax=2.209743  Dlo=0.011261  Dhi=1.116133  err=0.000000  inc=-0.371360  bucket 0->0  (mf=1000)
[MF-SEL] tPrev=(  d=0.015197  dMin=0.000000  dAvg=0.022518  dMax=2.209743  Dlo=0.011259  Dhi=1.116131  err=0.000000  inc=-0.371360  bucket 0->0  (mf=1000)
[MF-SEL] tPrev=(  d=0.014906  dMin=0.000000  dAvg=0.022513  dMax=2.209743  Dlo=0.011256  Dhi=1.116128  err=0.000000  inc=-0.371360  bucket 0->0  (mf=1000)
[MF-SEL] tPrev=(  d=0.014627  dMin=0.000000  dAvg=0.022508  dMax=2.209743  Dlo=0.011254  Dhi=1.116125  err=0.000000  inc=-0.371360  bucket 0->0  (mf=1000)
[MF-SEL] tPrev=(  d=0.021321  dMin=0.000000  dAvg=0.022507  dMax=2.209743  Dlo=0.011254  Dhi=1.116125  err=0.000000  inc=-0.371360  bucket 0->0  (mf=1000)
[MF-SEL] tPrev=(  d=0.014927  dMin=0.000000  dAvg=0.022502  dMax=2.209743  Dlo=0.011251  Dhi=1.116123  err=0.000000  inc=-0.371360  bucket 0->0  (mf=1000)
[MF-SEL] tPrev=(  d=0.014874  dMin=0.000000  dAvg=0.022497  dMax=2.209743  Dlo=0.011249  Dhi=1.116120  err=0.000000  inc=-0.371360  bucket 0->0  (mf=1000)
Dropping frame 1413393301.905761
[MF-SEL] tPrev=(  d=0.025328  dMin=0.000000  dAvg=0.022499  dMax=2.209743  Dlo=0.011249  Dhi=1.116121  err=0.000000  inc=-0.371360  bucket 0->0  (mf=1000)
Dropping frame 1413393302.005760
[MF-SEL] tPrev=(  d=0.028836  dMin=0.000000  dAvg=0.022503  dMax=2.209743  Dlo=0.011252  Dhi=1.116123  err=0.000000  inc=-0.371360  bucket 0->0  (mf=1000)
Dropping frame 1413393302.105761
[MF-SEL] tPrev=(  d=0.035673  dMin=0.000000  dAvg=0.022512  dMax=2.209743  Dlo=0.011256  Dhi=1.116127  err=0.000000  inc=-0.371360  bucket 0->0  (mf=1000)
Dropping frame 1413393302.205760
[MF-SEL] tPrev=(  d=0.034315  dMin=0.000000  dAvg=0.022519  dMax=2.209743  Dlo=0.011260  Dhi=1.116131  err=0.000000  inc=-0.371360  bucket 0->0  (mf=1000)
[MF-SEL] tPrev=(  d=0.018535  dMin=0.000000  dAvg=0.022517  dMax=2.209743  Dlo=0.011258  Dhi=1.116130  err=0.000000  inc=-0.371360  bucket 0->0  (mf=1000)
Dropping frame 1413393302.355760
[MF-SEL] tPrev=(  d=0.043712  dMin=0.000000  dAvg=0.022531  dMax=2.209743  Dlo=0.011265  Dhi=1.116137  err=0.000000  inc=-0.371360  bucket 0->0  (mf=1000)
[MF-SEL] tPrev=(  d=0.020193  dMin=0.000000  dAvg=0.022529  dMax=2.209743  Dlo=0.011265  Dhi=1.116136  err=0.000000  inc=-0.371360  bucket 0->0  (mf=1000)
[MF-SEL] tPrev=(  d=0.020525  dMin=0.000000  dAvg=0.022528  dMax=2.209743  Dlo=0.011264  Dhi=1.116135  err=0.000000  inc=-0.371360  bucket 0->0  (mf=1000)
Dropping frame 1413393302.555760
[MF-SEL] tPrev=(  d=0.043773  dMin=0.000000  dAvg=0.022542  dMax=2.209743  Dlo=0.011271  Dhi=1.116142  err=0.000000  inc=-0.371360  bucket 0->0  (mf=1000)
[MF-SEL] tPrev=(  d=0.019947  dMin=0.000000  dAvg=0.022540  dMax=2.209743  Dlo=0.011270  Dhi=1.116141  err=0.000000  inc=-0.371360  bucket 0->0  (mf=1000)
[MF-SEL] tPrev=(  d=0.019170  dMin=0.000000  dAvg=0.022538  dMax=2.209743  Dlo=0.011269  Dhi=1.116140  err=0.000000  inc=-0.371360  bucket 0->0  (mf=1000)
[MF-SEL] tPrev=(  d=0.019075  dMin=0.000000  dAvg=0.022536  dMax=2.209743  Dlo=0.011268  Dhi=1.116139  err=0.000000  inc=-0.371360  bucket 0->0  (mf=1000)
[MF-SEL] tPrev=(  d=0.018041  dMin=0.000000  dAvg=0.022533  dMax=2.209743  Dlo=0.011266  Dhi=1.116138  err=0.000000  inc=-0.371360  bucket 0->0  (mf=1000)
[MF-SEL] tPrev=(  d=0.017967  dMin=0.000000  dAvg=0.022530  dMax=2.209743  Dlo=0.011265  Dhi=1.116136  err=0.000000  inc=-0.371360  bucket 0->0  (mf=1000)
Dropping frame 1413393302.905761
[MF-SEL] tPrev=(  d=0.030168  dMin=0.000000  dAvg=0.022535  dMax=2.209743  Dlo=0.011267  Dhi=1.116139  err=0.000000  inc=-0.371360  bucket 0->0  (mf=1000)
[MF-SEL] tPrev=(  d=0.015960  dMin=0.000000  dAvg=0.022530  dMax=2.209743  Dlo=0.011265  Dhi=1.116137  err=0.000000  inc=-0.371360  bucket 0->0  (mf=1000)
[MF-SEL] tPrev=(  d=0.015252  dMin=0.000000  dAvg=0.022526  dMax=2.209743  Dlo=0.011263  Dhi=1.116134  err=0.000000  inc=-0.371360  bucket 0->0  (mf=1000)
Dropping frame 1413393303.105761
[MF-SEL] tPrev=(  d=0.034965  dMin=0.000000  dAvg=0.022534  dMax=2.209743  Dlo=0.011267  Dhi=1.116138  err=0.000000  inc=-0.371360  bucket 0->0  (mf=1000)
[MF-SEL] tPrev=(  d=0.015992  dMin=0.000000  dAvg=0.022529  dMax=2.209743  Dlo=0.011265  Dhi=1.116136  err=0.000000  inc=-0.371360  bucket 0->0  (mf=1000)
[MF-SEL] tPrev=(  d=0.014945  dMin=0.000000  dAvg=0.022525  dMax=2.209743  Dlo=0.011262  Dhi=1.116134  err=0.000000  inc=-0.371360  bucket 0->0  (mf=1000)
Dropping frame 1413393303.305761
[MF-SEL] tPrev=(  d=0.024015  dMin=0.000000  dAvg=0.022525  dMax=2.209743  Dlo=0.011263  Dhi=1.116134  err=0.000000  inc=-0.371360  bucket 0->0  (mf=1000)
[MF-SEL] tPrev=(  d=0.013924  dMin=0.000000  dAvg=0.022520  dMax=2.209743  Dlo=0.011260  Dhi=1.116131  err=0.000000  inc=-0.371360  bucket 0->0  (mf=1000)
[MF-SEL] tPrev=(  d=0.015757  dMin=0.000000  dAvg=0.022516  dMax=2.209743  Dlo=0.011258  Dhi=1.116129  err=0.000000  inc=-0.371360  bucket 0->0  (mf=1000)
Dropping frame 1413393303.505760
[MF-SEL] tPrev=(  d=0.035871  dMin=0.000000  dAvg=0.022524  dMax=2.209743  Dlo=0.011262  Dhi=1.116134  err=0.000000  inc=-0.371360  bucket 0->0  (mf=1000)
Dropping frame 1413393303.605761
[MF-SEL] tPrev=(  d=0.036447  dMin=0.000000  dAvg=0.022533  dMax=2.209743  Dlo=0.011267  Dhi=1.116138  err=0.000000  inc=-0.371360  bucket 0->0  (mf=1000)
[MF-SEL] tPrev=(  d=0.018766  dMin=0.000000  dAvg=0.022531  dMax=2.209743  Dlo=0.011265  Dhi=1.116137  err=0.000000  inc=-0.371360  bucket 0->0  (mf=1000)
[MF-SEL] tPrev=(  d=0.019326  dMin=0.000000  dAvg=0.022529  dMax=2.209743  Dlo=0.011264  Dhi=1.116136  err=0.000000  inc=-0.371360  bucket 0->0  (mf=1000)
[MF-SEL] tPrev=(  d=0.020005  dMin=0.000000  dAvg=0.022527  dMax=2.209743  Dlo=0.011264  Dhi=1.116135  err=0.000000  inc=-0.371360  bucket 0->0  (mf=1000)
[MF-SEL] tPrev=(  d=0.020728  dMin=0.000000  dAvg=0.022526  dMax=2.209743  Dlo=0.011263  Dhi=1.116134  err=0.000000  inc=-0.371360  bucket 0->0  (mf=1000)
[MF-SEL] tPrev=(  d=0.027409  dMin=0.000000  dAvg=0.022529  dMax=2.209743  Dlo=0.011265  Dhi=1.116136  err=0.000000  inc=-0.371360  bucket 0->0  (mf=1000)
[MF-SEL] tPrev=(  d=0.020595  dMin=0.000000  dAvg=0.022528  dMax=2.209743  Dlo=0.011264  Dhi=1.116135  err=0.000000  inc=-0.371360  bucket 0->0  (mf=1000)
[MF-SEL] tPrev=(  d=0.018707  dMin=0.000000  dAvg=0.022525  dMax=2.209743  Dlo=0.011263  Dhi=1.116134  err=0.000000  inc=-0.371360  bucket 0->0  (mf=1000)
[MF-SEL] tPrev=(  d=0.016369  dMin=0.000000  dAvg=0.022521  dMax=2.209743  Dlo=0.011261  Dhi=1.116132  err=0.000000  inc=-0.371360  bucket 0->0  (mf=1000)
Dropping frame 1413393304.105761
[MF-SEL] tPrev=(  d=0.023810  dMin=0.000000  dAvg=0.022522  dMax=2.209743  Dlo=0.011261  Dhi=1.116133  err=0.000000  inc=-0.371360  bucket 0->0  (mf=1000)
[MF-SEL] tPrev=(  d=0.009804  dMin=0.000000  dAvg=0.022514  dMax=2.209743  Dlo=0.011257  Dhi=1.116129  err=-1.000000  inc=-1.331739  bucket 0->0  (mf=1000)
[MF-SEL] tPrev=(  d=0.009820  dMin=0.000000  dAvg=0.022506  dMax=2.209743  Dlo=0.011253  Dhi=1.116124  err=-1.000000  inc=-0.975913  bucket 0->0  (mf=1000)
Dropping frame 1413393304.305761
[MF-SEL] tPrev=(  d=0.024917  dMin=0.000000  dAvg=0.022507  dMax=2.209743  Dlo=0.011254  Dhi=1.116125  err=0.000000  inc=-0.203897  bucket 0->0  (mf=1000)
Dropping frame 1413393304.405761
[MF-SEL] tPrev=(  d=0.022736  dMin=0.000000  dAvg=0.022508  dMax=2.209743  Dlo=0.011254  Dhi=1.116125  err=0.000000  inc=-0.375913  bucket 0->0  (mf=1000)
[MF-SEL] tPrev=(  d=0.012260  dMin=0.000000  dAvg=0.022501  dMax=2.209743  Dlo=0.011251  Dhi=1.116122  err=0.000000  inc=-0.375913  bucket 0->0  (mf=1000)
[MF-SEL] tPrev=(  d=0.013259  dMin=0.000000  dAvg=0.022495  dMax=2.209743  Dlo=0.011248  Dhi=1.116119  err=0.000000  inc=-0.375913  bucket 0->0  (mf=1000)
[MF-SEL] tPrev=(  d=0.013429  dMin=0.000000  dAvg=0.022489  dMax=2.209743  Dlo=0.011245  Dhi=1.116116  err=0.000000  inc=-0.375913  bucket 0->0  (mf=1000)
[MF-SEL] tPrev=(  d=0.013902  dMin=0.000000  dAvg=0.022484  dMax=2.209743  Dlo=0.011242  Dhi=1.116113  err=0.000000  inc=-0.375913  bucket 0->0  (mf=1000)
[MF-SEL] tPrev=(  d=0.014096  dMin=0.000000  dAvg=0.022479  dMax=2.209743  Dlo=0.011239  Dhi=1.116111  err=0.000000  inc=-0.375913  bucket 0->0  (mf=1000)
[MF-SEL] tPrev=(  d=0.014622  dMin=0.000000  dAvg=0.022474  dMax=2.209743  Dlo=0.011237  Dhi=1.116108  err=0.000000  inc=-0.375913  bucket 0->0  (mf=1000)
[MF-SEL] tPrev=(  d=0.014967  dMin=0.000000  dAvg=0.022469  dMax=2.209743  Dlo=0.011234  Dhi=1.116106  err=0.000000  inc=-0.375913  bucket 0->0  (mf=1000)
[MF-SEL] tPrev=(  d=0.017851  dMin=0.000000  dAvg=0.022466  dMax=2.209743  Dlo=0.011233  Dhi=1.116104  err=0.000000  inc=-0.375913  bucket 0->0  (mf=1000)
[MF-SEL] tPrev=(  d=0.016014  dMin=0.000000  dAvg=0.022462  dMax=2.209743  Dlo=0.011231  Dhi=1.116102  err=0.000000  inc=-0.375913  bucket 0->0  (mf=1000)
[MF-SEL] tPrev=(  d=0.016780  dMin=0.000000  dAvg=0.022458  dMax=2.209743  Dlo=0.011229  Dhi=1.116101  err=0.000000  inc=-0.375913  bucket 0->0  (mf=1000)
[MF-SEL] tPrev=(  d=0.010203  dMin=0.000000  dAvg=0.022450  dMax=2.209743  Dlo=0.011225  Dhi=1.116097  err=-1.000000  inc=-1.301622  bucket 0->0  (mf=1000)
Dropping frame 1413393305.055760
[MF-SEL] tPrev=(  d=0.035218  dMin=0.000000  dAvg=0.022458  dMax=2.209743  Dlo=0.011229  Dhi=1.116101  err=0.000000  inc=-0.209622  bucket 0->0  (mf=1000)
[MF-SEL] tPrev=(  d=0.031099  dMin=0.000000  dAvg=0.022464  dMax=2.209743  Dlo=0.011232  Dhi=1.116103  err=0.000000  inc=-0.378388  bucket 0->0  (mf=1000)
[MF-SEL] tPrev=(  d=0.018087  dMin=0.000000  dAvg=0.022461  dMax=2.209743  Dlo=0.011231  Dhi=1.116102  err=0.000000  inc=-0.378388  bucket 0->0  (mf=1000)
Dropping frame 1413393305.255760
[MF-SEL] tPrev=(  d=0.036937  dMin=0.000000  dAvg=0.022470  dMax=2.209743  Dlo=0.011235  Dhi=1.116107  err=0.000000  inc=-0.378388  bucket 0->0  (mf=1000)
[MF-SEL] tPrev=(  d=0.019788  dMin=0.000000  dAvg=0.022469  dMax=2.209743  Dlo=0.011234  Dhi=1.116106  err=0.000000  inc=-0.378388  bucket 0->0  (mf=1000)
[MF-SEL] tPrev=(  d=0.021935  dMin=0.000000  dAvg=0.022468  dMax=2.209743  Dlo=0.011234  Dhi=1.116106  err=0.000000  inc=-0.378388  bucket 0->0  (mf=1000)
[MF-SEL] tPrev=(  d=0.019867  dMin=0.000000  dAvg=0.022467  dMax=2.209743  Dlo=0.011233  Dhi=1.116105  err=0.000000  inc=-0.378388  bucket 0->0  (mf=1000)
[MF-SEL] tPrev=(  d=0.022496  dMin=0.000000  dAvg=0.022467  dMax=2.209743  Dlo=0.011233  Dhi=1.116105  err=0.000000  inc=-0.378388  bucket 0->0  (mf=1000)
[MF-SEL] tPrev=(  d=0.021650  dMin=0.000000  dAvg=0.022466  dMax=2.209743  Dlo=0.011233  Dhi=1.116105  err=0.000000  inc=-0.378388  bucket 0->0  (mf=1000)
[MF-SEL] tPrev=(  d=0.023635  dMin=0.000000  dAvg=0.022467  dMax=2.209743  Dlo=0.011233  Dhi=1.116105  err=0.000000  inc=-0.378388  bucket 0->0  (mf=1000)
[MF-SEL] tPrev=(  d=0.024179  dMin=0.000000  dAvg=0.022468  dMax=2.209743  Dlo=0.011234  Dhi=1.116105  err=0.000000  inc=-0.378388  bucket 0->0  (mf=1000)
[MF-SEL] tPrev=(  d=0.024628  dMin=0.000000  dAvg=0.022469  dMax=2.209743  Dlo=0.011235  Dhi=1.116106  err=0.000000  inc=-0.378388  bucket 0->0  (mf=1000)
[MF-SEL] tPrev=(  d=0.024909  dMin=0.000000  dAvg=0.022471  dMax=2.209743  Dlo=0.011235  Dhi=1.116107  err=0.000000  inc=-0.378388  bucket 0->0  (mf=1000)
[MF-SEL] tPrev=(  d=0.025829  dMin=0.000000  dAvg=0.022473  dMax=2.209743  Dlo=0.011236  Dhi=1.116108  err=0.000000  inc=-0.378388  bucket 0->0  (mf=1000)
[MF-SEL] tPrev=(  d=0.028273  dMin=0.000000  dAvg=0.022477  dMax=2.209743  Dlo=0.011238  Dhi=1.116110  err=0.000000  inc=-0.378388  bucket 0->0  (mf=1000)
[MF-SEL] tPrev=(  d=0.027119  dMin=0.000000  dAvg=0.022480  dMax=2.209743  Dlo=0.011240  Dhi=1.116111  err=0.000000  inc=-0.378388  bucket 0->0  (mf=1000)
[MF-SEL] tPrev=(  d=0.029134  dMin=0.000000  dAvg=0.022484  dMax=2.209743  Dlo=0.011242  Dhi=1.116113  err=0.000000  inc=-0.378388  bucket 0->0  (mf=1000)
Dropping frame 1413393306.005760
[MF-SEL] tPrev=(  d=0.059443  dMin=0.000000  dAvg=0.022507  dMax=2.209743  Dlo=0.011253  Dhi=1.116125  err=0.000000  inc=-0.378388  bucket 0->0  (mf=1000)
[MF-SEL] tPrev=(  d=0.034215  dMin=0.000000  dAvg=0.022514  dMax=2.209743  Dlo=0.011257  Dhi=1.116129  err=0.000000  inc=-0.378388  bucket 0->0  (mf=1000)
[MF-SEL] tPrev=(  d=0.033914  dMin=0.000000  dAvg=0.022521  dMax=2.209743  Dlo=0.011261  Dhi=1.116132  err=0.000000  inc=-0.378388  bucket 0->0  (mf=1000)
[MF-SEL] tPrev=(  d=0.035358  dMin=0.000000  dAvg=0.022529  dMax=2.209743  Dlo=0.011265  Dhi=1.116136  err=0.000000  inc=-0.378388  bucket 0->0  (mf=1000)
Dropping frame 1413393306.255760
[MF-SEL] tPrev=(  d=0.084779  dMin=0.000000  dAvg=0.022568  dMax=2.209743  Dlo=0.011284  Dhi=1.116156  err=0.000000  inc=-0.378388  bucket 0->0  (mf=1000)
[MF-SEL] tPrev=(  d=0.036691  dMin=0.000000  dAvg=0.022577  dMax=2.209743  Dlo=0.011289  Dhi=1.116160  err=0.000000  inc=-0.378388  bucket 0->0  (mf=1000)
[MF-SEL] tPrev=(  d=0.035509  dMin=0.000000  dAvg=0.022585  dMax=2.209743  Dlo=0.011293  Dhi=1.116164  err=0.000000  inc=-0.378388  bucket 0->0  (mf=1000)
Dropping frame 1413393306.455760
[MF-SEL] tPrev=(  d=0.068635  dMin=0.000000  dAvg=0.022614  dMax=2.209743  Dlo=0.011307  Dhi=1.116179  err=0.000000  inc=-0.378388  bucket 0->0  (mf=1000)
Dropping frame 1413393306.555760
[MF-SEL] tPrev=(  d=0.066030  dMin=0.000000  dAvg=0.022641  dMax=2.209743  Dlo=0.011321  Dhi=1.116192  err=0.000000  inc=-0.378388  bucket 0->0  (mf=1000)
[MF-SEL] tPrev=(  d=0.031585  dMin=0.000000  dAvg=0.022647  dMax=2.209743  Dlo=0.011323  Dhi=1.116195  err=0.000000  inc=-0.378388  bucket 0->0  (mf=1000)
[MF-SEL] tPrev=(  d=0.032315  dMin=0.000000  dAvg=0.022653  dMax=2.209743  Dlo=0.011326  Dhi=1.116198  err=0.000000  inc=-0.378388  bucket 0->0  (mf=1000)
[MF-SEL] tPrev=(  d=0.031884  dMin=0.000000  dAvg=0.022659  dMax=2.209743  Dlo=0.011329  Dhi=1.116201  err=0.000000  inc=-0.378388  bucket 0->0  (mf=1000)
Dropping frame 1413393306.805761
[MF-SEL] tPrev=(  d=0.047233  dMin=0.000000  dAvg=0.022674  dMax=2.209743  Dlo=0.011337  Dhi=1.116209  err=0.000000  inc=-0.378388  bucket 0->0  (mf=1000)
[MF-SEL] tPrev=(  d=0.027295  dMin=0.000000  dAvg=0.022677  dMax=2.209743  Dlo=0.011338  Dhi=1.116210  err=0.000000  inc=-0.378388  bucket 0->0  (mf=1000)
[MF-SEL] tPrev=(  d=0.025962  dMin=0.000000  dAvg=0.022679  dMax=2.209743  Dlo=0.011339  Dhi=1.116211  err=0.000000  inc=-0.378388  bucket 0->0  (mf=1000)
[MF-SEL] tPrev=(  d=0.024407  dMin=0.000000  dAvg=0.022680  dMax=2.209743  Dlo=0.011340  Dhi=1.116212  err=0.000000  inc=-0.378388  bucket 0->0  (mf=1000)
[MF-SEL] tPrev=(  d=0.022505  dMin=0.000000  dAvg=0.022680  dMax=2.209743  Dlo=0.011340  Dhi=1.116211  err=0.000000  inc=-0.378388  bucket 0->0  (mf=1000)
Dropping frame 1413393307.105761
[MF-SEL] tPrev=(  d=0.048795  dMin=0.000000  dAvg=0.022696  dMax=2.209743  Dlo=0.011348  Dhi=1.116220  err=0.000000  inc=-0.378388  bucket 0->0  (mf=1000)
[MF-SEL] tPrev=(  d=0.019062  dMin=0.000000  dAvg=0.022694  dMax=2.209743  Dlo=0.011347  Dhi=1.116218  err=0.000000  inc=-0.378388  bucket 0->0  (mf=1000)
[MF-SEL] tPrev=(  d=0.018278  dMin=0.000000  dAvg=0.022691  dMax=2.209743  Dlo=0.011346  Dhi=1.116217  err=0.000000  inc=-0.378388  bucket 0->0  (mf=1000)
[MF-SEL] tPrev=(  d=0.018094  dMin=0.000000  dAvg=0.022688  dMax=2.209743  Dlo=0.011344  Dhi=1.116216  err=0.000000  inc=-0.378388  bucket 0->0  (mf=1000)
Dropping frame 1413393307.355760
[MF-SEL] tPrev=(  d=0.045097  dMin=0.000000  dAvg=0.022702  dMax=2.209743  Dlo=0.011351  Dhi=1.116223  err=0.000000  inc=-0.378388  bucket 0->0  (mf=1000)
Dropping frame 1413393307.455760
[MF-SEL] tPrev=(  d=0.033947  dMin=0.000000  dAvg=0.022709  dMax=2.209743  Dlo=0.011355  Dhi=1.116226  err=0.000000  inc=-0.378388  bucket 0->0  (mf=1000)
[MF-SEL] tPrev=(  d=0.017997  dMin=0.000000  dAvg=0.022706  dMax=2.209743  Dlo=0.011353  Dhi=1.116225  err=0.000000  inc=-0.378388  bucket 0->0  (mf=1000)
[MF-SEL] tPrev=(  d=0.040284  dMin=0.000000  dAvg=0.022717  dMax=2.209743  Dlo=0.011359  Dhi=1.116230  err=0.000000  inc=-0.378388  bucket 0->0  (mf=1000)
[MF-SEL] tPrev=(  d=0.019012  dMin=0.000000  dAvg=0.022715  dMax=2.209743  Dlo=0.011357  Dhi=1.116229  err=0.000000  inc=-0.378388  bucket 0->0  (mf=1000)
Dropping frame 1413393307.705760
[MF-SEL] tPrev=(  d=0.037659  dMin=0.000000  dAvg=0.022724  dMax=2.209743  Dlo=0.011362  Dhi=1.116234  err=0.000000  inc=-0.378388  bucket 0->0  (mf=1000)
[MF-SEL] tPrev=(  d=0.020373  dMin=0.000000  dAvg=0.022723  dMax=2.209743  Dlo=0.011361  Dhi=1.116233  err=0.000000  inc=-0.378388  bucket 0->0  (mf=1000)
[MF-SEL] tPrev=(  d=0.024436  dMin=0.000000  dAvg=0.022724  dMax=2.209743  Dlo=0.011362  Dhi=1.116233  err=0.000000  inc=-0.378388  bucket 0->0  (mf=1000)
Dropping frame 1413393307.905761
[MF-SEL] tPrev=(  d=0.046390  dMin=0.000000  dAvg=0.022738  dMax=2.209743  Dlo=0.011369  Dhi=1.116241  err=0.000000  inc=-0.378388  bucket 0->0  (mf=1000)
[MF-SEL] tPrev=(  d=0.023147  dMin=0.000000  dAvg=0.022739  dMax=2.209743  Dlo=0.011369  Dhi=1.116241  err=0.000000  inc=-0.378388  bucket 0->0  (mf=1000)
Dropping frame 1413393308.055760
[MF-SEL] tPrev=(  d=0.048705  dMin=0.000000  dAvg=0.022755  dMax=2.209743  Dlo=0.011377  Dhi=1.116249  err=0.000000  inc=-0.378388  bucket 0->0  (mf=1000)
[MF-SEL] tPrev=(  d=0.040367  dMin=0.000000  dAvg=0.022765  dMax=2.209743  Dlo=0.011383  Dhi=1.116254  err=0.000000  inc=-0.378388  bucket 0->0  (mf=1000)
[MF-SEL] tPrev=(  d=0.024869  dMin=0.000000  dAvg=0.022767  dMax=2.209743  Dlo=0.011383  Dhi=1.116255  err=0.000000  inc=-0.378388  bucket 0->0  (mf=1000)
[MF-SEL] tPrev=(  d=0.026379  dMin=0.000000  dAvg=0.022769  dMax=2.209743  Dlo=0.011384  Dhi=1.116256  err=0.000000  inc=-0.378388  bucket 0->0  (mf=1000)
Dropping frame 1413393308.305761
[MF-SEL] tPrev=(  d=0.056128  dMin=0.000000  dAvg=0.022789  dMax=2.209743  Dlo=0.011395  Dhi=1.116266  err=0.000000  inc=-0.378388  bucket 0->0  (mf=1000)
Dropping frame 1413393308.405761
[MF-SEL] tPrev=(  d=0.055641  dMin=0.000000  dAvg=0.022810  dMax=2.209743  Dlo=0.011405  Dhi=1.116276  err=0.000000  inc=-0.378388  bucket 0->0  (mf=1000)
[MF-SEL] tPrev=(  d=0.032718  dMin=0.000000  dAvg=0.022816  dMax=2.209743  Dlo=0.011408  Dhi=1.116279  err=0.000000  inc=-0.378388  bucket 0->0  (mf=1000)
[MF-SEL] tPrev=(  d=0.028267  dMin=0.000000  dAvg=0.022819  dMax=2.209743  Dlo=0.011409  Dhi=1.116281  err=0.000000  inc=-0.378388  bucket 0->0  (mf=1000)
[MF-SEL] tPrev=(  d=0.026317  dMin=0.000000  dAvg=0.022821  dMax=2.209743  Dlo=0.011411  Dhi=1.116282  err=0.000000  inc=-0.378388  bucket 0->0  (mf=1000)
Dropping frame 1413393308.655760
[MF-SEL] tPrev=(  d=0.049698  dMin=0.000000  dAvg=0.022838  dMax=2.209743  Dlo=0.011419  Dhi=1.116290  err=0.000000  inc=-0.378388  bucket 0->0  (mf=1000)
Dropping frame 1413393308.755760
[MF-SEL] tPrev=(  d=0.050247  dMin=0.000000  dAvg=0.022854  dMax=2.209743  Dlo=0.011427  Dhi=1.116299  err=0.000000  inc=-0.378388  bucket 0->0  (mf=1000)
[MF-SEL] tPrev=(  d=0.023372  dMin=0.000000  dAvg=0.022855  dMax=2.209743  Dlo=0.011427  Dhi=1.116299  err=0.000000  inc=-0.378388  bucket 0->0  (mf=1000)
[MF-SEL] tPrev=(  d=0.023895  dMin=0.000000  dAvg=0.022855  dMax=2.209743  Dlo=0.011428  Dhi=1.116299  err=0.000000  inc=-0.378388  bucket 0->0  (mf=1000)
Dropping frame 1413393308.955760
[MF-SEL] tPrev=(  d=0.048312  dMin=0.000000  dAvg=0.022871  dMax=2.209743  Dlo=0.011435  Dhi=1.116307  err=0.000000  inc=-0.378388  bucket 0->0  (mf=1000)
Dropping frame 1413393309.055760
[MF-SEL] tPrev=(  d=0.040282  dMin=0.000000  dAvg=0.022882  dMax=2.209743  Dlo=0.011441  Dhi=1.116312  err=0.000000  inc=-0.378388  bucket 0->0  (mf=1000)
[MF-SEL] tPrev=(  d=0.035210  dMin=0.000000  dAvg=0.022889  dMax=2.209743  Dlo=0.011445  Dhi=1.116316  err=0.000000  inc=-0.378388  bucket 0->0  (mf=1000)
[MF-SEL] tPrev=(  d=0.021370  dMin=0.000000  dAvg=0.022888  dMax=2.209743  Dlo=0.011444  Dhi=1.116316  err=0.000000  inc=-0.378388  bucket 0->0  (mf=1000)
[MF-SEL] tPrev=(  d=0.017759  dMin=0.000000  dAvg=0.022885  dMax=2.209743  Dlo=0.011443  Dhi=1.116314  err=0.000000  inc=-0.378388  bucket 0->0  (mf=1000)
[MF-SEL] tPrev=(  d=0.016990  dMin=0.000000  dAvg=0.022881  dMax=2.209743  Dlo=0.011441  Dhi=1.116312  err=0.000000  inc=-0.378388  bucket 0->0  (mf=1000)
[MF-SEL] tPrev=(  d=0.016322  dMin=0.000000  dAvg=0.022877  dMax=2.209743  Dlo=0.011439  Dhi=1.116310  err=0.000000  inc=-0.378388  bucket 0->0  (mf=1000)
[MF-SEL] tPrev=(  d=0.015978  dMin=0.000000  dAvg=0.022873  dMax=2.209743  Dlo=0.011437  Dhi=1.116308  err=0.000000  inc=-0.378388  bucket 0->0  (mf=1000)
[MF-SEL] tPrev=(  d=0.015679  dMin=0.000000  dAvg=0.022869  dMax=2.209743  Dlo=0.011434  Dhi=1.116306  err=0.000000  inc=-0.378388  bucket 0->0  (mf=1000)
[MF-SEL] tPrev=(  d=0.029233  dMin=0.000000  dAvg=0.022873  dMax=2.209743  Dlo=0.011436  Dhi=1.116308  err=0.000000  inc=-0.378388  bucket 0->0  (mf=1000)
Dropping frame 1413393309.555760
[MF-SEL] tPrev=(  d=0.030712  dMin=0.000000  dAvg=0.022877  dMax=2.209743  Dlo=0.011439  Dhi=1.116310  err=0.000000  inc=-0.378388  bucket 0->0  (mf=1000)
Dropping frame 1413393309.655760
[MF-SEL] tPrev=(  d=0.029471  dMin=0.000000  dAvg=0.022881  dMax=2.209743  Dlo=0.011441  Dhi=1.116312  err=0.000000  inc=-0.378388  bucket 0->0  (mf=1000)
[MF-SEL] tPrev=(  d=0.014236  dMin=0.000000  dAvg=0.022876  dMax=2.209743  Dlo=0.011438  Dhi=1.116310  err=0.000000  inc=-0.378388  bucket 0->0  (mf=1000)
[MF-SEL] tPrev=(  d=0.013797  dMin=0.000000  dAvg=0.022871  dMax=2.209743  Dlo=0.011435  Dhi=1.116307  err=0.000000  inc=-0.378388  bucket 0->0  (mf=1000)
[MF-SEL] tPrev=(  d=0.013725  dMin=0.000000  dAvg=0.022865  dMax=2.209743  Dlo=0.011433  Dhi=1.116304  err=0.000000  inc=-0.378388  bucket 0->0  (mf=1000)
[MF-SEL] tPrev=(  d=0.013436  dMin=0.000000  dAvg=0.022859  dMax=2.209743  Dlo=0.011430  Dhi=1.116301  err=0.000000  inc=-0.378388  bucket 0->0  (mf=1000)
[MF-SEL] tPrev=(  d=0.013302  dMin=0.000000  dAvg=0.022854  dMax=2.209743  Dlo=0.011427  Dhi=1.116298  err=0.000000  inc=-0.378388  bucket 0->0  (mf=1000)
[MF-SEL] tPrev=(  d=0.011775  dMin=0.000000  dAvg=0.022847  dMax=2.209743  Dlo=0.011423  Dhi=1.116295  err=0.000000  inc=-0.378388  bucket 0->0  (mf=1000)
[MF-SEL] tPrev=(  d=0.013416  dMin=0.000000  dAvg=0.022841  dMax=2.209743  Dlo=0.011421  Dhi=1.116292  err=0.000000  inc=-0.378388  bucket 0->0  (mf=1000)
Dropping frame 1413393310.105761
[MF-SEL] tPrev=(  d=0.025799  dMin=0.000000  dAvg=0.022843  dMax=2.209743  Dlo=0.011422  Dhi=1.116293  err=0.000000  inc=-0.378388  bucket 0->0  (mf=1000)
Dropping frame 1413393310.205760
[MF-SEL] tPrev=(  d=0.020578  dMin=0.000000  dAvg=0.022842  dMax=2.209743  Dlo=0.011421  Dhi=1.116292  err=0.000000  inc=-0.378388  bucket 0->0  (mf=1000)
[MF-SEL] tPrev=(  d=0.009573  dMin=0.000000  dAvg=0.022834  dMax=2.209743  Dlo=0.011417  Dhi=1.116288  err=-1.000000  inc=-1.311983  bucket 0->0  (mf=1000)
[MF-SEL] tPrev=(  d=0.010724  dMin=0.000000  dAvg=0.022826  dMax=2.209743  Dlo=0.011413  Dhi=1.116285  err=-1.000000  inc=-0.983136  bucket 0->0  (mf=1000)
[MF-SEL] tPrev=(  d=0.011406  dMin=0.000000  dAvg=0.022820  dMax=2.209743  Dlo=0.011410  Dhi=1.116281  err=-1.000000  inc=-0.985226  bucket 0->0  (mf=1000)
Dropping frame 1413393310.455760
[MF-SEL] tPrev=(  d=0.038288  dMin=0.000000  dAvg=0.022829  dMax=2.209743  Dlo=0.011414  Dhi=1.116286  err=0.000000  inc=-0.197329  bucket 0->0  (mf=1000)
[MF-SEL] tPrev=(  d=0.009567  dMin=0.000000  dAvg=0.022821  dMax=2.209743  Dlo=0.011410  Dhi=1.116282  err=-1.000000  inc=-1.277352  bucket 0->0  (mf=1000)
[MF-SEL] tPrev=(  d=0.010078  dMin=0.000000  dAvg=0.022813  dMax=2.209743  Dlo=0.011407  Dhi=1.116278  err=-1.000000  inc=-0.990084  bucket 0->0  (mf=1000)
Dropping frame 1413393310.655760
[MF-SEL] tPrev=(  d=0.023068  dMin=0.000000  dAvg=0.022813  dMax=2.209743  Dlo=0.011407  Dhi=1.116278  err=0.000000  inc=-0.226101  bucket 0->0  (mf=1000)
[MF-SEL] tPrev=(  d=0.009577  dMin=0.000000  dAvg=0.022805  dMax=2.209743  Dlo=0.011403  Dhi=1.116274  err=-1.000000  inc=-1.322359  bucket 0->0  (mf=1000)
[MF-SEL] tPrev=(  d=0.010332  dMin=0.000000  dAvg=0.022798  dMax=2.209743  Dlo=0.011399  Dhi=1.116270  err=-1.000000  inc=-0.994904  bucket 0->0  (mf=1000)
[MF-SEL] tPrev=(  d=0.010369  dMin=0.000000  dAvg=0.022790  dMax=2.209743  Dlo=0.011395  Dhi=1.116267  err=-1.000000  inc=-0.997339  bucket 0->0  (mf=1000)
[MF-SEL] tPrev=(  d=0.010515  dMin=0.000000  dAvg=0.022783  dMax=2.209743  Dlo=0.011392  Dhi=1.116263  err=-1.000000  inc=-0.999569  bucket 0->0  (mf=1000)
Dropping frame 1413393310.955760
[MF-SEL] tPrev=(  d=0.022530  dMin=0.000000  dAvg=0.022783  dMax=2.209743  Dlo=0.011391  Dhi=1.116263  err=0.000000  inc=-0.239489  bucket 0->0  (mf=1000)
[MF-SEL] tPrev=(  d=0.011848  dMin=0.000000  dAvg=0.022776  dMax=2.209743  Dlo=0.011388  Dhi=1.116260  err=0.000000  inc=-0.399569  bucket 0->0  (mf=1000)
[MF-SEL] tPrev=(  d=0.013784  dMin=0.000000  dAvg=0.022771  dMax=2.209743  Dlo=0.011385  Dhi=1.116257  err=0.000000  inc=-0.399569  bucket 0->0  (mf=1000)
[MF-SEL] tPrev=(  d=0.014805  dMin=0.000000  dAvg=0.022766  dMax=2.209743  Dlo=0.011383  Dhi=1.116255  err=0.000000  inc=-0.399569  bucket 0->0  (mf=1000)
[MF-SEL] tPrev=(  d=0.023170  dMin=0.000000  dAvg=0.022766  dMax=2.209743  Dlo=0.011383  Dhi=1.116255  err=0.000000  inc=-0.399569  bucket 0->0  (mf=1000)
[MF-SEL] tPrev=(  d=0.019073  dMin=0.000000  dAvg=0.022764  dMax=2.209743  Dlo=0.011382  Dhi=1.116254  err=0.000000  inc=-0.399569  bucket 0->0  (mf=1000)
[MF-SEL] tPrev=(  d=0.020494  dMin=0.000000  dAvg=0.022763  dMax=2.209743  Dlo=0.011381  Dhi=1.116253  err=0.000000  inc=-0.399569  bucket 0->0  (mf=1000)
Dropping frame 1413393311.355760
[MF-SEL] tPrev=(  d=0.040919  dMin=0.000000  dAvg=0.022774  dMax=2.209743  Dlo=0.011387  Dhi=1.116258  err=0.000000  inc=-0.399569  bucket 0->0  (mf=1000)
[MF-SEL] tPrev=(  d=0.021395  dMin=0.000000  dAvg=0.022773  dMax=2.209743  Dlo=0.011386  Dhi=1.116258  err=0.000000  inc=-0.399569  bucket 0->0  (mf=1000)
Dropping frame 1413393311.505760
[MF-SEL] tPrev=(  d=0.044299  dMin=0.000000  dAvg=0.022786  dMax=2.209743  Dlo=0.011393  Dhi=1.116264  err=0.000000  inc=-0.399569  bucket 0->0  (mf=1000)
[MF-SEL] tPrev=(  d=0.027623  dMin=0.000000  dAvg=0.022789  dMax=2.209743  Dlo=0.011394  Dhi=1.116266  err=0.000000  inc=-0.399569  bucket 0->0  (mf=1000)
[MF-SEL] tPrev=(  d=0.022728  dMin=0.000000  dAvg=0.022789  dMax=2.209743  Dlo=0.011394  Dhi=1.116266  err=0.000000  inc=-0.399569  bucket 0->0  (mf=1000)
[MF-SEL] tPrev=(  d=0.023568  dMin=0.000000  dAvg=0.022789  dMax=2.209743  Dlo=0.011395  Dhi=1.116266  err=0.000000  inc=-0.399569  bucket 0->0  (mf=1000)
Dropping frame 1413393311.755760
[MF-SEL] tPrev=(  d=0.049551  dMin=0.000000  dAvg=0.022805  dMax=2.209743  Dlo=0.011402  Dhi=1.116274  err=0.000000  inc=-0.399569  bucket 0->0  (mf=1000)
[MF-SEL] tPrev=(  d=0.024691  dMin=0.000000  dAvg=0.022806  dMax=2.209743  Dlo=0.011403  Dhi=1.116275  err=0.000000  inc=-0.399569  bucket 0->0  (mf=1000)
[MF-SEL] tPrev=(  d=0.024242  dMin=0.000000  dAvg=0.022807  dMax=2.209743  Dlo=0.011403  Dhi=1.116275  err=0.000000  inc=-0.399569  bucket 0->0  (mf=1000)
[MF-SEL] tPrev=(  d=0.023923  dMin=0.000000  dAvg=0.022808  dMax=2.209743  Dlo=0.011404  Dhi=1.116275  err=0.000000  inc=-0.399569  bucket 0->0  (mf=1000)
[MF-SEL] tPrev=(  d=0.023717  dMin=0.000000  dAvg=0.022808  dMax=2.209743  Dlo=0.011404  Dhi=1.116276  err=0.000000  inc=-0.399569  bucket 0->0  (mf=1000)
[MF-SEL] tPrev=(  d=0.029232  dMin=0.000000  dAvg=0.022812  dMax=2.209743  Dlo=0.011406  Dhi=1.116277  err=0.000000  inc=-0.399569  bucket 0->0  (mf=1000)
Dropping frame 1413393312.105761
[MF-SEL] tPrev=(  d=0.046618  dMin=0.000000  dAvg=0.022826  dMax=2.209743  Dlo=0.011413  Dhi=1.116285  err=0.000000  inc=-0.399569  bucket 0->0  (mf=1000)
[MF-SEL] tPrev=(  d=0.021933  dMin=0.000000  dAvg=0.022826  dMax=2.209743  Dlo=0.011413  Dhi=1.116284  err=0.000000  inc=-0.399569  bucket 0->0  (mf=1000)
Dropping frame 1413393312.255760
[MF-SEL] tPrev=(  d=0.039000  dMin=0.000000  dAvg=0.022835  dMax=2.209743  Dlo=0.011418  Dhi=1.116289  err=0.000000  inc=-0.399569  bucket 0->0  (mf=1000)
Dropping frame 1413393312.355760
[MF-SEL] tPrev=(  d=0.040603  dMin=0.000000  dAvg=0.022846  dMax=2.209743  Dlo=0.011423  Dhi=1.116294  err=0.000000  inc=-0.399569  bucket 0->0  (mf=1000)
[MF-SEL] tPrev=(  d=0.015595  dMin=0.000000  dAvg=0.022841  dMax=2.209743  Dlo=0.011421  Dhi=1.116292  err=0.000000  inc=-0.399569  bucket 0->0  (mf=1000)
[MF-SEL] tPrev=(  d=0.016026  dMin=0.000000  dAvg=0.022837  dMax=2.209743  Dlo=0.011419  Dhi=1.116290  err=0.000000  inc=-0.399569  bucket 0->0  (mf=1000)
[MF-SEL] tPrev=(  d=0.016025  dMin=0.000000  dAvg=0.022833  dMax=2.209743  Dlo=0.011417  Dhi=1.116288  err=0.000000  inc=-0.399569  bucket 0->0  (mf=1000)
[MF-SEL] tPrev=(  d=0.022441  dMin=0.000000  dAvg=0.022833  dMax=2.209743  Dlo=0.011417  Dhi=1.116288  err=0.000000  inc=-0.399569  bucket 0->0  (mf=1000)
[MF-SEL] tPrev=(  d=0.015992  dMin=0.000000  dAvg=0.022829  dMax=2.209743  Dlo=0.011415  Dhi=1.116286  err=0.000000  inc=-0.399569  bucket 0->0  (mf=1000)
Dropping frame 1413393312.705760
[MF-SEL] tPrev=(  d=0.030495  dMin=0.000000  dAvg=0.022834  dMax=2.209743  Dlo=0.011417  Dhi=1.116288  err=0.000000  inc=-0.399569  bucket 0->0  (mf=1000)
Dropping frame 1413393312.805761
[MF-SEL] tPrev=(  d=0.034633  dMin=0.000000  dAvg=0.022840  dMax=2.209743  Dlo=0.011420  Dhi=1.116292  err=0.000000  inc=-0.399569  bucket 0->0  (mf=1000)
[MF-SEL] tPrev=(  d=0.018398  dMin=0.000000  dAvg=0.022838  dMax=2.209743  Dlo=0.011419  Dhi=1.116290  err=0.000000  inc=-0.399569  bucket 0->0  (mf=1000)
[MF-SEL] tPrev=(  d=0.015761  dMin=0.000000  dAvg=0.022834  dMax=2.209743  Dlo=0.011417  Dhi=1.116288  err=0.000000  inc=-0.399569  bucket 0->0  (mf=1000)
[MF-SEL] tPrev=(  d=0.016386  dMin=0.000000  dAvg=0.022830  dMax=2.209743  Dlo=0.011415  Dhi=1.116286  err=0.000000  inc=-0.399569  bucket 0->0  (mf=1000)
[MF-SEL] tPrev=(  d=0.014531  dMin=0.000000  dAvg=0.022825  dMax=2.209743  Dlo=0.011413  Dhi=1.116284  err=0.000000  inc=-0.399569  bucket 0->0  (mf=1000)
[MF-SEL] tPrev=(  d=0.013585  dMin=0.000000  dAvg=0.022820  dMax=2.209743  Dlo=0.011410  Dhi=1.116281  err=0.000000  inc=-0.399569  bucket 0->0  (mf=1000)
[MF-SEL] tPrev=(  d=0.012578  dMin=0.000000  dAvg=0.022814  dMax=2.209743  Dlo=0.011407  Dhi=1.116278  err=0.000000  inc=-0.399569  bucket 0->0  (mf=1000)
[MF-SEL] tPrev=(  d=0.012712  dMin=0.000000  dAvg=0.022808  dMax=2.209743  Dlo=0.011404  Dhi=1.116275  err=0.000000  inc=-0.399569  bucket 0->0  (mf=1000)
[MF-SEL] tPrev=(  d=0.012865  dMin=0.000000  dAvg=0.022802  dMax=2.209743  Dlo=0.011401  Dhi=1.116272  err=0.000000  inc=-0.399569  bucket 0->0  (mf=1000)
Dropping frame 1413393313.305761
[MF-SEL] tPrev=(  d=0.020957  dMin=0.000000  dAvg=0.022801  dMax=2.209743  Dlo=0.011400  Dhi=1.116272  err=0.000000  inc=-0.399569  bucket 0->0  (mf=1000)
[MF-SEL] tPrev=(  d=0.013228  dMin=0.000000  dAvg=0.022795  dMax=2.209743  Dlo=0.011398  Dhi=1.116269  err=0.000000  inc=-0.399569  bucket 0->0  (mf=1000)
[MF-SEL] tPrev=(  d=0.012900  dMin=0.000000  dAvg=0.022789  dMax=2.209743  Dlo=0.011395  Dhi=1.116266  err=0.000000  inc=-0.399569  bucket 0->0  (mf=1000)
[MF-SEL] tPrev=(  d=0.013347  dMin=0.000000  dAvg=0.022784  dMax=2.209743  Dlo=0.011392  Dhi=1.116263  err=0.000000  inc=-0.399569  bucket 0->0  (mf=1000)
[MF-SEL] tPrev=(  d=0.013449  dMin=0.000000  dAvg=0.022778  dMax=2.209743  Dlo=0.011389  Dhi=1.116261  err=0.000000  inc=-0.399569  bucket 0->0  (mf=1000)
[MF-SEL] tPrev=(  d=0.011879  dMin=0.000000  dAvg=0.022772  dMax=2.209743  Dlo=0.011386  Dhi=1.116258  err=0.000000  inc=-0.399569  bucket 0->0  (mf=1000)
[MF-SEL] tPrev=(  d=0.010529  dMin=0.000000  dAvg=0.022765  dMax=2.209743  Dlo=0.011382  Dhi=1.116254  err=-1.000000  inc=-1.338403  bucket 0->0  (mf=1000)
Dropping frame 1413393313.705760
[MF-SEL] tPrev=(  d=0.027315  dMin=0.000000  dAvg=0.022768  dMax=2.209743  Dlo=0.011384  Dhi=1.116255  err=0.000000  inc=-0.230941  bucket 0->0  (mf=1000)
Dropping frame 1413393313.805761
[MF-SEL] tPrev=(  d=0.021385  dMin=0.000000  dAvg=0.022767  dMax=2.209743  Dlo=0.011383  Dhi=1.116255  err=0.000000  inc=-0.401947  bucket 0->0  (mf=1000)
[MF-SEL] tPrev=(  d=0.012612  dMin=0.000000  dAvg=0.022761  dMax=2.209743  Dlo=0.011380  Dhi=1.116252  err=0.000000  inc=-0.401947  bucket 0->0  (mf=1000)
[MF-SEL] tPrev=(  d=0.011351  dMin=0.000000  dAvg=0.022754  dMax=2.209743  Dlo=0.011377  Dhi=1.116249  err=-1.000000  inc=-1.329245  bucket 0->0  (mf=1000)
[MF-SEL] tPrev=(  d=0.011231  dMin=0.000000  dAvg=0.022747  dMax=2.209743  Dlo=0.011374  Dhi=1.116245  err=-1.000000  inc=-1.006859  bucket 0->0  (mf=1000)
[MF-SEL] tPrev=(  d=0.011004  dMin=0.000000  dAvg=0.022741  dMax=2.209743  Dlo=0.011370  Dhi=1.116242  err=-1.000000  inc=-1.009110  bucket 0->0  (mf=1000)
[MF-SEL] tPrev=(  d=0.010553  dMin=0.000000  dAvg=0.022733  dMax=2.209743  Dlo=0.011367  Dhi=1.116238  err=-1.000000  inc=-1.011154  bucket 0->0  (mf=1000)
[MF-SEL] tPrev=(  d=0.010677  dMin=0.000000  dAvg=0.022726  dMax=2.209743  Dlo=0.011363  Dhi=1.116235  err=-1.000000  inc=-1.013553  bucket 0->0  (mf=1000)
[MF-SEL] tPrev=(  d=0.010491  dMin=0.000000  dAvg=0.022719  dMax=2.209743  Dlo=0.011360  Dhi=1.116231  err=-1.000000  inc=-1.015821  bucket 0->0  (mf=1000)
[MF-SEL] tPrev=(  d=0.010481  dMin=0.000000  dAvg=0.022712  dMax=2.209743  Dlo=0.011356  Dhi=1.116228  err=-1.000000  inc=-1.018140  bucket 0->0  (mf=1000)
Dropping frame 1413393314.305761
[MF-SEL] tPrev=(  d=0.020930  dMin=0.000000  dAvg=0.022711  dMax=2.209743  Dlo=0.011356  Dhi=1.116227  err=0.000000  inc=-0.234855  bucket 0->0  (mf=1000)
[MF-SEL] tPrev=(  d=0.009000  dMin=0.000000  dAvg=0.022703  dMax=2.209743  Dlo=0.011352  Dhi=1.116223  err=-1.000000  inc=-1.409438  bucket 0->0  (mf=1000)
[MF-SEL] tPrev=(  d=0.029163  dMin=0.000000  dAvg=0.022707  dMax=2.209743  Dlo=0.011354  Dhi=1.116225  err=0.000000  inc=-0.063465  bucket 0->0  (mf=1000)
[MF-SEL] tPrev=(  d=0.008784  dMin=0.000000  dAvg=0.022699  dMax=2.209743  Dlo=0.011349  Dhi=1.116221  err=-1.000000  inc=-1.369606  bucket 0->0  (mf=1000)
[MF-SEL] tPrev=(  d=0.007154  dMin=0.000000  dAvg=0.022690  dMax=2.209743  Dlo=0.011345  Dhi=1.116216  err=-1.000000  inc=-1.024773  bucket 0->0  (mf=1000)
[MF-SEL] tPrev=(  d=0.013459  dMin=0.000000  dAvg=0.022685  dMax=2.209743  Dlo=0.011342  Dhi=1.116214  err=0.000000  inc=-0.074346  bucket 0->0  (mf=1000)
Dropping frame 1413393314.655760
[MF-SEL] tPrev=(  d=0.020423  dMin=0.000000  dAvg=0.022683  dMax=2.209743  Dlo=0.011342  Dhi=1.116213  err=0.000000  inc=-0.424773  bucket 0->0  (mf=1000)
[MF-SEL] tPrev=(  d=0.008812  dMin=0.000000  dAvg=0.022675  dMax=2.209743  Dlo=0.011338  Dhi=1.116209  err=-1.000000  inc=-1.354207  bucket 0->0  (mf=1000)
Dropping frame 1413393314.805761
[MF-SEL] tPrev=(  d=0.012576  dMin=0.000000  dAvg=0.022669  dMax=2.209743  Dlo=0.011335  Dhi=1.116206  err=0.000000  inc=-0.251938  bucket 0->0  (mf=1000)
[MF-SEL] tPrev=(  d=0.012014  dMin=0.000000  dAvg=0.022663  dMax=2.209743  Dlo=0.011332  Dhi=1.116203  err=0.000000  inc=-0.427219  bucket 0->0  (mf=1000)
[MF-SEL] tPrev=(  d=0.008553  dMin=0.000000  dAvg=0.022655  dMax=2.209743  Dlo=0.011328  Dhi=1.116199  err=-1.000000  inc=-1.374308  bucket 0->0  (mf=1000)
[MF-SEL] tPrev=(  d=0.011699  dMin=0.000000  dAvg=0.022649  dMax=2.209743  Dlo=0.011324  Dhi=1.116196  err=0.000000  inc=-0.093361  bucket 0->0  (mf=1000)
[MF-SEL] tPrev=(  d=0.015852  dMin=0.000000  dAvg=0.022645  dMax=2.209743  Dlo=0.011322  Dhi=1.116194  err=0.000000  inc=-0.429540  bucket 0->0  (mf=1000)
[MF-SEL] tPrev=(  d=0.014828  dMin=0.000000  dAvg=0.022640  dMax=2.209743  Dlo=0.011320  Dhi=1.116192  err=0.000000  inc=-0.429540  bucket 0->0  (mf=1000)
Dropping frame 1413393315.155760
[MF-SEL] tPrev=(  d=0.034165  dMin=0.000000  dAvg=0.022647  dMax=2.209743  Dlo=0.011324  Dhi=1.116195  err=0.000000  inc=-0.429540  bucket 0->0  (mf=1000)
[MF-SEL] tPrev=(  d=0.018492  dMin=0.000000  dAvg=0.022645  dMax=2.209743  Dlo=0.011322  Dhi=1.116194  err=0.000000  inc=-0.429540  bucket 0->0  (mf=1000)
[MF-SEL] tPrev=(  d=0.019032  dMin=0.000000  dAvg=0.022643  dMax=2.209743  Dlo=0.011321  Dhi=1.116193  err=0.000000  inc=-0.429540  bucket 0->0  (mf=1000)
Dropping frame 1413393315.355760
[MF-SEL] tPrev=(  d=0.036230  dMin=0.000000  dAvg=0.022650  dMax=2.209743  Dlo=0.011325  Dhi=1.116197  err=0.000000  inc=-0.429540  bucket 0->0  (mf=1000)
Dropping frame 1413393315.455760
[MF-SEL] tPrev=(  d=0.041233  dMin=0.000000  dAvg=0.022661  dMax=2.209743  Dlo=0.011331  Dhi=1.116202  err=0.000000  inc=-0.429540  bucket 0->0  (mf=1000)
[MF-SEL] tPrev=(  d=0.021075  dMin=0.000000  dAvg=0.022660  dMax=2.209743  Dlo=0.011330  Dhi=1.116202  err=0.000000  inc=-0.429540  bucket 0->0  (mf=1000)
[MF-SEL] tPrev=(  d=0.017181  dMin=0.000000  dAvg=0.022657  dMax=2.209743  Dlo=0.011329  Dhi=1.116200  err=0.000000  inc=-0.429540  bucket 0->0  (mf=1000)
Dropping frame 1413393315.655760
[MF-SEL] tPrev=(  d=0.044358  dMin=0.000000  dAvg=0.022669  dMax=2.209743  Dlo=0.011335  Dhi=1.116206  err=0.000000  inc=-0.429540  bucket 0->0  (mf=1000)
[MF-SEL] tPrev=(  d=0.028049  dMin=0.000000  dAvg=0.022673  dMax=2.209743  Dlo=0.011336  Dhi=1.116208  err=0.000000  inc=-0.429540  bucket 0->0  (mf=1000)
[MF-SEL] tPrev=(  d=0.025294  dMin=0.000000  dAvg=0.022674  dMax=2.209743  Dlo=0.011337  Dhi=1.116209  err=0.000000  inc=-0.429540  bucket 0->0  (mf=1000)
[MF-SEL] tPrev=(  d=0.024364  dMin=0.000000  dAvg=0.022675  dMax=2.209743  Dlo=0.011338  Dhi=1.116209  err=0.000000  inc=-0.429540  bucket 0->0  (mf=1000)
Dropping frame 1413393315.905761
[MF-SEL] tPrev=(  d=0.061959  dMin=0.000000  dAvg=0.022697  dMax=2.209743  Dlo=0.011349  Dhi=1.116220  err=0.000000  inc=-0.429540  bucket 0->0  (mf=1000)
[MF-SEL] tPrev=(  d=0.026310  dMin=0.000000  dAvg=0.022700  dMax=2.209743  Dlo=0.011350  Dhi=1.116221  err=0.000000  inc=-0.429540  bucket 0->0  (mf=1000)
Dropping frame 1413393316.055760
[MF-SEL] tPrev=(  d=0.051203  dMin=0.000000  dAvg=0.022716  dMax=2.209743  Dlo=0.011358  Dhi=1.116229  err=0.000000  inc=-0.429540  bucket 0->0  (mf=1000)
[MF-SEL] tPrev=(  d=0.028760  dMin=0.000000  dAvg=0.022719  dMax=2.209743  Dlo=0.011360  Dhi=1.116231  err=0.000000  inc=-0.429540  bucket 0->0  (mf=1000)
[MF-SEL] tPrev=(  d=0.025755  dMin=0.000000  dAvg=0.022721  dMax=2.209743  Dlo=0.011361  Dhi=1.116232  err=0.000000  inc=-0.429540  bucket 0->0  (mf=1000)
[MF-SEL] tPrev=(  d=0.026106  dMin=0.000000  dAvg=0.022723  dMax=2.209743  Dlo=0.011361  Dhi=1.116233  err=0.000000  inc=-0.429540  bucket 0->0  (mf=1000)
Dropping frame 1413393316.305761
[MF-SEL] tPrev=(  d=0.056288  dMin=0.000000  dAvg=0.022742  dMax=2.209743  Dlo=0.011371  Dhi=1.116243  err=0.000000  inc=-0.429540  bucket 0->0  (mf=1000)
Dropping frame 1413393316.405761
[MF-SEL] tPrev=(  d=0.058856  dMin=0.000000  dAvg=0.022763  dMax=2.209743  Dlo=0.011381  Dhi=1.116253  err=0.000000  inc=-0.429540  bucket 0->0  (mf=1000)
[MF-SEL] tPrev=(  d=0.029170  dMin=0.000000  dAvg=0.022766  dMax=2.209743  Dlo=0.011383  Dhi=1.116255  err=0.000000  inc=-0.429540  bucket 0->0  (mf=1000)
[MF-SEL] tPrev=(  d=0.031126  dMin=0.000000  dAvg=0.022771  dMax=2.209743  Dlo=0.011386  Dhi=1.116257  err=0.000000  inc=-0.429540  bucket 0->0  (mf=1000)
[MF-SEL] tPrev=(  d=0.027953  dMin=0.000000  dAvg=0.022774  dMax=2.209743  Dlo=0.011387  Dhi=1.116259  err=0.000000  inc=-0.429540  bucket 0->0  (mf=1000)
[MF-SEL] tPrev=(  d=0.027443  dMin=0.000000  dAvg=0.022777  dMax=2.209743  Dlo=0.011388  Dhi=1.116260  err=0.000000  inc=-0.429540  bucket 0->0  (mf=1000)
[MF-SEL] tPrev=(  d=0.025915  dMin=0.000000  dAvg=0.022778  dMax=2.209743  Dlo=0.011389  Dhi=1.116261  err=0.000000  inc=-0.429540  bucket 0->0  (mf=1000)
[MF-SEL] tPrev=(  d=0.033891  dMin=0.000000  dAvg=0.022785  dMax=2.209743  Dlo=0.011392  Dhi=1.116264  err=0.000000  inc=-0.429540  bucket 0->0  (mf=1000)
Dropping frame 1413393316.805761
[MF-SEL] tPrev=(  d=0.047508  dMin=0.000000  dAvg=0.022799  dMax=2.209743  Dlo=0.011399  Dhi=1.116271  err=0.000000  inc=-0.429540  bucket 0->0  (mf=1000)
Dropping frame 1413393316.905761
[MF-SEL] tPrev=(  d=0.058283  dMin=0.000000  dAvg=0.022819  dMax=2.209743  Dlo=0.011409  Dhi=1.116281  err=0.000000  inc=-0.429540  bucket 0->0  (mf=1000)
Dropping frame 1413393317.005760
[MF-SEL] tPrev=(  d=0.044588  dMin=0.000000  dAvg=0.022831  dMax=2.209743  Dlo=0.011416  Dhi=1.116287  err=0.000000  inc=-0.429540  bucket 0->0  (mf=1000)
[MF-SEL] tPrev=(  d=0.022834  dMin=0.000000  dAvg=0.022831  dMax=2.209743  Dlo=0.011416  Dhi=1.116287  err=0.000000  inc=-0.429540  bucket 0->0  (mf=1000)
[MF-SEL] tPrev=(  d=0.022589  dMin=0.000000  dAvg=0.022831  dMax=2.209743  Dlo=0.011416  Dhi=1.116287  err=0.000000  inc=-0.429540  bucket 0->0  (mf=1000)
Dropping frame 1413393317.205760
[MF-SEL] tPrev=(  d=0.045248  dMin=0.000000  dAvg=0.022844  dMax=2.209743  Dlo=0.011422  Dhi=1.116293  err=0.000000  inc=-0.429540  bucket 0->0  (mf=1000)
Dropping frame 1413393317.305761
[MF-SEL] tPrev=(  d=0.045574  dMin=0.000000  dAvg=0.022857  dMax=2.209743  Dlo=0.011428  Dhi=1.116300  err=0.000000  inc=-0.429540  bucket 0->0  (mf=1000)
[MF-SEL] tPrev=(  d=0.022998  dMin=0.000000  dAvg=0.022857  dMax=2.209743  Dlo=0.011428  Dhi=1.116300  err=0.000000  inc=-0.429540  bucket 0->0  (mf=1000)
[MF-SEL] tPrev=(  d=0.031709  dMin=0.000000  dAvg=0.022862  dMax=2.209743  Dlo=0.011431  Dhi=1.116302  err=0.000000  inc=-0.429540  bucket 0->0  (mf=1000)
[MF-SEL] tPrev=(  d=0.022815  dMin=0.000000  dAvg=0.022862  dMax=2.209743  Dlo=0.011431  Dhi=1.116302  err=0.000000  inc=-0.429540  bucket 0->0  (mf=1000)
[MF-SEL] tPrev=(  d=0.023430  dMin=0.000000  dAvg=0.022862  dMax=2.209743  Dlo=0.011431  Dhi=1.116303  err=0.000000  inc=-0.429540  bucket 0->0  (mf=1000)
Dropping frame 1413393317.605761
[MF-SEL] tPrev=(  d=0.049967  dMin=0.000000  dAvg=0.022877  dMax=2.209743  Dlo=0.011439  Dhi=1.116310  err=0.000000  inc=-0.429540  bucket 0->0  (mf=1000)
[MF-SEL] tPrev=(  d=0.025467  dMin=0.000000  dAvg=0.022879  dMax=2.209743  Dlo=0.011439  Dhi=1.116311  err=0.000000  inc=-0.429540  bucket 0->0  (mf=1000)
[MF-SEL] tPrev=(  d=0.026190  dMin=0.000000  dAvg=0.022881  dMax=2.209743  Dlo=0.011440  Dhi=1.116312  err=0.000000  inc=-0.429540  bucket 0->0  (mf=1000)
[MF-SEL] tPrev=(  d=0.027175  dMin=0.000000  dAvg=0.022883  dMax=2.209743  Dlo=0.011442  Dhi=1.116313  err=0.000000  inc=-0.429540  bucket 0->0  (mf=1000)
Dropping frame 1413393317.855760
[MF-SEL] tPrev=(  d=0.065617  dMin=0.000000  dAvg=0.022907  dMax=2.209743  Dlo=0.011454  Dhi=1.116325  err=0.000000  inc=-0.429540  bucket 0->0  (mf=1000)
[MF-SEL] tPrev=(  d=0.027259  dMin=0.000000  dAvg=0.022910  dMax=2.209743  Dlo=0.011455  Dhi=1.116326  err=0.000000  inc=-0.429540  bucket 0->0  (mf=1000)
[MF-SEL] tPrev=(  d=0.028340  dMin=0.000000  dAvg=0.022913  dMax=2.209743  Dlo=0.011456  Dhi=1.116328  err=0.000000  inc=-0.429540  bucket 0->0  (mf=1000)
[MF-SEL] tPrev=(  d=0.028930  dMin=0.000000  dAvg=0.022916  dMax=2.209743  Dlo=0.011458  Dhi=1.116330  err=0.000000  inc=-0.429540  bucket 0->0  (mf=1000)
[MF-SEL] tPrev=(  d=0.034292  dMin=0.000000  dAvg=0.022922  dMax=2.209743  Dlo=0.011461  Dhi=1.116333  err=0.000000  inc=-0.429540  bucket 0->0  (mf=1000)
[MF-SEL] tPrev=(  d=0.029640  dMin=0.000000  dAvg=0.022926  dMax=2.209743  Dlo=0.011463  Dhi=1.116335  err=0.000000  inc=-0.429540  bucket 0->0  (mf=1000)
Dropping frame 1413393318.205760
[MF-SEL] tPrev=(  d=0.047279  dMin=0.000000  dAvg=0.022940  dMax=2.209743  Dlo=0.011470  Dhi=1.116341  err=0.000000  inc=-0.429540  bucket 0->0  (mf=1000)
[MF-SEL] tPrev=(  d=0.029853  dMin=0.000000  dAvg=0.022944  dMax=2.209743  Dlo=0.011472  Dhi=1.116343  err=0.000000  inc=-0.429540  bucket 0->0  (mf=1000)
[MF-SEL] tPrev=(  d=0.029646  dMin=0.000000  dAvg=0.022947  dMax=2.209743  Dlo=0.011474  Dhi=1.116345  err=0.000000  inc=-0.429540  bucket 0->0  (mf=1000)
[MF-SEL] tPrev=(  d=0.028878  dMin=0.000000  dAvg=0.022951  dMax=2.209743  Dlo=0.011475  Dhi=1.116347  err=0.000000  inc=-0.429540  bucket 0->0  (mf=1000)
[MF-SEL] tPrev=(  d=0.028404  dMin=0.000000  dAvg=0.022954  dMax=2.209743  Dlo=0.011477  Dhi=1.116348  err=0.000000  inc=-0.429540  bucket 0->0  (mf=1000)
[MF-SEL] tPrev=(  d=0.032732  dMin=0.000000  dAvg=0.022959  dMax=2.209743  Dlo=0.011480  Dhi=1.116351  err=0.000000  inc=-0.429540  bucket 0->0  (mf=1000)
Dropping frame 1413393318.555760
[MF-SEL] tPrev=(  d=0.053670  dMin=0.000000  dAvg=0.022976  dMax=2.209743  Dlo=0.011488  Dhi=1.116360  err=0.000000  inc=-0.429540  bucket 0->0  (mf=1000)
Dropping frame 1413393318.655760
[MF-SEL] tPrev=(  d=0.041681  dMin=0.000000  dAvg=0.022987  dMax=2.209743  Dlo=0.011493  Dhi=1.116365  err=0.000000  inc=-0.429540  bucket 0->0  (mf=1000)
Dropping frame 1413393318.755760
[MF-SEL] tPrev=(  d=0.038857  dMin=0.000000  dAvg=0.022996  dMax=2.209743  Dlo=0.011498  Dhi=1.116369  err=0.000000  inc=-0.429540  bucket 0->0  (mf=1000)
[MF-SEL] tPrev=(  d=0.017010  dMin=0.000000  dAvg=0.022992  dMax=2.209743  Dlo=0.011496  Dhi=1.116368  err=0.000000  inc=-0.429540  bucket 0->0  (mf=1000)
[MF-SEL] tPrev=(  d=0.019599  dMin=0.000000  dAvg=0.022991  dMax=2.209743  Dlo=0.011495  Dhi=1.116367  err=0.000000  inc=-0.429540  bucket 0->0  (mf=1000)
[MF-SEL] tPrev=(  d=0.015154  dMin=0.000000  dAvg=0.022986  dMax=2.209743  Dlo=0.011493  Dhi=1.116365  err=0.000000  inc=-0.429540  bucket 0->0  (mf=1000)
[MF-SEL] tPrev=(  d=0.014837  dMin=0.000000  dAvg=0.022982  dMax=2.209743  Dlo=0.011491  Dhi=1.116362  err=0.000000  inc=-0.429540  bucket 0->0  (mf=1000)
Dropping frame 1413393319.055760
[MF-SEL] tPrev=(  d=0.030867  dMin=0.000000  dAvg=0.022986  dMax=2.209743  Dlo=0.011493  Dhi=1.116365  err=0.000000  inc=-0.429540  bucket 0->0  (mf=1000)
[MF-SEL] tPrev=(  d=0.016947  dMin=0.000000  dAvg=0.022983  dMax=2.209743  Dlo=0.011491  Dhi=1.116363  err=0.000000  inc=-0.429540  bucket 0->0  (mf=1000)
[MF-SEL] tPrev=(  d=0.012977  dMin=0.000000  dAvg=0.022977  dMax=2.209743  Dlo=0.011489  Dhi=1.116360  err=0.000000  inc=-0.429540  bucket 0->0  (mf=1000)
Dropping frame 1413393319.255760
[MF-SEL] tPrev=(  d=0.032035  dMin=0.000000  dAvg=0.022982  dMax=2.209743  Dlo=0.011491  Dhi=1.116363  err=0.000000  inc=-0.429540  bucket 0->0  (mf=1000)
[MF-SEL] tPrev=(  d=0.015625  dMin=0.000000  dAvg=0.022978  dMax=2.209743  Dlo=0.011489  Dhi=1.116361  err=0.000000  inc=-0.429540  bucket 0->0  (mf=1000)
[MF-SEL] tPrev=(  d=0.022551  dMin=0.000000  dAvg=0.022978  dMax=2.209743  Dlo=0.011489  Dhi=1.116360  err=0.000000  inc=-0.429540  bucket 0->0  (mf=1000)
Dropping frame 1413393319.455760
[MF-SEL] tPrev=(  d=0.028561  dMin=0.000000  dAvg=0.022981  dMax=2.209743  Dlo=0.011490  Dhi=1.116362  err=0.000000  inc=-0.429540  bucket 0->0  (mf=1000)
Dropping frame 1413393319.555760
[MF-SEL] tPrev=(  d=0.042996  dMin=0.000000  dAvg=0.022992  dMax=2.209743  Dlo=0.011496  Dhi=1.116368  err=0.000000  inc=-0.429540  bucket 0->0  (mf=1000)
[MF-SEL] tPrev=(  d=0.013352  dMin=0.000000  dAvg=0.022987  dMax=2.209743  Dlo=0.011493  Dhi=1.116365  err=0.000000  inc=-0.429540  bucket 0->0  (mf=1000)
[MF-SEL] tPrev=(  d=0.012788  dMin=0.000000  dAvg=0.022981  dMax=2.209743  Dlo=0.011491  Dhi=1.116362  err=0.000000  inc=-0.429540  bucket 0->0  (mf=1000)
[MF-SEL] tPrev=(  d=0.011592  dMin=0.000000  dAvg=0.022975  dMax=2.209743  Dlo=0.011487  Dhi=1.116359  err=0.000000  inc=-0.429540  bucket 0->0  (mf=1000)
[MF-SEL] tPrev=(  d=0.019417  dMin=0.000000  dAvg=0.022973  dMax=2.209743  Dlo=0.011486  Dhi=1.116358  err=0.000000  inc=-0.429540  bucket 0->0  (mf=1000)
[MF-SEL] tPrev=(  d=0.013188  dMin=0.000000  dAvg=0.022967  dMax=2.209743  Dlo=0.011484  Dhi=1.116355  err=0.000000  inc=-0.429540  bucket 0->0  (mf=1000)
[MF-SEL] tPrev=(  d=0.015159  dMin=0.000000  dAvg=0.022963  dMax=2.209743  Dlo=0.011482  Dhi=1.116353  err=0.000000  inc=-0.429540  bucket 0->0  (mf=1000)
[MF-SEL] tPrev=(  d=0.017462  dMin=0.000000  dAvg=0.022960  dMax=2.209743  Dlo=0.011480  Dhi=1.116351  err=0.000000  inc=-0.429540  bucket 0->0  (mf=1000)
[MF-SEL] tPrev=(  d=0.015311  dMin=0.000000  dAvg=0.022956  dMax=2.209743  Dlo=0.011478  Dhi=1.116349  err=0.000000  inc=-0.429540  bucket 0->0  (mf=1000)
[MF-SEL] tPrev=(  d=0.015832  dMin=0.000000  dAvg=0.022952  dMax=2.209743  Dlo=0.011476  Dhi=1.116347  err=0.000000  inc=-0.429540  bucket 0->0  (mf=1000)
Dropping frame 1413393320.105761
[MF-SEL] tPrev=(  d=0.034071  dMin=0.000000  dAvg=0.022958  dMax=2.209743  Dlo=0.011479  Dhi=1.116350  err=0.000000  inc=-0.429540  bucket 0->0  (mf=1000)
[MF-SEL] tPrev=(  d=0.037891  dMin=0.000000  dAvg=0.022966  dMax=2.209743  Dlo=0.011483  Dhi=1.116355  err=0.000000  inc=-0.429540  bucket 0->0  (mf=1000)
[MF-SEL] tPrev=(  d=0.016422  dMin=0.000000  dAvg=0.022963  dMax=2.209743  Dlo=0.011481  Dhi=1.116353  err=0.000000  inc=-0.429540  bucket 0->0  (mf=1000)
Dropping frame 1413393320.305761
[MF-SEL] tPrev=(  d=0.029318  dMin=0.000000  dAvg=0.022966  dMax=2.209743  Dlo=0.011483  Dhi=1.116355  err=0.000000  inc=-0.429540  bucket 0->0  (mf=1000)
Dropping frame 1413393320.405761
[MF-SEL] tPrev=(  d=0.023191  dMin=0.000000  dAvg=0.022966  dMax=2.209743  Dlo=0.011483  Dhi=1.116355  err=0.000000  inc=-0.429540  bucket 0->0  (mf=1000)
[MF-SEL] tPrev=(  d=0.007512  dMin=0.000000  dAvg=0.022958  dMax=2.209743  Dlo=0.011479  Dhi=1.116350  err=-1.000000  inc=-1.307477  bucket 0->0  (mf=1000)
[MF-SEL] tPrev=(  d=0.009825  dMin=0.000000  dAvg=0.022950  dMax=2.209743  Dlo=0.011475  Dhi=1.116347  err=-1.000000  inc=-1.034696  bucket 0->0  (mf=1000)
[MF-SEL] tPrev=(  d=0.009383  dMin=0.000000  dAvg=0.022943  dMax=2.209743  Dlo=0.011472  Dhi=1.116343  err=-1.000000  inc=-1.037444  bucket 0->0  (mf=1000)
[MF-SEL] tPrev=(  d=0.010044  dMin=0.000000  dAvg=0.022936  dMax=2.209743  Dlo=0.011468  Dhi=1.116339  err=-1.000000  inc=-1.039466  bucket 0->0  (mf=1000)
[MF-SEL] tPrev=(  d=0.019454  dMin=0.000000  dAvg=0.022934  dMax=2.209743  Dlo=0.011467  Dhi=1.116339  err=0.000000  inc=-0.134925  bucket 0->0  (mf=1000)
[MF-SEL] tPrev=(  d=0.023998  dMin=0.000000  dAvg=0.022935  dMax=2.209743  Dlo=0.011467  Dhi=1.116339  err=0.000000  inc=-0.439466  bucket 0->0  (mf=1000)
[MF-SEL] tPrev=(  d=0.032448  dMin=0.000000  dAvg=0.022940  dMax=2.209743  Dlo=0.011470  Dhi=1.116341  err=0.000000  inc=-0.439466  bucket 0->0  (mf=1000)
[MF-SEL] tPrev=(  d=0.018657  dMin=0.000000  dAvg=0.022937  dMax=2.209743  Dlo=0.011469  Dhi=1.116340  err=0.000000  inc=-0.439466  bucket 0->0  (mf=1000)
Dropping frame 1413393320.905761
[MF-SEL] tPrev=(  d=0.035427  dMin=0.000000  dAvg=0.022944  dMax=2.209743  Dlo=0.011472  Dhi=1.116344  err=0.000000  inc=-0.439466  bucket 0->0  (mf=1000)
Dropping frame 1413393321.005760
[MF-SEL] tPrev=(  d=0.026129  dMin=0.000000  dAvg=0.022946  dMax=2.209743  Dlo=0.011473  Dhi=1.116345  err=0.000000  inc=-0.439466  bucket 0->0  (mf=1000)
Dropping frame 1413393321.105761
[MF-SEL] tPrev=(  d=0.021596  dMin=0.000000  dAvg=0.022945  dMax=2.209743  Dlo=0.011473  Dhi=1.116344  err=0.000000  inc=-0.439466  bucket 0->0  (mf=1000)
Dropping frame 1413393321.205760
[MF-SEL] tPrev=(  d=0.037472  dMin=0.000000  dAvg=0.022953  dMax=2.209743  Dlo=0.011477  Dhi=1.116348  err=0.000000  inc=-0.439466  bucket 0->0  (mf=1000)
[MF-SEL] tPrev=(  d=0.016276  dMin=0.000000  dAvg=0.022950  dMax=2.209743  Dlo=0.011475  Dhi=1.116346  err=0.000000  inc=-0.439466  bucket 0->0  (mf=1000)
[MF-SEL] tPrev=(  d=0.017970  dMin=0.000000  dAvg=0.022947  dMax=2.209743  Dlo=0.011473  Dhi=1.116345  err=0.000000  inc=-0.439466  bucket 0->0  (mf=1000)
[MF-SEL] tPrev=(  d=0.005716  dMin=0.000000  dAvg=0.022937  dMax=2.209743  Dlo=0.011469  Dhi=1.116340  err=-1.000000  inc=-1.363079  bucket 0->0  (mf=1000)
[MF-SEL] tPrev=(  d=0.017393  dMin=0.000000  dAvg=0.022934  dMax=2.209743  Dlo=0.011467  Dhi=1.116339  err=0.000000  inc=-0.142647  bucket 0->0  (mf=1000)
[MF-SEL] tPrev=(  d=0.018353  dMin=0.000000  dAvg=0.022932  dMax=2.209743  Dlo=0.011466  Dhi=1.116337  err=0.000000  inc=-0.441957  bucket 0->0  (mf=1000)
[MF-SEL] tPrev=(  d=0.020909  dMin=0.000000  dAvg=0.022931  dMax=2.209743  Dlo=0.011465  Dhi=1.116337  err=0.000000  inc=-0.441957  bucket 0->0  (mf=1000)
[MF-SEL] tPrev=(  d=0.005078  dMin=0.000000  dAvg=0.022921  dMax=2.209743  Dlo=0.011461  Dhi=1.116332  err=-1.000000  inc=-1.409635  bucket 0->0  (mf=1000)
Dropping frame 1413393321.655760
[MF-SEL] tPrev=(  d=0.040657  dMin=0.000000  dAvg=0.022931  dMax=2.209743  Dlo=0.011465  Dhi=1.116337  err=0.000000  inc=-0.291589  bucket 0->0  (mf=1000)
[MF-SEL] tPrev=(  d=0.020538  dMin=0.000000  dAvg=0.022930  dMax=2.209743  Dlo=0.011465  Dhi=1.116336  err=0.000000  inc=-0.444146  bucket 0->0  (mf=1000)
[MF-SEL] tPrev=(  d=0.012528  dMin=0.000000  dAvg=0.022924  dMax=2.209743  Dlo=0.011462  Dhi=1.116333  err=0.000000  inc=-0.444146  bucket 0->0  (mf=1000)
Dropping frame 1413393321.855760
[MF-SEL] tPrev=(  d=0.042483  dMin=0.000000  dAvg=0.022934  dMax=2.209743  Dlo=0.011467  Dhi=1.116339  err=0.000000  inc=-0.444146  bucket 0->0  (mf=1000)
[MF-SEL] tPrev=(  d=0.021285  dMin=0.000000  dAvg=0.022934  dMax=2.209743  Dlo=0.011467  Dhi=1.116338  err=0.000000  inc=-0.444146  bucket 0->0  (mf=1000)
[MF-SEL] tPrev=(  d=0.037561  dMin=0.000000  dAvg=0.022942  dMax=2.209743  Dlo=0.011471  Dhi=1.116342  err=0.000000  inc=-0.444146  bucket 0->0  (mf=1000)
Dropping frame 1413393322.055760
[MF-SEL] tPrev=(  d=0.047417  dMin=0.000000  dAvg=0.022955  dMax=2.209743  Dlo=0.011477  Dhi=1.116349  err=0.000000  inc=-0.444146  bucket 0->0  (mf=1000)
Dropping frame 1413393322.155760
Fail to track local map!
[MF-SEL] tPrev=(  d=0.050809  dMin=0.000000  dAvg=0.022970  dMax=2.209743  Dlo=0.011485  Dhi=1.116356  err=0.000000  inc=-0.444146  bucket 0->0  (mf=1000)
Dropping frame 1413393322.255760
Fail to track local map!
[MF-SEL] tPrev=(  d=0.053732  dMin=0.000000  dAvg=0.022987  dMax=2.209743  Dlo=0.011493  Dhi=1.116365  err=0.000000  inc=-0.444146  bucket 0->0  (mf=1000)
Fail to track local map!
[MF-SEL] tPrev=(  d=0.027915  dMin=0.000000  dAvg=0.022989  dMax=2.209743  Dlo=0.011495  Dhi=1.116366  err=0.000000  inc=-0.444146  bucket 0->0  (mf=1000)
Fail to track local map!
[MF-SEL] tPrev=(  d=0.028693  dMin=0.000000  dAvg=0.022992  dMax=2.209743  Dlo=0.011496  Dhi=1.116368  err=0.000000  inc=-0.444146  bucket 0->0  (mf=1000)
Fail to track local map!
[MF-SEL] tPrev=(  d=0.029371  dMin=0.000000  dAvg=0.022996  dMax=2.209743  Dlo=0.011498  Dhi=1.116369  err=0.000000  inc=-0.444146  bucket 0->0  (mf=1000)
Fail to track local map!
[MF-SEL] tPrev=(  d=0.012511  dMin=0.000000  dAvg=0.022990  dMax=2.209743  Dlo=0.011495  Dhi=1.116367  err=0.000000  inc=-0.444146  bucket 0->0  (mf=1000)
Dropping frame 1413393322.555760
Fail to track local map!
[MF-SEL] tPrev=(  d=0.138274  dMin=0.000000  dAvg=0.023052  dMax=2.209743  Dlo=0.011526  Dhi=1.116398  err=0.000000  inc=-0.444146  bucket 0->0  (mf=1000)
Dropping frame 1413393322.655760
Fail to track local map!
[MF-SEL] tPrev=(  d=0.069161  dMin=0.000000  dAvg=0.023077  dMax=2.209743  Dlo=0.011539  Dhi=1.116410  err=0.000000  inc=-0.444146  bucket 0->0  (mf=1000)
Fail to track local map!
[MF-SEL] tPrev=(  d=0.035626  dMin=0.000000  dAvg=0.023084  dMax=2.209743  Dlo=0.011542  Dhi=1.116414  err=0.000000  inc=-0.444146  bucket 0->0  (mf=1000)
Fail to track local map!
[MF-SEL] tPrev=(  d=0.036391  dMin=0.000000  dAvg=0.023091  dMax=2.209743  Dlo=0.011546  Dhi=1.116417  err=0.000000  inc=-0.444146  bucket 0->0  (mf=1000)
Fail to track local map!
[MF-SEL] tPrev=(  d=0.037214  dMin=0.000000  dAvg=0.023099  dMax=2.209743  Dlo=0.011549  Dhi=1.116421  err=0.000000  inc=-0.444146  bucket 0->0  (mf=1000)
Fail to track local map!
[MF-SEL] tPrev=(  d=0.037896  dMin=0.000000  dAvg=0.023107  dMax=2.209743  Dlo=0.011553  Dhi=1.116425  err=0.000000  inc=-0.444146  bucket 0->0  (mf=1000)
Dropping frame 1413393322.955760
Fail to track local map!
[MF-SEL] tPrev=(  d=0.077815  dMin=0.000000  dAvg=0.023136  dMax=2.209743  Dlo=0.011568  Dhi=1.116440  err=0.000000  inc=-0.444146  bucket 0->0  (mf=1000)
Fail to track local map!
[MF-SEL] tPrev=(  d=0.141993  dMin=0.000000  dAvg=0.023200  dMax=2.209743  Dlo=0.011600  Dhi=1.116472  err=0.000000  inc=-0.444146  bucket 0->0  (mf=1000)
Dropping frame 1413393323.105761
Fail to track local map!
[MF-SEL] tPrev=(  d=0.083651  dMin=0.000000  dAvg=0.023233  dMax=2.209743  Dlo=0.011616  Dhi=1.116488  err=0.000000  inc=-0.444146  bucket 0->0  (mf=1000)
Fail to track local map!
[MF-SEL] tPrev=(  d=0.042974  dMin=0.000000  dAvg=0.023244  dMax=2.209743  Dlo=0.011622  Dhi=1.116493  err=0.000000  inc=-0.444146  bucket 0->0  (mf=1000)
Fail to track local map!
[MF-SEL] tPrev=(  d=0.043682  dMin=0.000000  dAvg=0.023255  dMax=2.209743  Dlo=0.011627  Dhi=1.116499  err=0.000000  inc=-0.444146  bucket 0->0  (mf=1000)
Dropping frame 1413393323.305761
Fail to track local map!
[MF-SEL] tPrev=(  d=0.089458  dMin=0.000000  dAvg=0.023290  dMax=2.209743  Dlo=0.011645  Dhi=1.116517  err=0.000000  inc=-0.444146  bucket 0->0  (mf=1000)
Fail to track local map!
[MF-SEL] tPrev=(  d=0.045700  dMin=0.000000  dAvg=0.023302  dMax=2.209743  Dlo=0.011651  Dhi=1.116523  err=0.000000  inc=-0.444146  bucket 0->0  (mf=1000)
[MF-SEL] tPrev=(  d=0.006431  dMin=0.000000  dAvg=0.023293  dMax=2.209743  Dlo=0.011647  Dhi=1.116518  err=-1.000000  inc=-1.362410  bucket 0->0  (mf=1000)
Fail to track local map!
[MF-SEL] tPrev=(  d=0.138761  dMin=0.000000  dAvg=0.023355  dMax=2.209743  Dlo=0.011678  Dhi=1.116549  err=0.000000  inc=0.017366  bucket 0->0  (mf=1000)
Dropping frame 1413393323.555760
Fail to track local map!
[MF-SEL] tPrev=(  d=0.094179  dMin=0.000000  dAvg=0.023393  dMax=2.209743  Dlo=0.011696  Dhi=1.116568  err=0.000000  inc=-0.446680  bucket 0->0  (mf=1000)
Fail to track local map!
[MF-SEL] tPrev=(  d=0.048151  dMin=0.000000  dAvg=0.023406  dMax=2.209743  Dlo=0.011703  Dhi=1.116575  err=0.000000  inc=-0.446680  bucket 0->0  (mf=1000)
Fail to track local map!
[MF-SEL] tPrev=(  d=0.048871  dMin=0.000000  dAvg=0.023420  dMax=2.209743  Dlo=0.011710  Dhi=1.116581  err=0.000000  inc=-0.446680  bucket 0->0  (mf=1000)
Fail to track local map!
[MF-SEL] tPrev=(  d=0.049615  dMin=0.000000  dAvg=0.023434  dMax=2.209743  Dlo=0.011717  Dhi=1.116588  err=0.000000  inc=-0.446680  bucket 0->0  (mf=1000)
Fail to track local map!
[MF-SEL] tPrev=(  d=0.050324  dMin=0.000000  dAvg=0.023448  dMax=2.209743  Dlo=0.011724  Dhi=1.116596  err=0.000000  inc=-0.446680  bucket 0->0  (mf=1000)
Fail to track local map!
[MF-SEL] tPrev=(  d=0.051032  dMin=0.000000  dAvg=0.023463  dMax=2.209743  Dlo=0.011732  Dhi=1.116603  err=0.000000  inc=-0.446680  bucket 0->0  (mf=1000)
Fail to track local map!
[MF-SEL] tPrev=(  d=0.051755  dMin=0.000000  dAvg=0.023478  dMax=2.209743  Dlo=0.011739  Dhi=1.116611  err=0.000000  inc=-0.446680  bucket 0->0  (mf=1000)
[MF-SEL] tPrev=(  d=0.052308  dMin=0.000000  dAvg=0.023494  dMax=2.209743  Dlo=0.011747  Dhi=1.116618  err=0.000000  inc=-0.446680  bucket 0->0  (mf=1000)
Fail to track local map!
[MF-SEL] tPrev=(  d=0.203738  dMin=0.000000  dAvg=0.023590  dMax=2.209743  Dlo=0.011795  Dhi=1.116666  err=0.000000  inc=-0.446680  bucket 0->0  (mf=1000)
Dropping frame 1413393324.055760
Fail to track local map!
[MF-SEL] tPrev=(  d=0.104278  dMin=0.000000  dAvg=0.023633  dMax=2.209743  Dlo=0.011816  Dhi=1.116688  err=0.000000  inc=-0.446680  bucket 0->0  (mf=1000)
Dropping frame 1413393324.155760
Fail to track local map!
[MF-SEL] tPrev=(  d=0.106844  dMin=0.000000  dAvg=0.023677  dMax=2.209743  Dlo=0.011839  Dhi=1.116710  err=0.000000  inc=-0.446680  bucket 0->0  (mf=1000)
Fail to track local map!
[MF-SEL] tPrev=(  d=0.054387  dMin=0.000000  dAvg=0.023694  dMax=2.209743  Dlo=0.011847  Dhi=1.116718  err=0.000000  inc=-0.446680  bucket 0->0  (mf=1000)
Fail to track local map!
[MF-SEL] tPrev=(  d=0.055029  dMin=0.000000  dAvg=0.023710  dMax=2.209743  Dlo=0.011855  Dhi=1.116727  err=0.000000  inc=-0.446680  bucket 0->0  (mf=1000)
Dropping frame 1413393324.355760
Fail to track local map!
[MF-SEL] tPrev=(  d=0.112056  dMin=0.000000  dAvg=0.023757  dMax=2.209743  Dlo=0.011879  Dhi=1.116750  err=0.000000  inc=-0.446680  bucket 0->0  (mf=1000)
[MF-SEL] tPrev=(  d=0.056874  dMin=0.000000  dAvg=0.023775  dMax=2.209743  Dlo=0.011887  Dhi=1.116759  err=0.000000  inc=-0.446680  bucket 0->0  (mf=1000)
Dropping frame 1413393324.505760
Fail to track local map!
[MF-SEL] tPrev=(  d=0.499076  dMin=0.000000  dAvg=0.024028  dMax=2.209743  Dlo=0.012014  Dhi=1.116885  err=0.000000  inc=-0.446680  bucket 0->0  (mf=1000)
Fail to track local map!
[MF-SEL] tPrev=(  d=0.061035  dMin=0.000000  dAvg=0.024047  dMax=2.209743  Dlo=0.012024  Dhi=1.116895  err=0.000000  inc=-0.446680  bucket 0->0  (mf=1000)
Fail to track local map!
[MF-SEL] tPrev=(  d=0.061601  dMin=0.000000  dAvg=0.024067  dMax=2.209743  Dlo=0.012034  Dhi=1.116905  err=0.000000  inc=-0.446680  bucket 0->0  (mf=1000)
Dropping frame 1413393324.705760
Fail to track local map!
[MF-SEL] tPrev=(  d=0.124864  dMin=0.000000  dAvg=0.024121  dMax=2.209743  Dlo=0.012060  Dhi=1.116932  err=0.000000  inc=-0.446680  bucket 0->0  (mf=1000)
Fail to track local map!
[MF-SEL] tPrev=(  d=0.063271  dMin=0.000000  dAvg=0.024142  dMax=2.209743  Dlo=0.012071  Dhi=1.116942  err=0.000000  inc=-0.446680  bucket 0->0  (mf=1000)
Fail to track local map!
[MF-SEL] tPrev=(  d=0.063866  dMin=0.000000  dAvg=0.024163  dMax=2.209743  Dlo=0.012081  Dhi=1.116953  err=0.000000  inc=-0.446680  bucket 0->0  (mf=1000)
Fail to track local map!
[MF-SEL] tPrev=(  d=0.064438  dMin=0.000000  dAvg=0.024184  dMax=2.209743  Dlo=0.012092  Dhi=1.116964  err=0.000000  inc=-0.446680  bucket 0->0  (mf=1000)
Dropping frame 1413393324.955760
Fail to track local map!
[MF-SEL] tPrev=(  d=0.634141  dMin=0.000000  dAvg=0.024507  dMax=2.209743  Dlo=0.012254  Dhi=1.117125  err=0.000000  inc=-0.446680  bucket 0->0  (mf=1000)
Fail to track local map!
[MF-SEL] tPrev=(  d=0.074240  dMin=0.000000  dAvg=0.024534  dMax=2.209743  Dlo=0.012267  Dhi=1.117138  err=0.000000  inc=-0.446680  bucket 0->0  (mf=1000)
Fail to track local map!
[MF-SEL] tPrev=(  d=0.074816  dMin=0.000000  dAvg=0.024560  dMax=2.209743  Dlo=0.012280  Dhi=1.117152  err=0.000000  inc=-0.446680  bucket 0->0  (mf=1000)
Dropping frame 1413393325.155760
Fail to track local map!
[MF-SEL] tPrev=(  d=0.152057  dMin=0.000000  dAvg=0.024628  dMax=2.209743  Dlo=0.012314  Dhi=1.117185  err=0.000000  inc=-0.446680  bucket 0->0  (mf=1000)
Dropping frame 1413393325.255760
Fail to track local map!
[MF-SEL] tPrev=(  d=0.155669  dMin=0.000000  dAvg=0.024697  dMax=2.209743  Dlo=0.012349  Dhi=1.117220  err=0.000000  inc=-0.446680  bucket 0->0  (mf=1000)
Fail to track local map!
[MF-SEL] tPrev=(  d=0.078981  dMin=0.000000  dAvg=0.024726  dMax=2.209743  Dlo=0.012363  Dhi=1.117234  err=0.000000  inc=-0.446680  bucket 0->0  (mf=1000)
Fail to track local map!
[MF-SEL] tPrev=(  d=0.079639  dMin=0.000000  dAvg=0.024755  dMax=2.209743  Dlo=0.012377  Dhi=1.117249  err=0.000000  inc=-0.446680  bucket 0->0  (mf=1000)
Dropping frame 1413393325.455760
Fail to track local map!
[MF-SEL] tPrev=(  d=2.381073  dMin=0.000000  dAvg=0.025999  dMax=2.381073  Dlo=0.012999  Dhi=1.203536  err=1.000000  inc=0.330862  bucket 0->0  (mf=1000)
Dropping frame 1413393325.555760
Fail to track local map!
[MF-SEL] tPrev=(  d=0.232571  dMin=0.000000  dAvg=0.026108  dMax=2.381073  Dlo=0.013054  Dhi=1.203590  err=0.000000  inc=-0.603447  bucket 0->0  (mf=1000)
Fail to track local map!
[MF-SEL] tPrev=(  d=0.117575  dMin=0.000000  dAvg=0.026156  dMax=2.381073  Dlo=0.013078  Dhi=1.203614  err=0.000000  inc=-0.442053  bucket 0->0  (mf=1000)
Dropping frame 1413393325.705760
Fail to track local map!
[MF-SEL] tPrev=(  d=0.236723  dMin=0.000000  dAvg=0.026267  dMax=2.381073  Dlo=0.013134  Dhi=1.203670  err=0.000000  inc=-0.442053  bucket 0->0  (mf=1000)
Fail to track local map!
[MF-SEL] tPrev=(  d=0.119453  dMin=0.000000  dAvg=0.026316  dMax=2.381073  Dlo=0.013158  Dhi=1.203695  err=0.000000  inc=-0.442053  bucket 0->0  (mf=1000)
Fail to track local map!
[MF-SEL] tPrev=(  d=0.120294  dMin=0.000000  dAvg=0.026366  dMax=2.381073  Dlo=0.013183  Dhi=1.203719  err=0.000000  inc=-0.442053  bucket 0->0  (mf=1000)
Fail to track local map!
[MF-SEL] tPrev=(  d=0.121099  dMin=0.000000  dAvg=0.026416  dMax=2.381073  Dlo=0.013208  Dhi=1.203744  err=0.000000  inc=-0.442053  bucket 0->0  (mf=1000)
Dropping frame 1413393325.955760
Fail to track local map!
[MF-SEL] tPrev=(  d=1.066047  dMin=0.000000  dAvg=0.026963  dMax=2.381073  Dlo=0.013481  Dhi=1.204018  err=0.000000  inc=-0.442053  bucket 0->0  (mf=1000)
Fail to track local map!
[MF-SEL] tPrev=(  d=0.137727  dMin=0.000000  dAvg=0.027021  dMax=2.381073  Dlo=0.013510  Dhi=1.204047  err=0.000000  inc=-0.442053  bucket 0->0  (mf=1000)
Fail to track local map!
[MF-SEL] tPrev=(  d=0.138650  dMin=0.000000  dAvg=0.027079  dMax=2.381073  Dlo=0.013540  Dhi=1.204076  err=0.000000  inc=-0.442053  bucket 0->0  (mf=1000)
Dropping frame 1413393326.155760
Fail to track local map!
[MF-SEL] tPrev=(  d=0.280218  dMin=0.000000  dAvg=0.027212  dMax=2.381073  Dlo=0.013606  Dhi=1.204143  err=0.000000  inc=-0.442053  bucket 0->0  (mf=1000)
Shutdown
SLAM Finished at System Time: 1748945603.020772695541382

 TIME STATS in ms (mean$\pm$std)
OpenCV version: 4.8.1
---------------------------
Tracking

ORB Extraction: 18.74583$\pm$2.23802
Stereo Matching: 6.93552$\pm$2.64906
IMU Preintegration: 0.18707$\pm$0.04383
Pose Prediction: 0.28038$\pm$0.97521
LM Track: 16.25573$\pm$3.56725
New KF decision: 0.31866$\pm$0.37415
Total Tracking: 33.41748$\pm$21.59869



Local Mapping

KF Insertion: 12.32812$\pm$3.34437
MP Culling: 0.52347$\pm$0.20950
MP Creation: 35.39614$\pm$12.14679
LBA: 119.31813$\pm$33.89152
KF Culling: 9.78037$\pm$5.27579
Total Local Mapping: 177.30052$\pm$47.54504
---------------------------

LBA complexity (mean$\pm$std)
LBA Edges: 1888.75000$\pm$489.39293
LBA KF optimized: 6.50000$\pm$2.29129
LBA KF fixed: 1.00000$\pm$0.00000
LBA MP: nan$\pm$nan

LBA executions: 361
LBA aborts: 0
---------------------------

Map complexity
KFs in map: 93
MPs in map: 5739
---------------------------

Place Recognition (mean$\pm$std)
Database Query: 0.97593$\pm$0.46866
SE3 estimation: 10.76308$\pm$9.02782
Total Place Recognition: 10.02271$\pm$9.60586


Loop Closing (mean$\pm$std)
Loop Fusion: nan$\pm$nan
Essential Graph: nan$\pm$nan
Total Loop Closing: nan$\pm$nan

Num exec: 0
Number of KFs: nan$\pm$nan

Map Merging (mean$\pm$std)
Merge Maps: nan$\pm$nan
Welding BA: nan$\pm$nan
Optimization Ess.: nan$\pm$nan
Total Map Merging: nan$\pm$nan

Num exec: 0
Number of KFs: nan$\pm$nan
Number of MPs: nan$\pm$nan

Full GBA (mean$\pm$std)
GBA: nan$\pm$nan
Map Update: nan$\pm$nan
Total Full GBA: nan$\pm$nan

Num exec: 0
Num abort: 0
Number of KFs: nan$\pm$nan
Number of MPs: nan$\pm$nan

Saving trajectory to f_dataset-V201_stereo_imu.txt ...
There are 1 maps in the atlas
  Map 0 has 93 KFs

End of saving trajectory to f_dataset-V201_stereo_imu.txt ...

Saving keyframe trajectory to kf_dataset-V201_stereo_imu.txt ...
