#Frame Timestamp[ns],Image Rect[ms],Image Resize[ms],ORB ext[ms],Stereo match[ms],IMU preint[ms],Pose pred[ms],LM track[ms],KF dec[ms],Total[ms]
1403636579763555584.000000,0.000000,0.000000,32.946977,4.977572,0.004608,13.968703,8.669302,0.003680,42.070046
1403636579813555456.000000,0.000000,0.000000,25.125879,5.967314,0.069697,3.989334,6.984479,0.000928,35.140799
1403636579863555584.000000,0.000000,0.000000,23.214173,6.542969,0.068097,4.985220,8.306225,0.001152,33.835437
1403636579913555456.000000,0.000000,0.000000,22.922041,7.183746,0.080609,3.991798,8.199312,0.001440,34.257908
1403636579963555584.000000,0.000000,0.000000,23.692579,9.541570,0.095554,3.741843,8.546197,0.880652,39.835647
1403636580013555456.000000,0.000000,0.000000,24.144457,9.626052,0.116898,6.143412,9.371936,0.001568,61.269508
1403636580063555584.000000,0.000000,0.000000,23.522048,6.040882,0.126306,4.010518,3.659154,0.000640,44.982437
1403636580113555456.000000,0.000000,0.000000,22.840631,6.083123,0.119682,3.965110,8.177775,0.000960,46.517114
1403636580163555584.000000,0.000000,0.000000,23.780452,7.758698,0.139106,2.811142,8.318962,0.000864,48.408692
1403636580213555456.000000,0.000000,0.000000,25.075126,8.543829,0.117697,2.811750,8.138351,0.613129,51.172825
1403636580263555584.000000,0.000000,0.000000,25.645182,8.390323,0.095073,3.616978,4.817921,0.000928,54.429255
1403636580313555456.000000,0.000000,0.000000,23.691428,6.351894,0.119426,2.879623,5.070150,0.001312,42.023421
1403636580363555584.000000,0.000000,0.000000,24.689008,6.460952,0.127074,2.992393,6.578841,0.001280,47.765835
1403636580413555456.000000,0.000000,0.000000,21.526981,6.179956,0.130242,3.172492,6.468184,0.001120,43.327759
1403636580463555584.000000,0.000000,0.000000,22.760342,5.869168,0.138658,3.385230,6.482713,0.734058,44.579456
1403636580513555456.000000,0.000000,0.000000,24.474478,5.904048,0.101697,5.966994,6.995263,0.001280,43.467761
1403636580563555584.000000,0.000000,0.000000,24.521230,5.883441,0.178306,4.472957,7.614120,0.001472,43.223213
1403636580613555456.000000,0.000000,0.000000,22.229039,6.755100,0.173187,2.768966,5.506539,0.001024,43.406768
1403636580663555584.000000,0.000000,0.000000,24.046184,7.789578,0.176962,3.682867,6.238517,0.001152,46.526139
1403636580713555456.000000,0.000000,0.000000,21.867658,8.559796,0.169378,3.626322,6.189332,1.221073,45.843025
1403636580763555584.000000,0.000000,0.000000,22.018541,6.002353,0.118145,7.043584,8.895642,0.001536,46.023188
1403636580813555456.000000,0.000000,0.000000,21.945451,9.742341,0.168642,4.629407,7.708842,0.001120,50.180812
1403636580863555584.000000,0.000000,0.000000,21.605543,4.762945,0.098785,3.785651,7.876972,0.001152,39.339097
1403636580913555456.000000,0.000000,0.000000,22.969241,9.915496,0.157026,3.672658,7.624296,0.001248,47.356358
1403636580963555584.000000,0.000000,0.000000,23.009850,9.130429,0.168002,3.602065,7.741833,1.310002,48.030671
1403636581013555456.000000,0.000000,0.000000,22.022381,11.812450,0.103905,6.819037,9.035291,0.001152,54.411238
1403636581063555584.000000,0.000000,0.000000,24.538159,8.462323,0.130338,5.162854,8.978043,0.001120,49.979562
1403636581113555456.000000,0.000000,0.000000,24.068840,9.796389,0.126498,5.998098,9.750117,0.001056,50.082955
1403636581163555584.000000,0.000000,0.000000,24.887796,9.132156,0.137826,5.621612,9.382208,0.001024,49.752358
1403636581213555456.000000,0.000000,0.000000,23.168956,10.571120,0.134626,5.150502,9.461186,0.898412,50.621330
1403636581263555584.000000,0.000000,0.000000,24.025192,9.368448,0.128098,6.460344,8.028046,0.001568,55.158480
1403636581313555456.000000,0.000000,0.000000,23.675395,9.279134,0.125762,6.243061,9.673572,0.001088,51.688033
1403636581363555584.000000,0.000000,0.000000,22.880216,9.598370,0.135586,5.307976,9.044668,0.001216,52.558828
1403636581413555456.000000,0.000000,0.000000,25.113430,9.593698,0.130562,4.919939,8.874041,0.001024,54.232547
1403636581463555584.000000,0.000000,0.000000,23.874757,6.265590,0.131490,4.670560,10.168043,0.805707,50.085547
1403636581513555456.000000,0.000000,0.000000,24.401677,7.082752,0.124353,6.378999,8.857080,0.001152,50.386416
1403636581563555584.000000,0.000000,0.000000,21.647175,6.105619,0.132770,5.946481,8.995355,0.000992,48.070288
1403636581613555456.000000,0.000000,0.000000,24.292843,8.551220,0.134306,4.602527,9.805190,0.001152,51.554687
1403636581663555584.000000,0.000000,0.000000,25.291161,8.218640,0.134178,4.158361,8.240913,0.001152,52.159528
1403636581713555456.000000,0.000000,0.000000,23.120411,8.602197,0.136898,4.271482,9.809830,0.709354,51.632672
1403636581763555584.000000,0.000000,0.000000,23.426463,5.971217,0.080066,5.135654,9.862150,0.001056,49.493795
1403636581813555456.000000,0.000000,0.000000,20.748091,5.747278,0.131010,4.864770,10.916853,0.001376,45.769393
1403636581863555584.000000,0.000000,0.000000,23.369919,7.944524,0.134690,4.269402,10.661489,0.001056,50.233485
1403636581913555456.000000,0.000000,0.000000,23.468352,6.213044,0.127265,2.095101,9.734757,0.001152,46.295639
1403636581963555584.000000,0.000000,0.000000,23.771012,6.419895,0.157122,2.888999,10.846036,0.758602,49.275776
1403636582013555456.000000,0.000000,0.000000,30.712515,7.536999,0.171491,4.386396,8.863513,0.001184,57.942678
1403636582063555584.000000,0.000000,0.000000,22.457010,4.623231,0.149154,0.062561,10.361549,0.076641,46.960160
1403636582113555456.000000,0.000000,0.000000,24.246634,6.996575,0.148322,0.073153,11.361979,0.080673,50.679923
1403636582163555584.000000,0.000000,0.000000,23.571041,3.379886,0.118817,0.078113,14.021247,0.082401,43.009099
1403636582213555456.000000,0.000000,0.000000,24.661680,6.668475,0.176738,0.081377,14.557574,0.897132,50.405136
1403636582263555584.000000,0.000000,0.000000,23.381119,3.566513,0.137058,0.060801,13.116755,0.139714,44.645793
1403636582313555456.000000,0.000000,0.000000,23.071386,3.415279,0.105505,0.066337,12.429705,0.095937,41.337172
1403636582363555584.000000,0.000000,0.000000,21.839626,3.983734,0.130370,0.110241,16.159196,0.110817,41.783482
1403636582413555456.000000,0.000000,0.000000,21.867050,7.575048,0.186850,0.104129,14.333284,0.079458,48.278803
1403636582463555584.000000,0.000000,0.000000,24.213898,7.812298,0.177507,0.117281,15.928601,0.093473,52.266345
1403636582513555456.000000,0.000000,0.000000,22.815063,6.293558,0.090145,0.101665,12.866768,0.080833,47.002529
1403636582563555584.000000,0.000000,0.000000,23.362462,7.250434,0.132482,0.104577,13.559257,0.086721,47.724619
1403636582613555456.000000,0.000000,0.000000,23.374303,8.214352,0.195395,0.097442,12.246023,0.081857,52.528556
1403636582663555584.000000,0.000000,0.000000,21.970027,6.787868,0.172258,0.095970,12.655116,0.083585,47.697579
1403636582713555456.000000,0.000000,0.000000,23.235581,8.611893,0.199427,0.105665,13.501625,1.063471,52.683790
1403636582763555584.000000,0.000000,0.000000,23.128699,7.988781,0.154338,0.257539,17.158378,0.225123,48.732697
1403636582813555456.000000,0.000000,0.000000,23.838373,7.919724,0.161826,0.134882,12.710989,0.980077,50.084427
1403636582863555584.000000,0.000000,0.000000,21.903659,7.795338,0.091809,0.228611,16.759877,0.152962,46.747965
1403636582913555456.000000,0.000000,0.000000,23.582849,9.316063,0.155138,0.157858,14.889291,0.135266,50.230669
1403636582963555584.000000,0.000000,0.000000,22.106094,8.060494,0.069921,0.138850,19.017411,0.125793,49.251360
1403636583013555456.000000,0.000000,0.000000,24.180042,8.098350,0.171362,0.137410,16.252925,0.120897,54.755915
1403636583063555584.000000,0.000000,0.000000,23.563649,7.527687,0.159458,0.139522,14.783626,0.105506,49.183903
1403636583113555456.000000,0.000000,0.000000,22.686101,7.255299,0.164066,0.130689,16.891239,0.119905,51.612480
1403636583163555584.000000,0.000000,0.000000,24.170794,5.566412,0.169090,0.140802,17.066120,0.121666,49.559108
1403636583213555456.000000,0.000000,0.000000,25.756319,10.018632,0.183075,0.139426,16.671779,0.116225,59.600237
1403636583263555584.000000,0.000000,0.000000,25.967587,8.195408,0.170435,0.121953,13.794684,0.710794,55.328530
1403636583313555456.000000,0.000000,0.000000,24.596624,7.294564,0.158914,0.203779,17.731794,0.242563,51.304059
1403636583363555584.000000,0.000000,0.000000,22.787159,9.583395,0.171907,0.129858,15.786583,0.135138,54.078306
1403636583413555456.000000,0.000000,0.000000,22.464722,8.870681,0.183427,0.109122,12.265767,0.677226,53.139381
1403636583463555584.000000,0.000000,0.000000,22.007372,8.445075,0.204515,0.078689,13.978751,0.132802,51.948804
1403636583513555456.000000,0.000000,0.000000,24.781746,8.192591,0.156642,0.046944,10.120747,0.547783,51.933253
1403636583563555584.000000,0.000000,0.000000,22.547091,5.526283,0.149122,0.119874,16.356127,0.132257,50.835669
1403636583613555456.000000,0.000000,0.000000,23.317278,6.467096,0.177890,0.093281,12.639500,0.601320,50.372047
1403636583663555584.000000,0.000000,0.000000,24.181065,6.128372,0.157826,0.124162,14.845162,0.112002,47.856204
1403636583713555456.000000,0.000000,0.000000,22.236464,6.664091,0.096385,0.087745,12.543755,0.689865,47.964078
1403636583763555584.000000,0.000000,0.000000,22.263824,4.991876,0.078401,0.098306,14.406148,0.116033,43.045995
1403636583813555456.000000,0.000000,0.000000,22.162607,4.433244,0.184738,0.068993,12.037380,0.548840,48.000142
1403636583863555584.000000,0.000000,0.000000,22.549203,6.295733,0.157442,0.089185,15.250064,0.104481,46.789151
1403636583913555456.000000,0.000000,0.000000,22.098510,4.152760,0.131969,0.060417,12.377929,0.057537,45.661070
1403636583963555584.000000,0.000000,0.000000,21.556550,4.337435,0.170146,0.091297,16.829414,0.084545,43.527025
1403636584013555456.000000,0.000000,0.000000,23.484768,6.062483,0.097889,0.089921,15.173582,0.074817,48.814937
1403636584063555584.000000,0.000000,0.000000,23.377855,5.886640,0.099298,0.094242,15.985658,0.076225,46.512858
1403636584113555456.000000,0.000000,0.000000,26.518570,5.891312,0.104769,0.111394,17.191242,0.079585,52.496268
1403636584163555584.000000,0.000000,0.000000,23.243549,3.416558,0.095201,0.098689,15.868601,0.085057,42.884457
1403636584213555456.000000,0.000000,0.000000,25.291897,6.649531,0.206019,0.108130,18.060374,0.093185,53.338071
1403636584263555584.000000,0.000000,0.000000,22.102413,6.654843,0.183554,0.118625,16.150332,0.099553,48.826842
1403636584313555456.000000,0.000000,0.000000,21.555462,6.019570,0.173346,0.123458,16.049787,0.859084,48.411988
1403636584363555584.000000,0.000000,0.000000,23.927302,7.505991,0.207970,0.215651,18.061366,0.225603,53.698300
1403636584413555456.000000,0.000000,0.000000,22.478738,6.372503,0.213411,0.117633,14.303844,0.118146,49.467779
1403636584463555584.000000,0.000000,0.000000,23.040858,7.538919,0.197986,0.100993,15.375282,0.105538,53.568218
1403636584513555456.000000,0.000000,0.000000,22.432754,7.318276,0.181731,0.136962,18.087383,0.100098,50.938646
1403636584563555584.000000,0.000000,0.000000,23.338174,7.940940,0.177378,0.127489,15.594581,0.112290,53.052211
1403636584613555456.000000,0.000000,0.000000,22.203950,4.965763,0.168802,0.126018,14.118561,0.091393,50.539921
1403636584663555584.000000,0.000000,0.000000,22.214254,6.042291,0.146306,0.114882,14.137632,0.091841,47.136003
1403636584713555456.000000,0.000000,0.000000,20.120307,5.968721,0.136162,0.116194,15.444787,0.810443,45.047334
1403636584763555584.000000,0.000000,0.000000,20.628409,10.225675,0.198146,0.198786,17.186187,0.256931,54.216899
1403636584813555456.000000,0.000000,0.000000,23.299774,8.034477,0.174275,0.134114,15.656086,0.133154,51.701729
1403636584863555584.000000,0.000000,0.000000,24.738770,7.392069,0.170082,0.124513,12.669613,0.090785,50.790229
1403636584913555456.000000,0.000000,0.000000,22.769655,7.798827,0.154274,0.128962,16.756804,0.101889,49.260128
1403636584963555584.000000,0.000000,0.000000,22.991993,8.856472,0.170146,0.116962,15.423186,0.102498,52.652558
1403636585013555456.000000,0.000000,0.000000,22.981050,7.192034,0.151426,0.119073,17.009224,0.100161,52.360170
1403636585063555584.000000,0.000000,0.000000,25.481436,6.176020,0.156642,0.126114,15.631541,0.098434,51.730177
1403636585113555456.000000,0.000000,0.000000,25.084311,6.978271,0.142338,0.124897,16.976904,0.105794,49.245728
1403636585163555584.000000,0.000000,0.000000,23.992871,9.910600,0.171011,0.117538,14.272194,0.089601,55.334066
1403636585213555456.000000,0.000000,0.000000,24.894035,7.503655,0.155746,0.118338,17.000424,0.684138,52.460140
1403636585263555584.000000,0.000000,0.000000,24.393869,8.689303,0.174211,0.204963,18.788128,0.263843,54.789387
1403636585313555456.000000,0.000000,0.000000,25.216344,8.296978,0.168034,0.125730,14.280835,0.124450,54.219140
1403636585363555584.000000,0.000000,0.000000,22.441330,8.036749,0.176195,0.132930,14.942155,0.106881,52.201896
1403636585413555456.000000,0.000000,0.000000,22.708502,7.797003,0.151266,0.124481,15.569205,0.118626,49.432578
1403636585463555584.000000,0.000000,0.000000,22.622997,8.141967,0.173762,0.110753,15.553940,0.118977,53.107412
1403636585513555456.000000,0.000000,0.000000,25.513307,5.678637,0.181123,0.107074,14.744329,0.088001,55.321939
1403636585563555584.000000,0.000000,0.000000,24.539503,6.030162,0.156482,0.097761,12.694125,0.725610,49.630245
1403636585613555456.000000,0.000000,0.000000,23.746308,6.089971,0.164802,0.175522,15.327985,0.135042,49.757639
1403636585663555584.000000,0.000000,0.000000,22.928793,6.328022,0.179939,0.101218,12.977393,0.131618,49.749031
1403636585713555456.000000,0.000000,0.000000,22.773814,7.269924,0.184035,0.088641,11.290042,0.687465,50.534225
1403636585763555584.000000,0.000000,0.000000,26.712716,6.103316,0.167010,0.147746,13.349878,0.112610,51.250427
1403636585813555456.000000,0.000000,0.000000,22.677206,5.497259,0.172547,0.102114,14.606151,0.123650,44.888356
1403636585863555584.000000,0.000000,0.000000,24.670289,7.836459,0.177251,0.097730,12.685677,0.094433,52.841649
1403636585913555456.000000,0.000000,0.000000,22.621013,7.268355,0.148898,0.096802,15.644117,0.850316,52.637262
1403636585963555584.000000,0.000000,0.000000,22.160430,4.606046,0.160258,0.190691,15.740470,0.185091,43.153101
1403636586013555456.000000,0.000000,0.000000,25.026581,6.153012,0.153058,0.096833,12.905168,0.104609,49.368065
1403636586063555584.000000,0.000000,0.000000,21.477221,4.423772,0.175330,0.083361,12.917520,0.094209,45.272425
1403636586113555456.000000,0.000000,0.000000,23.886437,5.415785,0.172354,0.102401,14.977708,0.101569,46.648188
1403636586163555584.000000,0.000000,0.000000,22.707286,7.790122,0.079873,0.082593,14.363556,0.954189,51.698753
1403636586213555456.000000,0.000000,0.000000,24.354540,5.302056,0.168322,0.183106,15.962298,0.196418,51.475166
1403636586263555584.000000,0.000000,0.000000,23.687331,4.537214,0.135362,0.107457,14.611271,0.129442,46.135701
1403636586313555456.000000,0.000000,0.000000,22.536883,3.771828,0.127650,0.082337,12.302952,0.105378,44.296284
1403636586363555584.000000,0.000000,0.000000,23.182300,6.441048,0.188355,0.110114,14.811786,0.108354,49.504163
1403636586413555456.000000,0.000000,0.000000,23.067003,3.911349,0.125506,0.094689,12.584331,0.093857,47.098434
1403636586463555584.000000,0.000000,0.000000,22.071981,4.356315,0.070209,0.093954,13.227956,0.097090,47.519592
1403636586513555456.000000,0.000000,0.000000,22.889880,4.421116,0.095074,0.098593,15.037485,1.059310,46.670845
1403636586563555584.000000,0.000000,0.000000,23.083962,3.758868,0.125794,0.079905,16.339519,0.130626,43.787766
1403636586613555456.000000,0.000000,0.000000,25.377050,6.768540,0.107489,0.092993,9.981832,0.126018,52.059461
1403636586663555584.000000,0.000000,0.000000,22.178478,5.622509,0.155971,0.083137,13.663259,0.098978,44.972133
1403636586713555456.000000,0.000000,0.000000,23.655075,6.887998,0.164546,0.110210,15.745206,0.099553,48.693272
1403636586763555584.000000,0.000000,0.000000,24.290987,7.360229,0.197795,0.109218,13.314549,0.077089,52.423403
1403636586813555456.000000,0.000000,0.000000,24.426061,7.550759,0.108961,0.107649,14.916396,0.088321,53.386072
1403636586863555584.000000,0.000000,0.000000,23.358303,4.234074,0.123458,0.138881,14.436101,0.094337,42.327906
1403636586913555456.000000,0.000000,0.000000,23.661571,6.089587,0.150722,0.104161,13.760796,0.081121,48.256114
1403636586963555584.000000,0.000000,0.000000,23.412511,6.669147,0.180322,0.107681,14.884395,0.097889,50.681587
1403636587013555456.000000,0.000000,0.000000,25.141143,6.055123,0.163042,0.112162,15.779447,0.894028,49.142270
1403636587063555584.000000,0.000000,0.000000,21.719688,6.869309,0.188835,0.194979,15.896281,0.191426,48.225010
1403636587113555456.000000,0.000000,0.000000,26.483881,6.832477,0.170050,0.116674,15.059213,0.138818,52.628718
1403636587163555584.000000,0.000000,0.000000,23.355871,6.599066,0.158787,0.128449,14.724297,0.098337,48.304210
1403636587213555456.000000,0.000000,0.000000,25.000245,7.301059,0.173987,0.113634,16.112731,0.104897,51.948197
1403636587263555584.000000,0.000000,0.000000,24.506862,6.407863,0.180578,0.121826,17.781842,0.110177,52.430987
1403636587313555456.000000,0.000000,0.000000,22.532467,4.769857,0.099521,0.107554,15.809335,0.967885,48.442708
1403636587363555584.000000,0.000000,0.000000,24.089832,6.220788,0.165986,0.186754,16.230430,0.288068,50.173612
1403636587413555456.000000,0.000000,0.000000,22.876312,4.599007,0.102242,0.108130,14.301187,0.122658,47.287460
1403636587463555584.000000,0.000000,0.000000,20.942622,7.636072,0.179074,0.116705,14.925420,0.945709,49.677125
1403636587513555456.000000,0.000000,0.000000,22.138254,6.721851,0.196355,0.147266,18.338554,0.162179,51.605344
1403636587563555584.000000,0.000000,0.000000,22.827224,7.657577,0.181730,0.105601,17.219595,0.184162,51.897027
1403636587613555456.000000,0.000000,0.000000,24.690481,6.136244,0.090018,0.088353,14.151585,0.866796,52.194184
1403636587663555584.000000,0.000000,0.000000,22.904600,4.672320,0.081953,0.170690,18.065271,0.175011,46.133397
1403636587713555456.000000,0.000000,0.000000,21.617991,4.798977,0.151586,0.110114,17.462798,0.157858,47.624458
1403636587763555584.000000,0.000000,0.000000,21.572294,4.245754,0.123746,0.092161,14.074368,0.105313,48.961692
1403636587813555456.000000,0.000000,0.000000,21.378628,4.701312,0.145282,0.100386,16.390303,0.115553,48.010415
1403636587863555584.000000,0.000000,0.000000,20.687834,4.676640,0.147010,0.101057,16.168669,0.115618,44.822851
1403636587913555456.000000,0.000000,0.000000,22.052237,4.688128,0.140034,0.100706,14.944300,1.126607,49.389026
1403636587963555584.000000,0.000000,0.000000,21.313955,5.609516,0.185090,0.111617,19.193990,0.137058,49.380322
1403636588013555456.000000,0.000000,0.000000,21.044703,5.002565,0.176770,0.109890,11.316986,0.152130,44.921188
1403636588063555584.000000,0.000000,0.000000,20.548665,7.330852,0.203939,0.072929,10.918805,0.082689,49.168606
1403636588113555456.000000,0.000000,0.000000,21.936875,7.567047,0.188611,0.111682,16.036090,0.109665,50.846549
1403636588163555584.000000,0.000000,0.000000,22.988762,5.544971,0.170498,0.124002,17.901428,0.317412,49.450594
1403636588213555456.000000,0.000000,0.000000,23.104219,7.029376,0.189571,0.119170,17.207274,0.117761,54.419814
1403636588263555584.000000,0.000000,0.000000,20.195379,4.208377,0.129601,0.122914,16.982087,0.116865,40.403335
1403636588313555456.000000,0.000000,0.000000,22.694965,3.513776,0.122082,0.112962,15.524372,0.104578,41.800378
1403636588363555584.000000,0.000000,0.000000,22.104205,6.254453,0.176418,0.134017,19.568107,0.125346,49.170206
1403636588413555456.000000,0.000000,0.000000,21.750089,7.262275,0.195234,0.138817,17.660273,0.895980,52.124102
1403636588463555584.000000,0.000000,0.000000,22.060237,7.448965,0.184515,0.226115,19.186725,0.268868,51.534591
1403636588513555456.000000,0.000000,0.000000,21.744265,7.353124,0.184867,0.111234,16.922343,0.144194,50.994583
1403636588563555584.000000,0.000000,0.000000,20.778267,7.701801,0.166370,0.106177,17.481743,0.170915,48.719576
1403636588613555456.000000,0.000000,0.000000,22.031916,6.237141,0.195715,0.103586,15.767735,0.836012,52.984179
1403636588663555584.000000,0.000000,0.000000,22.509107,5.174758,0.174627,0.235748,19.166725,0.196899,51.137370
1403636588713555456.000000,0.000000,0.000000,22.803863,5.102181,0.184931,0.115106,15.452851,0.131906,52.504844
1403636588763555584.000000,0.000000,0.000000,24.436973,4.509758,0.138658,0.110338,15.293904,0.101281,50.681652
1403636588813555456.000000,0.000000,0.000000,21.612647,4.921604,0.147234,0.119042,18.120215,0.113794,48.721368
1403636588863555584.000000,0.000000,0.000000,22.155822,4.108440,0.154274,0.109729,16.906439,0.865036,47.545672
1403636588913555456.000000,0.000000,0.000000,21.385188,6.111859,0.196290,0.169218,20.351670,0.304708,52.186951
1403636588963555584.000000,0.000000,0.000000,21.367107,4.702912,0.162178,0.120610,15.849976,0.129794,46.329496
1403636589013555456.000000,0.000000,0.000000,22.971705,6.313110,0.170594,0.120482,16.074779,0.146082,49.329057
1403636589063555584.000000,0.000000,0.000000,23.631138,6.512697,0.206371,0.123617,15.117550,0.089793,53.251574
1403636589113555456.000000,0.000000,0.000000,21.437988,7.650025,0.196931,0.117890,17.530223,0.103682,51.575199
1403636589163555584.000000,0.000000,0.000000,26.395880,4.404637,0.153026,0.111809,15.752471,0.694441,56.345537
1403636589213555456.000000,0.000000,0.000000,21.837098,4.936867,0.172450,0.144290,14.974380,0.220259,47.531208
1403636589263555584.000000,0.000000,0.000000,22.706869,5.276200,0.186242,0.102658,14.187009,0.115425,51.037144
1403636589313555456.000000,0.000000,0.000000,22.809431,5.325065,0.187331,0.090498,12.545323,0.134593,48.516693
1403636589363555584.000000,0.000000,0.000000,23.551137,6.524857,0.198499,0.091745,14.598503,0.870571,52.760719
1403636589413555456.000000,0.000000,0.000000,24.455021,6.843933,0.191427,0.151138,14.158049,0.230692,52.499468
1403636589463555584.000000,0.000000,0.000000,21.964747,4.008278,0.138722,0.081697,13.210421,0.116290,45.932659
1403636589513555456.000000,0.000000,0.000000,21.682056,4.803425,0.164802,0.082305,12.438378,0.949901,45.411500
1403636589563555584.000000,0.000000,0.000000,22.066477,7.260771,0.174434,0.158626,16.141053,0.162210,46.677308
1403636589613555456.000000,0.000000,0.000000,24.388524,6.345366,0.184291,0.090945,13.139700,0.126434,50.854069
1403636589663555584.000000,0.000000,0.000000,23.053594,4.420957,0.104545,0.073249,12.097125,0.857100,46.813887
1403636589713555456.000000,0.000000,0.000000,21.649287,4.781025,0.098177,0.110402,15.180207,0.151266,43.473041
1403636589763555584.000000,0.000000,0.000000,23.478913,5.527691,0.101442,0.071777,15.810072,0.141250,46.872831
1403636589813555456.000000,0.000000,0.000000,25.773184,4.629471,0.166018,0.068257,14.449477,0.864652,51.491614
1403636589863555584.000000,0.000000,0.000000,23.286589,3.885429,0.124706,0.145346,16.883142,0.134594,44.743810
1403636589913555456.000000,0.000000,0.000000,23.837541,5.404873,0.177986,0.089217,17.640304,0.160322,46.699613
1403636589963555584.000000,0.000000,0.000000,23.450879,3.877877,0.149250,0.072801,11.947587,0.672233,47.338149
1403636590013555456.000000,0.000000,0.000000,25.235320,3.749939,0.132994,0.104577,16.653763,0.126306,49.420482
1403636590063555584.000000,0.000000,0.000000,24.618991,4.470077,0.143938,0.101666,16.544129,0.134274,48.855482
1403636590113555456.000000,0.000000,0.000000,23.639362,4.332795,0.106689,0.088609,15.636981,0.094049,49.760326
1403636590163555584.000000,0.000000,0.000000,24.367309,3.817844,0.066913,0.103073,18.089399,0.088193,50.455440
1403636590213555456.000000,0.000000,0.000000,22.947513,3.576049,0.084097,0.107521,16.897991,0.089665,43.666355
1403636590263555584.000000,0.000000,0.000000,25.472827,3.666226,0.134978,0.105793,17.247339,0.092833,50.488560
1403636590313555456.000000,0.000000,0.000000,26.319622,6.842557,0.178210,0.114690,17.470382,0.091682,54.839468
1403636590363555584.000000,0.000000,0.000000,25.396731,3.893429,0.138690,0.108769,15.886425,0.075393,49.380609
1403636590413555456.000000,0.000000,0.000000,24.447117,7.642889,0.193827,0.108513,17.531567,0.083713,55.189424
1403636590463555584.000000,0.000000,0.000000,23.766148,6.029842,0.179075,0.110690,18.450235,0.831467,51.640288
1403636590513555456.000000,0.000000,0.000000,24.504302,7.440262,0.180739,0.197090,17.265772,0.148258,54.221540
1403636590563555584.000000,0.000000,0.000000,24.884019,4.757153,0.167746,0.111106,17.939668,0.140194,52.374506
1403636590613555456.000000,0.000000,0.000000,24.617967,5.594253,0.167747,0.108033,15.302577,0.093122,50.917878
1403636590663555584.000000,0.000000,0.000000,24.736273,5.073285,0.171395,0.111361,16.872038,0.097153,52.619757
1403636590713555456.000000,0.000000,0.000000,23.316606,5.293672,0.213699,0.106946,15.432722,0.089442,52.784688
1403636590763555584.000000,0.000000,0.000000,25.586173,5.617996,0.088482,0.111041,16.177597,0.093794,53.677788
1403636590813555456.000000,0.000000,0.000000,23.845381,6.950047,0.092929,0.106978,15.310545,0.066497,54.330725
1403636590863555584.000000,0.000000,0.000000,23.293278,4.986884,0.182467,0.109730,15.597012,0.070081,48.393684
1403636590913555456.000000,0.000000,0.000000,25.574109,6.307926,0.181571,0.107681,14.749513,0.067457,53.785277
1403636590963555584.000000,0.000000,0.000000,23.929735,5.077637,0.161506,0.098433,15.615157,0.770091,49.263104
1403636591013555456.000000,0.000000,0.000000,25.171575,5.318344,0.184195,0.196227,17.092137,0.260260,51.562335
1403636591063555584.000000,0.000000,0.000000,23.865989,5.818735,0.170402,0.101985,15.633045,0.137122,49.871528
1403636591113555456.000000,0.000000,0.000000,24.400493,5.249416,0.181474,0.109281,16.040251,0.190978,50.119083
1403636591163555584.000000,0.000000,0.000000,22.769911,5.021700,0.190819,0.113922,14.920203,0.099585,47.209476
1403636591213555456.000000,0.000000,0.000000,24.008903,6.368215,0.173731,0.104866,15.184143,0.763403,51.440029
1403636591263555584.000000,0.000000,0.000000,23.447520,4.522302,0.169794,0.191138,17.693457,0.255875,50.092235
1403636591313555456.000000,0.000000,0.000000,22.947993,6.773692,0.167330,0.115169,16.872294,0.158466,49.551332
1403636591363555584.000000,0.000000,0.000000,22.560116,5.352361,0.168675,0.112290,16.966439,0.186371,48.783065
1403636591413555456.000000,0.000000,0.000000,23.467840,7.021600,0.185410,0.114721,15.719959,0.109186,50.382287
1403636591463555584.000000,0.000000,0.000000,25.305497,7.759882,0.163042,0.106273,15.718519,0.820331,53.681308
1403636591513555456.000000,0.000000,0.000000,22.032941,4.405980,0.154979,0.205763,20.481655,0.264356,49.612741
1403636591563555584.000000,0.000000,0.000000,21.003646,5.076742,0.174723,0.114722,16.167228,0.151074,48.137488
1403636591613555456.000000,0.000000,0.000000,20.741083,5.709262,0.169282,0.111618,17.375372,0.142594,48.464949
1403636591663555584.000000,0.000000,0.000000,24.338380,6.507192,0.213251,0.120513,17.723890,0.118401,51.610368
1403636591713555456.000000,0.000000,0.000000,21.268290,5.557803,0.186179,0.132994,18.988771,0.124514,48.219633
1403636591763555584.000000,0.000000,0.000000,21.647303,5.354921,0.211683,0.124802,17.212746,0.106273,53.396792
1403636591813555456.000000,0.000000,0.000000,20.503991,4.497118,0.189987,0.117058,15.514739,0.096353,46.007828
1403636591863555584.000000,0.000000,0.000000,21.651816,4.484285,0.168706,0.119585,16.722180,0.107777,48.432629
1403636591913555456.000000,0.000000,0.000000,22.219183,5.256423,0.204099,0.116098,14.574471,0.095585,49.677286
1403636591963555584.000000,0.000000,0.000000,21.248418,7.216515,0.206018,0.108129,14.412261,0.700586,52.818832
1403636592013555456.000000,0.000000,0.000000,22.989978,7.838891,0.200003,0.185155,16.274270,0.233507,52.941554
1403636592063555584.000000,0.000000,0.000000,23.337630,6.844190,0.189699,0.114145,15.458771,0.127554,50.613331
1403636592113555456.000000,0.000000,0.000000,21.453605,6.847773,0.185187,0.095362,15.118126,0.149378,50.044458
1403636592163555584.000000,0.000000,0.000000,25.066165,6.278805,0.171330,0.102018,13.618105,0.893356,50.765044
1403636592213555456.000000,0.000000,0.000000,21.389411,6.773596,0.177507,0.189987,16.653699,0.241123,47.759179
1403636592263555584.000000,0.000000,0.000000,22.897720,4.690880,0.199715,0.131938,14.820298,0.141506,49.076061
1403636592313555456.000000,0.000000,0.000000,22.351120,6.558521,0.189059,0.109410,14.592519,0.937837,49.569764
1403636592363555584.000000,0.000000,0.000000,19.569547,4.553246,0.143650,0.172099,18.185848,0.181827,44.079001
1403636592413555456.000000,0.000000,0.000000,22.023149,5.902129,0.188546,0.104737,16.188413,0.163170,47.064706
1403636592463555584.000000,0.000000,0.000000,21.259874,4.754209,0.096321,0.092161,13.518840,0.099713,47.840269
1403636592513555456.000000,0.000000,0.000000,21.207457,5.120774,0.158210,0.108386,16.755332,1.006894,46.131925
1403636592563555584.000000,0.000000,0.000000,20.991775,4.870914,0.072833,0.127585,17.316397,0.257796,46.229494
1403636592613555456.000000,0.000000,0.000000,22.249616,3.913013,0.069505,0.097794,15.655253,0.149282,49.375073
1403636592663555584.000000,0.000000,0.000000,19.781773,4.788738,0.178659,0.075393,14.956332,0.180322,45.714415
1403636592713555456.000000,0.000000,0.000000,19.765453,5.095366,0.177602,0.079457,11.760641,0.944813,43.215949
1403636592763555584.000000,0.000000,0.000000,21.010399,5.977617,0.197922,0.152770,15.686614,0.233508,49.586148
1403636592813555456.000000,0.000000,0.000000,21.689671,4.552318,0.078017,0.076321,14.432869,0.150210,48.707864
1403636592863555584.000000,0.000000,0.000000,21.188545,6.241654,0.102433,0.080513,13.551321,0.926637,48.163441
1403636592913555456.000000,0.000000,0.000000,21.605095,4.588926,0.151042,0.142754,16.312638,0.178115,46.007347
1403636592963555584.000000,0.000000,0.000000,22.018989,5.844528,0.112993,0.075361,14.983020,0.144386,48.021582
1403636593013555456.000000,0.000000,0.000000,21.082688,5.262056,0.104961,0.061089,11.153208,0.804747,47.380678
1403636593063555584.000000,0.000000,0.000000,19.534826,4.111064,0.069089,0.129698,15.617429,0.164482,42.710470
1403636593113555456.000000,0.000000,0.000000,22.757111,4.307163,0.116546,0.072801,15.139535,0.136418,46.199606
1403636593163555584.000000,0.000000,0.000000,20.904765,4.805666,0.185762,0.068513,13.768283,0.821515,46.988097
1403636593213555456.000000,0.000000,0.000000,24.262827,6.892862,0.188355,0.119746,16.097979,0.247588,51.324668
1403636593263555584.000000,0.000000,0.000000,20.130451,4.221178,0.154722,0.079585,16.326527,0.132130,40.603913
1403636593313555456.000000,0.000000,0.000000,21.756841,3.652178,0.080545,0.077153,13.541657,0.077121,45.796657
1403636593363555584.000000,0.000000,0.000000,21.452932,3.668530,0.170178,0.084033,18.583518,0.842732,44.916516
1403636593413555456.000000,0.000000,0.000000,26.440873,4.190201,0.187267,0.074209,16.594626,0.121058,50.036490
1403636593463555584.000000,0.000000,0.000000,23.838949,3.741715,0.142050,0.069409,9.534050,0.155074,47.769804
1403636593513555456.000000,0.000000,0.000000,25.093814,5.692526,0.177410,0.044897,8.088430,0.069281,51.840802
1403636593563555584.000000,0.000000,0.000000,23.699523,4.541758,0.171042,0.074049,14.943819,0.836107,46.767518
1403636593613555456.000000,0.000000,0.000000,30.826372,7.092128,0.201219,0.069249,13.427735,0.104449,62.157520
1403636593663555584.000000,0.000000,0.000000,22.648405,7.159585,0.201443,0.068193,9.544994,0.110722,51.459486
1403636593713555456.000000,0.000000,0.000000,25.819936,3.711506,0.139842,0.035297,12.831247,0.682537,43.896470
1403636593763555584.000000,0.000000,0.000000,23.303134,3.483471,0.159970,0.048961,11.740000,0.107745,39.486618
1403636593813555456.000000,0.000000,0.000000,24.499758,6.510936,0.195331,0.068929,10.541871,0.178563,51.604031
1403636593863555584.000000,0.000000,0.000000,24.710545,5.556939,0.161794,0.073569,11.403419,0.514855,48.528757
1403636593913555456.000000,0.000000,0.000000,21.835881,3.545457,0.134017,0.052097,10.956982,0.118690,39.475579
1403636593963555584.000000,0.000000,0.000000,22.163854,3.427119,0.120098,0.080065,10.806228,0.190306,43.485361
1403636594013555456.000000,0.000000,0.000000,22.170222,4.692576,0.146594,0.070049,10.068265,0.067393,43.260430
1403636594063555584.000000,0.000000,0.000000,20.496792,3.783827,0.133090,0.086049,14.992301,0.086849,39.736222
1403636594113555456.000000,0.000000,0.000000,19.573067,4.339483,0.155586,0.078497,14.288322,0.903148,40.545769
1403636594163555584.000000,0.000000,0.000000,22.548243,4.160184,0.143458,0.178594,18.208504,0.311236,42.378850
1403636594213555456.000000,0.000000,0.000000,19.951888,4.267099,0.139906,0.104546,16.122587,0.149858,39.988481
1403636594263555584.000000,0.000000,0.000000,23.811781,3.940214,0.147586,0.092769,15.387442,0.180931,42.347809
1403636594313555456.000000,0.000000,0.000000,21.453732,6.966495,0.186850,0.092737,14.972365,0.112290,48.146929
1403636594363555584.000000,0.000000,0.000000,21.441445,7.278403,0.178307,0.094817,15.492595,0.953229,48.645015
1403636594413555456.000000,0.000000,0.000000,23.336702,7.301156,0.209411,0.187970,17.615249,0.322180,54.272804
1403636594463555584.000000,0.000000,0.000000,22.473074,4.781250,0.184450,0.096353,15.529268,0.143074,48.134192
1403636594513555456.000000,0.000000,0.000000,20.882973,4.491485,0.177474,0.088801,15.316561,0.882348,45.646702
1403636594563555584.000000,0.000000,0.000000,23.397247,5.357225,0.206403,0.139778,16.393472,0.145218,48.602711
1403636594613555456.000000,0.000000,0.000000,22.154830,5.988018,0.180451,0.098305,16.814246,0.194947,49.394882
1403636594663555584.000000,0.000000,0.000000,23.430687,5.380105,0.182403,0.081953,13.982014,0.871276,51.682848
1403636594713555456.000000,0.000000,0.000000,21.949579,4.457885,0.151554,0.139810,17.538159,0.158018,46.645340
1403636594763555584.000000,0.000000,0.000000,20.886557,6.400312,0.171235,0.089985,14.617512,0.136098,49.155006
1403636594813555456.000000,0.000000,0.000000,21.566694,5.551467,0.167138,0.083938,13.529912,0.839275,48.441397
1403636594863555584.000000,0.000000,0.000000,19.302727,4.259611,0.180739,0.144962,17.427853,0.163522,45.312330
1403636594913555456.000000,0.000000,0.000000,20.226388,5.740014,0.176067,0.092097,14.824042,0.143746,44.424958
1403636594963555584.000000,0.000000,0.000000,21.494373,7.928652,0.106625,0.068321,13.564249,0.725162,52.012037
1403636595013555456.000000,0.000000,0.000000,20.367190,5.544236,0.083745,0.123330,16.259070,0.202242,45.295402
1403636595063555584.000000,0.000000,0.000000,19.950896,6.052339,0.177410,0.076097,15.166414,0.157442,44.972549
1403636595113555456.000000,0.000000,0.000000,20.914845,5.110886,0.152770,0.059521,12.321672,0.758506,48.429813
1403636595163555584.000000,0.000000,0.000000,21.548038,8.026798,0.089857,0.116897,16.762597,0.163778,49.364161
1403636595213555456.000000,0.000000,0.000000,20.504568,4.645279,0.151810,0.071777,13.920830,0.142146,44.051513
1403636595263555584.000000,0.000000,0.000000,19.434249,4.373052,0.077185,0.058881,12.931985,0.720522,44.217723
1403636595313555456.000000,0.000000,0.000000,20.483607,4.137689,0.074593,0.107137,17.906005,0.157955,44.487646
1403636595363555584.000000,0.000000,0.000000,20.028657,3.778164,0.077889,0.073249,16.415168,0.164226,43.726996
1403636595413555456.000000,0.000000,0.000000,25.744767,5.464170,0.115458,0.081281,10.304236,0.081729,53.049172
1403636595463555584.000000,0.000000,0.000000,25.921825,5.227847,0.183522,0.086850,14.544454,0.107074,49.943049
1403636595513555456.000000,0.000000,0.000000,24.433293,3.645553,0.149538,0.090113,14.493542,0.117410,46.191190
1403636595563555584.000000,0.000000,0.000000,24.958772,3.290796,0.127362,0.096161,12.392937,0.919308,50.844502
1403636595613555456.000000,0.000000,0.000000,25.588637,3.274604,0.128833,0.137058,16.170460,0.259459,50.101675
1403636595663555584.000000,0.000000,0.000000,22.923225,4.385307,0.175875,0.105857,14.617895,0.162179,42.259136
1403636595713555456.000000,0.000000,0.000000,24.246763,4.442204,0.147394,0.088609,12.138310,0.879820,48.176721
1403636595763555584.000000,0.000000,0.000000,21.163680,4.193945,0.238883,0.193570,17.169610,0.201603,45.016902
1403636595813555456.000000,0.000000,0.000000,20.303125,8.452180,0.217859,0.104673,14.852619,0.388805,47.175907
1403636595863555584.000000,0.000000,0.000000,19.765966,4.194905,0.168706,0.092417,12.730637,0.889836,45.491789
1403636595913555456.000000,0.000000,0.000000,24.751538,8.751543,0.218307,0.191331,14.729129,0.163107,54.711498
1403636595963555584.000000,0.000000,0.000000,24.437197,4.980708,0.211107,0.104642,14.980044,0.169027,47.272581
1403636596013555456.000000,0.000000,0.000000,21.555910,4.743905,0.226819,0.095009,11.084023,0.864811,49.195839
1403636596063555584.000000,0.000000,0.000000,22.016556,6.138676,0.218883,0.174018,16.368639,0.158786,48.916347
1403636596113555456.000000,0.000000,0.000000,21.270402,4.531294,0.212579,0.127938,15.256496,0.156290,43.823862
1403636596163555584.000000,0.000000,0.000000,22.097485,6.190452,0.111777,0.100001,12.456618,0.097057,48.637111
1403636596213555456.000000,0.000000,0.000000,23.935239,7.441254,0.200739,0.114561,14.355428,0.108289,51.407517
1403636596263555584.000000,0.000000,0.000000,22.720502,7.361477,0.202403,0.112577,15.300625,0.119105,46.259543
1403636596313555456.000000,0.000000,0.000000,21.757097,4.026775,0.212483,0.093410,11.822657,0.832043,46.856127
1403636596363555584.000000,0.000000,0.000000,22.542355,7.745225,0.216706,0.163235,16.291550,0.239747,50.606642
1403636596413555456.000000,0.000000,0.000000,20.976350,4.571422,0.197379,0.113057,14.144257,0.131842,41.713624
1403636596463555584.000000,0.000000,0.000000,22.437010,6.321302,0.226755,0.063937,13.343861,0.158754,47.997551
1403636596513555456.000000,0.000000,0.000000,25.695134,7.404869,0.243428,0.119457,15.792184,0.116450,53.613947
1403636596563555584.000000,0.000000,0.000000,22.908280,5.892048,0.194242,0.125122,14.595143,0.110370,46.212502
1403636596613555456.000000,0.000000,0.000000,25.541084,3.866453,0.176930,0.110945,13.912606,0.105826,50.906742
1403636596663555584.000000,0.000000,0.000000,25.642749,4.237306,0.215331,0.109890,14.339811,0.110178,49.089277
1403636596713555456.000000,0.000000,0.000000,24.075944,4.098392,0.176227,0.108930,13.543384,0.102049,46.586171
1403636596763555584.000000,0.000000,0.000000,24.515790,6.612346,0.249924,0.123073,15.987386,0.115169,52.713071
1403636596813555456.000000,0.000000,0.000000,29.205870,6.601690,0.222755,0.110177,15.204400,0.845676,55.745240
1403636596863555584.000000,0.000000,0.000000,22.981689,7.201794,0.233892,0.165571,14.828778,0.231843,49.404290
1403636596913555456.000000,0.000000,0.000000,24.670192,6.884317,0.245539,0.128642,14.080640,0.133185,50.979095
1403636596963555584.000000,0.000000,0.000000,22.193902,5.273544,0.237155,0.118721,15.045166,0.172643,46.152278
1403636597013555456.000000,0.000000,0.000000,23.656931,6.840765,0.275588,0.116609,13.268917,0.840907,51.768002
1403636597063555584.000000,0.000000,0.000000,24.843827,6.053363,0.228515,0.167010,17.285420,0.281668,51.843587
1403636597113555456.000000,0.000000,0.000000,23.313886,4.025783,0.089121,0.126594,15.659862,0.172515,47.633481
1403636597163555584.000000,0.000000,0.000000,23.485344,3.762708,0.212546,0.094497,14.417989,0.155810,46.715773
1403636597213555456.000000,0.000000,0.000000,22.449010,4.344412,0.202595,0.122562,15.502579,0.119202,46.827390
1403636597263555584.000000,0.000000,0.000000,23.580866,4.498813,0.219267,0.115490,13.016145,0.084801,47.066114
1403636597313555456.000000,0.000000,0.000000,21.364068,4.715712,0.186915,0.100865,12.707086,0.772107,48.646808
1403636597363555584.000000,0.000000,0.000000,21.803114,5.032164,0.216963,0.164162,16.345951,0.210947,47.913293
1403636597413555456.000000,0.000000,0.000000,23.704387,6.657339,0.191747,0.107202,13.637210,0.136482,49.949769
1403636597463555584.000000,0.000000,0.000000,29.748822,6.156756,0.228739,0.109409,11.942083,0.169666,56.446338
1403636597513555456.000000,0.000000,0.000000,22.536083,6.674395,0.204706,0.106018,14.987948,0.991438,47.624041
1403636597563555584.000000,0.000000,0.000000,24.036296,6.403575,0.175266,0.151810,14.501701,0.241379,48.926331
1403636597613555456.000000,0.000000,0.000000,22.136078,4.439036,0.116034,0.122626,14.268802,0.124225,48.070896
1403636597663555584.000000,0.000000,0.000000,22.204750,3.884405,0.111137,0.114210,13.218932,0.165858,44.579839
1403636597713555456.000000,0.000000,0.000000,24.372492,6.424920,0.184931,0.107362,12.954992,0.098817,49.664421
1403636597763555584.000000,0.000000,0.000000,23.490689,6.673691,0.222499,0.110626,15.836248,0.117218,51.146650
1403636597813555456.000000,0.000000,0.000000,22.683957,3.256909,0.100386,0.101026,12.379689,0.108514,45.643310
1403636597863555584.000000,0.000000,0.000000,23.911078,6.453304,0.190211,0.107842,14.394884,0.984046,49.687206
1403636597913555456.000000,0.000000,0.000000,24.205962,7.004384,0.187363,0.176994,14.390276,0.242691,52.078406
1403636597963555584.000000,0.000000,0.000000,24.603856,5.357449,0.196067,0.114145,13.369335,0.117474,47.925230
1403636598013555456.000000,0.000000,0.000000,23.216732,7.222178,0.228675,0.114529,14.754026,0.146818,51.534110
1403636598063555584.000000,0.000000,0.000000,25.713471,6.316759,0.191426,0.108034,12.227239,0.915853,49.419650
1403636598113555456.000000,0.000000,0.000000,24.059368,6.826109,0.224355,0.187107,15.051181,0.225699,51.218266
1403636598163555584.000000,0.000000,0.000000,24.256107,4.103800,0.171683,0.111362,12.511114,0.124578,47.909325
1403636598213555456.000000,0.000000,0.000000,25.080310,6.468536,0.191779,0.109121,11.370427,0.095778,49.791591
1403636598263555584.000000,0.000000,0.000000,21.381667,4.191705,0.184867,0.111170,14.483717,0.102529,44.962405
1403636598313555456.000000,0.000000,0.000000,24.520015,6.288758,0.232195,0.098529,12.435370,0.750346,48.828762
1403636598363555584.000000,0.000000,0.000000,24.959284,6.418808,0.107297,0.172098,14.667624,0.228451,51.933284
1403636598413555456.000000,0.000000,0.000000,22.740918,4.053272,0.181442,0.105121,12.726573,0.111553,44.624576
1403636598463555584.000000,0.000000,0.000000,23.579137,6.507161,0.179811,0.093313,11.972131,0.140226,46.392344
1403636598513555456.000000,0.000000,0.000000,25.890881,6.098195,0.221187,0.095649,14.290595,0.765834,51.607583
1403636598563555584.000000,0.000000,0.000000,25.290457,5.015365,0.190563,0.162274,16.109532,0.233059,48.180305
1403636598613555456.000000,0.000000,0.000000,25.716862,5.646957,0.197251,0.110498,13.203252,0.127042,51.299835
1403636598663555584.000000,0.000000,0.000000,23.790885,4.296954,0.190210,0.096514,11.805441,0.765258,45.590318
1403636598713555456.000000,0.000000,0.000000,23.789668,5.833519,0.184643,0.149026,13.653242,0.168194,46.108980
1403636598763555584.000000,0.000000,0.000000,24.399948,4.863139,0.204707,0.100897,11.307514,0.111873,49.116382
1403636598813555456.000000,0.000000,0.000000,22.596148,3.258252,0.112258,0.058913,10.167466,0.652905,47.284420
1403636598863555584.000000,0.000000,0.000000,25.709022,5.198183,0.110369,0.082881,13.001234,0.106594,49.311009
1403636598913555456.000000,0.000000,0.000000,31.491918,5.111206,0.117153,0.077217,13.839549,0.812235,53.729629
1403636598963555584.000000,0.000000,0.000000,25.109783,4.988036,0.173859,0.096738,13.800060,0.113442,48.990140
1403636599013555456.000000,0.000000,0.000000,27.242260,3.242828,0.180547,0.075329,11.829249,0.640713,46.924032
1403636599063555584.000000,0.000000,0.000000,21.621639,2.587395,0.130082,0.077793,14.392132,0.104449,39.546427
1403636599113555456.000000,0.000000,0.000000,22.293328,3.010793,0.077857,0.105665,12.175238,0.738986,42.441187
1403636599163555584.000000,0.000000,0.000000,23.494528,5.414378,0.200386,0.109314,14.849994,0.110721,48.548758
1403636599213555456.000000,0.000000,0.000000,21.735593,3.686610,0.112385,0.109474,12.550635,0.639209,44.161306
1403636599263555584.000000,0.000000,0.000000,23.064187,6.133940,0.111137,0.118497,14.913068,0.110274,46.468218
1403636599313555456.000000,0.000000,0.000000,21.210977,3.348302,0.070081,0.068737,9.426817,0.109826,43.812630
1403636599363555584.000000,0.000000,0.000000,23.278302,5.949778,0.192643,0.096705,13.916638,0.699049,47.309829
1403636599413555456.000000,0.000000,0.000000,22.215279,4.313754,0.197698,0.144418,14.756873,0.116866,46.386648
1403636599463555584.000000,0.000000,0.000000,24.221706,6.318967,0.203299,0.073505,12.618220,0.105761,48.627703
1403636599513555456.000000,0.000000,0.000000,24.032679,6.217589,0.200195,0.087489,12.616332,0.089857,50.308366
1403636599563555584.000000,0.000000,0.000000,21.087199,2.982441,0.137890,0.107553,16.785189,0.101121,37.960294
1403636599613555456.000000,0.000000,0.000000,22.544947,5.401610,0.216483,0.094305,14.642568,0.090530,47.420999
1403636599663555584.000000,0.000000,0.000000,24.914388,3.037802,0.212547,0.090593,12.965329,0.080609,47.685451
1403636599713555456.000000,0.000000,0.000000,22.051276,2.816103,0.142818,0.096129,14.658536,0.091202,42.255520
1403636599763555584.000000,0.000000,0.000000,22.886584,5.130982,0.221315,0.093345,14.661992,0.085569,45.607790
1403636599813555456.000000,0.000000,0.000000,24.640272,2.288351,0.247812,0.103746,14.718697,0.090849,51.827299
1403636599863555584.000000,0.000000,0.000000,24.731826,5.422090,0.217411,0.099105,15.619253,0.691241,50.023530
1403636599913555456.000000,0.000000,0.000000,26.134916,5.057061,0.203395,0.133346,13.752027,0.145474,49.276160
1403636599963555584.000000,0.000000,0.000000,23.373854,5.939729,0.250052,0.098785,15.109230,0.092898,49.957033
1403636600013555456.000000,0.000000,0.000000,22.634292,5.100582,0.221059,0.106305,11.146488,0.068961,47.581736
1403636600063555584.000000,0.000000,0.000000,23.958215,5.564364,0.228227,0.114114,15.196239,0.082881,49.387778
1403636600113555456.000000,0.000000,0.000000,23.099482,5.880496,0.239587,0.108737,15.668598,0.088641,50.562865
1403636600163555584.000000,0.000000,0.000000,25.216280,3.077706,0.081505,0.110529,15.421938,0.090561,47.127362
1403636600213555456.000000,0.000000,0.000000,24.128361,6.070035,0.125826,0.118722,16.396448,0.119938,50.610674
1403636600263555584.000000,0.000000,0.000000,21.014495,3.753171,0.195523,0.102625,12.604844,0.074721,40.723692
1403636600313555456.000000,0.000000,0.000000,23.064827,6.041331,0.263171,0.108737,13.749404,0.078145,49.584260
1403636600363555584.000000,0.000000,0.000000,22.918136,5.917488,0.260996,0.112290,14.367844,0.598696,49.771463
1403636600413555456.000000,0.000000,0.000000,23.079803,5.785870,0.134690,0.189858,16.343967,0.140162,49.544004
1403636600463555584.000000,0.000000,0.000000,23.227133,6.256725,0.273539,0.125378,14.779465,0.095137,51.220922
1403636600513555456.000000,0.000000,0.000000,21.366275,4.533790,0.222275,0.126082,14.731209,0.089282,43.534353
1403636600563555584.000000,0.000000,0.000000,22.866552,5.694253,0.130498,0.119074,15.995802,0.083329,47.446855
1403636600613555456.000000,0.000000,0.000000,22.383473,5.281288,0.145986,0.114914,15.934745,0.082082,48.005583
1403636600663555584.000000,0.000000,0.000000,24.802130,3.192012,0.124610,0.124066,13.119634,0.073025,49.794727
1403636600713555456.000000,0.000000,0.000000,23.712100,3.364622,0.217539,0.127714,14.464005,0.078401,47.042785
1403636600763555584.000000,0.000000,0.000000,22.508338,4.521117,0.243011,0.112897,14.804042,0.081986,46.761502
1403636600813555456.000000,0.000000,0.000000,21.930859,5.884304,0.251651,0.108289,14.703241,0.082113,49.101982
1403636600863555584.000000,0.000000,0.000000,24.586319,5.904913,0.229027,0.137698,16.916166,0.636937,51.616767
1403636600913555456.000000,0.000000,0.000000,22.966521,5.584621,0.203875,0.143554,13.236052,0.126978,46.714397
1403636600963555584.000000,0.000000,0.000000,22.722038,5.279368,0.225315,0.098658,15.596276,0.099041,47.854029
1403636601013555456.000000,0.000000,0.000000,22.893272,5.058181,0.224771,0.111618,15.321777,0.090081,47.751979
1403636601063555584.000000,0.000000,0.000000,23.873733,5.283688,0.218147,0.140674,16.488737,0.090914,48.948571
1403636601113555456.000000,0.000000,0.000000,23.909925,6.255093,0.248227,0.113058,15.402866,0.085313,52.974802
1403636601163555584.000000,0.000000,0.000000,23.400063,2.989129,0.072801,0.117602,13.646874,0.074401,44.488991
1403636601213555456.000000,0.000000,0.000000,24.664976,3.246413,0.077505,0.112226,14.537958,0.084033,49.017148
1403636601263555584.000000,0.000000,0.000000,21.976395,3.015913,0.156418,0.139010,16.401055,0.085441,45.187816
1403636601313555456.000000,0.000000,0.000000,24.168169,5.965809,0.119970,0.110561,14.575015,0.080769,51.915524
1403636601363555584.000000,0.000000,0.000000,24.398637,5.262344,0.191202,0.132194,16.349791,0.504359,50.236588
1403636601413555456.000000,0.000000,0.000000,22.229103,4.580159,0.197282,0.154274,13.605625,0.122594,45.320842
1403636601463555584.000000,0.000000,0.000000,24.586288,5.463147,0.197795,0.120546,14.373860,0.084577,49.584804
1403636601513555456.000000,0.000000,0.000000,23.939078,5.821551,0.212195,0.136258,12.871631,0.076961,51.431709
1403636601563555584.000000,0.000000,0.000000,23.883845,4.824066,0.192387,0.115489,15.399314,0.084961,48.349203
1403636601613555456.000000,0.000000,0.000000,24.003431,5.741134,0.231587,0.119458,15.258128,0.083105,51.657472
1403636601663555584.000000,0.000000,0.000000,26.377607,4.577311,0.175299,0.121858,13.802268,0.074177,49.841768
1403636601713555456.000000,0.000000,0.000000,21.967468,4.153081,0.199587,0.128482,15.674454,0.083969,45.307626
1403636601763555584.000000,0.000000,0.000000,22.570196,3.641106,0.176195,0.114466,13.800444,0.075393,44.092633
1403636601813555456.000000,0.000000,0.000000,22.560947,5.637773,0.197731,0.127745,14.743657,0.080577,48.654904
1403636601863555584.000000,0.000000,0.000000,24.749522,5.190471,0.194914,0.116481,15.029805,0.500326,50.674195
1403636601913555456.000000,0.000000,0.000000,22.399601,4.440957,0.194818,0.152130,14.224034,0.135233,46.015571
1403636601963555584.000000,0.000000,0.000000,23.822468,5.856528,0.213123,0.116194,14.669960,0.087233,50.467568
1403636602013555456.000000,0.000000,0.000000,22.942681,5.500235,0.186914,0.123425,13.230869,0.077569,47.197571
1403636602063555584.000000,0.000000,0.000000,24.937172,4.899107,0.190531,0.117505,15.506260,0.085313,49.476419
1403636602113555456.000000,0.000000,0.000000,25.735263,5.082597,0.110114,0.141282,16.504865,0.086337,51.147609
1403636602163555584.000000,0.000000,0.000000,23.219005,3.145802,0.097665,0.120418,13.266260,0.070433,45.429867
1403636602213555456.000000,0.000000,0.000000,23.649442,2.987977,0.204578,0.118082,13.937886,0.072577,46.427993
1403636602263555584.000000,0.000000,0.000000,24.293547,6.134484,0.196771,0.120289,15.517940,0.083458,48.472341
1403636602313555456.000000,0.000000,0.000000,23.231965,5.525260,0.208739,0.123649,14.888107,0.082721,49.241055
1403636602363555584.000000,0.000000,0.000000,24.952629,3.310125,0.213859,0.124866,16.913895,0.519559,50.015466
1403636602413555456.000000,0.000000,0.000000,23.546817,4.695392,0.197027,0.148130,13.721659,0.124897,46.443834
1403636602463555584.000000,0.000000,0.000000,25.387962,5.085222,0.207043,0.113825,13.413719,0.083233,49.362721
1403636602513555456.000000,0.000000,0.000000,24.060104,5.444426,0.200899,0.133314,13.177396,0.079169,49.992842
1403636602563555584.000000,0.000000,0.000000,23.342751,5.107493,0.217635,0.124258,15.980250,0.083617,48.375572
1403636602613555456.000000,0.000000,0.000000,24.254346,5.703758,0.124641,0.112034,14.636743,0.082209,52.382602
1403636602663555584.000000,0.000000,0.000000,23.338334,3.251308,0.076705,0.143426,16.860838,0.091009,45.065990
1403636602713555456.000000,0.000000,0.000000,22.967545,3.933557,0.184899,0.130721,16.603939,0.087521,45.071302
1403636602763555584.000000,0.000000,0.000000,22.027788,3.404111,0.209506,0.117985,13.873182,0.074625,43.366096
1403636602813555456.000000,0.000000,0.000000,23.280734,6.292982,0.234467,0.121729,16.626723,0.085282,50.571090
1403636602863555584.000000,0.000000,0.000000,22.302384,4.798050,0.192066,0.134273,13.158548,0.455846,46.927840
1403636602913555456.000000,0.000000,0.000000,23.065914,3.840469,0.217603,0.134050,13.467991,0.114210,49.481122
1403636602963555584.000000,0.000000,0.000000,23.921191,5.962033,0.241028,0.097473,13.389783,0.074209,51.670849
1403636603013555456.000000,0.000000,0.000000,24.239755,5.063141,0.204163,0.109538,12.517675,0.075553,47.935277
1403636603063555584.000000,0.000000,0.000000,22.987993,5.774350,0.233508,0.118498,15.480211,0.083617,50.466704
1403636603113555456.000000,0.000000,0.000000,22.910073,4.949124,0.183619,0.111393,14.821034,0.081505,46.070260
1403636603163555584.000000,0.000000,0.000000,27.308052,2.977993,0.156386,0.138722,16.857190,0.089345,48.816154
1403636603213555456.000000,0.000000,0.000000,26.963056,2.952936,0.128738,0.127105,18.099703,0.092321,47.837452
1403636603263555584.000000,0.000000,0.000000,22.801271,3.399054,0.149762,0.116386,13.959262,0.075969,43.470129
1403636603313555456.000000,0.000000,0.000000,24.171242,5.740463,0.208707,0.144098,16.537666,0.085761,50.733076
1403636603363555584.000000,0.000000,0.000000,23.335326,4.668928,0.197475,0.112962,13.576313,0.455815,47.757739
1403636603413555456.000000,0.000000,0.000000,22.224623,2.404065,0.153954,0.154658,14.998892,0.121154,46.333976
1403636603463555584.000000,0.000000,0.000000,25.577212,6.347926,0.237732,0.096193,13.921854,0.087170,55.343795
1403636603513555456.000000,0.000000,0.000000,23.267805,4.722849,0.188098,0.143266,13.259285,0.081857,46.835646
1403636603563555584.000000,0.000000,0.000000,24.543503,5.731214,0.209539,0.119745,16.568418,0.084993,52.147174
1403636603613555456.000000,0.000000,0.000000,21.948299,4.237209,0.178114,0.120737,15.436499,0.084321,44.867108
1403636603663555584.000000,0.000000,0.000000,23.418495,3.270605,0.199875,0.140578,16.938662,0.091489,46.735581
1403636603713555456.000000,0.000000,0.000000,22.614516,3.087690,0.126306,0.113985,15.583893,0.084897,44.419774
1403636603763555584.000000,0.000000,0.000000,22.141742,3.464239,0.177475,0.147490,18.287065,0.098721,43.805333
1403636603813555456.000000,0.000000,0.000000,24.232778,5.592620,0.248292,0.143554,16.867750,0.090081,51.927364
1403636603863555584.000000,0.000000,0.000000,23.555649,5.095846,0.203043,0.126690,17.768082,0.549416,49.268256
1403636603913555456.000000,0.000000,0.000000,24.359948,4.578174,0.227940,0.180035,14.158017,0.091393,51.241819
1403636603963555584.000000,0.000000,0.000000,23.067802,4.993732,0.195459,0.121665,15.867065,0.095905,48.597303
1403636604013555456.000000,0.000000,0.000000,24.787794,6.243253,0.229411,0.102338,13.997087,0.119170,54.793291
1403636604063555584.000000,0.000000,0.000000,22.701206,2.897703,0.213571,0.126306,15.388305,0.085377,47.674506
1403636604113555456.000000,0.000000,0.000000,24.008231,5.975410,0.217795,0.115042,15.497139,0.084289,53.400632
1403636604163555584.000000,0.000000,0.000000,23.423231,6.140468,0.181058,0.151107,17.469614,0.084097,49.033468
1403636604213555456.000000,0.000000,0.000000,23.479264,4.514397,0.203331,0.118562,15.791447,0.084481,49.191231
1403636604263555584.000000,0.000000,0.000000,22.817847,3.711410,0.184002,0.119553,15.658102,0.084161,45.611726
1403636604313555456.000000,0.000000,0.000000,23.016346,5.829999,0.225507,0.148738,17.954357,0.090881,49.265503
1403636604363555584.000000,0.000000,0.000000,21.845226,5.212871,0.203491,0.122946,15.671893,0.533447,47.467623
1403636604413555456.000000,0.000000,0.000000,23.913830,5.905776,0.246979,0.063584,13.228597,0.086593,52.816784
1403636604463555584.000000,0.000000,0.000000,22.697910,4.567390,0.221507,0.098241,8.931386,0.053217,48.160241
1403636604513555456.000000,0.000000,0.000000,23.101275,5.041701,0.225155,0.041665,8.080142,0.038753,48.905051
1403636604563555584.000000,0.000000,0.000000,24.746673,2.383456,0.242019,0.142882,15.080302,0.080385,50.694099
1403636604613555456.000000,0.000000,0.000000,25.173623,5.634349,0.209155,0.125922,14.828426,0.081057,51.895108
1403636604663555584.000000,0.000000,0.000000,22.112269,4.483965,0.165571,0.123906,16.573762,0.111586,44.620224
1403636604713555456.000000,0.000000,0.000000,24.132265,3.078634,0.124098,0.120417,14.936204,0.080577,41.078160
1403636604763555584.000000,0.000000,0.000000,22.043693,2.469089,0.118177,0.123778,15.628053,0.085185,36.793366
1403636604813555456.000000,0.000000,0.000000,22.929976,5.493675,0.193187,0.118689,15.687510,0.081953,48.931195
1403636604863555584.000000,0.000000,0.000000,23.270877,5.740622,0.217827,0.121186,15.600085,0.559144,48.888891
1403636604913555456.000000,0.000000,0.000000,23.598594,5.247848,0.226019,0.131361,13.008594,0.105826,50.662355
1403636604963555584.000000,0.000000,0.000000,22.560275,4.195194,0.203651,0.133889,14.509478,0.076641,46.820190
1403636605013555456.000000,0.000000,0.000000,23.303614,5.268392,0.206914,0.121857,13.042034,0.074977,49.344673
1403636605063555584.000000,0.000000,0.000000,23.340894,5.512587,0.119010,0.115649,13.516665,0.070913,49.506115
1403636605113555456.000000,0.000000,0.000000,24.526159,6.068563,0.209634,0.117794,13.945566,0.073473,51.782114
1403636605163555584.000000,0.000000,0.000000,22.033837,2.969256,0.124866,0.124833,16.681828,0.080993,42.791751
1403636605213555456.000000,0.000000,0.000000,24.058248,3.583025,0.175363,0.129954,15.449395,0.102498,47.866733
1403636605263555584.000000,0.000000,0.000000,23.492768,6.552057,0.172643,0.126658,15.604437,0.081793,50.160427
1403636605313555456.000000,0.000000,0.000000,24.958453,5.544204,0.182723,0.123042,15.625077,0.084418,48.997020
1403636605363555584.000000,0.000000,0.000000,22.794935,4.490781,0.069825,0.119585,15.631702,0.463431,46.159670
1403636605413555456.000000,0.000000,0.000000,23.003257,6.225909,0.211299,0.129602,12.919952,0.113825,51.105817
1403636605463555584.000000,0.000000,0.000000,22.823767,2.756070,0.193090,0.116898,15.084558,0.087937,46.071797
1403636605513555456.000000,0.000000,0.000000,23.358079,5.692110,0.111169,0.119489,15.307249,0.091841,49.693222
1403636605563555584.000000,0.000000,0.000000,22.889688,5.269160,0.114049,0.123010,15.873848,0.082273,49.038108
1403636605613555456.000000,0.000000,0.000000,24.242058,5.525131,0.114562,0.130370,17.305164,0.087073,50.779317
1403636605663555584.000000,0.000000,0.000000,24.031016,3.322797,0.072161,0.115010,13.233012,0.069185,45.317290
1403636605713555456.000000,0.000000,0.000000,25.050070,3.502256,0.103841,0.125217,14.944652,0.081410,48.682072
1403636605763555584.000000,0.000000,0.000000,22.212815,3.849812,0.101858,0.122338,15.315665,0.073313,46.755933
1403636605813555456.000000,0.000000,0.000000,23.109180,5.631917,0.204387,0.111298,15.213871,0.080833,49.591300
1403636605863555584.000000,0.000000,0.000000,23.222749,6.219093,0.225315,0.128833,15.344594,0.543719,52.719310
1403636605913555456.000000,0.000000,0.000000,23.178268,5.345641,0.171010,0.147042,15.003660,0.130849,46.660061
1403636605963555584.000000,0.000000,0.000000,24.536687,5.310825,0.191427,0.102049,15.314609,0.094242,49.851272
1403636606013555456.000000,0.000000,0.000000,22.925688,4.956964,0.202690,0.076673,13.835037,0.104226,48.127920
1403636606063555584.000000,0.000000,0.000000,23.754084,4.894179,0.178722,0.116226,15.995098,0.086913,48.968283
1403636606113555456.000000,0.000000,0.000000,22.165230,5.407562,0.207619,0.150914,15.709366,0.085249,48.425876
1403636606163555584.000000,0.000000,0.000000,21.990955,2.944969,0.176611,0.152066,16.700196,0.083745,45.006085
1403636606213555456.000000,0.000000,0.000000,22.754038,3.218284,0.074497,0.134818,17.541039,0.083425,46.201558
1403636606263555584.000000,0.000000,0.000000,23.729828,2.916743,0.131618,0.124802,15.719094,0.083745,45.154536
1403636606313555456.000000,0.000000,0.000000,22.201871,5.367594,0.195458,0.114178,15.794871,0.082754,48.895323
1403636606363555584.000000,0.000000,0.000000,22.889880,5.221607,0.191362,0.151490,18.455196,0.605064,48.960028
1403636606413555456.000000,0.000000,0.000000,22.397586,5.450986,0.215843,0.158306,16.434112,0.124386,49.954153
1403636606463555584.000000,0.000000,0.000000,24.338475,6.358391,0.224195,0.121122,17.077385,0.094337,53.583739
1403636606513555456.000000,0.000000,0.000000,24.436173,5.439914,0.197858,0.129954,15.027917,0.110465,50.996791
1403636606563555584.000000,0.000000,0.000000,22.816823,4.504381,0.111073,0.127202,16.194012,0.085121,48.210930
1403636606613555456.000000,0.000000,0.000000,22.826871,3.933813,0.120898,0.121250,13.996351,0.073057,51.316956
1403636606663555584.000000,0.000000,0.000000,24.526030,5.656301,0.102626,0.102305,14.884555,0.074209,51.799362
1403636606713555456.000000,0.000000,0.000000,23.695747,3.537936,0.112161,0.144738,15.442611,0.081121,48.563862
1403636606763555584.000000,0.000000,0.000000,22.938201,5.229319,0.186626,0.124066,15.687894,0.081633,48.525461
1403636606813555456.000000,0.000000,0.000000,24.565774,5.236519,0.193251,0.116098,15.779351,0.084321,50.999415
1403636606863555584.000000,0.000000,0.000000,22.167790,4.488605,0.180002,0.164578,15.855384,0.548871,45.452076
1403636606913555456.000000,0.000000,0.000000,22.442706,3.309709,0.142754,0.146306,13.537273,0.134370,45.296970
1403636606963555584.000000,0.000000,0.000000,21.971564,5.682478,0.192963,0.116738,14.270627,0.082273,48.167921
1403636607013555456.000000,0.000000,0.000000,24.187882,5.124646,0.200323,0.134242,15.677398,0.090785,49.988809
1403636607063555584.000000,0.000000,0.000000,22.568147,5.400713,0.186211,0.114721,13.914430,0.083425,48.815161
1403636607113555456.000000,0.000000,0.000000,23.428383,5.605068,0.104353,0.129698,16.820325,0.089249,50.467024
1403636607163555584.000000,0.000000,0.000000,23.794789,5.346377,0.084577,0.114210,15.480595,0.083521,47.562761
1403636607213555456.000000,0.000000,0.000000,24.574479,5.820880,0.171202,0.136994,13.857629,0.072673,49.735974
1403636607263555584.000000,0.000000,0.000000,22.432146,3.708434,0.091649,0.149602,16.711492,0.087841,47.026657
1403636607313555456.000000,0.000000,0.000000,25.644286,4.953219,0.105794,0.130018,17.355692,0.089345,49.535235
1403636607363555584.000000,0.000000,0.000000,22.451954,5.566348,0.152738,0.114274,15.386194,0.513895,50.139915
1403636607413555456.000000,0.000000,0.000000,23.801348,6.114867,0.183587,0.151747,16.874150,0.154242,50.457040
1403636607463555584.000000,0.000000,0.000000,22.741398,5.017317,0.167586,0.121153,15.889529,0.093570,46.610780
1403636607513555456.000000,0.000000,0.000000,22.821623,3.060874,0.206755,0.116065,16.297407,0.111394,48.039567
1403636607563555584.000000,0.000000,0.000000,22.875128,5.812495,0.219395,0.110786,14.514214,0.086465,51.389244
1403636607613555456.000000,0.000000,0.000000,23.833733,5.161607,0.185954,0.127170,17.312908,0.085153,49.745126
1403636607663555584.000000,0.000000,0.000000,22.213743,3.040970,0.073537,0.117762,14.488901,0.077058,47.232036
1403636607713555456.000000,0.000000,0.000000,25.664606,4.028055,0.105314,0.114113,15.744439,0.084929,50.582802
1403636607763555584.000000,0.000000,0.000000,21.591334,3.040009,0.180451,0.128770,16.861222,0.084225,45.649358
1403636607813555456.000000,0.000000,0.000000,23.867558,3.891829,0.115201,0.112193,13.618362,0.071169,47.220515
1403636607863555584.000000,0.000000,0.000000,24.298603,6.051474,0.237827,0.124258,16.412896,0.522951,53.970944
1403636607913555456.000000,0.000000,0.000000,22.074381,4.762081,0.172418,0.179299,13.572537,0.103362,46.294039
1403636607963555584.000000,0.000000,0.000000,22.714614,5.382634,0.186435,0.119009,14.062143,0.080673,48.725624
1403636608013555456.000000,0.000000,0.000000,24.186410,5.287240,0.128834,0.112034,15.016813,0.108162,51.565663
1403636608063555584.000000,0.000000,0.000000,23.448608,5.109477,0.186339,0.118754,13.879773,0.081570,46.968992
1403636608113555456.000000,0.000000,0.000000,24.105321,5.202759,0.127330,0.124962,16.021530,0.084385,51.323740
1403636608163555584.000000,0.000000,0.000000,22.953945,3.806324,0.090913,0.143010,16.653443,0.101442,45.231401
1403636608213555456.000000,0.000000,0.000000,23.164988,5.779151,0.089377,0.120641,14.462566,0.075809,47.758955
1403636608263555584.000000,0.000000,0.000000,22.572244,5.963441,0.175074,0.126018,15.491859,0.081057,47.656970
1403636608313555456.000000,0.000000,0.000000,21.904106,3.712946,0.191714,0.137089,16.170205,0.088194,44.299164
1403636608363555584.000000,0.000000,0.000000,24.562543,5.243911,0.118050,0.130178,17.273932,0.510343,50.835189
1403636608413555456.000000,0.000000,0.000000,24.606384,4.034199,0.113186,0.059296,13.040210,0.076738,50.533617
1403636608463555584.000000,0.000000,0.000000,23.137756,5.795759,0.186371,0.103106,9.553058,0.056225,48.295090
1403636608513555456.000000,0.000000,0.000000,23.787172,5.976753,0.196418,0.097986,8.139567,0.068033,50.249005
1403636608563555584.000000,0.000000,0.000000,23.026778,2.783558,0.173667,0.108706,13.239348,0.075682,46.963072
1403636608613555456.000000,0.000000,0.000000,24.422541,6.082067,0.240131,0.106914,15.079565,0.078561,53.294583
1403636608663555584.000000,0.000000,0.000000,22.727446,5.006852,0.086562,0.122913,17.092041,0.088801,45.762736
1403636608713555456.000000,0.000000,0.000000,24.182762,3.193292,0.066304,0.107329,13.581946,0.071649,41.497717
1403636608763555584.000000,0.000000,0.000000,23.159836,2.516226,0.111489,0.105346,14.437413,0.075681,38.517421
1403636608813555456.000000,0.000000,0.000000,22.939352,5.076709,0.181250,0.120610,15.527955,0.080353,46.128053
1403636608863555584.000000,0.000000,0.000000,23.740580,5.377770,0.189410,0.140770,16.062395,0.495303,48.969596
1403636608913555456.000000,0.000000,0.000000,24.291019,5.976177,0.225060,0.172163,15.888888,0.237731,52.600461
1403636608963555584.000000,0.000000,0.000000,23.214781,4.257658,0.176610,0.115938,14.417988,0.086465,45.918162
1403636609013555456.000000,0.000000,0.000000,23.450655,5.382121,0.175298,0.122562,16.712740,0.115042,48.210770
1403636609063555584.000000,0.000000,0.000000,23.880325,5.471146,0.190947,0.101378,13.407670,0.084193,50.001738
1403636609113555456.000000,0.000000,0.000000,23.559074,4.780737,0.187555,0.131682,17.177066,0.087458,49.999242
1403636609163555584.000000,0.000000,0.000000,24.356844,5.842511,0.186402,0.114018,13.664218,0.072353,51.507998
1403636609213555456.000000,0.000000,0.000000,23.043930,3.256652,0.130402,0.127009,15.589845,0.103234,44.843683
1403636609263555584.000000,0.000000,0.000000,22.494611,3.705074,0.195170,0.121698,15.840727,0.083425,48.028911
1403636609313555456.000000,0.000000,0.000000,22.556339,3.205932,0.144130,0.127298,17.459694,0.087617,44.020056
1403636609363555584.000000,0.000000,0.000000,23.850885,5.824016,0.205763,0.121986,15.467155,0.484999,52.020709
1403636609413555456.000000,0.000000,0.000000,24.436301,5.503339,0.171586,0.201122,17.887988,0.136898,48.269202
1403636609463555584.000000,0.000000,0.000000,22.656436,5.422858,0.219235,0.130593,17.132394,0.085602,48.766329
1403636609513555456.000000,0.000000,0.000000,22.174703,5.990002,0.193891,0.121953,15.934970,0.088481,49.142174
1403636609563555584.000000,0.000000,0.000000,23.385407,5.202311,0.213219,0.127618,14.756137,0.087809,51.121177
1403636609613555456.000000,0.000000,0.000000,23.752996,4.504062,0.194978,0.161730,17.217547,0.087330,48.884442
1403636609663555584.000000,0.000000,0.000000,22.841815,2.892039,0.219747,0.114881,13.705211,0.073281,48.771288
1403636609713555456.000000,0.000000,0.000000,23.013882,2.946792,0.206723,0.149954,16.506465,0.085601,47.884429
1403636609763555584.000000,0.000000,0.000000,23.891078,3.707315,0.174595,0.117986,16.217565,0.116738,48.311283
1403636609813555456.000000,0.000000,0.000000,23.428447,3.454735,0.186274,0.129889,16.446848,0.088545,46.503482
1403636609863555584.000000,0.000000,0.000000,23.109883,5.570476,0.211395,0.123042,15.774231,0.483526,51.044823
1403636609913555456.000000,0.000000,0.000000,23.088923,5.334185,0.164642,0.162210,16.415712,0.111202,46.803550
1403636609963555584.000000,0.000000,0.000000,23.084282,2.829575,0.186531,0.117729,15.101646,0.081410,47.685514
1403636610013555456.000000,0.000000,0.000000,23.168540,5.356137,0.100097,0.100802,15.534003,0.085505,49.814376
1403636610063555584.000000,0.000000,0.000000,23.153788,5.888016,0.104417,0.134722,15.795831,0.087777,50.551889
1403636610113555456.000000,0.000000,0.000000,21.664391,4.815297,0.104929,0.126946,16.609186,0.089345,47.527880
1403636610163555584.000000,0.000000,0.000000,22.721365,2.875944,0.101186,0.119554,14.548454,0.078689,47.086754
1403636610213555456.000000,0.000000,0.000000,24.619632,3.585841,0.171811,0.127202,15.751031,0.083073,48.134096
1403636610263555584.000000,0.000000,0.000000,23.563905,3.055498,0.121665,0.112833,13.869917,0.072321,46.705468
1403636610313555456.000000,0.000000,0.000000,26.209765,5.995218,0.190275,0.146850,16.765637,0.088929,53.285750
1403636610363555584.000000,0.000000,0.000000,24.046631,5.397801,0.194818,0.131746,16.434080,0.527079,51.039832
1403636610413555456.000000,0.000000,0.000000,23.347710,4.544222,0.169538,0.185026,17.043273,0.148674,47.320997
1403636610463555584.000000,0.000000,0.000000,24.587119,4.887523,0.195074,0.120706,15.874680,0.093026,50.151596
1403636610513555456.000000,0.000000,0.000000,23.887654,4.713568,0.169443,0.099841,15.561652,0.115937,47.577513
1403636610563555584.000000,0.000000,0.000000,28.087007,4.241722,0.198883,0.109730,13.464023,0.089505,54.305764
1403636610613555456.000000,0.000000,0.000000,21.636775,5.422890,0.196066,0.120674,15.366385,0.090913,49.099869
1403636610663555584.000000,0.000000,0.000000,23.097147,3.248684,0.195203,0.126657,13.661370,0.076833,48.477749
1403636610713555456.000000,0.000000,0.000000,23.263453,3.655122,0.183235,0.118050,16.449632,0.099074,47.803819
1403636610763555584.000000,0.000000,0.000000,20.838364,3.100746,0.143618,0.135362,16.922246,0.095553,44.170042
1403636610813555456.000000,0.000000,0.000000,23.217852,2.792870,0.189762,0.126338,17.644240,0.099841,44.460574
1403636610863555584.000000,0.000000,0.000000,24.438221,5.186182,0.222787,0.115201,15.433491,0.569160,50.323630
1403636610913555456.000000,0.000000,0.000000,24.435342,6.085107,0.177027,0.186499,17.507055,0.136962,49.436609
1403636610963555584.000000,0.000000,0.000000,23.463680,2.693988,0.162370,0.124610,15.764823,0.091777,47.456327
1403636611013555456.000000,0.000000,0.000000,22.802582,2.947912,0.214499,0.099010,14.701544,0.082625,48.032367
1403636611063555584.000000,0.000000,0.000000,22.949529,5.644109,0.235491,0.140898,13.782812,0.081474,51.741153
1403636611113555456.000000,0.000000,0.000000,24.767057,5.063717,0.202915,0.132705,16.719620,0.116097,50.618546
1403636611163555584.000000,0.000000,0.000000,23.054746,3.952406,0.105537,0.119266,15.387922,0.088641,49.907080
1403636611213555456.000000,0.000000,0.000000,23.196124,3.113675,0.104193,0.117058,14.978700,0.089089,47.300549
1403636611263555584.000000,0.000000,0.000000,21.670439,2.840103,0.125474,0.118594,13.347414,0.078785,43.753044
1403636611313555456.000000,0.000000,0.000000,21.772585,5.039941,0.179490,0.123265,14.860779,0.086882,45.597165
1403636611363555584.000000,0.000000,0.000000,24.395917,6.678811,0.221539,0.112386,14.875307,0.509319,53.220566
1403636611413555456.000000,0.000000,0.000000,22.817719,5.166598,0.194627,0.140770,13.190100,0.126210,48.491669
1403636611463555584.000000,0.000000,0.000000,24.158921,5.757422,0.201890,0.114017,15.175407,0.092482,50.075658
1403636611513555456.000000,0.000000,0.000000,21.611015,4.476381,0.187587,0.118146,14.953132,0.100002,44.440990
1403636611563555584.000000,0.000000,0.000000,21.854570,5.646829,0.206275,0.099457,11.385307,0.073633,47.612617
1403636611613555456.000000,0.000000,0.000000,25.285177,5.525676,0.184514,0.114690,14.592326,0.086593,51.101721
1403636611663555584.000000,0.000000,0.000000,22.041101,2.961864,0.144002,0.123713,14.877035,0.084449,42.937258
1403636611713555456.000000,0.000000,0.000000,22.523155,3.094602,0.182467,0.138018,15.847512,0.112354,45.745552
1403636611763555584.000000,0.000000,0.000000,24.496206,6.373111,0.181538,0.121314,15.872312,0.091873,50.911158
1403636611813555456.000000,0.000000,0.000000,22.932280,3.007433,0.125730,0.108354,13.165811,0.074721,42.113854
1403636611863555584.000000,0.000000,0.000000,23.845733,4.896163,0.187523,0.114754,11.954915,0.259331,48.370003
1403636611913555456.000000,0.000000,0.000000,22.939608,5.281576,0.175267,0.086145,14.749641,0.083841,47.844013
1403636611963555584.000000,0.000000,0.000000,21.907339,5.961617,0.203395,0.101057,8.707095,0.052417,48.888954
1403636612013555456.000000,0.000000,0.000000,23.533632,5.972209,0.207427,0.094401,7.694281,0.046177,50.413039
1403636612063555584.000000,0.000000,0.000000,25.788352,4.255546,0.158050,0.089441,12.858223,0.079074,47.993167
1403636612113555456.000000,0.000000,0.000000,23.584801,5.251719,0.195491,0.117281,15.656758,0.086785,45.710479
1403636612163555584.000000,0.000000,0.000000,22.353361,5.144550,0.171554,0.116961,14.889579,0.085601,47.394438
1403636612213555456.000000,0.000000,0.000000,23.389119,3.069258,0.119074,0.114594,14.876715,0.084193,39.621020
1403636612263555584.000000,0.000000,0.000000,21.793961,2.511874,0.109826,0.122338,16.016186,0.085473,36.445873
1403636612313555456.000000,0.000000,0.000000,21.978892,4.419452,0.166243,0.121634,14.066816,0.077825,44.101210
1403636612363555584.000000,0.000000,0.000000,24.166442,5.650893,0.194979,0.142497,15.896985,0.546407,50.569969
1403636612413555456.000000,0.000000,0.000000,24.723569,5.368393,0.183491,0.155874,13.690043,0.113538,49.874087
1403636612463555584.000000,0.000000,0.000000,23.311486,6.037714,0.174658,0.132162,15.870392,0.083649,48.994108
1403636612513555456.000000,0.000000,0.000000,24.202762,6.265270,0.217123,0.107713,15.267984,0.088065,51.422973
1403636612563555584.000000,0.000000,0.000000,25.616510,4.899043,0.176834,0.095329,13.599097,0.085729,49.339872
1403636612613555456.000000,0.000000,0.000000,24.164106,5.968401,0.174946,0.128673,17.437070,0.089537,51.645504
1403636612663555584.000000,0.000000,0.000000,23.020026,3.289004,0.067777,0.140514,13.800412,0.078465,44.821379
1403636612713555456.000000,0.000000,0.000000,24.174537,3.315725,0.143906,0.123074,15.201295,0.084929,48.370484
1403636612763555584.000000,0.000000,0.000000,22.684470,3.319405,0.132258,0.140162,15.341329,0.085666,45.911154
1403636612813555456.000000,0.000000,0.000000,22.843672,3.210251,0.134850,0.095714,14.788393,0.089089,44.243899
1403636612863555584.000000,0.000000,0.000000,23.350654,6.415832,0.214723,0.122978,15.550900,0.527815,52.357834
1403636612913555456.000000,0.000000,0.000000,25.492763,5.345353,0.176515,0.151298,15.783255,0.112001,49.380706
1403636612963555584.000000,0.000000,0.000000,25.543228,5.707470,0.199139,0.120257,15.459091,0.088194,51.323836
1403636613013555456.000000,0.000000,0.000000,23.418015,4.293178,0.102785,0.119873,15.367346,0.107554,48.077840
1403636613063555584.000000,0.000000,0.000000,27.340437,2.473922,0.058112,0.119202,14.916043,0.090657,49.453891
1403636613113555456.000000,0.000000,0.000000,22.438354,5.453802,0.113538,0.127042,18.379835,0.089505,49.034940
1403636613163555584.000000,0.000000,0.000000,23.348190,3.294125,0.075745,0.122562,13.836124,0.076673,47.440679
1403636613213555456.000000,0.000000,0.000000,23.304830,5.321480,0.185795,0.143138,15.607381,0.087073,48.891131
1403636613263555584.000000,0.000000,0.000000,20.194387,4.823746,0.111970,0.127265,16.283870,0.090529,44.779011
1403636613313555456.000000,0.000000,0.000000,22.084717,3.467023,0.118145,0.124097,15.676374,0.089794,45.591885
1403636613363555584.000000,0.000000,0.000000,22.793783,6.262902,0.213890,0.121730,15.441170,0.534439,52.840240
1403636613413555456.000000,0.000000,0.000000,25.533948,4.486174,0.171618,0.144386,15.059854,0.150466,48.734648
1403636613463555584.000000,0.000000,0.000000,22.657333,4.895394,0.107170,0.100961,13.744827,0.085281,48.419028
1403636613513555456.000000,0.000000,0.000000,23.523200,4.776481,0.116866,0.098402,14.914475,0.089762,49.782695
1403636613563555584.000000,0.000000,0.000000,23.207388,5.276744,0.201667,0.071616,13.371575,0.122817,49.128382
1403636613613555456.000000,0.000000,0.000000,25.102359,5.174054,0.187810,0.123746,16.617891,0.091521,51.173049
1403636613663555584.000000,0.000000,0.000000,23.373918,3.144139,0.076225,0.122754,15.399314,0.090177,46.450521
1403636613713555456.000000,0.000000,0.000000,23.062075,2.954088,0.143522,0.116257,15.745687,0.090305,44.646241
1403636613763555584.000000,0.000000,0.000000,24.882387,2.833063,0.122529,0.115938,13.833308,0.078465,47.509928
1403636613813555456.000000,0.000000,0.000000,22.789879,3.027625,0.126082,0.121794,14.811786,0.085346,44.088185
1403636613863555584.000000,0.000000,0.000000,22.855320,5.450986,0.215363,0.122402,16.323422,0.585480,50.042570
1403636613913555456.000000,0.000000,0.000000,23.960871,5.236456,0.109890,0.146082,13.614425,0.111809,49.638788
1403636613963555584.000000,0.000000,0.000000,25.059510,6.052915,0.231620,0.102754,13.750043,0.080481,51.959109
1403636614013555456.000000,0.000000,0.000000,22.917688,5.715502,0.172034,0.115458,14.301123,0.077633,47.289381
1403636614063555584.000000,0.000000,0.000000,23.804901,4.977956,0.111041,0.151778,13.803516,0.079617,48.679288
1403636614113555456.000000,0.000000,0.000000,23.028954,5.929361,0.121122,0.118209,15.505331,0.082401,50.826804
1403636614163555584.000000,0.000000,0.000000,24.687696,4.597055,0.166851,0.145730,18.726495,0.090594,47.661386
1403636614213555456.000000,0.000000,0.000000,29.690645,2.979528,0.133089,0.116257,15.993018,0.085857,51.156217
1403636614263555584.000000,0.000000,0.000000,21.374467,3.067530,0.162114,0.124354,16.698116,0.085473,43.310991
1403636614313555456.000000,0.000000,0.000000,22.516179,5.235752,0.104610,0.111489,14.085696,0.072545,46.392440
1403636614363555584.000000,0.000000,0.000000,23.229980,5.863312,0.195042,0.141506,15.390866,0.471431,49.620548
1403636614413555456.000000,0.000000,0.000000,24.596719,6.309462,0.213539,0.183683,15.778999,0.114401,54.961998
1403636614463555584.000000,0.000000,0.000000,21.903914,5.525708,0.189379,0.128130,13.977950,0.070209,48.792793
1403636614513555456.000000,0.000000,0.000000,24.102729,6.741148,0.117921,0.111137,13.652122,0.097505,52.873072
1403636614563555584.000000,0.000000,0.000000,21.421604,6.066035,0.162979,0.106594,13.268309,0.089537,46.463257
1403636614613555456.000000,0.000000,0.000000,22.890424,4.763872,0.097249,0.119170,15.117390,0.079041,48.530613
1403636614663555584.000000,0.000000,0.000000,24.053512,5.724910,0.099681,0.120417,15.878041,0.091554,50.994295
1403636614713555456.000000,0.000000,0.000000,25.548444,5.790159,0.087873,0.117346,13.282069,0.075297,50.195852
1403636614763555584.000000,0.000000,0.000000,22.892600,5.937808,0.083361,0.123266,15.002444,0.088033,47.245828
1403636614813555456.000000,0.000000,0.000000,21.765737,3.948470,0.101825,0.117313,15.150031,0.079522,43.665459
1403636614863555584.000000,0.000000,0.000000,22.736661,5.157510,0.163170,0.112354,13.466615,0.443270,47.896045
1403636614913555456.000000,0.000000,0.000000,24.312523,5.193159,0.180547,0.189058,16.651107,0.116225,50.308526
1403636614963555584.000000,0.000000,0.000000,22.029773,4.440093,0.094241,0.116578,16.370335,0.087969,44.354973
1403636615013555456.000000,0.000000,0.000000,23.021625,5.380681,0.175363,0.119970,16.262013,0.087617,48.259154
1403636615063555584.000000,0.000000,0.000000,24.962164,5.132774,0.101826,0.098305,14.207714,0.085473,50.129868
1403636615113555456.000000,0.000000,0.000000,23.599457,4.307163,0.158978,0.131938,15.549268,0.085313,46.317143
1403636615163555584.000000,0.000000,0.000000,23.110011,3.728434,0.105410,0.107426,13.801532,0.072897,48.497621
1403636615213555456.000000,0.000000,0.000000,22.910456,4.324123,0.187427,0.110081,14.731113,0.080129,48.591542
1403636615263555584.000000,0.000000,0.000000,21.961835,3.123179,0.182435,0.122145,16.579138,0.085633,46.173846
1403636615313555456.000000,0.000000,0.000000,23.894150,3.563504,0.132225,0.104225,13.318422,0.071297,46.244950
1403636615363555584.000000,0.000000,0.000000,24.901012,5.825744,0.176514,0.107234,13.842429,0.456454,51.536094
1403636615413555456.000000,0.000000,0.000000,23.939463,5.649389,0.164898,0.194435,15.987994,0.117026,48.060207
1403636615463555584.000000,0.000000,0.000000,23.808932,5.086885,0.164514,0.098017,13.519672,0.072993,48.608342
1403636615513555456.000000,0.000000,0.000000,24.359500,5.854672,0.188803,0.113473,14.670504,0.103585,52.237192
1403636615563555584.000000,0.000000,0.000000,23.998695,4.899811,0.156354,0.109474,11.466460,0.066976,47.018689
1403636615613555456.000000,0.000000,0.000000,24.023367,5.698605,0.165410,0.113570,15.286896,0.080065,48.708280
1403636615663555584.000000,0.000000,0.000000,24.381965,6.068051,0.179907,0.120450,15.409330,0.082914,51.554399
1403636615713555456.000000,0.000000,0.000000,23.421055,3.388782,0.126786,0.129665,16.828710,0.084993,44.564895
1403636615763555584.000000,0.000000,0.000000,24.545487,5.984946,0.162594,0.118209,15.248048,0.081153,50.248845
1403636615813555456.000000,0.000000,0.000000,22.471187,2.902983,0.147426,0.119457,15.829048,0.082337,41.299411
1403636615863555584.000000,0.000000,0.000000,24.242379,4.901954,0.164386,0.131074,15.930617,0.503047,49.383009
1403636615913555456.000000,0.000000,0.000000,23.340670,5.501547,0.171970,0.148066,15.189487,0.125474,49.054013
1403636615963555584.000000,0.000000,0.000000,23.117883,5.942609,0.201123,0.120866,14.497765,0.085377,51.017304
1403636616013555456.000000,0.000000,0.000000,24.360845,4.895650,0.184003,0.100002,14.129120,0.082177,49.626212
1403636616063555584.000000,0.000000,0.000000,22.067981,5.299624,0.175395,0.101090,14.027295,0.083649,48.068783
1403636616113555456.000000,0.000000,0.000000,24.115369,5.311049,0.109634,0.120354,15.799831,0.083682,50.684819
1403636616163555584.000000,0.000000,0.000000,22.398418,3.102827,0.070529,0.118657,15.818552,0.085185,46.073204
1403636616213555456.000000,0.000000,0.000000,23.479200,3.178827,0.095841,0.122178,15.752823,0.086818,45.453452
1403636616263555584.000000,0.000000,0.000000,20.651001,3.295917,0.127234,0.124033,15.814904,0.086818,42.703046
1403636616313555456.000000,0.000000,0.000000,22.645941,3.321133,0.174466,0.124610,15.807447,0.082017,45.038278
1403636616363555584.000000,0.000000,0.000000,23.352447,5.292264,0.180227,0.121409,13.998431,0.452935,49.416801
1403636616413555456.000000,0.000000,0.000000,23.675971,5.226471,0.207523,0.069857,15.031469,0.086306,49.767814
1403636616463555584.000000,0.000000,0.000000,22.488339,5.805839,0.182658,0.106466,9.923591,0.057953,49.329376
1403636616513555456.000000,0.000000,0.000000,24.475150,5.223623,0.110274,0.097761,8.099150,0.048320,50.499217
1403636616563555584.000000,0.000000,0.000000,27.187570,5.314281,0.110561,0.080609,7.949677,0.045473,53.318071
1403636616613555456.000000,0.000000,0.000000,23.677763,4.829313,0.098818,0.110946,13.935582,0.076193,47.513480
1403636616663555584.000000,0.000000,0.000000,23.122972,4.935491,0.101409,0.123906,13.822396,0.074081,47.872173
1403636616713555456.000000,0.000000,0.000000,22.404786,3.191915,0.067841,0.111745,15.040398,0.081249,40.168708
1403636616763555584.000000,0.000000,0.000000,24.748178,2.412705,0.102242,0.113761,16.510434,0.087297,39.747710
1403636616813555456.000000,0.000000,0.000000,23.248253,2.536739,0.108737,0.103938,13.266901,0.070625,38.123399
1403636616863555584.000000,0.000000,0.000000,23.253213,4.605758,0.176674,0.140257,15.805016,0.456678,46.458521
1403636616913555456.000000,0.000000,0.000000,22.517907,4.444604,0.154114,0.197219,15.259568,0.102210,45.664078
1403636616963555584.000000,0.000000,0.000000,23.499840,4.860930,0.177634,0.104514,13.014161,0.073377,48.241297
1403636617013555456.000000,0.000000,0.000000,23.122971,5.984146,0.192963,0.100513,14.929836,0.083265,50.656179
1403636617063555584.000000,0.000000,0.000000,22.362097,5.532556,0.090657,0.102081,16.294911,0.109121,45.875441
1403636617113555456.000000,0.000000,0.000000,21.593126,5.159847,0.172834,0.116898,13.582617,0.082241,47.820971
1403636617163555584.000000,0.000000,0.000000,25.404283,5.239719,0.171650,0.151234,18.843809,0.098658,50.879478
1403636617213555456.000000,0.000000,0.000000,23.110427,2.998601,0.150338,0.125058,17.049352,0.091713,43.727860
1403636617263555584.000000,0.000000,0.000000,22.725269,3.549681,0.126786,0.115938,13.893597,0.073985,46.069012
1403636617313555456.000000,0.000000,0.000000,20.619961,2.939368,0.116450,0.115714,15.087822,0.080161,44.673089
1403636617363555584.000000,0.000000,0.000000,22.687413,3.660786,0.173954,0.115425,15.106254,0.477542,44.621376
1403636617413555456.000000,0.000000,0.000000,22.403633,2.310656,0.195011,0.139490,15.107950,0.127138,48.841946
1403636617463555584.000000,0.000000,0.000000,23.332766,5.655565,0.203235,0.108034,16.841861,0.089409,51.075096
1403636617513555456.000000,0.000000,0.000000,23.587266,4.528958,0.159586,0.103361,15.187023,0.084897,46.766590
1403636617563555584.000000,0.000000,0.000000,23.660387,4.932707,0.174978,0.140578,14.243618,0.082145,48.490133
1403636617613555456.000000,0.000000,0.000000,24.886483,5.881552,0.106306,0.137378,17.809491,0.085729,51.266555
1403636617663555584.000000,0.000000,0.000000,22.150926,3.221867,0.064161,0.126337,15.823512,0.084962,45.247785
1403636617713555456.000000,0.000000,0.000000,22.698197,3.790548,0.180162,0.119009,15.666518,0.084257,48.169137
1403636617763555584.000000,0.000000,0.000000,20.633465,3.172203,0.123970,0.131810,17.663729,0.087170,43.774389
1403636617813555456.000000,0.000000,0.000000,22.754262,4.042903,0.169026,0.105922,13.247956,0.071649,45.937715
1403636617863555584.000000,0.000000,0.000000,24.665905,5.484939,0.120321,0.136226,15.164814,0.504135,53.068179
1403636617913555456.000000,0.000000,0.000000,24.640048,6.494745,0.101474,0.179906,16.648323,0.112449,52.034821
1403636617963555584.000000,0.000000,0.000000,23.760451,5.504683,0.106850,0.119842,13.275317,0.073505,49.873448
1403636618013555456.000000,0.000000,0.000000,22.607796,6.247349,0.207459,0.109793,13.626618,0.076034,51.848547
1403636618063555584.000000,0.000000,0.000000,22.743670,4.659200,0.106529,0.105058,13.650458,0.081473,45.315786
1403636618113555456.000000,0.000000,0.000000,23.100283,4.731105,0.097762,0.113601,15.986746,0.087361,48.172753
1403636618163555584.000000,0.000000,0.000000,24.702801,4.120568,0.100674,0.098049,14.056352,0.074977,51.212762
1403636618213555456.000000,0.000000,0.000000,23.479072,4.294618,0.148258,0.131618,16.231805,0.083521,45.903986
1403636618263555584.000000,0.000000,0.000000,21.617382,3.283853,0.156098,0.099681,15.131246,0.084353,43.338991
1403636618313555456.000000,0.000000,0.000000,24.296107,5.135174,0.150370,0.113089,16.077276,0.092385,47.765707
1403636618363555584.000000,0.000000,0.000000,25.194455,5.732430,0.106850,0.115201,13.687547,0.395302,51.929860
1403636618413555456.000000,0.000000,0.000000,23.050042,5.129286,0.087105,0.146530,14.145536,0.116866,46.878175
1403636618463555584.000000,0.000000,0.000000,24.797330,5.019877,0.199939,0.098017,14.401669,0.083489,51.157434
1403636618513555456.000000,0.000000,0.000000,24.062344,5.148359,0.164834,0.102657,14.901835,0.078049,49.229695
1403636618563555584.000000,0.000000,0.000000,24.234826,5.442731,0.111874,0.131554,13.750075,0.085121,50.779253
1403636618613555456.000000,0.000000,0.000000,23.780900,5.221128,0.168227,0.128738,16.077275,0.103778,47.780652
1403636618663555584.000000,0.000000,0.000000,22.520755,3.180235,0.138786,0.115650,15.877688,0.083617,44.562815
1403636618713555456.000000,0.000000,0.000000,23.383199,6.073267,0.175747,0.112098,14.054623,0.071553,48.631991
1403636618763555584.000000,0.000000,0.000000,22.956441,3.044298,0.131042,0.112833,15.052365,0.081185,45.097095
1403636618813555456.000000,0.000000,0.000000,21.893738,5.358249,0.177218,0.115298,17.079753,0.084993,45.168391
1403636618863555584.000000,0.000000,0.000000,22.496627,5.232232,0.180515,0.112322,15.466962,0.479526,49.003452
1403636618913555456.000000,0.000000,0.000000,25.093718,5.307304,0.191491,0.139490,16.049691,0.133185,51.446846
1403636618963555584.000000,0.000000,0.000000,22.666037,4.948388,0.171074,0.113250,15.189135,0.079873,46.733821
1403636619013555456.000000,0.000000,0.000000,23.220765,5.432586,0.113473,0.101729,12.415753,0.067649,48.720824
1403636619063555584.000000,0.000000,0.000000,23.500192,5.318408,0.202786,0.112002,13.387510,0.081729,51.021975
1403636619113555456.000000,0.000000,0.000000,23.505152,4.880194,0.099809,0.122882,16.262750,0.087841,48.949819
1403636619163555584.000000,0.000000,0.000000,23.446399,3.161099,0.116609,0.122466,17.031720,0.089249,49.279647
1403636619213555456.000000,0.000000,0.000000,24.881619,5.741198,0.183810,0.118657,15.888057,0.085601,50.679795
1403636619263555584.000000,0.000000,0.000000,23.096635,4.045335,0.174659,0.120194,16.983143,0.086017,44.108953
1403636619313555456.000000,0.000000,0.000000,23.345022,5.507147,0.180706,0.118882,15.407986,0.082913,47.021633
1403636619363555584.000000,0.000000,0.000000,22.694006,5.084197,0.192130,0.109761,13.489016,0.447974,49.001660
1403636619413555456.000000,0.000000,0.000000,23.047258,6.342550,0.207235,0.174690,15.695382,0.123329,51.462461
1403636619463555584.000000,0.000000,0.000000,23.522944,5.318729,0.189507,0.083329,16.143932,0.090177,49.680869
1403636619513555456.000000,0.000000,0.000000,22.101390,6.197108,0.127170,0.120993,17.412814,0.086017,50.418576
1403636619563555584.000000,0.000000,0.000000,24.841714,4.846594,0.108673,0.113634,15.143950,0.080865,50.725940
1403636619613555456.000000,0.000000,0.000000,23.154012,5.150566,0.169474,0.089986,15.163598,0.086753,47.125698
1403636619663555584.000000,0.000000,0.000000,23.579521,4.856002,0.107426,0.125378,17.416301,0.087617,49.124894
1403636619713555456.000000,0.000000,0.000000,22.738838,3.064394,0.121794,0.112961,15.694390,0.084930,46.513850
1403636619763555584.000000,0.000000,0.000000,24.352492,4.405020,0.202083,0.108865,13.871421,0.071553,51.229562
1403636619813555456.000000,0.000000,0.000000,23.575073,3.310317,0.178562,0.134946,15.777719,0.074401,46.836830
1403636619863555584.000000,0.000000,0.000000,24.019144,3.140426,0.128385,0.111522,15.121358,0.481991,47.223972
1403636619913555456.000000,0.000000,0.000000,22.328625,6.364759,0.218563,0.154723,15.735478,0.123457,51.495838
1403636619963555584.000000,0.000000,0.000000,23.856549,5.461995,0.185027,0.107553,14.659848,0.078817,50.200972
1403636620013555456.000000,0.000000,0.000000,22.624628,5.175239,0.181155,0.116513,15.282161,0.088545,46.700669
1403636620063555584.000000,0.000000,0.000000,23.984038,4.808065,0.183555,0.164642,15.848280,0.091873,49.847271
1403636620113555456.000000,0.000000,0.000000,22.272879,5.012164,0.157346,0.128738,16.531585,0.084481,47.901325
1403636620163555584.000000,0.000000,0.000000,22.688470,4.212057,0.173378,0.110530,13.947934,0.074721,47.783243
1403636620213555456.000000,0.000000,0.000000,22.026316,2.958504,0.166147,0.123906,15.525076,0.081665,44.427934
1403636620263555584.000000,0.000000,0.000000,22.715062,3.534608,0.200643,0.111650,13.295509,0.087137,46.381849
1403636620313555456.000000,0.000000,0.000000,24.244779,4.177113,0.205443,0.108449,13.828061,0.074593,49.346977
1403636620363555584.000000,0.000000,0.000000,24.448109,5.558316,0.194242,0.128674,16.893382,0.521479,51.494173
1403636620413555456.000000,0.000000,0.000000,23.101851,4.458109,0.154306,0.186083,14.045855,0.106146,46.443257
1403636620463555584.000000,0.000000,0.000000,24.824466,4.833602,0.189794,0.087745,14.522982,0.082305,51.139769
1403636620513555456.000000,0.000000,0.000000,25.952706,5.914481,0.152610,0.120353,14.744393,0.078017,49.804071
1403636620563555584.000000,0.000000,0.000000,22.429586,4.521982,0.163618,0.135682,13.848989,0.083009,45.502061
1403636620613555456.000000,0.000000,0.000000,26.511177,5.700526,0.200290,0.138146,17.009255,0.085473,54.480390
1403636620663555584.000000,0.000000,0.000000,25.894241,5.051205,0.178306,0.122881,14.110273,0.074657,49.842535
1403636620713555456.000000,0.000000,0.000000,22.906936,3.099114,0.129378,0.120385,15.232624,0.081345,45.109991
1403636620763555584.000000,0.000000,0.000000,22.606100,5.760943,0.159043,0.122145,15.243504,0.082721,48.000750
1403636620813555456.000000,0.000000,0.000000,23.754212,3.562320,0.169186,0.124641,15.833496,0.088481,45.839025
1403636620863555584.000000,0.000000,0.000000,25.710719,5.037540,0.223907,0.126626,15.962233,0.523847,56.694053
1403636620913555456.000000,0.000000,0.000000,22.770838,4.613566,0.181763,0.153122,13.664506,0.119650,46.312408
1403636620963555584.000000,0.000000,0.000000,22.798039,4.863971,0.168899,0.109825,13.902046,0.076513,47.666538
1403636621013555456.000000,0.000000,0.000000,23.853797,5.284456,0.167939,0.120706,14.569670,0.082241,49.567939
1403636621063555584.000000,0.000000,0.000000,23.361919,5.183111,0.178146,0.107714,14.436068,0.084961,49.479714
1403636621113555456.000000,0.000000,0.000000,24.678705,5.525228,0.190307,0.136770,18.004565,0.087393,51.836227
1403636621163555584.000000,0.000000,0.000000,22.758070,2.930632,0.089281,0.118241,13.304022,0.071681,44.260764
1403636621213555456.000000,0.000000,0.000000,24.172074,3.626193,0.156131,0.123969,15.176047,0.082433,46.428569
1403636621263555584.000000,0.000000,0.000000,24.193098,3.991478,0.165346,0.122338,15.347761,0.081729,47.424454
1403636621313555456.000000,0.000000,0.000000,23.472672,2.823719,0.184770,0.125090,15.308401,0.081921,45.578253
1403636621363555584.000000,0.000000,0.000000,23.043866,6.721788,0.210499,0.126817,16.014043,0.498919,52.907089
1403636621413555456.000000,0.000000,0.000000,24.083720,4.229146,0.153474,0.186211,14.925419,0.099425,46.386328
1403636621463555584.000000,0.000000,0.000000,24.425485,4.923587,0.181507,0.091137,13.674682,0.079201,49.549668
1403636621513555456.000000,0.000000,0.000000,22.909081,4.844610,0.181890,0.098721,13.498936,0.078785,47.975406
1403636621563555584.000000,0.000000,0.000000,24.023592,4.875554,0.181122,0.074241,12.743117,0.079905,49.153566
1403636621613555456.000000,0.000000,0.000000,22.075149,6.046962,0.191619,0.122402,15.915321,0.084545,49.442337
1403636621663555584.000000,0.000000,0.000000,28.552325,5.142982,0.119361,0.109313,13.241588,0.070401,53.731485
1403636621713555456.000000,0.000000,0.000000,24.694576,3.249613,0.070881,0.123074,15.159758,0.080001,46.390265
1403636621763555584.000000,0.000000,0.000000,22.798423,2.823622,0.114402,0.126593,15.373970,0.075841,43.646291
1403636621813555456.000000,0.000000,0.000000,25.120407,2.906567,0.117442,0.126498,16.268286,0.083553,45.218185
1403636621863555584.000000,0.000000,0.000000,24.292363,5.632237,0.179874,0.111810,13.441943,0.457703,51.002999
1403636621913555456.000000,0.000000,0.000000,24.506574,4.235098,0.155298,0.064481,13.936126,0.078913,46.821246
1403636621963555584.000000,0.000000,0.000000,23.122715,5.506571,0.181602,0.099649,8.838329,0.049505,48.652695
1403636622013555456.000000,0.000000,0.000000,23.681762,5.577324,0.193059,0.091873,7.874540,0.043905,49.496323
1403636622063555584.000000,0.000000,0.000000,23.485088,5.818864,0.201123,0.099713,13.169268,0.083554,50.796980
1403636622113555456.000000,0.000000,0.000000,22.514130,4.844258,0.157378,0.125218,15.813879,0.085537,45.775696
1403636622163555584.000000,0.000000,0.000000,22.134190,5.423402,0.163714,0.107970,13.235092,0.070817,46.523642
1403636622213555456.000000,0.000000,0.000000,23.307806,2.947496,0.115490,0.114785,14.169761,0.075777,39.477338
1403636622263555584.000000,0.000000,0.000000,23.435231,2.591683,0.106401,0.124737,15.336337,0.074913,38.259337
1403636622313555456.000000,0.000000,0.000000,24.053768,4.325915,0.153314,0.114914,15.540884,0.081697,46.348184
1403636622363555584.000000,0.000000,0.000000,25.393754,5.151334,0.108514,0.120610,16.744612,0.490695,51.310491
1403636622413555456.000000,0.000000,0.000000,24.038408,4.274170,0.091489,0.133346,13.753147,0.115617,46.235094
1403636622463555584.000000,0.000000,0.000000,23.682562,4.738624,0.169475,0.099137,13.897534,0.078977,47.600041
1403636622513555456.000000,0.000000,0.000000,21.164097,5.101446,0.110658,0.101825,14.462149,0.082561,46.603771
1403636622563555584.000000,0.000000,0.000000,22.964409,4.999044,0.096769,0.111969,12.849808,0.075265,48.387636
1403636622613555456.000000,0.000000,0.000000,25.379994,2.834086,0.121345,0.118945,15.726423,0.086433,50.101131
1403636622663555584.000000,0.000000,0.000000,23.238524,2.928936,0.125154,0.125762,16.160668,0.076705,44.608256
1403636622713555456.000000,0.000000,0.000000,24.753042,4.772225,0.161954,0.127874,13.849373,0.071201,48.282322
1403636622763555584.000000,0.000000,0.000000,21.470660,3.342062,0.127746,0.130338,14.409924,0.075169,43.855446
1403636622813555456.000000,0.000000,0.000000,23.296573,6.077107,0.170402,0.142594,15.760055,0.087681,46.856382
1403636622863555584.000000,0.000000,0.000000,23.069850,6.010418,0.189859,0.112001,13.419415,0.448838,49.719878
1403636622913555456.000000,0.000000,0.000000,22.528915,6.134420,0.203875,0.177058,16.283102,0.118337,50.366894
1403636622963555584.000000,0.000000,0.000000,24.363980,4.296442,0.163938,0.104418,14.317923,0.084257,47.473863
1403636623013555456.000000,0.000000,0.000000,24.217674,4.708673,0.168578,0.113569,14.294883,0.083777,48.333299
1403636623063555584.000000,0.000000,0.000000,23.711587,5.931313,0.203490,0.111681,13.409783,0.082017,50.709715
1403636623113555456.000000,0.000000,0.000000,25.728319,4.523869,0.174083,0.120802,15.677910,0.083009,49.163679
1403636623163555584.000000,0.000000,0.000000,21.861834,3.926774,0.114754,0.112770,13.654330,0.071393,46.993728
1403636623213555456.000000,0.000000,0.000000,22.332144,3.998166,0.099073,0.117506,14.818090,0.079041,45.630318
1403636623263555584.000000,0.000000,0.000000,22.748374,3.241260,0.166434,0.104897,12.974737,0.069313,45.038054
1403636623313555456.000000,0.000000,0.000000,21.377347,3.484368,0.185091,0.106721,13.444824,0.074465,43.346351
1403636623363555584.000000,0.000000,0.000000,24.878452,5.542667,0.186114,0.127266,16.352415,0.529127,50.932119
1403636623413555456.000000,0.000000,0.000000,23.624162,4.896322,0.173506,0.095329,14.789641,0.083617,46.924160
1403636623463555584.000000,0.000000,0.000000,24.470861,5.794575,0.197218,0.112929,15.910585,0.081633,56.031420
1403636623513555456.000000,0.000000,0.000000,22.535091,5.291144,0.173891,0.116354,15.672341,0.117057,45.586701
1403636623563555584.000000,0.000000,0.000000,24.731537,4.556094,0.176227,0.106529,13.555193,0.086561,47.770955
1403636623613555456.000000,0.000000,0.000000,23.046042,2.793318,0.189410,0.111745,15.396658,0.086114,47.568360
1403636623663555584.000000,0.000000,0.000000,24.344556,5.380585,0.175714,0.117153,15.489588,0.086881,49.503235
1403636623713555456.000000,0.000000,0.000000,22.256751,3.504016,0.130210,0.111010,13.878973,0.077025,46.781886
1403636623763555584.000000,0.000000,0.000000,22.186894,3.670962,0.170914,0.117313,15.239088,0.085441,46.735741
1403636623813555456.000000,0.000000,0.000000,22.723222,4.482493,0.185026,0.109889,14.950380,0.104033,45.582605
1403636623863555584.000000,0.000000,0.000000,24.220714,2.854343,0.119138,0.121506,16.256829,0.587528,47.407814
1403636623913555456.000000,0.000000,0.000000,24.778034,6.160116,0.177763,0.068641,12.523499,0.079138,51.513502
1403636623963555584.000000,0.000000,0.000000,24.653136,5.454603,0.174338,0.102977,9.756997,0.081697,48.980251
1403636624013555456.000000,0.000000,0.000000,22.927993,5.136422,0.111074,0.091521,7.780618,0.070881,48.630455
1403636624063555584.000000,0.000000,0.000000,22.284912,5.164486,0.102306,0.069409,8.182928,0.065217,47.864364
1403636624113555456.000000,0.000000,0.000000,25.091574,5.862864,0.193987,0.101857,12.213190,0.542151,52.712463
1403636624163555584.000000,0.000000,0.000000,24.737777,4.266682,0.097889,0.058753,10.023464,0.065089,46.485209
1403636624213555456.000000,0.000000,0.000000,24.061640,3.247852,0.076417,0.071361,6.901694,0.052033,41.867002
1403636624263555584.000000,0.000000,0.000000,25.180311,2.539107,0.124226,0.034433,5.443082,0.058081,39.915296
1403636624313555456.000000,0.000000,0.000000,22.350865,2.667460,0.117281,0.076929,11.043702,0.540423,37.670306
1403636624363555584.000000,0.000000,0.000000,22.040556,4.278907,0.094850,0.054625,9.118716,0.059841,43.786356
1403636624413555456.000000,0.000000,0.000000,26.545162,4.526654,0.161730,0.078625,6.980127,0.043648,45.926194
1403636624463555584.000000,0.000000,0.000000,24.644528,2.709189,0.118786,0.075329,6.953919,0.045569,38.648943
1403636624513555456.000000,0.000000,0.000000,29.420689,2.438465,0.115041,0.071969,9.695236,0.064609,43.466833
1403636624563555584.000000,0.000000,0.000000,22.180590,2.961832,0.139810,0.086242,11.426875,0.065601,41.205521
1403636624613555456.000000,0.000000,0.000000,28.311170,3.590449,0.139938,0.083362,11.900290,0.660265,45.789424
1403636624663555584.000000,0.000000,0.000000,25.584060,2.719941,0.109729,0.070497,11.946499,0.081569,39.762494
1403636624713555456.000000,0.000000,0.000000,23.027098,2.700581,0.112353,0.071969,7.258211,0.062657,37.106874
1403636624763555584.000000,0.000000,0.000000,26.836110,5.015780,0.151586,0.063969,6.070738,0.049440,46.182742
1403636624813555456.000000,0.000000,0.000000,23.072346,4.977379,0.173794,0.066592,9.442785,0.732426,44.283100
1403636624863555584.000000,0.000000,0.000000,23.655682,5.317544,0.173506,0.057857,9.554402,0.066497,46.189461
1403636624913555456.000000,0.000000,0.000000,24.589007,6.151380,0.190083,0.067041,6.120436,0.049312,47.545864
1403636624963555584.000000,0.000000,0.000000,21.871754,3.067657,0.127778,0.063265,6.321526,0.046401,36.715828
1403636625013555456.000000,0.000000,0.000000,22.249583,2.732261,0.121314,0.070241,10.379981,0.736810,35.284865
1403636625063555584.000000,0.000000,0.000000,23.064859,4.944355,0.205795,0.050080,9.623972,0.073889,42.995690
1403636625113555456.000000,0.000000,0.000000,21.353699,4.352987,0.161634,0.086465,7.217251,0.079521,40.185988
1403636625163555584.000000,0.000000,0.000000,24.030919,2.783686,0.120769,0.082881,7.313700,0.090497,37.268828
1403636625213555456.000000,0.000000,0.000000,21.110624,2.959048,0.120258,0.080769,7.210819,0.068833,34.650840
1403636625263555584.000000,0.000000,0.000000,23.359454,5.626445,0.171939,0.061985,6.456472,0.043969,44.890724
1403636625313555456.000000,0.000000,0.000000,24.164202,4.414908,0.149026,0.099554,12.968720,0.083137,43.052491
1403636625363555584.000000,0.000000,0.000000,22.218159,3.074121,0.122530,0.096993,12.580972,0.082945,36.933720
1403636625413555456.000000,0.000000,0.000000,22.422002,3.130763,0.119010,0.094369,14.297059,0.093793,37.986150
1403636625463555584.000000,0.000000,0.000000,21.822473,3.264141,0.132546,0.108737,15.551924,0.096417,36.961783
1403636625513555456.000000,0.000000,0.000000,22.144526,2.747173,0.132258,0.094465,12.155910,0.783019,35.754695
1403636625563555584.000000,0.000000,0.000000,23.555713,5.209351,0.184514,0.156386,15.470835,0.217795,46.792222
1403636625613555456.000000,0.000000,0.000000,22.169711,5.236775,0.203811,0.114977,15.139727,0.126626,45.105415
1403636625663555584.000000,0.000000,0.000000,23.185116,6.691451,0.209347,0.127138,15.688246,0.122049,49.381601
1403636625713555456.000000,0.000000,0.000000,23.456768,7.202306,0.126018,0.094113,8.118894,0.061825,51.490366
1403636625763555584.000000,0.000000,0.000000,21.604551,5.693230,0.093249,0.117826,14.113792,0.101474,44.812547
1403636625813555456.000000,0.000000,0.000000,22.353553,4.988868,0.190211,0.112450,14.492805,0.104801,48.045614
1403636625863555584.000000,0.000000,0.000000,23.019642,4.992996,0.189283,0.111873,12.213991,0.077761,47.680298
1403636625913555456.000000,0.000000,0.000000,24.315691,7.422822,0.182498,0.107938,13.108755,0.085185,52.764271
1403636625963555584.000000,0.000000,0.000000,24.570991,3.835316,0.132130,0.109090,14.304643,0.111874,41.110096
1403636626013555456.000000,0.000000,0.000000,23.046234,6.826589,0.194595,0.094753,11.585918,0.945037,49.116542
1403636626063555584.000000,0.000000,0.000000,24.965556,7.488774,0.203427,0.168835,17.081417,0.235652,52.064390
1403636626113555456.000000,0.000000,0.000000,23.373310,6.195764,0.185507,0.118081,15.381394,0.120674,46.721565
1403636626163555584.000000,0.000000,0.000000,23.569186,6.993343,0.194306,0.131841,15.097102,0.131393,48.670423
1403636626213555456.000000,0.000000,0.000000,24.001543,9.020315,0.212291,0.140322,14.520742,0.112098,52.525868
1403636626263555584.000000,0.000000,0.000000,23.334782,7.283204,0.175843,0.141474,16.601346,0.122370,48.109967
1403636626313555456.000000,0.000000,0.000000,22.936025,4.585663,0.075105,0.124641,15.288145,0.115202,49.759655
1403636626363555584.000000,0.000000,0.000000,22.987065,5.305704,0.100930,0.129890,13.633082,0.100994,48.778648
1403636626413555456.000000,0.000000,0.000000,24.719281,7.903595,0.174979,0.139938,15.702614,0.121665,52.813648
1403636626463555584.000000,0.000000,0.000000,22.454130,6.142036,0.194211,0.126689,13.400503,0.118498,48.326162
1403636626513555456.000000,0.000000,0.000000,24.547983,7.766858,0.219779,0.128161,13.371415,0.950029,54.037824
1403636626563555584.000000,0.000000,0.000000,23.102746,7.365316,0.174339,0.184162,18.135319,0.244452,50.646930
1403636626613555456.000000,0.000000,0.000000,22.970969,7.223810,0.179426,0.185762,15.234064,0.185570,48.619735
1403636626663555584.000000,0.000000,0.000000,22.972793,8.978074,0.199586,0.137730,16.057947,0.158274,52.762351
1403636626713555456.000000,0.000000,0.000000,25.197304,7.206850,0.174019,0.136962,15.729014,0.142914,50.679026
1403636626763555584.000000,0.000000,0.000000,22.507954,7.605607,0.172963,0.130466,13.546777,0.113346,48.966267
1403636626813555456.000000,0.000000,0.000000,22.402642,5.134982,0.103362,0.142434,15.050062,0.120482,50.943319
1403636626863555584.000000,0.000000,0.000000,20.915037,5.689230,0.091521,0.151906,15.770391,0.125505,46.638332
1403636626913555456.000000,0.000000,0.000000,22.041389,5.203559,0.164482,0.158818,17.486767,0.143362,48.379348
1403636626963555584.000000,0.000000,0.000000,23.006842,7.401861,0.172450,0.147714,16.930023,0.135874,50.076810
1403636627013555456.000000,0.000000,0.000000,20.927934,4.832194,0.195203,0.134946,15.745175,0.871916,44.250619
1403636627063555584.000000,0.000000,0.000000,23.846181,8.181968,0.207778,0.178051,18.458523,0.231300,52.154375
1403636627113555456.000000,0.000000,0.000000,22.825431,5.730862,0.185858,0.121122,16.292094,0.127522,49.872552
1403636627163555584.000000,0.000000,0.000000,23.507712,5.654573,0.213411,0.146242,14.768617,0.122146,52.071109
1403636627213555456.000000,0.000000,0.000000,25.016245,7.241507,0.217539,0.156002,14.693704,0.135074,54.664969
1403636627263555584.000000,0.000000,0.000000,22.693077,7.088672,0.193186,0.138434,15.012749,0.101410,51.359004
1403636627313555456.000000,0.000000,0.000000,23.679618,5.015428,0.217987,0.136705,15.105422,0.114177,52.568044
1403636627363555584.000000,0.000000,0.000000,24.500782,8.413234,0.205475,0.127842,15.234384,0.113346,54.526599
1403636627413555456.000000,0.000000,0.000000,22.169998,6.175828,0.177379,0.131298,13.546616,0.098369,47.948909
1403636627463555584.000000,0.000000,0.000000,23.219036,7.894763,0.184675,0.125281,15.080302,0.113410,50.724755
1403636627513555456.000000,0.000000,0.000000,22.570964,6.652826,0.184450,0.151906,14.722025,0.862252,49.172318
1403636627563555584.000000,0.000000,0.000000,23.686627,7.774410,0.188483,0.203683,16.634627,0.247811,51.469086
1403636627613555456.000000,0.000000,0.000000,22.776662,8.342641,0.210050,0.183555,14.714280,0.204163,51.456893
1403636627663555584.000000,0.000000,0.000000,24.147241,6.739900,0.182499,0.141570,15.235088,0.148770,49.231295
1403636627713555456.000000,0.000000,0.000000,23.497280,7.088705,0.198179,0.142178,15.596021,0.187043,51.073432
1403636627763555584.000000,0.000000,0.000000,28.740904,6.014578,0.210467,0.125442,14.702024,0.131105,55.350899
1403636627813555456.000000,0.000000,0.000000,23.263134,5.257160,0.097857,0.133698,15.981946,0.135394,50.667986
1403636627863555584.000000,0.000000,0.000000,22.587028,5.548204,0.208035,0.126242,14.939884,0.135106,48.387540
1403636627913555456.000000,0.000000,0.000000,22.483251,6.374231,0.204514,0.135682,16.392992,0.138882,49.293824
1403636627963555584.000000,0.000000,0.000000,21.824553,6.512313,0.213699,0.137378,14.981004,0.112961,48.539349
1403636628013555456.000000,0.000000,0.000000,22.549971,6.071987,0.227139,0.160962,16.908967,1.046286,48.589110
1403636628063555584.000000,0.000000,0.000000,24.230602,9.314303,0.226403,0.221155,19.784430,0.276836,54.728202
1403636628113555456.000000,0.000000,0.000000,28.536709,7.963116,0.211074,0.180611,15.125518,0.158402,56.503074
1403636628163555584.000000,0.000000,0.000000,21.876330,7.439621,0.212738,0.144418,14.840650,0.139809,51.037687
1403636628213555456.000000,0.000000,0.000000,22.309488,7.727562,0.196387,0.142754,15.827544,0.183682,49.864328
1403636628263555584.000000,0.000000,0.000000,24.301932,7.622856,0.205251,0.133729,15.071662,0.132450,55.168848
1403636628313555456.000000,0.000000,0.000000,23.077754,5.903281,0.098145,0.145218,17.980181,0.145410,54.156226
1403636628363555584.000000,0.000000,0.000000,23.507584,6.147860,0.172418,0.145634,16.800933,1.162000,49.654725
1403636628413555456.000000,0.000000,0.000000,22.993466,6.418583,0.103650,0.207587,21.299458,0.282596,49.369761
1403636628463555584.000000,0.000000,0.000000,20.366613,6.028818,0.180898,0.152354,17.112490,0.152738,47.345030
1403636628513555456.000000,0.000000,0.000000,22.997241,6.170324,0.210786,0.158274,16.447840,0.162818,49.066205
1403636628563555584.000000,0.000000,0.000000,23.069019,9.356768,0.217891,0.127330,14.264514,0.200291,55.510996
1403636628613555456.000000,0.000000,0.000000,24.279883,9.076700,0.210210,0.147618,17.562863,0.148482,56.348768
1403636628663555584.000000,0.000000,0.000000,24.204650,5.761742,0.153794,0.145602,14.283587,0.120546,56.500994
1403636628713555456.000000,0.000000,0.000000,25.506331,7.659176,0.188610,0.151427,17.586511,0.184866,56.049212
1403636628763555584.000000,0.000000,0.000000,24.218538,7.146817,0.182883,0.138370,16.383551,0.144002,52.819024
1403636628813555456.000000,0.000000,0.000000,23.378847,5.992978,0.208707,0.141922,17.320684,0.153154,47.982734
1403636628863555584.000000,0.000000,0.000000,24.068584,8.021325,0.255396,0.148162,16.877894,0.990286,54.242627
1403636628913555456.000000,0.000000,0.000000,25.393434,6.694939,0.190915,0.200994,19.988657,0.279236,51.442909
1403636628963555584.000000,0.000000,0.000000,23.513441,7.410501,0.214114,0.161698,15.158415,0.146114,54.272516
1403636629013555456.000000,0.000000,0.000000,24.307371,8.430035,0.202435,0.151170,16.298910,0.184675,54.194883
1403636629063555584.000000,0.000000,0.000000,22.438834,8.680439,0.237315,0.097057,12.877104,0.194082,53.538745
1403636629113555456.000000,0.000000,0.000000,26.604651,8.097134,0.215811,0.124194,15.213263,0.840907,57.812020
1403636629163555584.000000,0.000000,0.000000,25.014357,5.591245,0.113154,0.120897,16.436832,0.261220,55.871834
1403636629213555456.000000,0.000000,0.000000,23.540480,5.171239,0.087169,0.122913,13.393206,0.130529,48.948347
1403636629263555584.000000,0.000000,0.000000,25.063478,8.631830,0.188034,0.107521,13.439575,0.142594,54.190850
1403636629313555456.000000,0.000000,0.000000,24.072424,6.337879,0.218211,0.114402,14.509989,0.183619,47.014432
1403636629363555584.000000,0.000000,0.000000,28.267042,8.342226,0.212611,0.092802,12.553739,0.850284,57.693970
1403636629413555456.000000,0.000000,0.000000,23.941862,5.315848,0.174339,0.189827,15.304208,0.192739,50.966198
1403636629463555584.000000,0.000000,0.000000,23.757540,5.781679,0.183235,0.114529,13.011570,0.123170,47.633289
1403636629513555456.000000,0.000000,0.000000,25.353081,6.042130,0.180899,0.104353,12.708366,0.138402,49.711205
1403636629563555584.000000,0.000000,0.000000,24.032904,5.201447,0.175010,0.089921,12.254375,0.812939,48.648087
1403636629613555456.000000,0.000000,0.000000,25.496700,8.398387,0.201186,0.147330,15.007053,0.130529,52.142311
1403636629663555584.000000,0.000000,0.000000,25.329529,6.174164,0.102689,0.114274,14.077984,0.137794,52.186855
1403636629713555456.000000,0.000000,0.000000,23.479072,6.003826,0.170883,0.096481,13.104851,0.768139,47.550184
1403636629763555584.000000,0.000000,0.000000,25.243896,7.735945,0.175682,0.146402,14.586823,0.119233,50.877941
1403636629813555456.000000,0.000000,0.000000,22.568883,5.547884,0.198531,0.113954,14.152161,0.137346,44.808770
1403636629863555584.000000,0.000000,0.000000,23.033946,6.138068,0.181570,0.096034,12.216134,0.159458,49.364129
1403636629913555456.000000,0.000000,0.000000,25.738431,8.424754,0.182594,0.104353,13.725691,0.792075,53.125236
1403636629963555584.000000,0.000000,0.000000,26.278598,6.700411,0.174851,0.166242,15.280432,0.179619,51.456669
1403636630013555456.000000,0.000000,0.000000,28.138911,6.571929,0.189314,0.103714,13.716411,0.123170,54.159138
1403636630063555584.000000,0.000000,0.000000,24.793650,6.138995,0.184194,0.096834,13.969150,0.134466,49.936904
1403636630113555456.000000,0.000000,0.000000,24.415916,5.468651,0.197954,0.083009,7.640840,0.529703,46.979233
1403636630163555584.000000,0.000000,0.000000,23.422463,8.706678,0.196035,0.050304,9.213342,0.079745,51.358876
1403636630213555456.000000,0.000000,0.000000,23.883717,6.858397,0.185538,0.104898,9.113532,0.116770,50.571057
1403636630263555584.000000,0.000000,0.000000,23.989351,5.522923,0.149762,0.101217,9.487778,0.086337,48.114832
1403636630313555456.000000,0.000000,0.000000,24.320971,7.597160,0.189122,0.100962,8.779832,0.084577,50.748499
1403636630363555584.000000,0.000000,0.000000,25.671037,5.654477,0.138178,0.132418,14.887883,0.109250,43.806901
1403636630413555456.000000,0.000000,0.000000,25.224376,4.727392,0.132994,0.107714,12.811694,0.682377,43.655603
1403636630463555584.000000,0.000000,0.000000,23.976454,4.512638,0.129602,0.157858,17.081545,0.241859,42.301600
1403636630513555456.000000,0.000000,0.000000,25.903393,4.570943,0.132418,0.134242,15.499539,0.127073,44.662561
1403636630563555584.000000,0.000000,0.000000,26.179108,4.523677,0.129249,0.132066,16.371935,0.157026,44.210266
1403636630613555456.000000,0.000000,0.000000,25.343482,7.686793,0.192963,0.140194,14.656552,0.122498,53.097780
1403636630663555584.000000,0.000000,0.000000,25.559453,6.903006,0.178530,0.138946,14.153857,0.110722,50.505072
1403636630713555456.000000,0.000000,0.000000,24.739121,5.423017,0.085537,0.139586,14.162433,0.108898,52.321513
1403636630763555584.000000,0.000000,0.000000,24.238730,6.451672,0.174594,0.134402,15.550900,0.125378,51.124633
1403636630813555456.000000,0.000000,0.000000,22.830583,6.693404,0.173827,0.140290,15.629301,0.125730,50.919190
1403636630863555584.000000,0.000000,0.000000,25.840160,6.066547,0.156226,0.131298,13.699803,0.875340,51.312156
1403636630913555456.000000,0.000000,0.000000,25.049589,9.250367,0.179043,0.228803,19.968848,0.286148,53.438776
1403636630963555584.000000,0.000000,0.000000,24.122281,7.421669,0.060897,0.155778,15.548084,0.128706,50.680051
1403636631013555456.000000,0.000000,0.000000,25.533788,8.546581,0.217507,0.163362,16.861350,0.173922,54.808299
1403636631063555584.000000,0.000000,0.000000,24.396429,6.962047,0.200867,0.163714,15.952218,0.130018,52.342633
1403636631113555456.000000,0.000000,0.000000,24.737201,8.936250,0.170338,0.168802,18.028118,0.139938,52.948626
1403636631163555584.000000,0.000000,0.000000,24.398348,7.800010,0.182115,0.159523,18.439483,0.142242,57.459471
1403636631213555456.000000,0.000000,0.000000,23.019098,6.505976,0.159395,0.160547,17.556879,0.143746,50.078027
1403636631263555584.000000,0.000000,0.000000,24.989493,6.840285,0.179298,0.146210,15.866233,0.130626,53.639611
1403636631313555456.000000,0.000000,0.000000,24.529646,6.726524,0.181186,0.148354,15.304561,0.136642,52.045061
1403636631363555584.000000,0.000000,0.000000,25.108854,9.287998,0.196035,0.148386,16.398111,0.848267,57.708146
1403636631413555456.000000,0.000000,0.000000,25.615517,8.640854,0.210339,0.236676,18.890593,0.242979,57.857909
1403636631463555584.000000,0.000000,0.000000,24.700336,8.521013,0.208322,0.162370,18.415739,0.156674,55.779896
1403636631513555456.000000,0.000000,0.000000,23.715395,8.154959,0.187810,0.175427,17.190858,0.143522,52.849393
1403636631563555584.000000,0.000000,0.000000,24.038600,7.844171,0.182242,0.193858,17.193899,0.149858,52.021061
1403636631613555456.000000,0.000000,0.000000,27.104114,9.145917,0.209027,0.209602,19.427017,0.147170,58.447613
1403636631663555584.000000,0.000000,0.000000,29.112332,7.296003,0.194978,0.185539,17.438509,0.133954,60.603002
1403636631713555456.000000,0.000000,0.000000,24.689169,7.260003,0.205667,0.174563,15.382449,0.118561,55.900058
1403636631763555584.000000,0.000000,0.000000,22.798038,7.232131,0.186082,0.186914,18.065495,0.141634,52.164871
1403636631813555456.000000,0.000000,0.000000,26.183173,7.615208,0.174371,0.175522,16.904710,0.134786,55.893146
1403636631863555584.000000,0.000000,0.000000,26.289351,9.533250,0.219075,0.160418,14.671368,0.756490,61.119297
1403636631913555456.000000,0.000000,0.000000,24.464174,9.576835,0.209827,0.094721,17.498958,0.142338,56.605123
1403636631963555584.000000,0.000000,0.000000,25.618333,9.040283,0.196802,0.159490,17.414029,0.171970,55.155312
1403636632013555456.000000,0.000000,0.000000,24.709329,8.295921,0.211907,0.158946,16.494913,0.158754,56.379393
1403636632063555584.000000,0.000000,0.000000,23.761252,8.739639,0.195171,0.158306,14.232706,0.114753,54.783627
1403636632113555456.000000,0.000000,0.000000,23.531713,7.041184,0.171746,0.159106,15.804279,0.128033,50.664210
1403636632163555584.000000,0.000000,0.000000,30.025754,8.406322,0.094658,0.162691,16.684291,0.142305,61.030271
1403636632213555456.000000,0.000000,0.000000,22.689557,5.750831,0.196227,0.151618,16.821638,0.129282,51.225114
1403636632263555584.000000,0.000000,0.000000,23.213276,6.925183,0.186659,0.148706,15.160462,0.118081,51.727425
1403636632313555456.000000,0.000000,0.000000,22.679605,6.961055,0.168322,0.171107,17.851219,0.148834,48.552597
1403636632363555584.000000,0.000000,0.000000,23.649602,8.121806,0.185475,0.156034,16.931623,0.874444,52.480267
1403636632413555456.000000,0.000000,0.000000,23.369630,8.788728,0.213091,0.236964,18.305977,0.263332,53.913951
1403636632463555584.000000,0.000000,0.000000,26.129092,8.915002,0.190050,0.155906,15.788952,0.137986,56.822566
1403636632513555456.000000,0.000000,0.000000,23.812516,8.936794,0.176098,0.160034,16.824357,0.185570,52.662862
1403636632563555584.000000,0.000000,0.000000,23.095450,10.051113,0.211587,0.127778,14.470565,0.201731,56.160094
1403636632613555456.000000,0.000000,0.000000,24.199530,8.504724,0.200611,0.151458,16.958087,0.136482,55.255473
1403636632663555584.000000,0.000000,0.000000,24.742417,7.280355,0.186338,0.159138,16.252093,0.924172,55.921210
1403636632713555456.000000,0.000000,0.000000,25.892897,7.385668,0.088065,0.238948,17.180586,0.239523,54.248355
1403636632763555584.000000,0.000000,0.000000,22.994873,6.577114,0.184803,0.141634,17.826355,0.159426,51.464029
1403636632813555456.000000,0.000000,0.000000,22.817943,6.952159,0.089377,0.142786,15.734775,0.155106,49.288576
1403636632863555584.000000,0.000000,0.000000,23.742564,7.824650,0.197891,0.122818,16.522177,0.257956,53.502873
1403636632913555456.000000,0.000000,0.000000,25.029525,8.768696,0.188355,0.150691,15.952921,0.123394,55.842009
1403636632963555584.000000,0.000000,0.000000,24.854323,8.989434,0.171842,0.154722,16.972583,0.131330,56.194814
1403636633013555456.000000,0.000000,0.000000,23.343262,6.168756,0.175619,0.152130,16.698179,0.131138,52.068006
1403636633063555584.000000,0.000000,0.000000,21.726280,6.495000,0.177378,0.155362,17.105865,0.142658,48.854234
1403636633113555456.000000,0.000000,0.000000,24.300939,6.286358,0.222563,0.143554,16.193405,0.132514,52.761519
1403636633163555584.000000,0.000000,0.000000,23.605026,7.129793,0.175906,0.150722,16.499841,0.985422,51.522206
1403636633213555456.000000,0.000000,0.000000,24.625455,8.264432,0.182147,0.258595,19.352680,0.269444,54.852235
1403636633263555584.000000,0.000000,0.000000,22.569620,7.777994,0.201795,0.163586,17.463438,0.142209,52.179495
1403636633313555456.000000,0.000000,0.000000,22.602164,7.975693,0.194499,0.166658,17.103273,0.183170,52.677646
1403636633363555584.000000,0.000000,0.000000,23.981895,7.741481,0.197443,0.137921,16.365407,0.175875,52.985234
1403636633413555456.000000,0.000000,0.000000,24.126345,8.685847,0.200867,0.161698,17.819123,0.141890,55.078031
1403636633463555584.000000,0.000000,0.000000,23.143035,6.658139,0.197795,0.156450,17.543599,0.137378,54.664617
1403636633513555456.000000,0.000000,0.000000,23.037978,6.783356,0.194435,0.172130,17.383597,0.135746,52.476011
1403636633563555584.000000,0.000000,0.000000,25.832609,6.748188,0.189955,0.183843,18.260985,0.145794,54.845259
1403636633613555456.000000,0.000000,0.000000,23.517505,7.517574,0.187587,0.145634,16.958343,0.154242,54.210243
1403636633663555584.000000,0.000000,0.000000,23.547681,8.713975,0.211619,0.150946,16.409823,0.955341,55.088815
1403636633713555456.000000,0.000000,0.000000,23.509792,8.799384,0.204579,0.273379,20.943390,0.274980,55.196400
1403636633763555584.000000,0.000000,0.000000,23.080282,7.278788,0.228227,0.137634,16.305279,0.140162,53.027890
1403636633813555456.000000,0.000000,0.000000,24.169994,9.227518,0.227043,0.146946,15.946201,0.147586,56.812519
1403636633863555584.000000,0.000000,0.000000,24.232746,7.716458,0.205283,0.137698,15.612149,0.157666,54.110850
1403636633913555456.000000,0.000000,0.000000,24.201738,7.956013,0.219043,0.128833,14.480454,0.123202,54.644776
1403636633963555584.000000,0.000000,0.000000,23.491969,6.578074,0.234916,0.163362,18.406075,0.145250,56.793126
1403636634013555456.000000,0.000000,0.000000,22.966297,6.817181,0.190306,0.166338,16.031131,0.130818,51.076312
1403636634063555584.000000,0.000000,0.000000,22.690581,7.527047,0.196643,0.148066,15.508467,0.904749,51.327580
1403636634113555456.000000,0.000000,0.000000,22.168174,6.834173,0.181123,0.265508,19.047780,0.229124,48.074831
1403636634163555584.000000,0.000000,0.000000,21.708840,7.518471,0.185026,0.166146,17.242347,0.158306,48.724760
1403636634213555456.000000,0.000000,0.000000,25.046325,9.344991,0.241443,0.146466,15.006220,0.136930,58.007447
1403636634263555584.000000,0.000000,0.000000,23.466048,7.511814,0.210627,0.137730,14.523526,0.229316,52.392074
1403636634313555456.000000,0.000000,0.000000,22.237135,9.290526,0.187811,0.145442,16.004250,0.139810,52.869489
1403636634363555584.000000,0.000000,0.000000,23.842437,9.047643,0.196162,0.138594,15.273680,0.892556,57.511536
1403636634413555456.000000,0.000000,0.000000,21.458980,7.546791,0.222051,0.224067,19.111653,0.293508,51.945092
1403636634463555584.000000,0.000000,0.000000,21.836426,7.138305,0.169986,0.155394,15.733078,0.128769,48.930299
1403636634513555456.000000,0.000000,0.000000,21.595110,6.430488,0.179138,0.159010,17.334093,0.171075,47.875980
1403636634563555584.000000,0.000000,0.000000,20.611129,8.469395,0.186850,0.151426,15.724823,0.148674,50.185164
1403636634613555456.000000,0.000000,0.000000,21.940427,7.668777,0.194019,0.132674,15.110830,0.133154,50.493360
1403636634663555584.000000,0.000000,0.000000,22.564372,6.598586,0.188226,0.156387,17.812946,0.148898,54.110914
1403636634713555456.000000,0.000000,0.000000,21.114048,7.021631,0.173891,0.157314,15.954170,0.996526,49.068220
1403636634763555584.000000,0.000000,0.000000,22.437233,6.506329,0.182786,0.232483,17.683761,0.259396,51.335740
1403636634813555456.000000,0.000000,0.000000,21.376676,6.990431,0.172066,0.128354,15.314032,0.127010,48.997980
1403636634863555584.000000,0.000000,0.000000,21.673768,7.506022,0.193571,0.145186,15.552020,0.143106,49.274368
1403636634913555456.000000,0.000000,0.000000,21.493989,10.202667,0.215747,0.142594,15.316336,0.168034,54.748074
1403636634963555584.000000,0.000000,0.000000,23.167036,8.832504,0.204291,0.137762,14.841290,0.121282,54.233763
1403636635013555456.000000,0.000000,0.000000,22.335569,7.130305,0.179682,0.147906,16.005787,0.132002,52.430186
1403636635063555584.000000,0.000000,0.000000,21.307651,7.126914,0.196771,0.136962,14.148993,0.117474,48.566870
1403636635113555456.000000,0.000000,0.000000,22.220399,9.510593,0.181186,0.141890,15.796344,1.055598,52.355178
1403636635163555584.000000,0.000000,0.000000,21.330562,7.369157,0.197827,0.250276,18.877889,0.287588,48.960891
1403636635213555456.000000,0.000000,0.000000,22.517491,7.609288,0.177443,0.135714,14.937324,0.133026,49.951561
1403636635263555584.000000,0.000000,0.000000,21.810633,7.405381,0.177474,0.149282,15.781303,0.159234,50.277325
1403636635313555456.000000,0.000000,0.000000,20.968350,6.816125,0.173282,0.139265,16.081148,0.236196,46.792286
1403636635363555584.000000,0.000000,0.000000,23.700771,7.917676,0.193410,0.130593,15.434483,0.131746,53.610747
1403636635413555456.000000,0.000000,0.000000,21.509861,6.534297,0.100481,0.150274,17.797747,0.150946,52.238504
1403636635463555584.000000,0.000000,0.000000,25.416122,6.859998,0.087457,0.138562,14.752393,0.961837,52.249160
1403636635513555456.000000,0.000000,0.000000,22.181358,7.201987,0.176258,0.245572,18.791040,0.293412,50.145643
1403636635563555584.000000,0.000000,0.000000,20.920605,7.002751,0.195971,0.140994,15.187599,0.177763,49.306944
1403636635613555456.000000,0.000000,0.000000,20.842332,6.290998,0.194723,0.138402,15.037453,0.165283,47.647497
1403636635663555584.000000,0.000000,0.000000,21.052287,8.248689,0.224355,0.109761,14.376836,0.179587,52.242440
1403636635713555456.000000,0.000000,0.000000,21.488965,9.427680,0.192003,0.126722,15.253200,1.043790,51.444381
1403636635763555584.000000,0.000000,0.000000,21.599078,8.307217,0.193250,0.217155,18.412923,0.225507,54.292004
1403636635813555456.000000,0.000000,0.000000,21.532869,7.415398,0.173859,0.146498,16.039611,0.135138,49.565348
1403636635863555584.000000,0.000000,0.000000,21.739304,7.931628,0.175299,0.151362,15.769079,0.157378,49.697637
1403636635913555456.000000,0.000000,0.000000,20.492279,7.517094,0.201602,0.145122,15.717878,0.179458,53.290103
1403636635963555584.000000,0.000000,0.000000,22.626836,8.687830,0.207843,0.137570,14.022047,0.135266,52.442347
1403636636013555456.000000,0.000000,0.000000,25.628285,6.291445,0.166210,0.130081,14.976396,0.901452,55.526549
1403636636063555584.000000,0.000000,0.000000,21.282050,7.006143,0.184898,0.210723,15.888472,0.231363,49.279455
1403636636113555456.000000,0.000000,0.000000,20.822716,7.673097,0.178306,0.124514,14.404068,0.147266,49.346753
1403636636163555584.000000,0.000000,0.000000,20.122131,7.526182,0.188994,0.122914,14.591335,0.135938,48.839130
1403636636213555456.000000,0.000000,0.000000,19.968336,7.446694,0.172418,0.110594,14.705032,0.153602,46.356248
1403636636263555584.000000,0.000000,0.000000,18.740767,8.525620,0.190434,0.108898,13.714619,0.908428,48.208593
1403636636313555456.000000,0.000000,0.000000,20.860572,7.912908,0.100834,0.193442,15.970330,0.151650,49.923881
1403636636363555584.000000,0.000000,0.000000,18.379707,7.733161,0.090241,0.129954,11.302266,0.139650,45.432043
1403636636413555456.000000,0.000000,0.000000,20.344277,7.529639,0.164642,0.116353,10.261068,0.106594,47.314085
1403636636463555584.000000,0.000000,0.000000,21.035519,7.300419,0.174530,0.118178,9.833318,0.158178,51.557150
1403636636513555456.000000,0.000000,0.000000,19.682348,7.053600,0.161314,0.136546,12.210374,0.116610,45.844785
1403636636563555584.000000,0.000000,0.000000,23.302174,8.037229,0.090818,0.141026,15.404274,0.147362,52.565901
1403636636613555456.000000,0.000000,0.000000,20.916285,5.376554,0.065569,0.137058,15.328497,0.128034,41.497366
1403636636663555584.000000,0.000000,0.000000,19.566314,5.657869,0.131073,0.128994,13.836156,0.858603,40.140227
1403636636713555456.000000,0.000000,0.000000,20.706522,5.366057,0.137186,0.216291,19.244967,0.261059,40.840844
1403636636763555584.000000,0.000000,0.000000,20.103986,5.655725,0.144162,0.141506,17.136042,0.150626,42.765383
1403636636813555456.000000,0.000000,0.000000,21.728776,9.213534,0.183395,0.139073,16.657379,0.167970,51.385628
1403636636863555584.000000,0.000000,0.000000,21.414915,9.691140,0.200867,0.131746,15.382801,0.127425,51.575455
1403636636913555456.000000,0.000000,0.000000,19.877039,8.694519,0.174370,0.137090,13.872605,0.107905,48.079759
1403636636963555584.000000,0.000000,0.000000,20.593400,7.974317,0.113825,0.146050,15.879352,0.113345,53.236726
1403636637013555456.000000,0.000000,0.000000,21.559302,7.216738,0.189346,0.153571,16.682275,0.129922,51.090840
1403636637063555584.000000,0.000000,0.000000,22.345297,7.826570,0.198915,0.140865,15.403090,0.122209,52.152390
1403636637113555456.000000,0.000000,0.000000,19.676652,7.096032,0.167075,0.135522,15.841655,0.134530,46.969472
1403636637163555584.000000,0.000000,0.000000,19.591915,7.405413,0.188482,0.127938,15.066669,0.829227,45.626221
1403636637213555456.000000,0.000000,0.000000,24.216299,7.361957,0.191619,0.242211,19.052676,0.274596,52.323017
1403636637263555584.000000,0.000000,0.000000,20.143026,9.159325,0.202594,0.122370,15.646037,0.126082,51.191033
1403636637313555456.000000,0.000000,0.000000,22.913208,8.894201,0.179650,0.142274,15.212303,0.149154,52.175783
1403636637363555584.000000,0.000000,0.000000,21.367395,8.915513,0.185475,0.135842,15.967449,0.136898,51.133177
1403636637413555456.000000,0.000000,0.000000,20.230067,7.977420,0.191074,0.132514,14.246402,0.111650,48.801945
1403636637463555584.000000,0.000000,0.000000,22.004588,7.366468,0.107746,0.138306,15.491699,0.781131,53.821182
1403636637513555456.000000,0.000000,0.000000,20.291765,7.106913,0.092417,0.227875,17.109097,0.201379,47.942445
1403636637563555584.000000,0.000000,0.000000,20.824668,7.880620,0.166275,0.132546,15.611765,0.147746,48.848410
1403636637613555456.000000,0.000000,0.000000,20.148211,7.636520,0.172642,0.137794,15.918841,0.172578,48.624534
1403636637663555584.000000,0.000000,0.000000,19.806637,6.782237,0.173570,0.109857,14.331843,0.157154,45.535244
1403636637713555456.000000,0.000000,0.000000,19.371560,9.195133,0.185603,0.131138,15.432946,0.881772,49.527715
1403636637763555584.000000,0.000000,0.000000,19.932975,7.545159,0.187747,0.232547,17.683217,0.217315,49.872968
1403636637813555456.000000,0.000000,0.000000,21.824842,9.446113,0.174434,0.136706,16.193309,0.169539,51.849667
1403636637863555584.000000,0.000000,0.000000,23.425439,7.399237,0.192962,0.130498,14.255618,0.144130,51.828290
1403636637913555456.000000,0.000000,0.000000,20.410550,7.684520,0.172130,0.118882,17.163850,0.148962,52.072069
1403636637963555584.000000,0.000000,0.000000,20.265748,7.936237,0.181730,0.105825,12.860559,0.758410,49.218655
1403636638013555456.000000,0.000000,0.000000,20.385782,8.173712,0.100577,0.206307,17.682673,0.183619,51.410589
1403636638063555584.000000,0.000000,0.000000,22.104941,6.759036,0.095201,0.154722,17.228395,0.139554,50.314862
1403636638113555456.000000,0.000000,0.000000,21.260993,7.608328,0.167170,0.161123,16.593250,0.166755,48.027823
1403636638163555584.000000,0.000000,0.000000,21.009407,7.467750,0.202402,0.137410,14.983244,0.200227,50.763124
1403636638213555456.000000,0.000000,0.000000,21.514214,7.781514,0.167523,0.147042,15.931993,0.792587,47.694793
1403636638263555584.000000,0.000000,0.000000,19.292967,7.242146,0.103457,0.225155,16.958983,0.234435,49.422753
1403636638313555456.000000,0.000000,0.000000,19.956624,7.735690,0.100673,0.147298,17.119561,0.198658,49.959689
1403636638363555584.000000,0.000000,0.000000,19.540586,6.947263,0.182626,0.145282,15.584533,0.152930,48.338451
1403636638413555456.000000,0.000000,0.000000,17.500303,7.086400,0.180162,0.114018,15.049325,0.198530,44.625441
1403636638463555584.000000,0.000000,0.000000,19.882287,8.916121,0.194818,0.137154,14.998892,0.109121,50.208076
1403636638513555456.000000,0.000000,0.000000,20.524088,6.928158,0.093377,0.156994,16.047739,0.118210,49.685637
1403636638563555584.000000,0.000000,0.000000,20.063121,7.237347,0.099586,0.158082,17.195178,0.854828,49.663525
1403636638613555456.000000,0.000000,0.000000,20.600696,6.582265,0.169378,0.228195,16.477825,0.260291,47.584808
1403636638663555584.000000,0.000000,0.000000,25.039957,7.779882,0.178658,0.114209,14.988620,0.126306,52.847441
1403636638713555456.000000,0.000000,0.000000,19.271431,7.468902,0.173282,0.133922,15.279536,0.178434,46.489913
1403636638763555584.000000,0.000000,0.000000,21.358755,8.692695,0.171906,0.130209,15.848920,0.169410,50.897046
1403636638813555456.000000,0.000000,0.000000,21.023614,8.947514,0.202659,0.128162,14.614023,0.918348,53.062515
1403636638863555584.000000,0.000000,0.000000,22.328624,7.070273,0.098657,0.219331,15.725782,0.270276,51.179706
1403636638913555456.000000,0.000000,0.000000,20.581688,7.725449,0.103458,0.128482,15.106286,0.151170,48.276466
1403636638963555584.000000,0.000000,0.000000,18.515581,7.903435,0.096289,0.132866,15.914009,0.155811,46.747677
1403636639013555456.000000,0.000000,0.000000,20.376470,7.270403,0.180131,0.109506,14.821002,0.146594,48.466485
1403636639063555584.000000,0.000000,0.000000,22.890520,7.574888,0.185250,0.134561,15.928730,0.922445,50.994327
1403636639113555456.000000,0.000000,0.000000,19.839375,7.290148,0.175171,0.201955,17.203851,0.159106,47.968046
1403636639163555584.000000,0.000000,0.000000,20.485655,7.510918,0.171298,0.148418,17.661489,0.170531,48.154032
1403636639213555456.000000,0.000000,0.000000,19.330664,6.422679,0.177506,0.145282,16.629122,0.180707,46.623036
1403636639263555584.000000,0.000000,0.000000,19.510730,6.881918,0.207875,0.133090,15.931065,0.162626,46.254454
1403636639313555456.000000,0.000000,0.000000,19.019940,6.572569,0.207043,0.140066,15.921177,0.129634,47.161091
1403636639363555584.000000,0.000000,0.000000,20.813435,8.384210,0.177026,0.134338,15.303792,0.919884,51.550495
1403636639413555456.000000,0.000000,0.000000,18.691999,7.324228,0.185987,0.171170,18.789248,0.268484,48.924795
1403636639463555584.000000,0.000000,0.000000,17.470542,7.034111,0.183523,0.125889,17.013064,0.140674,46.314071
1403636639513555456.000000,0.000000,0.000000,19.781581,7.073025,0.190787,0.159010,15.663094,0.173219,47.857900
1403636639563555584.000000,0.000000,0.000000,19.183910,8.761239,0.197731,0.151458,14.497061,0.164546,48.854010
1403636639613555456.000000,0.000000,0.000000,19.535915,8.960122,0.203555,0.123426,13.460183,0.115009,49.403618
1403636639663555584.000000,0.000000,0.000000,21.032895,7.490790,0.199427,0.160130,17.080393,0.141346,52.617005
1403636639713555456.000000,0.000000,0.000000,20.488279,6.744732,0.199203,0.136898,16.234717,0.975693,49.193471
1403636639763555584.000000,0.000000,0.000000,25.755103,8.386962,0.195939,0.247684,18.794624,0.227043,54.869100
1403636639813555456.000000,0.000000,0.000000,26.037347,7.052993,0.202979,0.139970,16.443552,0.132417,52.596493
1403636639863555584.000000,0.000000,0.000000,19.748909,8.559541,0.194274,0.145602,16.204988,0.144706,46.634300
1403636639913555456.000000,0.000000,0.000000,20.414678,9.201917,0.216803,0.156418,16.701220,0.180354,51.105656
1403636639963555584.000000,0.000000,0.000000,20.821116,9.694821,0.208323,0.121890,14.580647,0.133410,52.716559
1403636640013555456.000000,0.000000,0.000000,19.243206,8.675479,0.108769,0.144450,17.031496,0.937069,52.231752
1403636640063555584.000000,0.000000,0.000000,18.809856,7.061120,0.172994,0.236548,20.186451,0.257603,47.329093
1403636640113555456.000000,0.000000,0.000000,20.827804,9.053340,0.188323,0.162818,17.088393,0.136161,51.156089
1403636640163555584.000000,0.000000,0.000000,20.982110,7.192066,0.174466,0.146274,16.413247,0.146786,50.157899
1403636640213555456.000000,0.000000,0.000000,19.111493,6.916542,0.173602,0.141794,16.623299,0.171426,45.669454
1403636640263555584.000000,0.000000,0.000000,21.192161,9.538146,0.209635,0.129473,14.612936,0.111970,53.513690
1403636640313555456.000000,0.000000,0.000000,21.634343,7.101217,0.193730,0.138242,16.329727,0.124258,54.527399
1403636640363555584.000000,0.000000,0.000000,20.314581,6.421400,0.168930,0.167970,16.780581,0.133826,49.047869
1403636640413555456.000000,0.000000,0.000000,23.600993,6.540762,0.196514,0.132513,15.981210,0.123297,51.512926
1403636640463555584.000000,0.000000,0.000000,20.545304,7.902059,0.198914,0.132961,17.127050,0.137122,50.013002
1403636640513555456.000000,0.000000,0.000000,19.629355,7.006496,0.190435,0.131586,15.647413,0.920077,46.011283
1403636640563555584.000000,0.000000,0.000000,20.176883,9.046491,0.197026,0.221923,18.865729,0.255492,50.693395
1403636640613555456.000000,0.000000,0.000000,20.016848,6.964575,0.209283,0.135714,17.570063,0.128930,49.307936
1403636640663555584.000000,0.000000,0.000000,24.054024,8.096142,0.163011,0.168322,17.019368,0.142018,53.234678
1403636640713555456.000000,0.000000,0.000000,21.281794,8.250928,0.187459,0.167491,16.330142,0.144610,51.654784
1403636640763555584.000000,0.000000,0.000000,20.807163,9.111388,0.181379,0.128770,16.486849,0.132546,51.085720
1403636640813555456.000000,0.000000,0.000000,22.180302,6.174708,0.080769,0.164995,18.333817,0.134466,52.708078
1403636640863555584.000000,0.000000,0.000000,21.138816,7.255491,0.093857,0.151682,17.634609,0.131522,51.134937
1403636640913555456.000000,0.000000,0.000000,22.701142,8.327186,0.156034,0.162434,17.138826,0.129026,53.481657
1403636640963555584.000000,0.000000,0.000000,20.914461,7.157570,0.088481,0.152578,14.603783,0.112321,49.402657
1403636641013555456.000000,0.000000,0.000000,20.994494,7.364516,0.174306,0.158114,17.638577,0.981486,49.727110
1403636641063555584.000000,0.000000,0.000000,21.580486,9.503393,0.223683,0.097730,19.055011,0.177346,54.703881
1403636641113555456.000000,0.000000,0.000000,21.483237,8.041325,0.200739,0.138818,18.841729,0.182082,52.117191
1403636641163555584.000000,0.000000,0.000000,20.627065,7.520679,0.190339,0.142850,16.541410,0.165251,50.240237
1403636641213555456.000000,0.000000,0.000000,20.973374,6.973151,0.161026,0.147234,16.650850,0.147938,47.234980
1403636641263555584.000000,0.000000,0.000000,19.771149,7.327364,0.195170,0.154210,16.580194,0.146562,50.711891
1403636641313555456.000000,0.000000,0.000000,20.710906,8.600182,0.180834,0.159234,18.970722,0.145026,53.397176
1403636641363555584.000000,0.000000,0.000000,21.127680,6.182836,0.151810,0.139809,18.052022,0.136386,52.925073
1403636641413555456.000000,0.000000,0.000000,22.218319,7.461798,0.084385,0.145538,18.683230,0.143490,51.268186
1403636641463555584.000000,0.000000,0.000000,19.657644,7.055265,0.085378,0.187587,18.999459,0.149378,47.744267
1403636641513555456.000000,0.000000,0.000000,19.926160,7.190658,0.182210,0.158370,17.701714,0.943309,48.974364
1403636641563555584.000000,0.000000,0.000000,21.373955,8.823257,0.218435,0.230531,19.945488,0.257027,54.331845
1403636641613555456.000000,0.000000,0.000000,21.535718,7.825099,0.179459,0.117890,16.617410,0.121377,52.410186
1403636641663555584.000000,0.000000,0.000000,22.155630,8.229777,0.204323,0.155874,17.683057,0.163586,54.329572
1403636641713555456.000000,0.000000,0.000000,21.177280,7.560423,0.182690,0.160610,18.466779,0.164482,53.397527
1403636641763555584.000000,0.000000,0.000000,20.804892,6.400695,0.184802,0.173474,16.816902,0.159170,50.773780
1403636641813555456.000000,0.000000,0.000000,22.382193,6.850141,0.168802,0.156194,17.691281,0.148674,54.411653
1403636641863555584.000000,0.000000,0.000000,20.356662,6.462232,0.177826,0.150146,17.101833,0.135713,47.650153
1403636641913555456.000000,0.000000,0.000000,22.606964,7.259523,0.172386,0.158242,17.473422,0.158274,52.524235
1403636641963555584.000000,0.000000,0.000000,21.648935,6.606266,0.194595,0.155746,17.365229,0.902700,51.800033
1403636642013555456.000000,0.000000,0.000000,19.697996,7.321892,0.190467,0.209507,19.962736,0.228547,48.858521
1403636642063555584.000000,0.000000,0.000000,20.184628,7.642344,0.196610,0.139810,18.440763,0.148547,50.544881
1403636642113555456.000000,0.000000,0.000000,20.935325,7.315460,0.179170,0.153602,19.218566,0.159074,50.406767
1403636642163555584.000000,0.000000,0.000000,21.480453,6.285078,0.180963,0.157346,18.496220,0.184163,50.404623
1403636642213555456.000000,0.000000,0.000000,22.614772,8.628854,0.179779,0.126594,14.904011,0.112961,54.566056
1403636642263555584.000000,0.000000,0.000000,22.309744,7.203650,0.167842,0.173539,19.401864,0.142914,54.915532
1403636642313555456.000000,0.000000,0.000000,22.937113,7.385188,0.199811,0.159874,18.352378,0.131458,53.998912
1403636642363555584.000000,0.000000,0.000000,23.810628,6.935423,0.186211,0.170883,18.020021,0.132738,55.045166
1403636642413555456.000000,0.000000,0.000000,22.523347,7.745578,0.194595,0.174466,19.650700,0.146946,54.004128
1403636642463555584.000000,0.000000,0.000000,22.234991,6.637786,0.158050,0.166370,18.622846,0.915853,48.684344
1403636642513555456.000000,0.000000,0.000000,23.389951,9.174685,0.196770,0.266947,21.071967,0.286500,57.502032
1403636642563555584.000000,0.000000,0.000000,22.597812,8.013230,0.208003,0.143490,16.297950,0.142242,54.041888
1403636642613555456.000000,0.000000,0.000000,22.051532,7.977772,0.198370,0.165859,16.710275,0.158434,53.167701
1403636642663555584.000000,0.000000,0.000000,21.552549,8.869528,0.193634,0.162818,18.325466,0.142082,55.475764
1403636642713555456.000000,0.000000,0.000000,21.635271,8.129455,0.226979,0.135938,16.362111,0.124354,54.700009
1403636642763555584.000000,0.000000,0.000000,22.861272,7.383685,0.223043,0.182466,19.732109,0.143266,57.349325
1403636642813555456.000000,0.000000,0.000000,20.351541,6.455608,0.166114,0.173443,20.660089,0.152034,48.129232
1403636642863555584.000000,0.000000,0.000000,22.057997,6.705371,0.185282,0.187906,19.950864,0.143714,50.730323
1403636642913555456.000000,0.000000,0.000000,21.476100,8.432882,0.198019,0.167266,18.158328,0.134818,53.466648
1403636642963555584.000000,0.000000,0.000000,22.305136,6.529561,0.182530,0.172771,19.095076,0.807179,48.646647
1403636643013555456.000000,0.000000,0.000000,21.807561,9.222013,0.254532,0.223587,21.875562,0.265188,56.135549
1403636643063555584.000000,0.000000,0.000000,23.250717,8.811928,0.223939,0.161826,20.100370,0.148098,57.927861
1403636643113555456.000000,0.000000,0.000000,22.665173,8.374195,0.204739,0.177443,20.055345,0.157059,56.308223
1403636643163555584.000000,0.000000,0.000000,22.361009,8.041261,0.187266,0.169122,19.011747,0.181955,53.585242
1403636643213555456.000000,0.000000,0.000000,20.437078,8.156623,0.204387,0.139554,17.040776,0.121602,53.651356
1403636643263555584.000000,0.000000,0.000000,22.112750,6.961151,0.205955,0.176163,20.383925,0.137154,56.324736
1403636643313555456.000000,0.000000,0.000000,21.337443,9.020635,0.207107,0.175330,20.026193,0.142050,56.040635
1403636643363555584.000000,0.000000,0.000000,21.747337,7.125249,0.201155,0.176770,17.881620,0.126561,54.097089
1403636643413555456.000000,0.000000,0.000000,20.759611,6.360791,0.186755,0.155106,19.470282,0.144706,51.263866
1403636643463555584.000000,0.000000,0.000000,20.680282,8.465236,0.212867,0.176898,20.359606,0.882956,51.233850
1403636643513555456.000000,0.000000,0.000000,23.544193,9.648451,0.230211,0.243715,21.277986,0.267267,58.134520
1403636643563555584.000000,0.000000,0.000000,22.310992,9.421504,0.206755,0.158690,19.000003,0.145858,57.044586
1403636643613555456.000000,0.000000,0.000000,21.963083,7.318628,0.191235,0.167938,19.446089,0.172066,52.202439
1403636643663555584.000000,0.000000,0.000000,21.971115,9.195294,0.208995,0.161794,18.032949,0.178435,55.797241
1403636643713555456.000000,0.000000,0.000000,22.622804,9.082107,0.226595,0.137314,17.347309,0.137602,58.011318
1403636643763555584.000000,0.000000,0.000000,25.767519,7.465126,0.186146,0.167650,18.335834,0.135234,59.918448
1403636643813555456.000000,0.000000,0.000000,24.348395,7.271011,0.186562,0.172259,17.035176,0.124098,55.828217
1403636643863555584.000000,0.000000,0.000000,21.903530,7.080865,0.190595,0.161698,16.254717,0.120194,53.627483
1403636643913555456.000000,0.000000,0.000000,22.442194,6.925182,0.177539,0.154914,17.785842,0.132993,52.501708
1403636643963555584.000000,0.000000,0.000000,22.580884,6.593818,0.185346,0.175970,18.431036,0.933677,50.702867
1403636644013555456.000000,0.000000,0.000000,22.041165,7.782986,0.197923,0.087585,19.485513,0.149442,53.241014
1403636644063555584.000000,0.000000,0.000000,22.280815,7.543719,0.182754,0.126690,13.001873,0.143874,51.857795
1403636644113555456.000000,0.000000,0.000000,22.938041,7.590376,0.178083,0.131745,12.977841,0.130466,51.587327
1403636644163555584.000000,0.000000,0.000000,22.611348,7.148225,0.189891,0.152290,17.904980,0.185858,52.788944
1403636644213555456.000000,0.000000,0.000000,21.627143,7.438021,0.212771,0.124385,15.740695,0.128930,53.597658
1403636644263555584.000000,0.000000,0.000000,21.419012,8.055982,0.193571,0.173506,17.602704,0.949741,54.025504
1403636644313555456.000000,0.000000,0.000000,23.500256,5.278216,0.156354,0.214883,19.499753,0.273763,47.066242
1403636644363555584.000000,0.000000,0.000000,23.439616,5.342248,0.156322,0.147714,19.013123,0.163650,46.564699
1403636644413555456.000000,0.000000,0.000000,20.945918,8.467955,0.177762,0.170274,18.957315,0.166178,52.706478
1403636644463555584.000000,0.000000,0.000000,20.131027,7.247715,0.187619,0.164002,17.845203,0.157154,48.102991
1403636644513555456.000000,0.000000,0.000000,22.892536,8.246832,0.186691,0.125218,16.010906,0.130242,54.935437
1403636644563555584.000000,0.000000,0.000000,21.845290,6.664891,0.188803,0.157922,17.929428,0.952045,53.428568
1403636644613555456.000000,0.000000,0.000000,21.591430,6.615610,0.193122,0.240164,19.595051,0.268547,52.514603
1403636644663555584.000000,0.000000,0.000000,22.236079,6.489784,0.179427,0.149346,16.950535,0.136321,52.778799
1403636644713555456.000000,0.000000,0.000000,25.879041,10.227435,0.197187,0.153923,17.405933,0.157250,59.341033
1403636644763555584.000000,0.000000,0.000000,19.781869,7.760489,0.198274,0.143746,16.099516,0.163010,48.711959
1403636644813555456.000000,0.000000,0.000000,19.105764,8.742200,0.218531,0.134113,16.192765,0.961965,51.618464
1403636644863555584.000000,0.000000,0.000000,20.614809,7.164610,0.198082,0.199555,17.089353,0.153635,52.750895
1403636644913555456.000000,0.000000,0.000000,20.608409,7.071968,0.178626,0.152386,16.200829,0.134914,49.970569
1403636644963555584.000000,0.000000,0.000000,22.442098,7.452133,0.188482,0.141762,16.242941,0.146338,52.518635
1403636645013555456.000000,0.000000,0.000000,21.416420,6.914111,0.178818,0.127906,14.810666,0.213219,49.560259
1403636645063555584.000000,0.000000,0.000000,22.268976,9.508354,0.199715,0.147138,16.589570,0.125409,53.469816
1403636645113555456.000000,0.000000,0.000000,19.799438,6.229268,0.159554,0.155714,17.546735,0.135682,48.617206
1403636645163555584.000000,0.000000,0.000000,20.882589,6.876350,0.181986,0.153218,17.162346,1.043118,49.232831
1403636645213555456.000000,0.000000,0.000000,20.471511,6.551257,0.189794,0.203587,21.790409,0.304868,48.168817
1403636645263555584.000000,0.000000,0.000000,19.766125,6.726556,0.170754,0.143522,18.343546,0.204291,46.251062
1403636645313555456.000000,0.000000,0.000000,21.267938,7.295268,0.178338,0.148930,17.281515,0.161666,50.000009
1403636645363555584.000000,0.000000,0.000000,20.945981,9.119421,0.203875,0.152578,18.406043,0.272644,52.915089
1403636645413555456.000000,0.000000,0.000000,22.176654,9.129949,0.197603,0.147490,15.986970,0.121026,54.471175
1403636645463555584.000000,0.000000,0.000000,21.901355,6.981887,0.206179,0.158146,18.163479,0.138178,56.398241
1403636645513555456.000000,0.000000,0.000000,22.637653,6.423031,0.206115,0.156867,17.529134,0.136834,52.715182
1403636645563555584.000000,0.000000,0.000000,21.922027,7.496422,0.183235,0.164354,17.224011,0.134594,51.841890
1403636645613555456.000000,0.000000,0.000000,23.073051,6.749500,0.196675,0.156130,18.225784,1.069070,53.685531
1403636645663555584.000000,0.000000,0.000000,20.276116,6.673403,0.186914,0.247683,21.286499,0.277796,47.855468
1403636645713555456.000000,0.000000,0.000000,19.920944,8.682774,0.207043,0.168386,20.003728,0.173314,52.053029
1403636645763555584.000000,0.000000,0.000000,21.714760,8.473140,0.200354,0.151106,16.356063,0.163618,53.000978
1403636645813555456.000000,0.000000,0.000000,22.482291,9.910375,0.202659,0.148258,16.118172,0.165154,54.957069
1403636645863555584.000000,0.000000,0.000000,20.473079,9.473953,0.223075,0.130177,14.950284,1.087406,54.450534
1403636645913555456.000000,0.000000,0.000000,21.359171,7.692009,0.208739,0.268068,19.292583,0.273188,56.096796
1403636645963555584.000000,0.000000,0.000000,23.867589,6.389463,0.199427,0.149442,16.687908,0.170147,55.597141
1403636646013555456.000000,0.000000,0.000000,19.657388,6.673147,0.189570,0.142146,17.552847,0.188738,47.724010
1403636646063555584.000000,0.000000,0.000000,19.757645,7.103265,0.177731,0.119713,15.666262,0.183907,47.958862
1403636646113555456.000000,0.000000,0.000000,19.863182,7.595112,0.182563,0.139106,16.754148,1.079727,48.389235
1403636646163555584.000000,0.000000,0.000000,19.229286,7.978284,0.209379,0.227715,16.857478,0.199267,52.082533
1403636646213555456.000000,0.000000,0.000000,20.641978,7.213859,0.186242,0.141090,16.051547,0.161826,49.770886
1403636646263555584.000000,0.000000,0.000000,22.488467,7.972908,0.194499,0.123394,15.632789,0.145570,53.425432
1403636646313555456.000000,0.000000,0.000000,21.106752,7.406917,0.189251,0.110945,14.825642,0.226435,54.781482
1403636646363555584.000000,0.000000,0.000000,21.486949,6.668859,0.193538,0.137985,15.320497,1.144175,50.786132
1403636646413555456.000000,0.000000,0.000000,21.444581,7.397733,0.175298,0.252356,18.931906,0.236132,51.012439
1403636646463555584.000000,0.000000,0.000000,21.440004,9.336448,0.094465,0.144418,18.162391,0.190499,51.980548
1403636646513555456.000000,0.000000,0.000000,20.591897,7.059297,0.177346,0.134562,16.382623,0.166882,48.268562
1403636646563555584.000000,0.000000,0.000000,23.473408,9.106076,0.189283,0.111778,15.416082,0.197346,52.768911
1403636646613555456.000000,0.000000,0.000000,20.784603,7.144033,0.189571,0.131522,15.718774,0.915788,49.149118
1403636646663555584.000000,0.000000,0.000000,22.159790,9.224766,0.180962,0.221379,19.323879,0.191363,55.845913
1403636646713555456.000000,0.000000,0.000000,23.044922,9.755653,0.187811,0.161155,18.886145,0.174370,56.468962
1403636646763555584.000000,0.000000,0.000000,23.848709,6.718172,0.200066,0.159618,17.959157,0.187459,52.206568
1403636646813555456.000000,0.000000,0.000000,23.304606,8.997211,0.206210,0.103874,15.253103,0.152706,53.033202
1403636646863555584.000000,0.000000,0.000000,20.500536,7.014079,0.201410,0.138594,17.636848,0.133442,48.891099
1403636646913555456.000000,0.000000,0.000000,21.117888,9.497186,0.182723,0.142530,17.757266,1.114639,55.286385
1403636646963555584.000000,0.000000,0.000000,20.559193,7.307683,0.182274,0.249220,20.318548,0.222659,53.700828
1403636647013555456.000000,0.000000,0.000000,21.546534,7.151266,0.189571,0.152322,17.566927,0.177858,52.141766
1403636647063555584.000000,0.000000,0.000000,18.327898,7.290787,0.175682,0.140162,16.700292,0.152930,45.799696
1403636647113555456.000000,0.000000,0.000000,20.377974,7.942605,0.200451,0.076193,11.825729,0.120097,50.924278
1403636647163555584.000000,0.000000,0.000000,22.834872,8.409074,0.213443,0.136481,16.145916,0.116162,55.043822
1403636647213555456.000000,0.000000,0.000000,21.820458,9.032475,0.197347,0.155491,15.951801,0.115010,56.762501
1403636647263555584.000000,0.000000,0.000000,20.142674,7.358213,0.178499,0.143778,16.552609,0.126817,50.116043
1403636647313555456.000000,0.000000,0.000000,19.336231,6.942495,0.195523,0.151362,16.698180,1.126447,47.977966
1403636647363555584.000000,0.000000,0.000000,20.852124,5.243912,0.140162,0.099106,18.780255,0.147362,47.696041
1403636647413555456.000000,0.000000,0.000000,21.283106,7.283427,0.181763,0.125122,13.419543,0.177410,49.587876
1403636647463555584.000000,0.000000,0.000000,20.327157,7.708937,0.182914,0.123970,12.557675,0.189666,48.840058
1403636647513555456.000000,0.000000,0.000000,22.081453,7.666505,0.225827,0.136770,16.388287,0.126562,54.146018
1403636647563555584.000000,0.000000,0.000000,21.515749,8.321809,0.183171,0.132097,15.725431,0.130722,52.865840
1403636647613555456.000000,0.000000,0.000000,20.148435,8.304369,0.210211,0.148162,17.710162,0.134274,52.665421
1403636647663555584.000000,0.000000,0.000000,22.056076,5.789295,0.172386,0.142242,17.382381,1.065615,46.685565
1403636647713555456.000000,0.000000,0.000000,23.090075,5.367145,0.159554,0.221155,19.793869,0.268836,46.411513
1403636647763555584.000000,0.000000,0.000000,19.245990,7.325380,0.165890,0.120866,15.507987,0.131713,48.206833
1403636647813555456.000000,0.000000,0.000000,19.973104,7.046176,0.238468,0.135074,16.502145,0.158883,48.088975
1403636647863555584.000000,0.000000,0.000000,21.037022,8.914617,0.213186,0.121314,15.915097,0.387526,52.769743
1403636647913555456.000000,0.000000,0.000000,21.390500,9.210909,0.215459,0.117474,14.728520,1.159696,54.113314
1403636647963555584.000000,0.000000,0.000000,19.303079,6.990943,0.112834,0.219747,17.480174,0.164131,51.532798
1403636648013555456.000000,0.000000,0.000000,19.849935,6.658683,0.182722,0.138082,16.141084,0.162882,46.168565
1403636648063555584.000000,0.000000,0.000000,19.904527,7.822954,0.184162,0.130914,16.630082,0.167106,50.008490
1403636648113555456.000000,0.000000,0.000000,20.170771,8.070542,0.174082,0.138050,15.925977,0.140194,49.925896
1403636648163555584.000000,0.000000,0.000000,20.002001,9.645379,0.177186,0.131618,15.535027,0.129762,50.260236
1403636648213555456.000000,0.000000,0.000000,21.591111,8.589941,0.168995,0.146978,16.036315,1.219729,52.931217
1403636648263555584.000000,0.000000,0.000000,19.841870,7.620360,0.169762,0.321668,20.111250,0.256388,48.769465
1403636648313555456.000000,0.000000,0.000000,18.451996,6.915614,0.178850,0.146306,16.653795,0.141122,47.008801
1403636648363555584.000000,0.000000,0.000000,19.653452,9.605091,0.188675,0.144770,17.091113,0.149346,50.343213
1403636648413555456.000000,0.000000,0.000000,18.230360,7.182466,0.299236,0.142722,16.709668,0.189795,44.712641
1403636648463555584.000000,0.000000,0.000000,19.929200,7.882508,0.179522,0.118210,15.542228,0.134722,50.223052
1403636648513555456.000000,0.000000,0.000000,22.230863,7.726505,0.211811,0.144962,16.713572,0.137154,55.819097
1403636648563555584.000000,0.000000,0.000000,21.682343,7.723978,0.189763,0.143745,17.668177,0.160130,51.119577
1403636648613555456.000000,0.000000,0.000000,20.221492,8.038542,0.168290,0.142594,17.266604,1.145360,49.540451
1403636648663555584.000000,0.000000,0.000000,22.367441,8.260881,0.169698,0.261412,20.840828,0.256515,52.351562
1403636648713555456.000000,0.000000,0.000000,22.436338,7.625384,0.178434,0.158946,19.863630,0.206083,50.506768
1403636648763555584.000000,0.000000,0.000000,20.347253,9.193661,0.195779,0.137538,17.894228,0.158306,51.155257
1403636648813555456.000000,0.000000,0.000000,19.738445,8.598677,0.213027,0.132290,17.387181,0.182147,51.290971
1403636648863555584.000000,0.000000,0.000000,19.997808,8.362770,0.211394,0.148450,17.623664,0.131298,52.176743
1403636648913555456.000000,0.000000,0.000000,22.456370,8.268688,0.229187,0.144098,17.115818,0.132770,57.488591
1403636648963555584.000000,0.000000,0.000000,28.442723,11.083671,0.200227,0.133506,16.962407,0.133122,65.401915
1403636649013555456.000000,0.000000,0.000000,24.508206,9.050651,0.193250,0.130657,15.901817,0.126753,56.186333
1403636649063555584.000000,0.000000,0.000000,23.159516,7.843115,0.193187,0.141474,17.847379,0.148514,53.773117
1403636649113555456.000000,0.000000,0.000000,22.207695,8.279281,0.204194,0.127137,17.488111,1.100303,53.498489
1403636649163555584.000000,0.000000,0.000000,22.717494,9.456673,0.209090,0.246116,21.511749,0.237475,54.519815
1403636649213555456.000000,0.000000,0.000000,23.957095,8.699318,0.208099,0.184579,19.777933,0.175714,54.807051
1403636649263555584.000000,0.000000,0.000000,20.717307,9.084796,0.194883,0.151554,19.779502,0.179426,50.588466
1403636649313555456.000000,0.000000,0.000000,20.519928,7.895052,0.218691,0.154051,18.652478,0.172483,51.372156
1403636649363555584.000000,0.000000,0.000000,21.046014,9.263647,0.215715,0.135298,17.196330,0.140290,53.948255
1403636649413555456.000000,0.000000,0.000000,21.830026,7.535910,0.207234,0.148418,17.310828,0.123106,56.672868
1403636649463555584.000000,0.000000,0.000000,22.207950,7.367268,0.182882,0.136322,17.997717,0.132194,55.133615
1403636649513555456.000000,0.000000,0.000000,21.096512,7.082080,0.196226,0.131617,16.347135,0.125729,53.340822
1403636649563555584.000000,0.000000,0.000000,21.407875,7.756522,0.221987,0.141314,17.600048,0.978702,53.240214
1403636649613555456.000000,0.000000,0.000000,22.299695,8.098703,0.208131,0.245284,20.095089,0.248676,52.820592
1403636649663555584.000000,0.000000,0.000000,23.038330,9.523618,0.183267,0.156930,18.829024,0.174274,55.098063
1403636649713555456.000000,0.000000,0.000000,21.271458,8.125871,0.197731,0.144450,18.119799,0.223363,52.414539
1403636649763555584.000000,0.000000,0.000000,20.940894,8.246928,0.215843,0.133505,17.085545,0.200899,50.531345
1403636649813555456.000000,0.000000,0.000000,23.398335,8.775928,0.209443,0.119490,15.933721,0.130242,55.894842
1403636649863555584.000000,0.000000,0.000000,21.382180,7.454694,0.192002,0.159586,17.844947,0.133890,54.667977
1403636649913555456.000000,0.000000,0.000000,19.770478,7.109729,0.191395,0.137986,18.138967,0.146146,51.205338
1403636649963555584.000000,0.000000,0.000000,19.200358,7.506182,0.190402,0.128898,17.042568,1.057358,50.000842
1403636650013555456.000000,0.000000,0.000000,20.836860,7.470374,0.183427,0.254948,20.422326,0.278532,50.660594
1403636650063555584.000000,0.000000,0.000000,18.643710,7.229442,0.191395,0.149762,18.018390,0.165762,46.918879
1403636650113555456.000000,0.000000,0.000000,20.533464,7.824970,0.188867,0.151906,17.202410,0.174690,51.480222
1403636650163555584.000000,0.000000,0.000000,21.628838,8.226768,0.208355,0.136321,18.114231,0.201827,53.167188
1403636650213555456.000000,0.000000,0.000000,19.833102,8.490323,0.194883,0.124193,14.987212,0.145250,51.443805
1403636650263555584.000000,0.000000,0.000000,22.158734,7.693225,0.229475,0.130657,15.950522,0.905645,56.011451
1403636650313555456.000000,0.000000,0.000000,26.607851,7.728329,0.196579,0.261283,19.632172,0.258307,57.790452
1403636650363555584.000000,0.000000,0.000000,21.025118,7.550855,0.170403,0.152642,16.467808,0.166498,50.925142
1403636650413555456.000000,0.000000,0.000000,20.510711,8.034670,0.208931,0.150659,16.496064,0.179394,52.141030
1403636650463555584.000000,0.000000,0.000000,22.818775,7.427045,0.177603,0.140546,16.602466,0.132449,50.886581
1403636650513555456.000000,0.000000,0.000000,20.191475,7.588263,0.188547,0.132066,15.302160,0.119905,49.353760
1403636650563555584.000000,0.000000,0.000000,21.245185,7.257282,0.193283,0.148866,17.979029,0.150754,53.722908
1403636650613555456.000000,0.000000,0.000000,23.283966,7.136161,0.198467,0.140962,18.174551,0.149186,52.200487
1403636650663555584.000000,0.000000,0.000000,21.147296,7.444421,0.168386,0.141889,18.508893,0.147522,50.632754
1403636650713555456.000000,0.000000,0.000000,20.119827,6.925118,0.176066,0.145506,16.455520,0.131617,48.654679
1403636650763555584.000000,0.000000,0.000000,21.256482,7.222755,0.181731,0.132930,16.785604,0.969549,48.841785
1403636650813555456.000000,0.000000,0.000000,21.414820,8.844729,0.215331,0.246947,21.208928,0.279492,53.572346
1403636650863555584.000000,0.000000,0.000000,21.775593,8.994779,0.216995,0.157570,18.364795,0.142274,54.365861
1403636650913555456.000000,0.000000,0.000000,20.036657,8.575413,0.201731,0.151874,17.096297,0.147874,52.344297
1403636650963555584.000000,0.000000,0.000000,21.112320,8.982459,0.194115,0.160674,18.033430,0.143970,51.696320
1403636651013555456.000000,0.000000,0.000000,22.249423,9.385792,0.187939,0.151234,17.903476,0.121985,54.398821
1403636651063555584.000000,0.000000,0.000000,21.346211,7.576263,0.231459,0.174499,18.329913,0.122562,55.846009
1403636651113555456.000000,0.000000,0.000000,21.632807,7.808042,0.100129,0.178627,19.570955,0.131906,53.815837
1403636651163555584.000000,0.000000,0.000000,22.776406,8.453811,0.179139,0.163458,19.505226,0.133730,53.361463
1403636651213555456.000000,0.000000,0.000000,20.427702,7.058336,0.174499,0.162210,19.875503,0.144418,50.196844
1403636651263555584.000000,0.000000,0.000000,21.394659,7.284579,0.212707,0.167586,20.865597,1.145936,51.996548
1403636651313555456.000000,0.000000,0.000000,21.857898,7.275651,0.181250,0.254948,22.325616,0.240675,53.085491
1403636651363555584.000000,0.000000,0.000000,22.645428,8.007277,0.200866,0.158467,19.392872,0.157603,55.255025
1403636651413555456.000000,0.000000,0.000000,21.885066,9.073020,0.204067,0.165634,20.691482,0.200739,55.528276
1403636651463555584.000000,0.000000,0.000000,23.538176,9.480033,0.208803,0.128833,19.696589,0.218147,58.206842
1403636651513555456.000000,0.000000,0.000000,23.843173,11.042870,0.228387,0.166082,21.135840,0.153410,62.404882
1403636651563555584.000000,0.000000,0.000000,24.073032,10.068138,0.190083,0.192611,20.509399,0.152514,62.097006
1403636651613555456.000000,0.000000,0.000000,21.451492,7.797322,0.191554,0.165954,20.002577,0.986701,53.906815
1403636651663555584.000000,0.000000,0.000000,20.058034,8.182896,0.188834,0.270116,23.138363,0.355141,54.364548
1403636651713555456.000000,0.000000,0.000000,22.930649,9.258014,0.192899,0.154274,18.740767,0.154658,57.797172
1403636651763555584.000000,0.000000,0.000000,24.921811,9.915271,0.208675,0.157410,19.367880,0.200355,61.245410
1403636651813555456.000000,0.000000,0.000000,21.600838,9.312863,0.221443,0.140610,17.825651,0.175010,56.913095
1403636651863555584.000000,0.000000,0.000000,21.156800,9.529922,0.217059,0.155747,15.694709,0.871724,56.979656
1403636651913555456.000000,0.000000,0.000000,20.928829,7.766346,0.260291,0.211395,18.565501,0.190722,57.929526
1403636651963555584.000000,0.000000,0.000000,21.004479,6.997567,0.220995,0.135010,16.698499,0.157506,52.098790
1403636652013555456.000000,0.000000,0.000000,21.763849,9.838246,0.200002,0.133506,16.531457,0.190850,56.334463
1403636652063555584.000000,0.000000,0.000000,20.930813,6.957183,0.186786,0.125410,14.105408,0.188482,50.287437
1403636652113555456.000000,0.000000,0.000000,26.220357,7.795018,0.189954,0.125346,15.893816,1.118575,55.387634
1403636652163555584.000000,0.000000,0.000000,20.392662,7.260899,0.198722,0.226691,18.243000,0.211811,51.593919
1403636652213555456.000000,0.000000,0.000000,20.023985,7.305667,0.182210,0.149122,17.305132,0.180227,49.549251
1403636652263555584.000000,0.000000,0.000000,20.021489,7.138433,0.179682,0.133186,15.462867,0.150178,49.021148
1403636652313555456.000000,0.000000,0.000000,18.995523,6.926014,0.193634,0.095841,12.632972,0.160098,45.122887
1403636652363555584.000000,0.000000,0.000000,18.528604,7.598184,0.191394,0.123682,14.525798,0.920332,47.908013
1403636652413555456.000000,0.000000,0.000000,19.998897,6.941951,0.195971,0.189026,16.640323,0.154306,50.498608
1403636652463555584.000000,0.000000,0.000000,21.826505,6.349175,0.189251,0.129826,15.516915,0.147778,50.937526
1403636652513555456.000000,0.000000,0.000000,21.088095,9.242430,0.174242,0.125602,16.218749,0.174498,50.803092
1403636652563555584.000000,0.000000,0.000000,20.946781,7.036640,0.163555,0.123906,17.307180,0.215843,45.396970
1403636652613555456.000000,0.000000,0.000000,16.545762,7.030911,0.169346,0.142818,16.055067,0.136098,44.126234
1403636652663555584.000000,0.000000,0.000000,20.817948,6.715259,0.194147,0.126114,16.935079,0.139458,49.531395
1403636652713555456.000000,0.000000,0.000000,20.814204,6.921662,0.184002,0.118562,13.652058,0.112002,48.391892
1403636652763555584.000000,0.000000,0.000000,21.457637,7.182241,0.198339,0.123906,16.382463,0.138305,50.287021
1403636652813555456.000000,0.000000,0.000000,21.840906,7.553543,0.179330,0.121761,13.850621,0.112929,52.005093
1403636652863555584.000000,0.000000,0.000000,20.315796,6.845502,0.180706,0.116865,14.193186,0.846124,48.475252
1403636652913555456.000000,0.000000,0.000000,22.785110,9.580962,0.216835,0.205091,19.187685,0.257988,54.724170
1403636652963555584.000000,0.000000,0.000000,21.269026,8.067214,0.182562,0.129121,14.747945,0.130882,47.864812
1403636653013555456.000000,0.000000,0.000000,21.401603,7.987309,0.220579,0.126594,14.937068,0.148866,50.884886
1403636653063555584.000000,0.000000,0.000000,22.327248,7.357828,0.178563,0.125858,15.928377,0.159298,48.344275
1403636653113555456.000000,0.000000,0.000000,24.048872,9.266783,0.195267,0.127234,15.953658,1.125584,53.090099
1403636653163555584.000000,0.000000,0.000000,22.052108,6.615354,0.223555,0.203842,17.672017,0.167170,53.532697
1403636653213555456.000000,0.000000,0.000000,21.069760,6.678843,0.188867,0.160962,16.720100,0.141442,47.477991
1403636653263555584.000000,0.000000,0.000000,21.446340,7.632136,0.183202,0.155202,16.746340,0.141922,49.036348
1403636653313555456.000000,0.000000,0.000000,21.315938,6.704315,0.193827,0.122209,17.365357,0.165475,49.021244
1403636653363555584.000000,0.000000,0.000000,21.537254,7.805994,0.202178,0.096641,16.436960,0.117793,50.879285
1403636653413555456.000000,0.000000,0.000000,20.563864,7.092033,0.187747,0.147010,17.320268,0.126466,50.603122
1403636653463555584.000000,0.000000,0.000000,23.193404,7.137153,0.183235,0.156738,18.407515,0.139650,52.269544
1403636653513555456.000000,0.000000,0.000000,21.380739,6.931167,0.180290,0.159362,17.996694,0.149282,49.333600
1403636653563555584.000000,0.000000,0.000000,22.552147,6.975487,0.196418,0.143810,15.237135,0.122690,52.127270
1403636653613555456.000000,0.000000,0.000000,21.969484,7.822507,0.186307,0.140961,16.257950,0.898348,51.086136
1403636653663555584.000000,0.000000,0.000000,22.953913,7.381989,0.196931,0.243843,20.851804,0.245668,52.743983
1403636653713555456.000000,0.000000,0.000000,22.169230,8.580949,0.215779,0.163010,18.224249,0.151298,54.430565
1403636653763555584.000000,0.000000,0.000000,22.232207,8.833784,0.212675,0.155618,17.393709,0.155522,54.368869
1403636653813555456.000000,0.000000,0.000000,22.521843,7.983661,0.193827,0.146530,15.938937,0.209411,50.612498
1403636653863555584.000000,0.000000,0.000000,21.760840,7.739306,0.200643,0.127682,15.985978,0.127426,51.593279
1403636653913555456.000000,0.000000,0.000000,22.786615,6.035090,0.218083,0.160194,18.125847,0.139810,55.430388
1403636653963555584.000000,0.000000,0.000000,20.709082,6.885534,0.202851,0.161762,17.102889,0.132929,50.777140
1403636654013555456.000000,0.000000,0.000000,22.661653,7.032800,0.187523,0.142658,14.320003,0.694601,52.120134
1403636654063555584.000000,0.000000,0.000000,21.866410,6.270901,0.188771,0.225475,18.999907,0.256995,49.161566
1403636654113555456.000000,0.000000,0.000000,24.032520,8.460595,0.193986,0.146690,16.134748,0.151682,53.471929
1403636654163555584.000000,0.000000,0.000000,21.847465,8.475827,0.225316,0.128674,16.650243,0.175266,53.835709
1403636654213555456.000000,0.000000,0.000000,21.267361,9.682308,0.222755,0.135010,16.109755,0.185667,53.661403
1403636654263555584.000000,0.000000,0.000000,20.997246,7.110049,0.183330,0.112897,14.689097,0.856972,47.940621
1403636654313555456.000000,0.000000,0.000000,21.440292,6.569178,0.210531,0.190179,17.598960,0.179299,52.970770
1403636654363555584.000000,0.000000,0.000000,20.839228,8.801144,0.199234,0.140386,16.553794,0.144738,50.925878
1403636654413555456.000000,0.000000,0.000000,19.593643,6.582841,0.193314,0.143746,15.579157,0.153538,47.684970
1403636654463555584.000000,0.000000,0.000000,21.685639,9.356896,0.185283,0.136322,17.821234,0.916429,52.759407
1403636654513555456.000000,0.000000,0.000000,20.903869,7.757290,0.192963,0.163266,15.403986,0.125441,49.147069
1403636654563555584.000000,0.000000,0.000000,22.278896,7.549159,0.192514,0.149666,15.703830,0.154658,52.621325
1403636654613555456.000000,0.000000,0.000000,21.315491,7.202882,0.180130,0.124418,15.542899,0.142594,50.358862
1403636654663555584.000000,0.000000,0.000000,20.900861,6.069875,0.188802,0.139778,14.668936,0.265187,48.134704
1403636654713555456.000000,0.000000,0.000000,21.630246,7.920780,0.182371,0.137634,15.842616,0.120929,53.103923
1403636654763555584.000000,0.000000,0.000000,20.760411,6.698715,0.167842,0.142178,16.327582,0.135394,47.957102
1403636654813555456.000000,0.000000,0.000000,21.135424,6.559802,0.170242,0.128098,13.538552,0.834251,48.981467
1403636654863555584.000000,0.000000,0.000000,21.843753,7.010464,0.173507,0.215715,17.036072,0.256996,49.362465
1403636654913555456.000000,0.000000,0.000000,20.938269,6.089971,0.178242,0.138497,16.525793,0.142466,46.751005
1403636654963555584.000000,0.000000,0.000000,21.029375,7.382277,0.191138,0.143778,15.403858,0.156482,49.159390
1403636655013555456.000000,0.000000,0.000000,22.199886,8.405234,0.210243,0.138465,16.413152,0.207523,52.157127
1403636655063555584.000000,0.000000,0.000000,22.004076,7.989997,0.177858,0.148578,14.299235,0.237123,48.988028
1403636655113555456.000000,0.000000,0.000000,23.192508,6.518425,0.185506,0.146818,15.597589,0.128098,52.257192
1403636655163555584.000000,0.000000,0.000000,22.072396,7.062913,0.195171,0.141538,16.208189,0.143778,50.819124
1403636655213555456.000000,0.000000,0.000000,22.018092,7.141730,0.180739,0.123586,13.032209,0.821835,49.725125
1403636655263555584.000000,0.000000,0.000000,22.767574,6.925534,0.191363,0.227907,17.730417,0.225059,51.249531
1403636655313555456.000000,0.000000,0.000000,27.942173,6.973151,0.205059,0.143042,13.960063,0.126018,54.267523
1403636655363555584.000000,0.000000,0.000000,21.769353,6.863613,0.222947,0.130433,15.433843,0.150402,49.277280
1403636655413555456.000000,0.000000,0.000000,21.687976,8.724663,0.224003,0.127874,15.593620,0.177762,51.968452
1403636655463555584.000000,0.000000,0.000000,21.000254,8.596917,0.180002,0.088193,14.637863,0.165890,48.081039
1403636655513555456.000000,0.000000,0.000000,21.597670,6.233205,0.219587,0.122625,15.043885,0.953645,50.884054
1403636655563555584.000000,0.000000,0.000000,23.709155,8.277105,0.178178,0.244324,19.043299,0.246563,50.725139
1403636655613555456.000000,0.000000,0.000000,20.513752,5.964369,0.181123,0.134402,13.442551,0.127586,46.834558
1403636655663555584.000000,0.000000,0.000000,20.198867,6.208789,0.167170,0.122210,13.382294,0.165474,47.023585
1403636655713555456.000000,0.000000,0.000000,20.728155,5.572843,0.197571,0.108673,14.343876,0.139778,46.107284
1403636655763555584.000000,0.000000,0.000000,20.668218,8.028205,0.196099,0.099297,12.278119,1.082639,49.592772
1403636655813555456.000000,0.000000,0.000000,21.347139,6.438104,0.223107,0.180771,16.558593,0.159074,52.608077
1403636655863555584.000000,0.000000,0.000000,20.975006,6.696347,0.175138,0.126082,14.710601,0.137922,45.285225
1403636655913555456.000000,0.000000,0.000000,19.798862,8.953594,0.178850,0.123713,14.567879,0.150690,47.106146
1403636655963555584.000000,0.000000,0.000000,21.673223,7.661800,0.175747,0.128097,13.000946,0.243524,48.926874
1403636656013555456.000000,0.000000,0.000000,19.524426,6.145620,0.178307,0.117729,14.152321,1.000877,47.640777
1403636656063555584.000000,0.000000,0.000000,21.166720,7.479590,0.196322,0.255267,17.995893,0.180707,50.488624
1403636656113555456.000000,0.000000,0.000000,20.325109,7.035456,0.179330,0.126561,14.799210,0.139810,47.160098
1403636656163555584.000000,0.000000,0.000000,20.901437,8.531796,0.184163,0.125921,14.932236,0.144162,49.583204
1403636656213555456.000000,0.000000,0.000000,22.831736,7.009791,0.204035,0.105185,13.504920,0.159746,47.920813
1403636656263555584.000000,0.000000,0.000000,20.696698,6.133811,0.195011,0.082721,15.392146,0.134081,46.720701
1403636656313555456.000000,0.000000,0.000000,21.511813,5.869296,0.118050,0.131810,16.246493,0.134562,51.028088
1403636656363555584.000000,0.000000,0.000000,20.455094,6.036306,0.178883,0.110497,12.805263,0.114370,46.139957
1403636656413555456.000000,0.000000,0.000000,22.594516,6.841053,0.187267,0.109377,13.068978,0.908044,49.558468
1403636656463555584.000000,0.000000,0.000000,21.370659,6.526649,0.201123,0.222947,17.203914,0.235395,46.607643
1403636656513555456.000000,0.000000,0.000000,20.126898,7.830059,0.209507,0.139298,13.946398,0.131362,48.485493
1403636656563555584.000000,0.000000,0.000000,20.460503,9.513122,0.235523,0.118273,13.378262,0.152994,51.382844
1403636656613555456.000000,0.000000,0.000000,20.112659,6.893758,0.182115,0.110146,13.763195,0.144738,44.588512
1403636656663555584.000000,0.000000,0.000000,20.910973,8.465780,0.181859,0.121089,13.519512,0.232899,48.032399
1403636656713555456.000000,0.000000,0.000000,20.219924,6.688892,0.193187,0.119522,15.194831,0.992718,50.345966
1403636656763555584.000000,0.000000,0.000000,20.707482,8.578997,0.180162,0.175042,17.554479,0.230051,48.435668
1403636656813555456.000000,0.000000,0.000000,19.497930,5.551307,0.197634,0.132706,15.526547,0.138178,43.462256
1403636656863555584.000000,0.000000,0.000000,22.237071,7.722793,0.201603,0.114722,13.380374,0.128290,48.704215
1403636656913555456.000000,0.000000,0.000000,21.877482,6.566361,0.206562,0.112514,14.143360,0.151906,46.933984
1403636656963555584.000000,0.000000,0.000000,22.280752,8.248017,0.197635,0.133282,13.415447,0.232228,51.913891
1403636657013555456.000000,0.000000,0.000000,20.856924,5.919504,0.164579,0.131746,15.562676,0.130530,49.649957
1403636657063555584.000000,0.000000,0.000000,22.944953,8.868761,0.193027,0.116226,15.467570,0.983021,52.439402
1403636657113555456.000000,0.000000,0.000000,19.851407,5.327688,0.176578,0.215139,19.211109,0.241444,42.030589
1403636657163555584.000000,0.000000,0.000000,22.873495,7.422821,0.204227,0.132130,15.379570,0.141538,48.344723
1403636657213555456.000000,0.000000,0.000000,21.240833,6.226453,0.191363,0.120738,16.205565,0.173186,46.133333
1403636657263555584.000000,0.000000,0.000000,21.719208,7.695433,0.242307,0.113346,15.847512,0.176770,50.047242
1403636657313555456.000000,0.000000,0.000000,21.896426,9.433185,0.239107,0.124098,13.647162,0.243235,52.664174
1403636657363555584.000000,0.000000,0.000000,21.571046,6.637691,0.217923,0.123458,16.631299,0.137666,53.143700
1403636657413555456.000000,0.000000,0.000000,20.720506,6.627962,0.197890,0.116609,14.513478,0.883724,47.742379
1403636657463555584.000000,0.000000,0.000000,20.187731,6.843549,0.212834,0.183138,18.614174,0.220291,48.418676
1403636657513555456.000000,0.000000,0.000000,20.173587,7.687528,0.191362,0.123969,13.681595,0.140482,48.804697
1403636657563555584.000000,0.000000,0.000000,19.238022,6.775484,0.187586,0.114337,14.153249,0.134017,44.606688
1403636657613555456.000000,0.000000,0.000000,20.352406,8.271793,0.223811,0.114977,15.169039,0.136226,50.396591
1403636657663555584.000000,0.000000,0.000000,21.844234,7.720394,0.214851,0.099458,13.274709,0.249604,49.813382
1403636657713555456.000000,0.000000,0.000000,21.993484,5.975057,0.188418,0.108993,15.171151,1.080815,52.128070
1403636657763555584.000000,0.000000,0.000000,20.217876,7.372229,0.189059,0.236963,16.354623,0.258851,46.310391
1403636657813555456.000000,0.000000,0.000000,19.585355,6.619354,0.192899,0.123713,15.505300,0.161507,44.597856
1403636657863555584.000000,0.000000,0.000000,20.415447,6.731483,0.198371,0.120961,15.121006,0.176866,47.267908
1403636657913555456.000000,0.000000,0.000000,20.118226,6.536057,0.198946,0.114818,15.218159,0.151042,45.017765
1403636657963555584.000000,0.000000,0.000000,22.558900,6.035218,0.193315,0.125281,12.770222,1.158736,49.621476
1403636658013555456.000000,0.000000,0.000000,19.586986,6.209236,0.237444,0.170594,14.027615,0.138626,47.665769
1403636658063555584.000000,0.000000,0.000000,20.865852,8.370482,0.205507,0.126274,15.360753,0.173442,49.805190
1403636658113555456.000000,0.000000,0.000000,18.070134,6.893310,0.209347,0.120514,15.948601,0.163971,45.316074
1403636658163555584.000000,0.000000,0.000000,18.625054,6.123924,0.199587,0.123681,14.755401,0.136866,45.120294
1403636658213555456.000000,0.000000,0.000000,20.924029,8.287345,0.199363,0.073409,14.810377,1.172336,48.265842
1403636658263555584.000000,0.000000,0.000000,24.029031,5.489610,0.080993,0.208739,17.639760,0.173410,48.614550
1403636658313555456.000000,0.000000,0.000000,20.504759,7.307364,0.201826,0.116034,15.442002,0.140418,47.097090
1403636658363555584.000000,0.000000,0.000000,20.222900,6.695483,0.225827,0.116609,15.527412,0.172483,48.232914
1403636658413555456.000000,0.000000,0.000000,19.986896,6.960319,0.222435,0.107169,16.614946,0.144770,46.723837
1403636658463555584.000000,0.000000,0.000000,17.717873,8.862936,0.219523,0.079873,15.885209,0.139458,46.497337
1403636658513555456.000000,0.000000,0.000000,20.396086,9.273855,0.218467,0.110050,15.387153,1.048142,52.964785
1403636658563555584.000000,0.000000,0.000000,20.790972,7.826955,0.199874,0.226723,17.286892,0.254564,49.365985
1403636658613555456.000000,0.000000,0.000000,20.439542,8.287537,0.229635,0.120674,15.771607,0.144674,48.184337
1403636658663555584.000000,0.000000,0.000000,18.749055,6.667514,0.233348,0.116098,15.194863,0.141282,47.299941
1403636658713555456.000000,0.000000,0.000000,21.487077,8.328497,0.244131,0.104673,14.441189,0.163362,50.891542
1403636658763555584.000000,0.000000,0.000000,25.048214,8.612661,0.246051,0.089602,13.076434,0.121474,55.315505
1403636658813555456.000000,0.000000,0.000000,25.163319,5.811855,0.126658,0.106017,15.554164,1.055983,53.845086
1403636658863555584.000000,0.000000,0.000000,18.487612,6.626394,0.235427,0.186531,18.166295,0.241155,46.157589
1403636658913555456.000000,0.000000,0.000000,19.187013,7.911916,0.203810,0.119041,14.730089,0.132354,47.598504
1403636658963555584.000000,0.000000,0.000000,21.170401,7.602344,0.206851,0.152450,15.005261,0.144642,48.426708
1403636659013555456.000000,0.000000,0.000000,18.898497,6.677147,0.227427,0.079938,13.581753,0.131682,43.326447
1403636659063555584.000000,0.000000,0.000000,19.922288,8.995515,0.250532,0.067489,15.948537,0.134306,49.684676
1403636659113555456.000000,0.000000,0.000000,19.169317,7.636424,0.120450,0.097057,15.091310,1.009806,50.538769
1403636659163555584.000000,0.000000,0.000000,19.600331,6.695003,0.217603,0.191074,18.046614,0.218979,46.451001
1403636659213555456.000000,0.000000,0.000000,19.292391,7.239715,0.209667,0.113121,14.916139,0.136162,46.668540
1403636659263555584.000000,0.000000,0.000000,17.587152,6.693371,0.209026,0.115649,16.427264,0.167586,41.805273
1403636659313555456.000000,0.000000,0.000000,19.549866,8.455123,0.251588,0.085889,13.343990,0.136578,49.130686
1403636659363555584.000000,0.000000,0.000000,19.181733,8.255985,0.243716,0.074049,15.952409,0.129890,48.727800
1403636659413555456.000000,0.000000,0.000000,17.242763,5.931888,0.131394,0.102306,15.781239,0.129026,46.836126
1403636659463555584.000000,0.000000,0.000000,19.554762,6.694556,0.207683,0.103938,15.700854,0.130690,46.155892
1403636659513555456.000000,0.000000,0.000000,17.528335,7.699657,0.127650,0.116641,14.522598,0.991021,48.223537
1403636659563555584.000000,0.000000,0.000000,19.904911,7.595367,0.210627,0.199427,18.067862,0.236676,45.858448
1403636659613555456.000000,0.000000,0.000000,20.191091,8.629302,0.244771,0.116546,15.992058,0.146626,49.932072
1403636659663555584.000000,0.000000,0.000000,19.125253,8.510836,0.245955,0.101922,13.781947,0.129922,48.745240
1403636659713555456.000000,0.000000,0.000000,19.695020,7.543014,0.249635,0.088353,14.282658,0.132514,48.351667
1403636659763555584.000000,0.000000,0.000000,21.136640,7.616232,0.239267,0.049985,12.401257,0.115330,49.320416
1403636659813555456.000000,0.000000,0.000000,18.616477,6.885022,0.244643,0.101761,13.834012,1.006830,49.358209
1403636659863555584.000000,0.000000,0.000000,18.831041,6.462552,0.261187,0.199426,17.105833,0.235267,46.930719
1403636659913555456.000000,0.000000,0.000000,20.181427,8.272721,0.206435,0.119361,15.447571,0.146498,47.541864
1403636659963555584.000000,0.000000,0.000000,19.363208,7.402821,0.227620,0.102817,14.637448,0.144066,47.475110
1403636660013555456.000000,0.000000,0.000000,21.284770,8.573717,0.206562,0.095905,17.838419,0.237827,47.170786
1403636660063555584.000000,0.000000,0.000000,18.298970,9.701956,0.253700,0.119618,12.824559,0.964589,47.792907
1403636660113555456.000000,0.000000,0.000000,21.819817,9.106620,0.233892,0.090753,14.726025,0.121537,53.905951
1403636660163555584.000000,0.000000,0.000000,20.649050,6.602298,0.221603,0.126274,15.309201,0.152834,46.748669
1403636660213555456.000000,0.000000,0.000000,22.168654,9.445889,0.214339,0.114401,13.845725,0.146626,50.372366
1403636660263555584.000000,0.000000,0.000000,20.550552,7.360804,0.196483,0.093313,12.590828,0.209315,50.796692
1403636660313555456.000000,0.000000,0.000000,20.647866,7.203074,0.201186,0.132546,15.568948,0.118529,47.011488
1403636660363555584.000000,0.000000,0.000000,21.119999,8.598453,0.207363,0.116833,15.728214,0.128290,49.773382
1403636660413555456.000000,0.000000,0.000000,23.914149,5.197255,0.217411,0.114402,15.313841,0.126754,49.570339
1403636660463555584.000000,0.000000,0.000000,19.406153,7.180258,0.200675,0.116641,16.997256,0.138946,45.591117
1403636660513555456.000000,0.000000,0.000000,20.954174,7.371428,0.190883,0.115394,16.485216,0.132578,45.921170
1403636660563555584.000000,0.000000,0.000000,20.133650,6.942751,0.227203,0.101665,13.274005,0.850507,47.780939
1403636660613555456.000000,0.000000,0.000000,21.825545,9.824198,0.243076,0.207043,16.821541,0.215395,52.697966
1403636660663555584.000000,0.000000,0.000000,19.692108,4.600159,0.206146,0.134274,16.061786,0.147074,45.123014
1403636660713555456.000000,0.000000,0.000000,22.247471,10.174795,0.255076,0.121474,14.977228,0.133698,54.901900
1403636660763555584.000000,0.000000,0.000000,20.805179,9.237150,0.241283,0.062081,9.287551,0.089665,52.293129
1403636660813555456.000000,0.000000,0.000000,18.762432,7.753386,0.214563,0.134466,15.561236,0.223779,45.572205
1403636660863555584.000000,0.000000,0.000000,20.326197,7.422886,0.112674,0.109346,14.028543,0.107106,50.132107
1403636660913555456.000000,0.000000,0.000000,22.105389,7.190146,0.231075,0.112481,14.659432,0.124066,51.157145
1403636660963555584.000000,0.000000,0.000000,19.327495,6.616603,0.101665,0.101698,14.141184,0.113153,46.365112
1403636661013555456.000000,0.000000,0.000000,20.513943,5.164743,0.159746,0.114210,14.159681,1.016750,45.169864
1403636661063555584.000000,0.000000,0.000000,19.579467,7.225538,0.217667,0.206307,16.514529,0.233059,47.686122
1403636661113555456.000000,0.000000,0.000000,22.531923,7.360389,0.213955,0.124642,15.714774,0.153026,48.620566
1403636661163555584.000000,0.000000,0.000000,20.179635,7.375460,0.230851,0.114273,15.020077,0.142722,47.293028
1403636661213555456.000000,0.000000,0.000000,21.734184,7.544743,0.216227,0.105025,13.092051,0.153826,48.593206
1403636661263555584.000000,0.000000,0.000000,20.103474,7.855467,0.219235,0.136450,16.180796,0.128418,48.382067
1403636661313555456.000000,0.000000,0.000000,22.145518,8.713879,0.102657,0.113378,15.697557,0.929741,53.411544
1403636661363555584.000000,0.000000,0.000000,19.634188,6.256885,0.207139,0.187875,17.102025,0.271908,46.957631
1403636661413555456.000000,0.000000,0.000000,20.751930,8.890873,0.204739,0.138914,17.466382,0.159554,49.908616
1403636661463555584.000000,0.000000,0.000000,20.940254,8.269201,0.216227,0.128545,17.178602,0.187843,47.159811
1403636661513555456.000000,0.000000,0.000000,20.295317,7.041920,0.258979,0.120674,14.576646,0.161954,48.830873
1403636661563555584.000000,0.000000,0.000000,20.163955,8.708535,0.258980,0.125121,18.002390,0.131074,50.671538
1403636661613555456.000000,0.000000,0.000000,20.046129,6.815517,0.115361,0.121889,16.150589,0.117730,49.451425
1403636661663555584.000000,0.000000,0.000000,20.472374,6.043699,0.272579,0.145378,17.633456,0.127266,49.762822
1403636661713555456.000000,0.000000,0.000000,21.310179,9.797478,0.220387,0.120546,17.103145,0.125185,54.036160
1403636661763555584.000000,0.000000,0.000000,18.786112,6.602682,0.222467,0.113378,14.615943,0.107554,43.939991
1403636661813555456.000000,0.000000,0.000000,21.799497,9.053116,0.127394,0.121186,17.759730,0.815404,54.428421
1403636661863555584.000000,0.000000,0.000000,19.557034,7.998509,0.229987,0.168131,18.623869,0.221635,49.069213
1403636661913555456.000000,0.000000,0.000000,21.539845,8.951034,0.306116,0.113218,16.329982,0.126626,54.143650
1403636661963555584.000000,0.000000,0.000000,20.158387,8.765015,0.245923,0.125058,15.645589,0.131074,51.648352
1403636662013555456.000000,0.000000,0.000000,21.256225,7.629800,0.220195,0.110913,15.808600,0.145026,48.605846
1403636662063555584.000000,0.000000,0.000000,19.772845,9.096123,0.260259,0.098497,16.823813,0.115233,54.275811
1403636662113555456.000000,0.000000,0.000000,20.032945,6.483897,0.115841,0.153858,17.716850,0.119330,50.824020
1403636662163555584.000000,0.000000,0.000000,19.776910,6.315414,0.263619,0.130081,17.292940,0.125729,47.808972
1403636662213555456.000000,0.000000,0.000000,20.156626,6.316182,0.209955,0.126145,16.619811,0.119682,46.040371
1403636662263555584.000000,0.000000,0.000000,20.626009,6.964575,0.221411,0.114978,16.243613,0.116898,49.868776
1403636662313555456.000000,0.000000,0.000000,18.988610,6.525465,0.234724,0.123106,15.896217,0.966445,47.405990
1403636662363555584.000000,0.000000,0.000000,23.470944,9.034939,0.266755,0.250148,18.511196,0.272132,55.429844
1403636662413555456.000000,0.000000,0.000000,23.557217,9.111004,0.251108,0.123201,14.985292,0.124834,55.401075
1403636662463555584.000000,0.000000,0.000000,20.709082,9.623908,0.261060,0.124674,15.391601,0.150434,52.404394
1403636662513555456.000000,0.000000,0.000000,17.972565,8.936473,0.224771,0.118018,14.685800,0.168130,48.289810
1403636662563555584.000000,0.000000,0.000000,20.624505,9.058331,0.231299,0.175138,18.296505,0.203043,51.609471
1403636662613555456.000000,0.000000,0.000000,19.711469,7.428038,0.237603,0.122849,15.318833,0.839147,51.413980
1403636662663555584.000000,0.000000,0.000000,19.228102,6.331926,0.214915,0.248867,19.495306,0.280068,45.779311
1403636662713555456.000000,0.000000,0.000000,18.218872,6.058706,0.209571,0.138146,16.923878,0.159874,43.577778
1403636662763555584.000000,0.000000,0.000000,18.995618,6.523065,0.216131,0.123554,15.870872,0.157090,45.359273
1403636662813555456.000000,0.000000,0.000000,20.756283,6.087699,0.282884,0.144418,15.954489,0.123010,51.001719
1403636662863555584.000000,0.000000,0.000000,20.000560,7.686280,0.222403,0.107233,15.821720,0.931469,48.976539
1403636662913555456.000000,0.000000,0.000000,20.133299,6.890397,0.250212,0.229507,18.871297,0.242947,52.390825
1403636662963555584.000000,0.000000,0.000000,20.275540,6.562137,0.223811,0.135937,17.137546,0.166946,49.093917
1403636663013555456.000000,0.000000,0.000000,19.036964,6.832733,0.205795,0.125474,16.289693,0.163650,46.971488
1403636663063555584.000000,0.000000,0.000000,17.599408,7.470278,0.223843,0.128354,15.583380,0.123169,46.230422
1403636663113555456.000000,0.000000,0.000000,21.476805,8.255761,0.225571,0.083361,16.629955,0.125186,51.435612
1403636663163555584.000000,0.000000,0.000000,20.693018,6.880190,0.231171,0.128386,15.570996,0.117857,52.123558
1403636663213555456.000000,0.000000,0.000000,18.873121,7.368741,0.240452,0.122657,14.999149,0.784363,48.816473
1403636663263555584.000000,0.000000,0.000000,19.675628,7.596263,0.212579,0.223139,18.384250,0.220675,48.797817
1403636663313555456.000000,0.000000,0.000000,18.699487,7.515686,0.213987,0.137090,14.927244,0.132738,46.838622
1403636663363555584.000000,0.000000,0.000000,17.021224,8.816888,0.253252,0.122785,14.943948,0.135138,47.691978
1403636663413555456.000000,0.000000,0.000000,21.463205,7.984077,0.226979,0.113314,17.033416,0.133762,50.051434
1403636663463555584.000000,0.000000,0.000000,19.398761,8.480724,0.222051,0.071073,15.881497,0.877324,48.565589
1403636663513555456.000000,0.000000,0.000000,20.286612,7.382341,0.257380,0.224355,18.686718,0.244899,51.950500
1403636663563555584.000000,0.000000,0.000000,18.798720,6.812380,0.205218,0.134242,15.876025,0.147074,45.525452
1403636663613555456.000000,0.000000,0.000000,18.017750,6.857405,0.217763,0.115522,13.902461,0.126145,44.816867
1403636663663555584.000000,0.000000,0.000000,17.990421,7.407652,0.193122,0.106817,14.336836,0.799595,47.532392
1403636663713555456.000000,0.000000,0.000000,17.608464,8.609013,0.233987,0.119266,16.321438,0.128161,48.040622
1403636663763555584.000000,0.000000,0.000000,18.764352,6.749308,0.231619,0.130914,17.026984,0.148866,49.845351
1403636663813555456.000000,0.000000,0.000000,19.353479,7.217859,0.217027,0.084929,13.550585,0.131970,47.805580
1403636663863555584.000000,0.000000,0.000000,20.872060,8.295377,0.186530,0.074049,15.124430,0.840908,48.010734
1403636663913555456.000000,0.000000,0.000000,19.402888,9.230014,0.211587,0.206627,17.602800,0.158978,47.628489
1403636663963555584.000000,0.000000,0.000000,18.620318,8.691350,0.220387,0.115938,14.954476,0.145474,48.772121
1403636664013555456.000000,0.000000,0.000000,20.049874,7.863051,0.251139,0.119906,15.402706,0.146370,50.192491
1403636664063555584.000000,0.000000,0.000000,18.775232,7.389285,0.226019,0.066625,14.253026,1.042414,44.663489
1403636664113555456.000000,0.000000,0.000000,16.007707,8.098766,0.235172,0.225347,18.673726,0.168866,43.621426
1403636664163555584.000000,0.000000,0.000000,18.446395,6.967903,0.131938,0.132162,16.852550,0.148386,48.816889
1403636664213555456.000000,0.000000,0.000000,20.533240,7.333476,0.119329,0.129954,16.423551,0.171490,48.146607
1403636664263555584.000000,0.000000,0.000000,18.074038,7.570727,0.227075,0.069441,14.992364,1.155024,46.211510
1403636664313555456.000000,0.000000,0.000000,18.884673,7.774090,0.247971,0.221827,17.947189,0.154114,47.161699
1403636664363555584.000000,0.000000,0.000000,16.940295,7.413893,0.215587,0.129954,15.609397,0.139970,48.357747
1403636664413555456.000000,0.000000,0.000000,17.896692,8.137391,0.223107,0.123138,15.868920,0.130721,48.252561
1403636664463555584.000000,0.000000,0.000000,17.959925,8.558772,0.233859,0.060801,13.658778,1.272113,48.348595
1403636664513555456.000000,0.000000,0.000000,15.847992,8.245425,0.233667,0.203075,17.315532,0.132898,45.128742
1403636664563555584.000000,0.000000,0.000000,15.873432,8.364242,0.240675,0.131394,17.136681,0.163138,47.672138
1403636664613555456.000000,0.000000,0.000000,19.614571,7.711529,0.233731,0.113570,15.443122,0.196675,48.574390
1403636664663555584.000000,0.000000,0.000000,17.036744,7.951660,0.266723,0.126338,16.171996,0.118977,46.290742
1403636664713555456.000000,0.000000,0.000000,17.399277,8.553941,0.283780,0.121730,15.953817,0.117761,45.915410
1403636664763555584.000000,0.000000,0.000000,18.586909,9.293150,0.114593,0.120801,15.338129,1.250769,50.707187
1403636664813555456.000000,0.000000,0.000000,19.200646,8.669974,0.239203,0.314628,18.463963,0.316100,50.570641
1403636664863555584.000000,0.000000,0.000000,17.969173,8.267248,0.221987,0.130241,15.921177,0.141922,49.184734
1403636664913555456.000000,0.000000,0.000000,16.586082,8.763032,0.267971,0.136546,17.196010,0.176930,46.618076
1403636664963555584.000000,0.000000,0.000000,17.484399,9.930439,0.238595,0.107937,15.389202,0.195619,48.512981
1403636665013555456.000000,0.000000,0.000000,17.265419,9.070172,0.229827,0.154338,16.251421,0.129441,47.890765
1403636665063555584.000000,0.000000,0.000000,19.483881,9.310367,0.130018,0.124194,15.760215,1.107375,52.991186
1403636665113555456.000000,0.000000,0.000000,17.386701,7.735017,0.210755,0.254499,19.340168,0.305892,46.353528
1403636665163555584.000000,0.000000,0.000000,18.902721,8.403571,0.222723,0.110402,17.443405,0.161378,49.811207
1403636665213555456.000000,0.000000,0.000000,16.884166,8.316241,0.209667,0.123041,16.675428,0.183234,45.880145
1403636665263555584.000000,0.000000,0.000000,17.780882,9.795269,0.233316,0.131458,17.883348,0.144930,49.344737
1403636665313555456.000000,0.000000,0.000000,18.579869,9.388672,0.216451,0.141314,17.111625,0.265124,49.753830
1403636665363555584.000000,0.000000,0.000000,18.554045,8.325298,0.235780,0.172546,19.016387,1.146255,52.149863
1403636665413555456.000000,0.000000,0.000000,17.141034,7.780362,0.283364,0.113249,18.890178,0.141282,47.813164
1403636665463555584.000000,0.000000,0.000000,16.869733,7.924684,0.214179,0.147106,13.881149,0.203874,46.873695
1403636665513555456.000000,0.000000,0.000000,17.811411,8.639926,0.221251,0.122882,12.831855,0.202243,48.992987
1403636665563555584.000000,0.000000,0.000000,16.380639,7.444485,0.216547,0.149794,12.014308,0.740683,46.218166
1403636665613555456.000000,0.000000,0.000000,17.123594,7.642952,0.241060,0.094369,12.946416,0.140994,49.990505
1403636665663555584.000000,0.000000,0.000000,19.105732,8.149519,0.218595,0.138818,13.450551,0.175363,51.887491
1403636665713555456.000000,0.000000,0.000000,18.281465,5.881488,0.256036,0.126561,12.554891,0.108417,43.688723
1403636665763555584.000000,0.000000,0.000000,18.327258,5.401961,0.216675,0.049345,10.682642,0.724586,41.934140
1403636665813555456.000000,0.000000,0.000000,17.219531,5.370569,0.223395,0.077761,12.507659,0.109314,40.602537
1403636665863555584.000000,0.000000,0.000000,20.040753,5.268103,0.084769,0.127042,12.976273,0.201602,43.503281
1403636665913555456.000000,0.000000,0.000000,19.001219,5.377834,0.186371,0.128833,16.330591,0.183618,43.269325
1403636665963555584.000000,0.000000,0.000000,18.139223,4.973604,0.177059,0.111777,15.649461,0.133954,40.826092
1403636666013555456.000000,0.000000,0.000000,20.249908,5.015620,0.182082,0.127778,18.547420,1.005582,41.751353
1403636666063555584.000000,0.000000,0.000000,17.225003,5.311912,0.172258,0.240003,19.323207,0.366949,40.137187
1403636666113555456.000000,0.000000,0.000000,18.453147,5.344745,0.176866,0.140034,18.142039,0.185507,42.177118
1403636666163555584.000000,0.000000,0.000000,16.441632,7.320068,0.212387,0.150498,18.541916,0.185122,45.505548
1403636666213555456.000000,0.000000,0.000000,17.316044,6.975743,0.110306,0.094497,16.436512,0.212931,45.187464
1403636666263555584.000000,0.000000,0.000000,17.430318,5.604813,0.265444,0.078145,17.289419,1.012238,48.340531
1403636666313555456.000000,0.000000,0.000000,21.325378,7.715626,0.120898,0.201123,20.050897,0.321381,54.179138
1403636666363555584.000000,0.000000,0.000000,16.848741,7.587400,0.116993,0.131746,18.331801,0.179171,48.259921
1403636666413555456.000000,0.000000,0.000000,16.984039,7.725929,0.127553,0.145282,16.424288,0.166947,48.776761
1403636666463555584.000000,0.000000,0.000000,17.227211,7.144257,0.112002,0.098497,15.555764,0.217187,46.512922
1403636666513555456.000000,0.000000,0.000000,18.343546,7.851435,0.239652,0.082849,18.380283,0.977454,49.497666
1403636666563555584.000000,0.000000,0.000000,18.909314,7.014752,0.221539,0.167298,21.000734,0.355653,51.622943
1403636666613555456.000000,0.000000,0.000000,19.796909,7.479174,0.235395,0.104482,17.169898,0.152834,51.029111
1403636666663555584.000000,0.000000,0.000000,18.182360,6.722843,0.203203,0.138338,18.189912,0.215330,47.083201
1403636666713555456.000000,0.000000,0.000000,17.883091,7.511655,0.204611,0.109442,17.161641,0.257060,46.291766
1403636666763555584.000000,0.000000,0.000000,20.039377,9.457921,0.293316,0.161890,18.189272,1.123919,53.975327
1403636666813555456.000000,0.000000,0.000000,18.021429,7.073056,0.250500,0.209347,22.023564,0.348645,51.926659
1403636666863555584.000000,0.000000,0.000000,18.093782,6.741820,0.222275,0.100897,18.483516,0.172643,46.140437
1403636666913555456.000000,0.000000,0.000000,17.754674,6.713756,0.224195,0.156994,17.423181,0.193283,48.010670
1403636666963555584.000000,0.000000,0.000000,17.114473,6.542425,0.242019,0.118754,17.608368,0.222051,51.477789
1403636667013555456.000000,0.000000,0.000000,18.383194,6.580826,0.233059,0.172642,18.738143,0.281572,49.293215
1403636667063555584.000000,0.000000,0.000000,18.428379,6.801757,0.249091,0.136418,17.753490,0.836236,53.033331
1403636667113555456.000000,0.000000,0.000000,17.614992,6.642266,0.205635,0.178530,19.979953,0.237891,48.072655
1403636667163555584.000000,0.000000,0.000000,18.279417,6.365335,0.206947,0.128609,17.948949,0.143074,47.471207
1403636667213555456.000000,0.000000,0.000000,18.054486,6.583802,0.212899,0.136674,17.479086,0.175906,53.423800
1403636667263555584.000000,0.000000,0.000000,19.826446,7.756586,0.245444,0.130370,17.598256,0.174947,51.666496
1403636667313555456.000000,0.000000,0.000000,20.267796,8.179504,0.238531,0.106658,15.668949,0.846219,52.272456
1403636667363555584.000000,0.000000,0.000000,19.104068,6.202293,0.249251,0.212163,18.073878,0.228227,50.960663
1403636667413555456.000000,0.000000,0.000000,18.625917,6.223797,0.234532,0.138338,17.279787,0.173923,48.397523
1403636667463555584.000000,0.000000,0.000000,17.956661,6.671066,0.239939,0.140866,17.102313,0.181090,47.545959
1403636667513555456.000000,0.000000,0.000000,19.434761,7.122689,0.217827,0.147138,16.027066,0.867052,49.514690
1403636667563555584.000000,0.000000,0.000000,19.877583,6.936350,0.223107,0.200259,18.803520,0.160898,48.394899
1403636667613555456.000000,0.000000,0.000000,20.009680,6.324630,0.110242,0.154242,17.922164,0.182883,49.762886
1403636667663555584.000000,0.000000,0.000000,17.545135,6.273781,0.110209,0.142978,18.512733,0.183651,46.453528
1403636667713555456.000000,0.000000,0.000000,17.256619,6.909790,0.105121,0.134114,17.158473,0.232707,46.610683
1403636667763555584.000000,0.000000,0.000000,19.101796,6.878462,0.216355,0.171555,19.404936,0.161250,47.775723
1403636667813555456.000000,0.000000,0.000000,18.167896,6.130932,0.218947,0.164706,17.710898,0.769131,48.706775
1403636667863555584.000000,0.000000,0.000000,17.942005,6.102355,0.220803,0.164194,22.627028,0.303428,47.802763
1403636667913555456.000000,0.000000,0.000000,22.625044,6.490168,0.219939,0.108738,17.235946,0.144578,52.996978
1403636667963555584.000000,0.000000,0.000000,20.938973,8.326930,0.220515,0.146338,16.929991,0.135746,51.776514
1403636668013555456.000000,0.000000,0.000000,18.993923,7.150273,0.255459,0.147714,19.103588,0.156930,50.900725
1403636668063555584.000000,0.000000,0.000000,18.753568,7.547911,0.220899,0.109377,15.276561,0.831116,50.226188
1403636668113555456.000000,0.000000,0.000000,20.364374,6.578618,0.209635,0.217667,20.694522,0.197859,55.981755
1403636668163555584.000000,0.000000,0.000000,18.473404,6.162324,0.203555,0.162627,17.868179,0.156802,47.268228
1403636668213555456.000000,0.000000,0.000000,17.819059,6.517113,0.193571,0.143586,16.600258,0.141154,46.378456
1403636668263555584.000000,0.000000,0.000000,19.024739,6.601082,0.214403,0.120418,16.866278,0.220931,50.103754
1403636668313555456.000000,0.000000,0.000000,19.673132,6.652762,0.207619,0.185922,18.684063,0.843052,47.535655
1403636668363555584.000000,0.000000,0.000000,19.733869,6.839229,0.212547,0.226243,19.166437,0.210979,52.957201
1403636668413555456.000000,0.000000,0.000000,19.965648,8.343506,0.205122,0.150914,17.955221,0.160930,51.755649
1403636668463555584.000000,0.000000,0.000000,19.994033,6.920383,0.201347,0.136642,17.941908,0.152866,48.169456
1403636668513555456.000000,0.000000,0.000000,21.243297,6.605082,0.226691,0.125058,15.524531,0.184899,50.002313
1403636668563555584.000000,0.000000,0.000000,21.207777,6.617626,0.247236,0.158210,17.578096,0.871820,52.527915
1403636668613555456.000000,0.000000,0.000000,21.140672,9.291391,0.114562,0.193923,16.368479,0.210691,55.255121
1403636668663555584.000000,0.000000,0.000000,20.969246,6.758972,0.217059,0.127714,16.104731,0.152802,51.171321
1403636668713555456.000000,0.000000,0.000000,21.674920,6.622458,0.215139,0.120865,16.601762,0.157378,51.463549
1403636668763555584.000000,0.000000,0.000000,20.204915,7.292355,0.216579,0.110722,14.777097,0.174338,48.208496
1403636668813555456.000000,0.000000,0.000000,20.229619,7.304227,0.236419,0.154146,17.975989,0.982030,51.160249
1403636668863555584.000000,0.000000,0.000000,20.266900,6.273558,0.211619,0.214339,19.684588,0.186755,47.535239
1403636668913555456.000000,0.000000,0.000000,20.882269,6.787804,0.217731,0.138402,17.429838,0.155266,49.349024
1403636668963555584.000000,0.000000,0.000000,19.385896,6.775196,0.225027,0.120609,14.927628,0.146562,48.123567
1403636669013555456.000000,0.000000,0.000000,20.556568,6.199380,0.229539,0.131042,16.710499,0.887788,46.794397
1403636669063555584.000000,0.000000,0.000000,19.905487,6.615354,0.261924,0.181123,19.001379,0.158530,49.440449
1403636669113555456.000000,0.000000,0.000000,21.907307,7.660041,0.263587,0.135906,17.229131,0.158466,55.251633
1403636669163555584.000000,0.000000,0.000000,20.534424,6.910686,0.220003,0.136002,18.232248,0.186115,50.393038
1403636669213555456.000000,0.000000,0.000000,20.764027,6.317014,0.213507,0.104225,16.669411,0.727562,47.130658
1403636669263555584.000000,0.000000,0.000000,22.134478,7.198850,0.237444,0.186211,19.304487,0.175907,52.171175
1403636669313555456.000000,0.000000,0.000000,21.480964,6.713883,0.114529,0.135745,16.687940,0.174307,52.842320
1403636669363555584.000000,0.000000,0.000000,20.007440,6.095443,0.217027,0.125954,16.361854,0.184707,48.579061
1403636669413555456.000000,0.000000,0.000000,21.884171,6.946654,0.240899,0.094114,14.960075,0.762570,52.467019
1403636669463555584.000000,0.000000,0.000000,20.170739,7.477318,0.263460,0.137218,17.386540,0.145058,50.615122
1403636669513555456.000000,0.000000,0.000000,21.202273,8.735223,0.240067,0.127649,16.488129,0.159619,54.775178
1403636669563555584.000000,0.000000,0.000000,20.934045,7.806379,0.224995,0.116705,16.425440,0.183330,50.763508
1403636669613555456.000000,0.000000,0.000000,23.279741,7.288483,0.230531,0.063873,15.494675,0.830891,52.177351
1403636669663555584.000000,0.000000,0.000000,20.638905,7.466854,0.252707,0.208642,19.836462,0.201538,48.887834
1403636669713555456.000000,0.000000,0.000000,27.000112,8.219920,0.229827,0.133058,18.246713,0.186531,57.946997
1403636669763555584.000000,0.000000,0.000000,20.468087,6.829885,0.226755,0.125922,18.004981,0.191395,49.114621
1403636669813555456.000000,0.000000,0.000000,20.267860,7.175714,0.227299,0.131586,16.291870,0.708137,47.914189
1403636669863555584.000000,0.000000,0.000000,22.092429,8.798552,0.241443,0.205667,19.984528,0.206691,51.588799
1403636669913555456.000000,0.000000,0.000000,19.946192,9.387232,0.251908,0.138977,17.690033,0.170786,55.214033
1403636669963555584.000000,0.000000,0.000000,19.823150,6.940094,0.238467,0.133442,18.262777,0.174690,50.470351
1403636670013555456.000000,0.000000,0.000000,21.535685,7.153730,0.240739,0.153314,17.256587,0.911052,52.134086
1403636670063555584.000000,0.000000,0.000000,23.562305,8.053550,0.232259,0.190594,18.506045,0.178659,53.623899
1403636670113555456.000000,0.000000,0.000000,19.782349,7.083168,0.256355,0.141666,18.219512,0.175138,52.615820
1403636670163555584.000000,0.000000,0.000000,19.763053,6.450392,0.237572,0.135650,18.139479,0.200099,48.733943
1403636670213555456.000000,0.000000,0.000000,20.528951,7.116577,0.243395,0.159202,18.788576,0.180035,51.638367
1403636670263555584.000000,0.000000,0.000000,22.645396,6.862878,0.258756,0.177922,20.124146,0.854508,52.906065
1403636670313555456.000000,0.000000,0.000000,21.314306,6.809597,0.111842,0.216547,22.200590,0.290148,52.467627
1403636670363555584.000000,0.000000,0.000000,25.524220,7.130881,0.231811,0.121889,19.244070,0.184867,56.537090
1403636670413555456.000000,0.000000,0.000000,21.436868,7.716457,0.247587,0.146434,19.052100,0.177411,52.407082
1403636670463555584.000000,0.000000,0.000000,20.538904,8.568149,0.245348,0.165506,20.102322,0.160674,53.255893
1403636670513555456.000000,0.000000,0.000000,21.772616,8.147311,0.261764,0.122177,17.189930,0.232707,56.680356
1403636670563555584.000000,0.000000,0.000000,21.121568,7.032512,0.279332,0.140705,17.316715,0.110881,56.500898
1403636670613555456.000000,0.000000,0.000000,23.274781,7.283875,0.260676,0.160482,19.288967,0.131713,56.914919
1403636670663555584.000000,0.000000,0.000000,20.832412,6.700924,0.234019,0.152578,19.342120,0.783595,52.114886
1403636670713555456.000000,0.000000,0.000000,20.887805,6.686939,0.243619,0.182434,19.317255,0.287428,53.549850
1403636670763555584.000000,0.000000,0.000000,20.876380,8.542196,0.237188,0.128962,17.361517,0.163395,51.957796
1403636670813555456.000000,0.000000,0.000000,21.022943,6.483160,0.239812,0.135042,17.291691,0.182594,48.626551
1403636670863555584.000000,0.000000,0.000000,22.445202,8.023470,0.264100,0.135266,18.858945,0.182659,55.091311
1403636670913555456.000000,0.000000,0.000000,20.364406,8.135791,0.264068,0.134337,16.641155,0.816843,53.893566
1403636670963555584.000000,0.000000,0.000000,20.864701,6.544633,0.242724,0.195715,20.417046,0.183394,52.500652
1403636671013555456.000000,0.000000,0.000000,19.231238,6.368183,0.245667,0.144514,19.956304,0.196227,47.700010
1403636671063555584.000000,0.000000,0.000000,20.316501,7.306244,0.234627,0.152610,20.341717,0.195299,48.937179
1403636671113555456.000000,0.000000,0.000000,20.861180,8.357394,0.242211,0.130977,19.737645,0.144194,52.918385
1403636671163555584.000000,0.000000,0.000000,18.975618,6.321046,0.236452,0.153634,20.021136,0.128578,46.329047
1403636671213555456.000000,0.000000,0.000000,20.306837,6.622746,0.113569,0.149858,20.661081,0.136066,53.044755
1403636671263555584.000000,0.000000,0.000000,19.278759,6.443863,0.258371,0.144610,20.569496,0.879564,51.597247
1403636671313555456.000000,0.000000,0.000000,19.648780,6.931198,0.240387,0.214531,22.507890,0.314788,53.066899
1403636671363555584.000000,0.000000,0.000000,19.047811,6.426296,0.264388,0.116129,19.850063,0.157986,50.805333
1403636671413555456.000000,0.000000,0.000000,18.288761,6.647290,0.273924,0.146178,20.020305,0.190050,50.470895
1403636671463555584.000000,0.000000,0.000000,21.052927,7.342148,0.305092,0.152322,19.455817,0.185411,54.779466
1403636671513555456.000000,0.000000,0.000000,24.035080,7.526150,0.312548,0.123201,18.817665,0.132226,58.657855
1403636671563555584.000000,0.000000,0.000000,21.879946,7.612328,0.132802,0.178114,21.304354,0.138562,58.290458
1403636671613555456.000000,0.000000,0.000000,21.122239,6.535289,0.305925,0.148066,19.022020,0.126562,53.140660
1403636671663555584.000000,0.000000,0.000000,19.613483,6.715163,0.280452,0.138882,19.294375,0.895884,51.306523
1403636671713555456.000000,0.000000,0.000000,22.246735,8.009197,0.298821,0.197314,21.105920,0.296068,55.397394
1403636671763555584.000000,0.000000,0.000000,20.526808,6.647578,0.309156,0.133026,18.985923,0.150082,51.694273
1403636671813555456.000000,0.000000,0.000000,20.980445,6.939774,0.313893,0.134401,18.956003,0.199139,55.028846
1403636671863555584.000000,0.000000,0.000000,20.775387,8.072078,0.312292,0.137698,18.798112,0.170850,53.456696
1403636671913555456.000000,0.000000,0.000000,20.622073,7.705289,0.275716,0.133442,18.329434,0.183266,54.095073
1403636671963555584.000000,0.000000,0.000000,20.340053,5.740686,0.275364,0.133954,19.264710,0.127362,53.270422
1403636672013555456.000000,0.000000,0.000000,21.228353,6.255894,0.304324,0.137378,18.472924,0.117858,53.118644
1403636672063555584.000000,0.000000,0.000000,18.889153,6.152436,0.269380,0.135010,20.087570,0.794571,50.108778
1403636672113555456.000000,0.000000,0.000000,19.492137,5.746639,0.260067,0.076865,21.448932,0.142882,49.722501
1403636672163555584.000000,0.000000,0.000000,20.284917,6.028594,0.270339,0.117346,16.102331,0.184290,50.321773
1403636672213555456.000000,0.000000,0.000000,20.228564,6.360662,0.287204,0.148674,18.359002,0.187363,51.601151
1403636672263555584.000000,0.000000,0.000000,22.658036,6.933694,0.270372,0.128417,20.164211,0.146594,53.643578
1403636672313555456.000000,0.000000,0.000000,23.056506,7.415973,0.319780,0.112578,17.721745,0.112161,56.829990
1403636672363555584.000000,0.000000,0.000000,20.987454,7.428965,0.331205,0.127938,19.059748,0.733226,55.744056
1403636672413555456.000000,0.000000,0.000000,20.188531,5.117670,0.272580,0.190147,22.044012,0.294692,47.714602
1403636672463555584.000000,0.000000,0.000000,18.982371,6.022738,0.290852,0.142370,21.208193,0.188131,49.435298
1403636672513555456.000000,0.000000,0.000000,21.569989,6.550298,0.310021,0.142786,20.149043,0.169346,54.108833
1403636672563555584.000000,0.000000,0.000000,20.765595,6.339766,0.277891,0.125282,20.182579,0.225827,50.325198
1403636672613555456.000000,0.000000,0.000000,18.974147,6.976639,0.306916,0.147490,20.927069,0.118658,51.447965
1403636672663555584.000000,0.000000,0.000000,20.291861,6.799005,0.330436,0.139842,20.677434,0.112322,55.136687
1403636672713555456.000000,0.000000,0.000000,20.975486,6.452312,0.335013,0.136738,19.337191,0.106561,54.685385
1403636672763555584.000000,0.000000,0.000000,19.851214,6.437720,0.286563,0.143841,22.119374,0.116482,51.579615
1403636672813555456.000000,0.000000,0.000000,19.371048,6.271350,0.286276,0.149506,20.337077,0.115617,57.165130
1403636672863555584.000000,0.000000,0.000000,19.773805,6.487225,0.336581,0.142242,19.522026,0.679593,54.921868
1403636672913555456.000000,0.000000,0.000000,20.968285,6.807325,0.350373,0.174274,21.644135,0.281508,54.344836
1403636672963555584.000000,0.000000,0.000000,21.980332,6.630554,0.285508,0.120289,19.541962,0.162466,53.665083
1403636673013555456.000000,0.000000,0.000000,19.625644,7.611976,0.331012,0.140738,20.685337,0.188675,55.252017
1403636673063555584.000000,0.000000,0.000000,19.350471,6.842269,0.298980,0.144642,19.383624,0.178979,52.202600
1403636673113555456.000000,0.000000,0.000000,20.914941,6.170612,0.296868,0.130434,18.503452,0.119330,52.721262
1403636673163555584.000000,0.000000,0.000000,20.891772,7.217955,0.292388,0.147906,18.393531,0.115106,55.680534
1403636673213555456.000000,0.000000,0.000000,21.200417,6.576154,0.290148,0.141026,19.595883,0.117250,53.089075
1403636673263555584.000000,0.000000,0.000000,19.150468,6.369495,0.287876,0.148642,19.002531,0.699018,51.014423
1403636673313555456.000000,0.000000,0.000000,18.871265,5.965106,0.266307,0.184835,21.369603,0.303844,49.879079
1403636673363555584.000000,0.000000,0.000000,20.138450,6.036434,0.278115,0.127330,20.586393,0.142850,50.216140
1403636673413555456.000000,0.000000,0.000000,21.021310,6.494137,0.276163,0.156002,20.276405,0.156258,51.339739
1403636673463555584.000000,0.000000,0.000000,20.685913,6.181557,0.265764,0.156066,21.173537,0.171522,52.068677
1403636673513555456.000000,0.000000,0.000000,20.689370,6.993856,0.277156,0.148290,19.252807,0.099842,52.703310
1403636673563555584.000000,0.000000,0.000000,19.702412,6.181748,0.284836,0.172035,21.749160,0.131874,53.484441
1403636673613555456.000000,0.000000,0.000000,19.451241,6.202388,0.277155,0.162242,20.732667,0.109570,52.420394
1403636673663555584.000000,0.000000,0.000000,19.247174,5.995026,0.247939,0.156578,20.225332,0.102561,51.168377
1403636673713555456.000000,0.000000,0.000000,20.059025,6.466168,0.273443,0.156290,19.766797,0.115842,53.553529
1403636673763555584.000000,0.000000,0.000000,19.369159,6.260758,0.268995,0.150467,21.297698,0.748554,50.042090
1403636673813555456.000000,0.000000,0.000000,21.045566,6.501849,0.285764,0.079361,21.817321,0.129953,55.022957
1403636673863555584.000000,0.000000,0.000000,19.373064,6.775229,0.274500,0.151586,17.477166,0.204931,52.411530
1403636673913555456.000000,0.000000,0.000000,21.392035,6.430743,0.264515,0.152098,17.888276,0.208355,53.751324
1403636673963555584.000000,0.000000,0.000000,21.348931,6.846718,0.286596,0.152098,19.318759,0.122242,53.729948
1403636674013555456.000000,0.000000,0.000000,21.290754,7.407013,0.315716,0.081153,15.439026,0.112865,56.219422
1403636674063555584.000000,0.000000,0.000000,19.285223,6.585434,0.291748,0.168802,20.599033,0.112610,53.493945
1403636674113555456.000000,0.000000,0.000000,20.047121,4.692768,0.252196,0.158722,20.861180,0.116962,48.186960
1403636674163555584.000000,0.000000,0.000000,21.167777,4.652575,0.232675,0.173187,21.718888,0.127874,49.609828
1403636674213555456.000000,0.000000,0.000000,20.042385,4.506685,0.280516,0.163363,22.762742,0.134498,49.396321
1403636674263555584.000000,0.000000,0.000000,19.150053,4.747105,0.238627,0.166562,20.316981,0.732810,44.656736
1403636674313555456.000000,0.000000,0.000000,19.926255,6.807837,0.290404,0.201123,24.255786,0.331237,52.938961
1403636674363555584.000000,0.000000,0.000000,20.257396,6.167412,0.276228,0.144514,22.577651,0.191043,52.796816
1403636674413555456.000000,0.000000,0.000000,21.613415,7.185634,0.287428,0.165794,19.848462,0.184322,56.289663
1403636674463555584.000000,0.000000,0.000000,20.893309,7.223394,0.296740,0.162882,19.634091,0.206435,56.617603
1403636674513555456.000000,0.000000,0.000000,20.948606,6.581146,0.268580,0.154978,19.493930,0.111137,54.186722
1403636674563555584.000000,0.000000,0.000000,19.841487,6.697979,0.283044,0.171042,19.253606,0.118113,56.676164
1403636674613555456.000000,0.000000,0.000000,21.045406,7.054401,0.280932,0.163810,19.864623,0.121538,56.878151
1403636674663555584.000000,0.000000,0.000000,20.004593,6.339638,0.251684,0.163874,19.825422,0.121026,50.425487
1403636674713555456.000000,0.000000,0.000000,21.422468,6.216021,0.248036,0.160866,20.169522,0.126946,51.316859
1403636674763555584.000000,0.000000,0.000000,19.770606,6.426999,0.261219,0.185314,21.428900,0.828555,51.191545
1403636674813555456.000000,0.000000,0.000000,21.414564,6.603258,0.270180,0.204323,21.870634,0.290180,52.797551
1403636674863555584.000000,0.000000,0.000000,20.268852,6.652827,0.254435,0.126305,20.302101,0.144642,52.370697
1403636674913555456.000000,0.000000,0.000000,23.001241,6.366199,0.245475,0.164931,22.490706,0.181538,54.548488
1403636674963555584.000000,0.000000,0.000000,22.183470,7.555591,0.267620,0.157922,21.387364,0.188034,55.420627
1403636675013555456.000000,0.000000,0.000000,21.973452,6.102003,0.268740,0.157730,21.483397,0.130754,56.030044
1403636675063555584.000000,0.000000,0.000000,20.825436,6.336343,0.240708,0.176962,21.711208,0.142978,54.834091
1403636675113555456.000000,0.000000,0.000000,23.868965,7.307460,0.256516,0.172546,22.513459,0.132225,57.184683
1403636675163555584.000000,0.000000,0.000000,21.525765,6.926654,0.258499,0.173859,20.380917,0.119841,56.726277
1403636675213555456.000000,0.000000,0.000000,21.221601,6.891646,0.244259,0.175682,22.528915,0.140546,55.198640
1403636675263555584.000000,0.000000,0.000000,20.091249,6.704636,0.242691,0.189763,22.228079,0.885132,52.902225
1403636675313555456.000000,0.000000,0.000000,20.114770,7.031712,0.262180,0.097794,24.128552,0.166978,54.509287
1403636675363555584.000000,0.000000,0.000000,22.352849,7.988717,0.261796,0.146018,17.562863,0.206275,58.464349
1403636675413555456.000000,0.000000,0.000000,20.772283,8.181936,0.240931,0.153251,17.410573,0.191587,54.747178
1403636675463555584.000000,0.000000,0.000000,21.074911,8.142575,0.292004,0.156066,18.361562,0.158850,57.401294
1403636675513555456.000000,0.000000,0.000000,21.643495,6.913086,0.317572,0.085186,15.351793,0.114882,57.612113
1403636675563555584.000000,0.000000,0.000000,21.442724,8.370098,0.273187,0.152994,18.903170,0.742218,59.670732
1403636675613555456.000000,0.000000,0.000000,20.781339,5.412202,0.213123,0.077089,20.044561,0.123650,49.634852
1403636675663555584.000000,0.000000,0.000000,17.503790,5.122534,0.244035,0.136034,17.324172,0.195842,45.739343
1403636675713555456.000000,0.000000,0.000000,19.238630,5.061093,0.219107,0.140386,16.827237,0.202243,48.329010
1403636675763555584.000000,0.000000,0.000000,21.778056,5.024261,0.206402,0.107073,15.957242,0.124898,47.240035
1403636675813555456.000000,0.000000,0.000000,22.729813,6.470713,0.241347,0.076289,14.276259,0.131714,54.040512
1403636675863555584.000000,0.000000,0.000000,19.652012,7.392581,0.231939,0.144866,17.639824,0.113441,53.131316
1403636675913555456.000000,0.000000,0.000000,22.606292,5.291976,0.219587,0.148962,18.355066,0.846603,50.910902
1403636675963555584.000000,0.000000,0.000000,22.912440,5.235783,0.196258,0.081633,20.007729,0.144834,50.575153
1403636676013555456.000000,0.000000,0.000000,20.489591,5.146982,0.194563,0.140546,16.201597,0.193282,46.843390
1403636676063555584.000000,0.000000,0.000000,19.856399,5.160454,0.195106,0.142466,15.916024,0.203939,44.445469
1403636676113555456.000000,0.000000,0.000000,19.806158,7.209378,0.214851,0.143490,18.016566,0.157762,49.968776
1403636676163555584.000000,0.000000,0.000000,19.885295,7.163682,0.229603,0.075969,13.959390,0.103810,51.404797
1403636676213555456.000000,0.000000,0.000000,20.451190,8.034318,0.223971,0.149283,16.927078,0.110689,53.926526
1403636676263555584.000000,0.000000,0.000000,20.720411,5.258983,0.187394,0.151074,17.847187,0.137794,47.854540
1403636676313555456.000000,0.000000,0.000000,23.108315,5.117861,0.186851,0.145154,17.459022,0.914092,49.729093
1403636676363555584.000000,0.000000,0.000000,23.467551,4.964580,0.202018,0.105057,21.613319,0.148994,51.747585
1403636676413555456.000000,0.000000,0.000000,21.209569,5.211431,0.181251,0.148162,16.186333,0.171139,45.438315
1403636676463555584.000000,0.000000,0.000000,21.837001,6.546425,0.207906,0.145826,15.897304,0.152322,50.486672
1403636676513555456.000000,0.000000,0.000000,21.571494,6.455448,0.227075,0.135746,15.382802,0.125570,51.187737
1403636676563555584.000000,0.000000,0.000000,21.850569,6.764349,0.215331,0.103713,13.149171,0.098337,52.084742
1403636676613555456.000000,0.000000,0.000000,22.285968,7.792330,0.241444,0.148578,16.224861,0.113474,57.240556
1403636676663555584.000000,0.000000,0.000000,22.102414,5.505867,0.219747,0.135394,17.567536,0.124386,49.454241
1403636676713555456.000000,0.000000,0.000000,20.381910,5.197926,0.201379,0.138018,16.828357,0.118434,46.920927
1403636676763555584.000000,0.000000,0.000000,22.089741,4.948452,0.184578,0.142274,18.605661,0.959725,47.864044
1403636676813555456.000000,0.000000,0.000000,22.730166,5.153638,0.174019,0.113026,20.096049,0.132610,45.891249
1403636676863555584.000000,0.000000,0.000000,21.568230,6.052435,0.201155,0.171842,19.732557,0.163554,48.895610
1403636676913555456.000000,0.000000,0.000000,20.505399,6.787261,0.218147,0.160323,18.619421,0.155266,50.114859
1403636676963555584.000000,0.000000,0.000000,21.159681,6.481368,0.202371,0.129953,17.852308,0.200835,49.580292
1403636677013555456.000000,0.000000,0.000000,21.517093,7.485990,0.225411,0.148098,18.746656,0.120578,53.732027
1403636677063555584.000000,0.000000,0.000000,23.957639,7.273636,0.114721,0.164930,20.018929,0.124162,56.868102
1403636677113555456.000000,0.000000,0.000000,22.511474,6.818717,0.097378,0.179874,20.585433,0.136930,54.922413
1403636677163555584.000000,0.000000,0.000000,19.212101,6.953438,0.196354,0.155170,20.635705,0.141634,56.321759
1403636677213555456.000000,0.000000,0.000000,21.382179,6.320214,0.200611,0.149826,20.303348,0.145410,50.927541
1403636677263555584.000000,0.000000,0.000000,20.237780,6.538009,0.210371,0.143778,19.381672,1.020365,50.664338
1403636677313555456.000000,0.000000,0.000000,21.557030,7.961228,0.233315,0.236164,21.040190,0.430982,54.884843
1403636677363555584.000000,0.000000,0.000000,22.344368,7.884939,0.227011,0.130594,18.909025,0.146146,56.452129
1403636677413555456.000000,0.000000,0.000000,22.151470,7.995693,0.229027,0.151746,18.715007,0.175138,56.405696
1403636677463555584.000000,0.000000,0.000000,19.915567,8.473939,0.246692,0.151010,19.320328,0.182243,54.131298
1403636677513555456.000000,0.000000,0.000000,20.035441,9.210973,0.224451,0.139202,18.346458,0.123393,54.908844
1403636677563555584.000000,0.000000,0.000000,23.376542,6.737404,0.194658,0.160035,18.367002,1.036686,57.241579
1403636677613555456.000000,0.000000,0.000000,22.117006,7.135009,0.201667,0.270627,22.669365,0.242563,53.426328
1403636677663555584.000000,0.000000,0.000000,20.783803,7.141729,0.200162,0.157314,19.734573,0.200706,51.978468
1403636677713555456.000000,0.000000,0.000000,20.683546,6.696059,0.197442,0.148994,19.106693,0.192259,52.398602
1403636677763555584.000000,0.000000,0.000000,20.210708,7.231330,0.226147,0.163586,19.833998,0.159010,51.175193
1403636677813555456.000000,0.000000,0.000000,22.063084,7.734154,0.208258,0.118242,18.345466,0.136354,54.167938
1403636677863555584.000000,0.000000,0.000000,21.368708,6.539353,0.234340,0.144417,18.340858,0.133378,56.295295
1403636677913555456.000000,0.000000,0.000000,24.541742,6.429240,0.218211,0.151106,20.487768,0.993486,56.311743
1403636677963555584.000000,0.000000,0.000000,24.858675,7.428005,0.204419,0.252963,20.592440,0.271395,56.817958
1403636678013555456.000000,0.000000,0.000000,18.778783,7.189186,0.221187,0.145250,20.481079,0.168962,51.149689
1403636678063555584.000000,0.000000,0.000000,22.912184,7.635240,0.211171,0.143202,20.258868,0.163746,54.023008
1403636678113555456.000000,0.000000,0.000000,20.774971,7.498342,0.211778,0.152898,20.912829,0.229219,51.793441
1403636678163555584.000000,0.000000,0.000000,23.516640,8.114031,0.267811,0.141602,20.149811,0.221539,58.289978
1403636678213555456.000000,0.000000,0.000000,23.439199,8.288465,0.208419,0.148386,18.765408,0.122689,57.961045
1403636678263555584.000000,0.000000,0.000000,23.702499,8.536245,0.223811,0.140834,18.369530,0.125538,58.438524
1403636678313555456.000000,0.000000,0.000000,21.458628,6.647227,0.212675,0.134818,19.451913,0.923757,53.879870
1403636678363555584.000000,0.000000,0.000000,21.525573,6.861085,0.219875,0.187203,22.249071,0.271332,54.889548
1403636678413555456.000000,0.000000,0.000000,21.018207,6.453431,0.224771,0.119777,18.292250,0.146850,53.140500
1403636678463555584.000000,0.000000,0.000000,20.250740,7.224354,0.211683,0.132546,17.141897,0.154754,51.361339
1403636678513555456.000000,0.000000,0.000000,22.435378,7.380613,0.214371,0.135874,18.761471,0.196515,53.502713
1403636678563555584.000000,0.000000,0.000000,21.819626,7.990381,0.232803,0.132034,18.642494,1.103599,55.428947
1403636678613555456.000000,0.000000,0.000000,20.169618,6.553881,0.241219,0.213251,22.890456,0.173122,54.786859
1403636678663555584.000000,0.000000,0.000000,21.116192,6.455000,0.210211,0.141378,19.324935,0.164962,50.992823
1403636678713555456.000000,0.000000,0.000000,20.253332,6.813917,0.211971,0.138210,18.052118,0.168418,49.403297
1403636678763555584.000000,0.000000,0.000000,21.380611,7.161602,0.228835,0.140642,19.143333,0.159554,52.856304
1403636678813555456.000000,0.000000,0.000000,22.156238,8.675414,0.212323,0.148451,17.508718,0.113378,59.791855
1403636678863555584.000000,0.000000,0.000000,21.703560,6.160596,0.107681,0.146594,17.685489,0.125154,56.417121
1403636678913555456.000000,0.000000,0.000000,23.103131,7.594056,0.204931,0.139298,15.759830,0.144194,55.345074
1403636678963555584.000000,0.000000,0.000000,21.821161,6.763484,0.205602,0.123426,18.471387,1.083791,51.988484
1403636679013555456.000000,0.000000,0.000000,22.847831,8.152335,0.206242,0.185986,21.183777,0.285700,55.791096
1403636679063555584.000000,0.000000,0.000000,20.189747,7.667720,0.224931,0.106977,17.428526,0.135330,49.330976
1403636679113555456.000000,0.000000,0.000000,20.695994,8.151695,0.237155,0.139778,19.097444,0.176578,52.017252
1403636679163555584.000000,0.000000,0.000000,21.007166,8.155055,0.241412,0.137442,16.301918,0.158434,50.679795
1403636679213555456.000000,0.000000,0.000000,20.424950,7.975853,0.226755,0.134817,18.128791,0.202371,52.957458
1403636679263555584.000000,0.000000,0.000000,20.059953,6.745659,0.186851,0.102274,17.533519,0.133282,54.017088
1403636679313555456.000000,0.000000,0.000000,19.676844,6.524280,0.201443,0.128866,19.705164,0.145922,49.075516
1403636679363555584.000000,0.000000,0.000000,21.232417,6.624314,0.216643,0.134082,18.371802,1.147312,52.463243
1403636679413555456.000000,0.000000,0.000000,20.770587,7.671656,0.205443,0.250307,20.986238,0.289764,49.967849
1403636679463555584.000000,0.000000,0.000000,21.790633,6.841885,0.213187,0.133346,19.036163,0.164258,52.200199
1403636679513555456.000000,0.000000,0.000000,18.483100,7.317252,0.207042,0.128194,18.470876,0.172611,48.572150
1403636679563555584.000000,0.000000,0.000000,24.150281,7.388933,0.236963,0.134434,18.989923,0.160418,55.888122
1403636679613555456.000000,0.000000,0.000000,23.988423,9.249726,0.236259,0.128194,23.509280,0.147970,58.071031
1403636679663555584.000000,0.000000,0.000000,22.244559,6.502520,0.097569,0.153986,19.410184,0.133826,55.856633
1403636679713555456.000000,0.000000,0.000000,23.445760,6.455928,0.105505,0.120961,19.209606,0.138625,54.537159
1403636679763555584.000000,0.000000,0.000000,20.505847,5.787343,0.187042,0.114018,17.448398,0.125666,50.036106
1403636679813555456.000000,0.000000,0.000000,20.098226,6.302902,0.101441,0.115009,18.096791,1.065263,50.728723
1403636679863555584.000000,0.000000,0.000000,22.687637,6.539258,0.094369,0.222819,20.145042,0.267684,57.790195
1403636679913555456.000000,0.000000,0.000000,22.598899,6.479544,0.104930,0.109698,18.399546,0.133282,54.139650
1403636679963555584.000000,0.000000,0.000000,21.332738,7.896779,0.254852,0.132290,18.440251,0.149250,53.824542
1403636680013555456.000000,0.000000,0.000000,19.906063,6.834365,0.220899,0.127969,17.051465,0.157602,49.435649
1403636680063555584.000000,0.000000,0.000000,20.315956,8.540020,0.222948,0.122882,16.544129,0.147202,53.028787
1403636680113555456.000000,0.000000,0.000000,20.298132,6.835197,0.119778,0.148034,18.930882,0.227075,53.010290
1403636680163555584.000000,0.000000,0.000000,19.426025,6.448696,0.106497,0.118882,18.834144,0.150370,49.725733
1403636680213555456.000000,0.000000,0.000000,21.635143,7.534470,0.198499,0.136418,19.439816,0.127522,55.085934
1403636680263555584.000000,0.000000,0.000000,19.423304,6.327126,0.205923,0.112226,17.698769,0.135042,47.566408
1403636680313555456.000000,0.000000,0.000000,21.124256,7.516678,0.199619,0.114818,17.719409,1.004590,50.676243
1403636680363555584.000000,0.000000,0.000000,20.046609,6.096819,0.205794,0.223331,22.551892,0.293828,50.449839
1403636680413555456.000000,0.000000,0.000000,20.383958,8.035086,0.227875,0.110946,20.619480,0.163330,51.694144
1403636680463555584.000000,0.000000,0.000000,21.694952,8.288817,0.218691,0.155522,21.464964,0.196739,54.931404
1403636680513555456.000000,0.000000,0.000000,20.467447,6.786972,0.217987,0.146562,17.582127,0.162370,50.238732
1403636680563555584.000000,0.000000,0.000000,21.287618,7.707753,0.215811,0.135490,18.525628,0.144642,52.808752
1403636680613555456.000000,0.000000,0.000000,20.420822,6.583034,0.233059,0.086370,18.594269,0.129154,55.277809
1403636680663555584.000000,0.000000,0.000000,24.018055,8.088079,0.223299,0.122882,18.198583,0.981869,58.342235
1403636680713555456.000000,0.000000,0.000000,22.003339,7.278115,0.232195,0.222787,20.772987,0.376421,56.406017
1403636680763555584.000000,0.000000,0.000000,24.993716,6.520633,0.229219,0.138690,20.259828,0.180898,54.483622
1403636680813555456.000000,0.000000,0.000000,24.079496,7.040448,0.214691,0.148770,20.785275,0.197027,54.899148
1403636680863555584.000000,0.000000,0.000000,19.860975,6.871517,0.215746,0.130657,20.858237,0.195811,50.409103
1403636680913555456.000000,0.000000,0.000000,22.108653,7.356836,0.241027,0.131202,27.559479,0.154402,53.436343
1403636680963555584.000000,0.000000,0.000000,20.984126,6.393239,0.233091,0.094081,20.275668,0.137538,54.106113
1403636681013555456.000000,0.000000,0.000000,19.278246,7.166882,0.238595,0.125410,18.508188,0.863244,52.353385
1403636681063555584.000000,0.000000,0.000000,21.182081,6.391575,0.217187,0.227460,22.066412,0.251332,54.269603
1403636681113555456.000000,0.000000,0.000000,20.750203,8.136399,0.240900,0.141218,20.516663,0.217283,54.745834
1403636681163555584.000000,0.000000,0.000000,21.182464,6.309334,0.231459,0.149250,19.058980,0.170563,60.582617
1403636681213555456.000000,0.000000,0.000000,20.017201,7.477542,0.232451,0.129474,17.942389,0.162082,53.232629
1403636681263555584.000000,0.000000,0.000000,21.550886,7.350148,0.250403,0.132354,18.575357,0.128706,53.447896
1403636681313555456.000000,0.000000,0.000000,21.654855,8.231408,0.257603,0.101762,19.038627,0.120193,58.036183
1403636681363555584.000000,0.000000,0.000000,23.530561,7.155905,0.238148,0.135585,18.704063,0.127393,56.988744
1403636681413555456.000000,0.000000,0.000000,20.941725,6.577690,0.208387,0.135874,18.347322,0.874251,52.333641
1403636681463555584.000000,0.000000,0.000000,19.881455,6.482456,0.207522,0.211491,19.802766,0.213315,48.809273
1403636681513555456.000000,0.000000,0.000000,19.637292,6.309558,0.228739,0.137762,17.372748,0.144450,49.755269
1403636681563555584.000000,0.000000,0.000000,21.478564,7.605928,0.236899,0.140002,19.307463,0.185954,53.547001
1403636681613555456.000000,0.000000,0.000000,19.635435,6.425048,0.238852,0.141506,18.985474,0.168418,50.018410
1403636681663555584.000000,0.000000,0.000000,18.786464,7.347717,0.249123,0.122850,19.267718,0.142274,50.439151
1403636681713555456.000000,0.000000,0.000000,21.637287,7.437958,0.231843,0.068065,17.145545,0.132834,54.460070
1403636681763555584.000000,0.000000,0.000000,20.161715,5.978129,0.233475,0.128833,18.308826,0.134818,48.862489
1403636681813555456.000000,0.000000,0.000000,21.659047,6.695163,0.223779,0.133026,18.212536,0.978317,53.150580
1403636681863555584.000000,0.000000,0.000000,20.943613,6.281238,0.229283,0.211235,19.807565,0.316964,51.789249
1403636681913555456.000000,0.000000,0.000000,21.027071,8.448628,0.212515,0.123937,19.428777,0.157794,53.986880
1403636681963555584.000000,0.000000,0.000000,20.625785,6.614362,0.222883,0.139170,18.178904,0.158979,48.372147
1403636682013555456.000000,0.000000,0.000000,21.149824,8.233872,0.238308,0.154466,18.348218,0.181954,53.014707
1403636682063555584.000000,0.000000,0.000000,18.699071,7.174018,0.236675,0.112418,16.835397,0.170306,50.264973
1403636682113555456.000000,0.000000,0.000000,21.423748,6.493880,0.106146,0.075361,18.012182,0.863692,53.631194
1403636682163555584.000000,0.000000,0.000000,21.130432,7.192546,0.062241,0.219171,20.571768,0.175394,53.407639
1403636682213555456.000000,0.000000,0.000000,19.706188,6.956671,0.210627,0.145954,19.950928,0.192995,50.226188
1403636682263555584.000000,0.000000,0.000000,20.752635,6.402039,0.203299,0.164098,19.756941,0.179330,51.303515
1403636682313555456.000000,0.000000,0.000000,22.813175,7.334468,0.217763,0.150210,18.806977,0.142018,52.464331
1403636682363555584.000000,0.000000,0.000000,19.208805,7.616167,0.096225,0.116962,17.211978,0.247619,50.185740
1403636682413555456.000000,0.000000,0.000000,20.136274,5.813231,0.096834,0.125313,19.455497,0.133730,51.840738
1403636682463555584.000000,0.000000,0.000000,20.622297,8.097294,0.103106,0.154082,18.726367,0.127714,54.369861
1403636682513555456.000000,0.000000,0.000000,21.805129,6.822813,0.212483,0.145282,20.196947,0.139970,52.971954
1403636682563555584.000000,0.000000,0.000000,20.787547,6.398807,0.213859,0.143554,18.939554,0.135042,51.270266
1403636682613555456.000000,0.000000,0.000000,27.336020,7.554279,0.211363,0.144098,18.440155,0.989230,57.337613
1403636682663555584.000000,0.000000,0.000000,21.213824,6.431543,0.228484,0.251683,21.983980,0.261796,52.322185
1403636682713555456.000000,0.000000,0.000000,24.052552,6.771900,0.215971,0.160002,19.751245,0.160898,55.008973
1403636682763555584.000000,0.000000,0.000000,21.871306,8.176399,0.278948,0.149314,18.286585,0.171074,55.822360
1403636682813555456.000000,0.000000,0.000000,19.868015,8.238576,0.241443,0.139138,18.459835,0.155330,52.696942
1403636682863555584.000000,0.000000,0.000000,20.787515,7.662888,0.242051,0.139298,17.987029,0.197250,53.077491
1403636682913555456.000000,0.000000,0.000000,19.760813,7.185185,0.122210,0.158658,18.696670,0.132386,54.740298
1403636682963555584.000000,0.000000,0.000000,18.913794,6.394295,0.101953,0.144226,20.147314,0.146754,50.630865
1403636683013555456.000000,0.000000,0.000000,20.740827,6.299701,0.214499,0.138914,19.753293,0.153154,50.720563
1403636683063555584.000000,0.000000,0.000000,20.003952,6.684795,0.215939,0.155010,19.869391,1.017518,50.600498
1403636683113555456.000000,0.000000,0.000000,18.463195,6.665211,0.225187,0.125793,21.911883,0.149219,48.679127
1403636683163555584.000000,0.000000,0.000000,21.518949,7.829515,0.229508,0.164578,20.555608,0.180450,53.439160
1403636683213555456.000000,0.000000,0.000000,24.533070,8.977882,0.255396,0.159554,20.594361,0.201539,59.108133
1403636683263555584.000000,0.000000,0.000000,20.294997,8.476723,0.260995,0.151618,20.712346,0.203395,54.089472
1403636683313555456.000000,0.000000,0.000000,22.886104,8.493715,0.250788,0.150978,16.746916,0.265891,57.889109
1403636683363555584.000000,0.000000,0.000000,21.057727,8.151727,0.245860,0.152098,21.007518,0.155618,56.795685
1403636683413555456.000000,0.000000,0.000000,22.440082,7.426821,0.245380,0.148130,19.124836,0.140162,56.439744
1403636683463555584.000000,0.000000,0.000000,20.293268,7.281796,0.247683,0.143458,19.219494,0.153506,54.314628
1403636683513555456.000000,0.000000,0.000000,22.934552,9.783973,0.267588,0.155074,19.498729,1.133103,59.045028
1403636683563555584.000000,0.000000,0.000000,21.283522,7.507143,0.254148,0.258116,21.965867,0.260099,49.680229
1403636683613555456.000000,0.000000,0.000000,20.819003,8.129230,0.243651,0.147906,16.746820,0.153762,55.784280
1403636683663555584.000000,0.000000,0.000000,23.195836,7.386245,0.247396,0.140802,19.073540,0.206946,55.098383
1403636683713555456.000000,0.000000,0.000000,21.025310,8.730743,0.259907,0.138338,18.426043,0.182370,54.683913
1403636683763555584.000000,0.000000,0.000000,21.188161,8.509012,0.274084,0.131202,16.256189,0.192419,55.848729
1403636683813555456.000000,0.000000,0.000000,20.149555,6.874173,0.266435,0.125794,17.530191,0.131522,55.292785
1403636683863555584.000000,0.000000,0.000000,21.390531,6.504057,0.214466,0.152354,19.240998,0.141922,48.787192
1403636683913555456.000000,0.000000,0.000000,22.018124,6.923710,0.218339,0.155010,19.628907,0.147298,52.399722
1403636683963555584.000000,0.000000,0.000000,21.048734,7.731690,0.226307,0.142978,20.225492,0.150658,52.811696
1403636684013555456.000000,0.000000,0.000000,19.322919,6.245749,0.099137,0.141570,18.402234,1.133007,46.244406
1403636684063555584.000000,0.000000,0.000000,19.590539,6.407544,0.223715,0.092257,20.878973,0.145858,49.145181
1403636684113555456.000000,0.000000,0.000000,21.742696,8.695798,0.289156,0.165826,18.025846,0.185603,55.496659
1403636684163555584.000000,0.000000,0.000000,22.812695,7.700649,0.255108,0.145410,16.993415,0.174850,56.183645
1403636684213555456.000000,0.000000,0.000000,20.233683,8.336530,0.242659,0.141538,17.890900,0.179714,54.339108
1403636684263555584.000000,0.000000,0.000000,22.053388,7.860971,0.254148,0.130818,16.895942,0.203299,54.853419
1403636684313555456.000000,0.000000,0.000000,19.974448,7.726602,0.243619,0.173186,19.776365,0.136706,54.100417
1403636684363555584.000000,0.000000,0.000000,20.619865,6.691132,0.251907,0.156802,19.296007,0.156258,50.666642
1403636684413555456.000000,0.000000,0.000000,21.399588,7.333412,0.197987,0.157602,19.266535,0.151362,51.428861
1403636684463555584.000000,0.000000,0.000000,20.449334,7.598568,0.214819,0.138114,19.522666,0.141122,51.212761
1403636684513555456.000000,0.000000,0.000000,21.276001,7.305955,0.208259,0.137698,17.998358,0.975597,50.277484
1403636684563555584.000000,0.000000,0.000000,19.747949,6.910879,0.242115,0.255364,22.977177,0.307588,51.723008
1403636684613555456.000000,0.000000,0.000000,23.592385,7.941164,0.246916,0.134690,20.047921,0.157730,56.342016
1403636684663555584.000000,0.000000,0.000000,20.244244,6.774076,0.267364,0.159714,20.024881,0.172514,52.236295
1403636684713555456.000000,0.000000,0.000000,20.060753,8.265233,0.231299,0.162146,19.920688,0.189219,53.354999
1403636684763555584.000000,0.000000,0.000000,18.993890,7.771785,0.221987,0.143490,16.284254,0.157698,50.956726
1403636684813555456.000000,0.000000,0.000000,22.318928,6.543321,0.258339,0.184899,20.815579,0.242691,57.689746
1403636684863555584.000000,0.000000,0.000000,20.652505,6.807165,0.235395,0.143841,17.978645,0.127362,53.049170
1403636684913555456.000000,0.000000,0.000000,20.907453,6.984799,0.237091,0.140546,19.522794,0.150146,53.486392
1403636684963555584.000000,0.000000,0.000000,21.796393,8.068462,0.117025,0.140674,19.620331,0.144738,55.318706
1403636685013555456.000000,0.000000,0.000000,20.334645,7.043840,0.219459,0.137441,19.483978,1.007758,49.206398
1403636685063555584.000000,0.000000,0.000000,20.781435,7.268835,0.259460,0.091425,22.791574,0.134818,54.374820
1403636685113555456.000000,0.000000,0.000000,20.959582,7.923948,0.229924,0.147650,15.232687,0.145634,52.230087
1403636685163555584.000000,0.000000,0.000000,20.107826,8.220880,0.260772,0.139106,15.089901,0.211523,53.467288
1403636685213555456.000000,0.000000,0.000000,20.720890,7.826507,0.254819,0.156898,15.414770,0.178594,53.583546
1403636685263555584.000000,0.000000,0.000000,22.935352,8.489300,0.246468,0.128770,14.197666,0.156514,57.295565
1403636685313555456.000000,0.000000,0.000000,22.599700,9.007131,0.256580,0.167330,17.804691,0.262660,60.036178
1403636685363555584.000000,0.000000,0.000000,21.208641,5.395017,0.204099,0.137602,17.549935,0.124449,47.475271
1403636685413555456.000000,0.000000,0.000000,20.199827,4.762561,0.191363,0.121634,16.408479,0.115041,45.635982
1403636685463555584.000000,0.000000,0.000000,20.603609,4.961316,0.204131,0.140066,18.803072,0.141890,46.657788
1403636685513555456.000000,0.000000,0.000000,21.262177,4.832386,0.187810,0.127522,17.142089,0.877868,45.714671
1403636685563555584.000000,0.000000,0.000000,20.994014,4.992804,0.236868,0.091425,21.213633,0.137762,49.746182
1403636685613555456.000000,0.000000,0.000000,23.258845,6.829117,0.214691,0.157090,19.017219,0.167490,53.006258
1403636685663555584.000000,0.000000,0.000000,22.074252,6.374519,0.204323,0.138178,17.316076,0.150338,50.042473
1403636685713555456.000000,0.000000,0.000000,22.590996,8.209936,0.248388,0.126658,18.095542,0.179938,55.080846
1403636685763555584.000000,0.000000,0.000000,20.561016,7.048064,0.232611,0.153730,18.055446,0.264131,50.799700
1403636685813555456.000000,0.000000,0.000000,20.217619,8.328018,0.249731,0.161251,18.915425,0.985325,55.547605
1403636685863555584.000000,0.000000,0.000000,20.121906,6.125492,0.237347,0.210787,19.693644,0.224835,51.155001
1403636685913555456.000000,0.000000,0.000000,20.270644,7.875948,0.099393,0.141826,17.918356,0.151202,50.787379
1403636685963555584.000000,0.000000,0.000000,20.676825,6.697403,0.228195,0.146050,18.330106,0.160131,51.003863
1403636686013555456.000000,0.000000,0.000000,20.556280,7.130081,0.244291,0.134370,18.661246,0.171650,51.581247
1403636686063555584.000000,0.000000,0.000000,19.707660,6.424920,0.249507,0.134241,17.870516,0.267427,51.190009
1403636686113555456.000000,0.000000,0.000000,21.022558,6.563097,0.233443,0.126337,18.274489,0.162306,53.283766
1403636686163555584.000000,0.000000,0.000000,26.019618,5.622381,0.236003,0.130082,19.026819,0.137570,55.242160
1403636686213555456.000000,0.000000,0.000000,21.044991,6.836445,0.232227,0.120450,16.571969,0.124802,52.118406
1403636686263555584.000000,0.000000,0.000000,20.023792,6.505017,0.239939,0.141698,18.261177,0.884460,50.866709
1403636686313555456.000000,0.000000,0.000000,20.387478,6.581498,0.246692,0.212067,20.966557,0.264899,52.910032
1403636686363555584.000000,0.000000,0.000000,22.060588,6.528121,0.262916,0.117506,17.216267,0.135682,52.442954
1403636686413555456.000000,0.000000,0.000000,20.365013,7.350788,0.265476,0.139330,16.572353,0.176194,52.079846
1403636686463555584.000000,0.000000,0.000000,21.137568,7.036320,0.233219,0.132770,17.838835,0.192002,49.935688
1403636686513555456.000000,0.000000,0.000000,19.140740,7.991277,0.249283,0.133378,16.974759,0.281604,51.934979
1403636686563555584.000000,0.000000,0.000000,22.295952,6.812765,0.237923,0.136834,16.633602,0.118593,56.057115
1403636686613555456.000000,0.000000,0.000000,19.853551,6.278453,0.235811,0.138114,19.495530,0.140130,48.722776
1403636686663555584.000000,0.000000,0.000000,26.186757,6.095123,0.232068,0.119169,15.839288,0.110913,54.371525
1403636686713555456.000000,0.000000,0.000000,27.050001,6.802716,0.243587,0.114242,16.332094,0.810475,57.367277
1403636686763555584.000000,0.000000,0.000000,21.383107,7.570951,0.228067,0.200451,20.334005,0.256515,51.911811
1403636686813555456.000000,0.000000,0.000000,21.197985,6.329910,0.234179,0.141570,17.599056,0.129442,49.454818
1403636686863555584.000000,0.000000,0.000000,21.627911,7.390372,0.277988,0.133058,19.471145,0.180386,54.526663
1403636686913555456.000000,0.000000,0.000000,20.534232,7.052704,0.218851,0.126978,18.069782,0.163970,48.516405
1403636686963555584.000000,0.000000,0.000000,21.406211,8.528117,0.259843,0.134786,17.286027,0.123394,52.179494
1403636687013555456.000000,0.000000,0.000000,21.943819,6.569209,0.264771,0.132865,17.968213,0.127265,54.732618
1403636687063555584.000000,0.000000,0.000000,21.816202,8.417971,0.235811,0.120162,18.684606,0.134177,53.363031
1403636687113555456.000000,0.000000,0.000000,21.818377,7.756810,0.255396,0.118241,17.440174,0.120962,54.935212
1403636687163555584.000000,0.000000,0.000000,22.397073,7.209699,0.232739,0.122434,16.752484,0.899341,53.430808
1403636687213555456.000000,0.000000,0.000000,19.982448,6.178836,0.219843,0.187362,19.729645,0.271140,49.048028
1403636687263555584.000000,0.000000,0.000000,21.991340,8.123951,0.250084,0.118530,17.134185,0.132354,53.760029
1403636687313555456.000000,0.000000,0.000000,20.537848,8.570356,0.272996,0.130786,17.846963,0.171651,53.378391
1403636687363555584.000000,0.000000,0.000000,19.650059,6.848989,0.247652,0.119554,18.680158,0.159202,49.251615
1403636687413555456.000000,0.000000,0.000000,20.752571,6.656538,0.237379,0.117025,18.753088,0.136034,50.251724
1403636687463555584.000000,0.000000,0.000000,22.123309,6.580506,0.243332,0.086529,17.694545,0.117761,54.233475
1403636687513555456.000000,0.000000,0.000000,22.652149,6.272918,0.228451,0.114754,16.759396,0.794410,51.092024
1403636687563555584.000000,0.000000,0.000000,20.496247,6.490488,0.226435,0.161954,19.447785,0.258532,50.374062
1403636687613555456.000000,0.000000,0.000000,22.054733,5.434058,0.217475,0.115617,16.871590,0.133121,50.865045
1403636687663555584.000000,0.000000,0.000000,20.728186,6.475064,0.228611,0.113410,17.144362,0.149762,49.804518
1403636687713555456.000000,0.000000,0.000000,21.323779,7.200386,0.253764,0.111969,19.177286,0.176195,51.929699
1403636687763555584.000000,0.000000,0.000000,22.467442,6.837662,0.231619,0.115906,21.679047,0.857003,51.913187
1403636687813555456.000000,0.000000,0.000000,20.279252,5.838736,0.234211,0.177539,22.230190,0.167554,51.187769
1403636687863555584.000000,0.000000,0.000000,22.566772,5.729967,0.230212,0.127330,19.079204,0.136994,50.856661
1403636687913555456.000000,0.000000,0.000000,21.874506,5.789646,0.220899,0.128546,18.191480,0.151810,50.169900
1403636687963555584.000000,0.000000,0.000000,22.904056,7.376869,0.269572,0.112546,24.956788,0.116706,55.171920
1403636688013555456.000000,0.000000,0.000000,21.601446,6.205109,0.252835,0.098049,18.520509,0.114338,55.599702
1403636688063555584.000000,0.000000,0.000000,20.665370,7.248386,0.265795,0.118625,19.029572,0.912044,56.243582
1403636688113555456.000000,0.000000,0.000000,21.706215,6.119572,0.254595,0.163330,20.310485,0.277028,51.186233
1403636688163555584.000000,0.000000,0.000000,21.666791,6.124116,0.235939,0.116897,18.326778,0.145570,51.412764
1403636688213555456.000000,0.000000,0.000000,21.447300,5.734734,0.261827,0.120610,18.872833,0.165058,57.441167
1403636688263555584.000000,0.000000,0.000000,20.754235,7.241027,0.247363,0.127362,18.234072,0.179650,52.522315
1403636688313555456.000000,0.000000,0.000000,23.905574,7.186338,0.302500,0.092130,18.734655,0.842540,56.813093
1403636688363555584.000000,0.000000,0.000000,21.816361,6.126484,0.251299,0.172771,21.499301,0.165443,54.380101
1403636688413555456.000000,0.000000,0.000000,23.035002,6.025362,0.235075,0.129250,20.017169,0.169251,52.841135
1403636688463555584.000000,0.000000,0.000000,21.008030,5.376426,0.240995,0.128482,19.308711,0.307716,49.285792
1403636688513555456.000000,0.000000,0.000000,24.073352,5.472522,0.237475,0.092097,16.338687,0.113217,53.594138
1403636688563555584.000000,0.000000,0.000000,22.314672,5.971250,0.235939,0.078369,17.442893,0.807019,53.203605
1403636688613555456.000000,0.000000,0.000000,24.245931,6.911166,0.272131,0.200451,20.850492,0.226691,58.534397
1403636688663555584.000000,0.000000,0.000000,23.748260,6.468728,0.267491,0.130049,19.824078,0.167970,56.140700
1403636688713555456.000000,0.000000,0.000000,21.471716,5.983505,0.254467,0.126145,18.863265,0.190883,53.134612
1403636688763555584.000000,0.000000,0.000000,22.886423,6.142068,0.256579,0.094658,18.565341,0.164642,50.957238
1403636688813555456.000000,0.000000,0.000000,23.140540,7.640264,0.260996,0.120706,17.975029,0.122274,53.744508
1403636688863555584.000000,0.000000,0.000000,20.537143,5.500939,0.292452,0.109729,19.306599,1.057230,53.205780
1403636688913555456.000000,0.000000,0.000000,21.187968,5.472075,0.243492,0.171619,23.305981,0.229155,52.402537
1403636688963555584.000000,0.000000,0.000000,21.824329,6.446680,0.252548,0.118146,17.378380,0.131426,53.184372
1403636689013555456.000000,0.000000,0.000000,25.464923,5.435722,0.269092,0.118306,17.430285,0.167874,62.170030
1403636689063555584.000000,0.000000,0.000000,20.538712,6.097427,0.252643,0.108578,18.969826,0.154242,50.347117
1403636689113555456.000000,0.000000,0.000000,28.427044,7.354756,0.297444,0.098273,16.285054,0.229411,61.843178
1403636689163555584.000000,0.000000,0.000000,21.936523,6.452632,0.291556,0.123202,19.049219,0.129826,57.727538
1403636689213555456.000000,0.000000,0.000000,23.303517,5.554636,0.240931,0.108321,18.555357,0.129921,51.526462
1403636689263555584.000000,0.000000,0.000000,19.639211,5.819984,0.242211,0.108354,19.548298,1.165232,48.445300
1403636689313555456.000000,0.000000,0.000000,21.593030,5.785391,0.264227,0.189570,20.319893,0.248804,51.888739
1403636689363555584.000000,0.000000,0.000000,25.154646,6.852509,0.248644,0.125378,19.347624,0.152162,53.656827
1403636689413555456.000000,0.000000,0.000000,24.034375,5.983250,0.310276,0.112673,16.692996,0.159074,55.192848
1403636689463555584.000000,0.000000,0.000000,23.658211,7.432261,0.269668,0.105377,17.327148,0.145410,55.173743
1403636689513555456.000000,0.000000,0.000000,21.724712,3.919062,0.240419,0.082305,16.538625,0.920780,52.103078
1403636689563555584.000000,0.000000,0.000000,25.492763,7.058048,0.279812,0.127490,21.079135,0.165154,59.200390
1403636689613555456.000000,0.000000,0.000000,22.369681,6.301654,0.271779,0.128002,20.312181,0.186403,53.729564
1403636689663555584.000000,0.000000,0.000000,22.930168,5.831472,0.232099,0.101889,16.769701,0.165602,50.834773
1403636689713555456.000000,0.000000,0.000000,20.852028,5.374282,0.242787,0.095809,15.914361,0.118850,48.801337
1403636689763555584.000000,0.000000,0.000000,21.507141,5.309609,0.219683,0.072161,17.109097,0.938988,49.256063
1403636689813555456.000000,0.000000,0.000000,24.315371,7.306051,0.260099,0.094050,18.909985,0.116865,58.642719
1403636689863555584.000000,0.000000,0.000000,21.131744,6.209012,0.279044,0.112514,15.876952,0.168642,53.853789
1403636689913555456.000000,0.000000,0.000000,23.286461,6.394007,0.246531,0.113761,14.248739,0.167651,52.010084
1403636689963555584.000000,0.000000,0.000000,22.988217,5.756526,0.242116,0.072897,13.047378,0.125954,55.022509
1403636690013555456.000000,0.000000,0.000000,23.918342,4.890851,0.244387,0.056576,14.881291,0.114241,52.508363
1403636690063555584.000000,0.000000,0.000000,20.628825,6.556793,0.285059,0.107809,17.415278,0.114946,51.890658
1403636690113555456.000000,0.000000,0.000000,24.721488,4.790497,0.241891,0.115425,17.166314,0.829836,51.257018
1403636690163555584.000000,0.000000,0.000000,21.624806,4.043703,0.205475,0.190435,17.905683,0.255620,45.625293
1403636690213555456.000000,0.000000,0.000000,21.720424,4.150584,0.212002,0.124257,16.563298,0.119617,49.853191
1403636690263555584.000000,0.000000,0.000000,22.592436,4.054200,0.246308,0.114786,16.906470,0.146562,47.307716
1403636690313555456.000000,0.000000,0.000000,22.980089,5.369641,0.243939,0.109025,18.234521,0.152706,51.119225
1403636690363555584.000000,0.000000,0.000000,21.263777,6.656347,0.322661,0.099874,15.900184,0.769866,51.642272
1403636690413555456.000000,0.000000,0.000000,21.675495,5.722798,0.106338,0.171298,21.564550,0.170658,51.853154
1403636690463555584.000000,0.000000,0.000000,24.123465,5.207687,0.246212,0.118466,17.431341,0.152642,51.645472
1403636690513555456.000000,0.000000,0.000000,26.606826,5.101797,0.228707,0.132546,17.034536,0.148066,54.593224
1403636690563555584.000000,0.000000,0.000000,20.989566,5.522539,0.250948,0.106946,16.912422,0.805738,50.224972
1403636690613555456.000000,0.000000,0.000000,27.994173,4.374747,0.280548,0.102882,18.266264,0.150210,54.226915
1403636690663555584.000000,0.000000,0.000000,21.717416,6.755932,0.118306,0.107777,18.092311,0.154178,56.403328
1403636690713555456.000000,0.000000,0.000000,22.188686,6.152532,0.107457,0.100449,18.602110,0.162435,50.853493
1403636690763555584.000000,0.000000,0.000000,20.680282,4.517917,0.100481,0.085985,15.430675,0.943085,47.762282
1403636690813555456.000000,0.000000,0.000000,20.682138,5.037956,0.271652,0.140354,18.000757,0.137474,48.743831
1403636690863555584.000000,0.000000,0.000000,26.934831,6.342967,0.107009,0.101217,17.131113,0.155266,57.707890
1403636690913555456.000000,0.000000,0.000000,22.138669,4.788513,0.109154,0.103554,18.362234,0.131490,50.618194
1403636690963555584.000000,0.000000,0.000000,21.379075,4.983428,0.123266,0.092674,16.179580,1.004686,50.484527
1403636691013555456.000000,0.000000,0.000000,21.744712,4.623583,0.228739,0.177763,20.141170,0.160386,47.869708
1403636691063555584.000000,0.000000,0.000000,22.773814,5.070789,0.248515,0.104033,16.837190,0.140738,51.737120
1403636691113555456.000000,0.000000,0.000000,22.211631,5.029668,0.219043,0.098082,19.238150,0.132194,49.943848
1403636691163555584.000000,0.000000,0.000000,21.884042,5.038181,0.236419,0.089058,14.175713,0.771435,50.472655
1403636691213555456.000000,0.000000,0.000000,22.288047,5.174983,0.260163,0.142978,19.007907,0.162210,49.921448
1403636691263555584.000000,0.000000,0.000000,21.089151,6.687867,0.276227,0.109250,17.314636,0.155074,53.638458
1403636691313555456.000000,0.000000,0.000000,21.496325,7.548871,0.254276,0.107617,18.795360,0.137282,51.287899
1403636691363555584.000000,0.000000,0.000000,22.212047,6.509721,0.242691,0.098145,17.034920,0.848235,53.896702
1403636691413555456.000000,0.000000,0.000000,20.738106,5.034277,0.223075,0.160418,16.247101,0.188899,45.922513
1403636691463555584.000000,0.000000,0.000000,21.621766,7.150785,0.271267,0.112770,16.982791,0.156290,53.649402
1403636691513555456.000000,0.000000,0.000000,20.307445,5.365257,0.235107,0.136194,19.724813,0.190722,47.288676
1403636691563555584.000000,0.000000,0.000000,21.701224,4.935011,0.270244,0.096610,16.943718,0.207523,50.921525
1403636691613555456.000000,0.000000,0.000000,22.901304,5.553675,0.265284,0.108418,18.035221,0.107873,51.794337
1403636691663555584.000000,0.000000,0.000000,21.499940,5.729070,0.243683,0.125602,18.593501,0.828875,49.009563
1403636691713555456.000000,0.000000,0.000000,22.458610,5.529579,0.225731,0.166626,20.271316,0.271012,50.362126
1403636691763555584.000000,0.000000,0.000000,22.006988,5.321321,0.210883,0.095298,16.573346,0.137090,53.020210
1403636691813555456.000000,0.000000,0.000000,22.835543,6.732924,0.244291,0.121697,19.919888,0.181891,52.093638
1403636691863555584.000000,0.000000,0.000000,21.744712,6.022323,0.264771,0.081089,16.197309,0.191458,51.311738
1403636691913555456.000000,0.000000,0.000000,21.073599,7.455110,0.273379,0.126498,19.942960,0.232675,53.904094
1403636691963555584.000000,0.000000,0.000000,21.435044,5.808752,0.276292,0.116418,19.380104,0.125666,53.386520
1403636692013555456.000000,0.000000,0.000000,22.391569,5.349961,0.230243,0.125601,19.994033,0.125634,49.510211
1403636692063555584.000000,0.000000,0.000000,23.139387,7.360228,0.245796,0.113729,18.777184,0.127873,56.653027
1403636692113555456.000000,0.000000,0.000000,19.023203,5.446826,0.236323,0.121058,20.051441,0.129057,44.900387
1403636692163555584.000000,0.000000,0.000000,21.378403,5.496843,0.245987,0.128386,20.664185,0.762666,52.347625
1403636692213555456.000000,0.000000,0.000000,22.429394,6.772540,0.259428,0.081921,23.006842,0.242051,54.048000
1403636692263555584.000000,0.000000,0.000000,20.994558,5.736398,0.304901,0.129985,16.201693,0.175842,52.436810
1403636692313555456.000000,0.000000,0.000000,23.648674,6.230389,0.268164,0.122113,15.582996,0.172739,54.166338
1403636692363555584.000000,0.000000,0.000000,22.104077,6.525273,0.264611,0.095905,14.090336,0.127553,54.123233
1403636692413555456.000000,0.000000,0.000000,21.166336,6.174452,0.325253,0.101026,17.800402,0.106849,54.340196
1403636692463555584.000000,0.000000,0.000000,24.143177,8.175312,0.167714,0.117954,16.503488,0.110721,61.424516
1403636692513555456.000000,0.000000,0.000000,22.088045,5.085285,0.219363,0.119586,18.780896,0.114722,49.450338
1403636692563555584.000000,0.000000,0.000000,21.401251,4.550846,0.272612,0.123394,17.501262,0.106401,47.590856
1403636692613555456.000000,0.000000,0.000000,21.210881,4.450781,0.204067,0.124994,20.219347,0.123298,45.163783
1403636692663555584.000000,0.000000,0.000000,21.837322,6.421911,0.240035,0.127778,20.402198,0.797803,51.940196
1403636692713555456.000000,0.000000,0.000000,21.159104,6.754044,0.239971,0.157410,22.241071,0.270340,49.715813
1403636692763555584.000000,0.000000,0.000000,21.559301,7.046304,0.330084,0.125346,19.819790,0.157570,53.212565
1403636692813555456.000000,0.000000,0.000000,22.859960,7.077408,0.287844,0.147714,19.351271,0.163714,52.913937
1403636692863555584.000000,0.000000,0.000000,21.162976,7.652424,0.322340,0.131810,18.962978,0.129057,54.884779
1403636692913555456.000000,0.000000,0.000000,21.596263,6.383543,0.341317,0.137474,17.512590,0.224739,54.671977
1403636692963555584.000000,0.000000,0.000000,22.679413,6.495768,0.150274,0.142786,18.330042,0.110658,57.497136
1403636693013555456.000000,0.000000,0.000000,21.630599,6.611642,0.320964,0.126978,19.580267,0.118306,53.993919
1403636693063555584.000000,0.000000,0.000000,19.912687,6.299350,0.250340,0.130242,20.087762,0.125890,51.710144
1403636693113555456.000000,0.000000,0.000000,23.781316,7.130370,0.249379,0.148674,20.740699,0.144194,55.575477
1403636693163555584.000000,0.000000,0.000000,27.387861,7.787402,0.244132,0.125665,19.332616,0.829900,58.496669
1403636693213555456.000000,0.000000,0.000000,28.834473,6.454968,0.290212,0.167906,21.588550,0.277028,57.758194
1403636693263555584.000000,0.000000,0.000000,21.476868,6.622395,0.279939,0.127393,21.515365,0.171267,53.083827
1403636693313555456.000000,0.000000,0.000000,22.543763,7.484166,0.318660,0.162211,19.226597,0.182691,55.867385
1403636693363555584.000000,0.000000,0.000000,21.083232,6.567865,0.291780,0.133378,19.491433,0.199427,54.421029
1403636693413555456.000000,0.000000,0.000000,23.162011,8.319345,0.282340,0.099873,22.521875,0.117858,57.351982
1403636693463555584.000000,0.000000,0.000000,22.301520,6.389239,0.255524,0.158722,20.992574,0.127458,56.126684
1403636693513555456.000000,0.000000,0.000000,21.735720,6.024050,0.292612,0.149474,21.462244,0.132898,55.360946
1403636693563555584.000000,0.000000,0.000000,25.957826,8.025069,0.243427,0.142786,19.717516,0.119937,58.842178
1403636693613555456.000000,0.000000,0.000000,20.367093,7.072416,0.260484,0.166402,22.242671,0.127458,53.757852
1403636693663555584.000000,0.000000,0.000000,21.752200,9.002683,0.307653,0.156322,19.771502,0.778251,59.020804
1403636693713555456.000000,0.000000,0.000000,23.287453,6.216213,0.298532,0.151202,20.787195,0.281924,56.369632
1403636693763555584.000000,0.000000,0.000000,22.454578,7.162018,0.277316,0.149666,19.206661,0.162338,56.574659
1403636693813555456.000000,0.000000,0.000000,21.193953,7.837643,0.294084,0.146658,18.784415,0.183267,54.216450
1403636693863555584.000000,0.000000,0.000000,23.184764,7.686665,0.342021,0.137826,17.037032,0.173698,59.122982
1403636693913555456.000000,0.000000,0.000000,21.690024,7.051232,0.273028,0.111906,14.745833,0.118434,55.196944
1403636693963555584.000000,0.000000,0.000000,22.181294,7.464134,0.097218,0.138914,18.997634,0.126562,56.072859
1403636694013555456.000000,0.000000,0.000000,19.913167,6.151795,0.243108,0.137026,18.485916,0.117922,50.979766
1403636694063555584.000000,0.000000,0.000000,19.372808,6.035794,0.232868,0.142530,19.495465,0.795979,50.187596
1403636694113555456.000000,0.000000,0.000000,27.102929,6.653114,0.224867,0.086209,22.559092,0.184771,54.671368
1403636694163555584.000000,0.000000,0.000000,22.376785,4.724513,0.230467,0.154050,20.547480,0.161571,47.680330
1403636694213555456.000000,0.000000,0.000000,20.396662,6.623962,0.234724,0.169378,21.054239,0.181987,51.443069
1403636694263555584.000000,0.000000,0.000000,23.044698,6.990080,0.288932,0.149442,18.796576,0.226019,54.247299
1403636694313555456.000000,0.000000,0.000000,21.633639,6.991615,0.302340,0.153570,19.812910,0.120194,54.477574
1403636694363555584.000000,0.000000,0.000000,22.225743,8.030445,0.143362,0.150563,19.240870,0.112162,58.587358
1403636694413555456.000000,0.000000,0.000000,22.291472,7.742474,0.269764,0.159586,19.046084,0.113186,56.944039
1403636694463555584.000000,0.000000,0.000000,21.518501,6.304726,0.243332,0.155299,21.337826,0.121409,55.211216
1403636694513555456.000000,0.000000,0.000000,19.826158,5.737806,0.245283,0.160099,21.556293,0.129282,49.758118
1403636694563555584.000000,0.000000,0.000000,23.223868,5.565388,0.278532,0.154754,19.105444,0.670025,53.293622
1403636694613555456.000000,0.000000,0.000000,20.370710,5.939473,0.244323,0.178754,20.802907,0.278244,51.073175
1403636694663555584.000000,0.000000,0.000000,22.852408,6.602394,0.245859,0.135138,20.888892,0.158530,53.903998
1403636694713555456.000000,0.000000,0.000000,21.691911,7.757738,0.273027,0.176642,22.072749,0.189826,56.447520
1403636694763555584.000000,0.000000,0.000000,20.369109,6.724443,0.269795,0.137666,20.808124,0.197955,54.154082
1403636694813555456.000000,0.000000,0.000000,20.384150,6.170932,0.237220,0.097953,19.972848,0.124514,51.391260
1403636694863555584.000000,0.000000,0.000000,21.911242,6.396887,0.240068,0.148642,19.668236,0.115938,54.927020
1403636694913555456.000000,0.000000,0.000000,22.067788,6.447320,0.255652,0.154882,20.053905,0.123074,54.963180
1403636694963555584.000000,0.000000,0.000000,22.320976,6.709627,0.237859,0.157858,20.347125,0.125570,57.288012
1403636695013555456.000000,0.000000,0.000000,20.691290,5.893104,0.260707,0.164195,18.810304,0.122402,53.401751
1403636695063555584.000000,0.000000,0.000000,20.549751,6.423704,0.246403,0.152130,19.500522,0.664553,52.350665
1403636695113555456.000000,0.000000,0.000000,23.121467,6.469176,0.248676,0.214467,22.314288,0.271300,54.584679
1403636695163555584.000000,0.000000,0.000000,21.332450,6.892286,0.250499,0.146370,19.507978,0.152066,53.687227
1403636695213555456.000000,0.000000,0.000000,22.693589,7.426853,0.267332,0.166210,21.323363,0.179139,56.121500
1403636695263555584.000000,0.000000,0.000000,20.628473,7.122337,0.270691,0.175171,18.466011,0.221795,52.190375
1403636695313555456.000000,0.000000,0.000000,22.499186,6.694075,0.250564,0.147906,21.089344,0.124482,54.686185
1403636695363555584.000000,0.000000,0.000000,20.417590,6.119604,0.094881,0.164546,21.345379,0.129218,55.119183
1403636695413555456.000000,0.000000,0.000000,25.736095,8.157679,0.230339,0.158115,20.122738,0.128770,59.286471
1403636695463555584.000000,0.000000,0.000000,22.597939,6.401720,0.291396,0.156738,20.991646,0.746347,56.046779
1403636695513555456.000000,0.000000,0.000000,28.568773,7.914188,0.281028,0.197826,22.872984,0.244579,60.763963
1403636695563555584.000000,0.000000,0.000000,20.975582,7.040479,0.134018,0.167426,21.730824,0.166114,54.812458
1403636695613555456.000000,0.000000,0.000000,22.716310,9.431009,0.269732,0.198979,22.408753,0.188643,59.356360
1403636695663555584.000000,0.000000,0.000000,21.072927,7.319876,0.121377,0.143297,21.306178,0.185186,54.036704
1403636695713555456.000000,0.000000,0.000000,20.821563,7.041472,0.266628,0.125217,21.407908,0.130785,55.007469
1403636695763555584.000000,0.000000,0.000000,21.212384,7.451845,0.266788,0.173602,18.805920,0.108033,57.518063
1403636695813555456.000000,0.000000,0.000000,22.019884,6.920158,0.255555,0.160962,19.025411,0.119265,56.600579
1403636695863555584.000000,0.000000,0.000000,21.912875,7.013792,0.334564,0.165186,20.384342,0.118946,57.480015
1403636695913555456.000000,0.000000,0.000000,21.952139,8.768823,0.292484,0.157379,19.613195,0.115362,59.456393
1403636695963555584.000000,0.000000,0.000000,19.573962,8.957658,0.237508,0.164482,21.574918,0.787658,55.316689
1403636696013555456.000000,0.000000,0.000000,20.384278,6.275189,0.223523,0.203491,23.766660,0.275780,49.661060
1403636696063555584.000000,0.000000,0.000000,21.642087,7.099201,0.238115,0.124994,20.893405,0.157954,53.105107
1403636696113555456.000000,0.000000,0.000000,20.369237,6.444504,0.282852,0.166594,20.877437,0.174051,52.639789
1403636696163555584.000000,0.000000,0.000000,21.382788,7.727497,0.249859,0.144258,19.807085,0.222403,54.377605
1403636696213555456.000000,0.000000,0.000000,24.238762,8.315378,0.304708,0.185666,21.849802,0.121826,60.538681
1403636696263555584.000000,0.000000,0.000000,20.679290,6.924222,0.294724,0.192035,22.491122,0.134242,57.255724
1403636696313555456.000000,0.000000,0.000000,20.438391,8.974490,0.293636,0.187075,23.203228,0.137634,55.951931
1403636696363555584.000000,0.000000,0.000000,21.752808,6.737468,0.267492,0.191107,22.584819,0.124673,54.944108
1403636696413555456.000000,0.000000,0.000000,21.365475,7.028992,0.230051,0.178691,21.625254,0.134209,56.004987
1403636696463555584.000000,0.000000,0.000000,20.798907,6.820477,0.275876,0.163874,22.143182,0.689866,54.821163
1403636696513555456.000000,0.000000,0.000000,21.670119,6.475480,0.248899,0.169347,23.389566,0.272708,56.530370
1403636696563555584.000000,0.000000,0.000000,22.195566,7.420901,0.240483,0.168547,20.183890,0.148930,58.740096
1403636696613555456.000000,0.000000,0.000000,19.879918,8.760951,0.260676,0.188674,21.358371,0.158914,57.225292
1403636696663555584.000000,0.000000,0.000000,21.482693,7.755914,0.248419,0.179106,20.204915,0.132290,56.325279
1403636696713555456.000000,0.000000,0.000000,20.470647,7.605992,0.251684,0.151298,19.844814,0.234403,56.251934
1403636696763555584.000000,0.000000,0.000000,21.954379,6.578265,0.228611,0.158179,21.610406,0.125057,57.528368
1403636696813555456.000000,0.000000,0.000000,22.337552,6.542233,0.226403,0.168386,20.682202,0.128258,55.100206
1403636696863555584.000000,0.000000,0.000000,20.832476,6.299350,0.208867,0.170914,21.158016,0.131394,54.482822
1403636696913555456.000000,0.000000,0.000000,19.108324,6.126772,0.205891,0.167714,21.577798,0.134210,50.919733
1403636696963555584.000000,0.000000,0.000000,19.764301,6.423543,0.227012,0.194147,22.989977,0.795722,51.461309
1403636697013555456.000000,0.000000,0.000000,20.631513,6.683291,0.248547,0.270756,24.860211,0.261060,54.555655
1403636697063555584.000000,0.000000,0.000000,21.421764,6.922462,0.242339,0.181698,23.602850,0.187682,54.537799
1403636697113555456.000000,0.000000,0.000000,20.639737,7.555879,0.271140,0.189603,22.674229,0.187394,54.829291
1403636697163555584.000000,0.000000,0.000000,21.054591,7.704808,0.256003,0.182434,21.460773,0.268259,55.941498
1403636697213555456.000000,0.000000,0.000000,24.317867,8.731703,0.258435,0.193890,22.855447,0.133314,62.630357
1403636697263555584.000000,0.000000,0.000000,21.349443,9.197885,0.264163,0.181826,21.198433,0.120257,61.731913
1403636697313555456.000000,0.000000,0.000000,21.480325,6.755068,0.259428,0.181762,20.128178,0.109953,57.204075
1403636697363555584.000000,0.000000,0.000000,21.117183,7.853323,0.246723,0.194946,23.519585,0.128610,57.511087
1403636697413555456.000000,0.000000,0.000000,20.322484,6.193941,0.227171,0.189635,22.329200,0.122882,52.299401
1403636697463555584.000000,0.000000,0.000000,21.707976,8.344946,0.267972,0.183395,21.025374,0.693289,58.471356
1403636697513555456.000000,0.000000,0.000000,20.467127,7.680520,0.255492,0.181218,24.068328,0.290884,55.086254
1403636697563555584.000000,0.000000,0.000000,27.120945,7.956365,0.252804,0.130946,20.283476,0.168834,60.778939
1403636697613555456.000000,0.000000,0.000000,22.491698,8.038446,0.275972,0.166626,19.031972,0.159810,59.637613
1403636697663555584.000000,0.000000,0.000000,21.230114,8.134671,0.259172,0.166147,21.072255,0.166434,57.508431
1403636697713555456.000000,0.000000,0.000000,21.530341,7.698761,0.249347,0.141474,21.690728,0.985325,56.365760
1403636697763555584.000000,0.000000,0.000000,21.023550,6.537593,0.246980,0.231299,22.224431,0.316005,57.550448
1403636697813555456.000000,0.000000,0.000000,23.469823,7.581895,0.242564,0.175330,22.401681,0.194339,57.112106
1403636697863555584.000000,0.000000,0.000000,21.779560,6.905150,0.221251,0.172034,20.922845,0.170690,52.470571
1403636697913555456.000000,0.000000,0.000000,19.074275,6.701788,0.228387,0.147970,21.313443,0.231876,51.985348
1403636697963555584.000000,0.000000,0.000000,22.583635,8.446323,0.236291,0.183106,22.148494,0.143330,59.039972
1403636698013555456.000000,0.000000,0.000000,20.870621,6.942463,0.110337,0.179106,21.161472,0.133890,56.033211
1403636698063555584.000000,0.000000,0.000000,20.253107,6.231061,0.238948,0.189379,23.525216,0.147650,54.075041
1403636698113555456.000000,0.000000,0.000000,22.593204,8.429235,0.246947,0.179970,21.151968,0.127970,57.943350
1403636698163555584.000000,0.000000,0.000000,23.615522,7.485894,0.254115,0.184450,23.673315,0.137890,58.054807
1403636698213555456.000000,0.000000,0.000000,20.650906,8.056782,0.284260,0.172483,23.124091,0.764043,56.689732
1403636698263555584.000000,0.000000,0.000000,22.629908,7.204098,0.261219,0.091489,23.305982,0.157410,56.976584
1403636698313555456.000000,0.000000,0.000000,21.651558,8.640501,0.283268,0.175298,24.337004,0.218243,59.626829
1403636698363555584.000000,0.000000,0.000000,24.182762,7.796362,0.263140,0.176387,22.091212,0.179299,58.860418
1403636698413555456.000000,0.000000,0.000000,21.729928,8.608181,0.291492,0.178979,22.190574,0.158370,59.675308
1403636698463555584.000000,0.000000,0.000000,19.923439,7.087776,0.280227,0.178787,23.299965,0.136386,56.586787
1403636698513555456.000000,0.000000,0.000000,21.633767,8.412946,0.275812,0.165794,21.406340,0.144354,59.335976
1403636698563555584.000000,0.000000,0.000000,23.764868,8.626582,0.283140,0.158370,22.811127,0.139233,63.124476
1403636698613555456.000000,0.000000,0.000000,22.595315,6.128979,0.246787,0.164099,21.460964,0.744203,57.111210
1403636698663555584.000000,0.000000,0.000000,22.151885,4.962500,0.298148,0.179459,22.948312,0.300068,55.584245
1403636698713555456.000000,0.000000,0.000000,21.443908,6.832605,0.307812,0.122369,21.477157,0.171714,57.642577
1403636698763555584.000000,0.000000,0.000000,23.410079,8.196592,0.277284,0.159458,22.691125,0.193315,58.865154
1403636698813555456.000000,0.000000,0.000000,20.691130,7.614152,0.330212,0.153954,23.700867,0.194211,57.004392
1403636698863555584.000000,0.000000,0.000000,22.700981,6.294165,0.269315,0.130946,20.201395,0.217283,57.180075
1403636698913555456.000000,0.000000,0.000000,23.031034,6.492025,0.252547,0.151330,20.481239,0.124098,58.236601
1403636698963555584.000000,0.000000,0.000000,24.652080,7.305348,0.272388,0.142050,22.278448,0.137378,59.735054
1403636699013555456.000000,0.000000,0.000000,22.207023,7.132033,0.261123,0.154530,21.259553,0.739146,56.570051
1403636699063555584.000000,0.000000,0.000000,22.372785,7.195170,0.267332,0.185250,24.967796,0.318212,59.198214
1403636699113555456.000000,0.000000,0.000000,24.636464,6.744988,0.261539,0.132706,23.214044,0.193442,56.712740
1403636699163555584.000000,0.000000,0.000000,20.727931,7.825035,0.297413,0.173987,23.525120,0.191491,54.108673
1403636699213555456.000000,0.000000,0.000000,21.814729,7.652296,0.324580,0.175843,25.023156,0.204803,57.484303
1403636699263555584.000000,0.000000,0.000000,21.663559,6.829949,0.304260,0.161730,23.917350,0.270051,56.035899
1403636699313555456.000000,0.000000,0.000000,22.155726,7.320964,0.322917,0.187043,24.635183,0.137634,60.659290
1403636699363555584.000000,0.000000,0.000000,22.733909,6.906015,0.298308,0.199523,24.460333,0.145826,58.419644
1403636699413555456.000000,0.000000,0.000000,21.948939,6.875645,0.268675,0.169570,24.617103,0.135714,58.540573
1403636699463555584.000000,0.000000,0.000000,23.252764,6.614075,0.315780,0.180450,25.439547,0.150818,61.258211
1403636699513555456.000000,0.000000,0.000000,22.083501,6.990495,0.286564,0.157410,22.503859,0.672105,59.578251
1403636699563555584.000000,0.000000,0.000000,23.290302,6.670394,0.316580,0.195427,25.991938,0.281924,60.565977
1403636699613555456.000000,0.000000,0.000000,22.983001,7.037984,0.339172,0.138402,22.957656,0.168003,61.086112
1403636699663555584.000000,0.000000,0.000000,23.780612,8.562101,0.314629,0.175715,23.349790,0.183203,62.997946
1403636699713555456.000000,0.000000,0.000000,24.679824,7.934156,0.338565,0.168898,23.170044,0.160322,64.333324
1403636699763555584.000000,0.000000,0.000000,20.987646,7.166786,0.295652,0.148835,22.065324,0.132833,56.828838
1403636699813555456.000000,0.000000,0.000000,23.438271,6.878430,0.350629,0.182307,21.690983,0.125570,62.692374
1403636699863555584.000000,0.000000,0.000000,23.621217,7.943852,0.286948,0.168674,23.560449,0.127649,60.450648
1403636699913555456.000000,0.000000,0.000000,24.876562,8.329969,0.302756,0.167490,21.843337,0.115682,62.925689
1403636699963555584.000000,0.000000,0.000000,23.428575,7.176194,0.302180,0.172834,23.647874,0.126850,59.668397
1403636700013555456.000000,0.000000,0.000000,23.495712,6.994880,0.296228,0.183106,23.245245,0.602857,58.309626
1403636700063555584.000000,0.000000,0.000000,22.270479,7.173218,0.311492,0.159682,23.692803,0.282724,57.115402
1403636700113555456.000000,0.000000,0.000000,23.625794,8.348050,0.322629,0.186595,24.934675,0.190499,61.225506
1403636700163555584.000000,0.000000,0.000000,22.555315,7.666185,0.285764,0.157058,22.369680,0.185507,58.160664
1403636700213555456.000000,0.000000,0.000000,23.229340,8.091950,0.306084,0.157058,23.936806,0.246147,60.786620
1403636700263555584.000000,0.000000,0.000000,23.250620,6.860989,0.299620,0.150658,23.113435,0.176546,59.583499
1403636700313555456.000000,0.000000,0.000000,23.816901,7.283043,0.294372,0.176770,22.801943,0.116770,60.805372
1403636700363555584.000000,0.000000,0.000000,22.851447,6.494264,0.281636,0.165123,21.392739,0.113793,60.296245
1403636700413555456.000000,0.000000,0.000000,23.371614,6.662843,0.274052,0.155171,21.411555,0.112737,58.256314
1403636700463555584.000000,0.000000,0.000000,20.951454,6.914782,0.302212,0.163170,22.917528,0.661769,57.891124
1403636700513555456.000000,0.000000,0.000000,22.430450,6.666107,0.351141,0.070720,22.915545,0.138882,58.457820
1403636700563555584.000000,0.000000,0.000000,21.608294,6.917279,0.325989,0.136002,19.266214,0.192611,57.155307
1403636700613555456.000000,0.000000,0.000000,23.404830,7.711529,0.286212,0.150722,20.392725,0.211075,58.367131
1403636700663555584.000000,0.000000,0.000000,22.936953,6.991871,0.290307,0.150562,19.646220,0.140641,57.168042
1403636700713555456.000000,0.000000,0.000000,22.253839,7.449797,0.316773,0.077089,16.937095,0.119585,59.057925
1403636700763555584.000000,0.000000,0.000000,27.990461,7.812554,0.357477,0.154850,19.858831,0.594632,64.862035
1403636700813555456.000000,0.000000,0.000000,23.215261,5.306952,0.245475,0.201986,21.222945,0.221475,53.908350
1403636700863555584.000000,0.000000,0.000000,23.344062,5.313897,0.337605,0.155650,21.889290,0.170882,55.460947
1403636700913555456.000000,0.000000,0.000000,23.917030,5.273063,0.271011,0.149058,22.162670,0.180163,54.889900
1403636700963555584.000000,0.000000,0.000000,22.924280,5.374953,0.266499,0.150850,21.381603,0.269251,50.848884
1403636701013555456.000000,0.000000,0.000000,21.475396,6.372535,0.281220,0.156194,22.311536,0.131905,53.624762
1403636701063555584.000000,0.000000,0.000000,26.104963,6.295925,0.270116,0.116770,21.725639,0.117986,59.806478
1403636701113555456.000000,0.000000,0.000000,20.331509,6.319158,0.295044,0.147426,21.191904,0.111361,54.948397
1403636701163555584.000000,0.000000,0.000000,22.616532,6.615322,0.259780,0.147394,21.667335,0.117538,57.242156
1403636701213555456.000000,0.000000,0.000000,21.252290,6.638714,0.270084,0.155618,21.517765,0.117282,54.536902
1403636701263555584.000000,0.000000,0.000000,21.213985,7.536743,0.270564,0.153730,23.826180,0.626824,56.732612
1403636701313555456.000000,0.000000,0.000000,21.609926,7.045248,0.289508,0.156995,23.536096,0.307844,55.897305
1403636701363555584.000000,0.000000,0.000000,22.201199,6.936542,0.288708,0.175619,21.643654,0.170914,55.912089
1403636701413555456.000000,0.000000,0.000000,22.590355,7.592647,0.308868,0.163138,22.769303,0.198883,57.499567
1403636701463555584.000000,0.000000,0.000000,22.515698,6.762941,0.292868,0.153922,22.481107,0.195811,56.474561
1403636701513555456.000000,0.000000,0.000000,22.990457,7.120737,0.335301,0.115745,20.284277,0.145442,60.273749
1403636701563555584.000000,0.000000,0.000000,23.100187,6.637083,0.291332,0.145794,21.122432,0.113217,59.404521
1403636701613555456.000000,0.000000,0.000000,22.364913,6.706939,0.307620,0.155842,21.932682,0.115202,56.553827
1403636701663555584.000000,0.000000,0.000000,19.909039,6.687483,0.284132,0.156419,22.181550,0.607177,55.564437
1403636701713555456.000000,0.000000,0.000000,22.294415,8.313201,0.305316,0.071777,23.135035,0.144866,59.152614
1403636701763555584.000000,0.000000,0.000000,20.911197,6.363063,0.291364,0.134050,18.435611,0.165794,51.843298
1403636701813555456.000000,0.000000,0.000000,20.310869,7.011712,0.261987,0.148674,18.839873,0.231075,54.065856
1403636701863555584.000000,0.000000,0.000000,21.111967,6.557850,0.271012,0.146402,19.663180,0.234499,55.161743
1403636701913555456.000000,0.000000,0.000000,20.774299,7.600392,0.305220,0.137826,18.227256,0.110273,56.873319
1403636701963555584.000000,0.000000,0.000000,23.589665,8.120495,0.311076,0.135906,19.097124,0.104834,60.557657
1403636702013555456.000000,0.000000,0.000000,20.736794,5.364361,0.262435,0.158050,20.362357,0.654280,50.633618
1403636702063555584.000000,0.000000,0.000000,19.834382,5.330057,0.253187,0.076993,21.912938,0.145538,50.088874
1403636702113555456.000000,0.000000,0.000000,20.488535,5.257095,0.261731,0.130242,18.093238,0.179266,51.629055
1403636702163555584.000000,0.000000,0.000000,22.942360,5.362665,0.260164,0.143234,19.206629,0.239364,52.556939
1403636702213555456.000000,0.000000,0.000000,21.911466,5.460427,0.251908,0.142145,19.523018,0.214723,51.809378
1403636702263555584.000000,0.000000,0.000000,19.638507,6.759132,0.287588,0.130050,17.999381,0.122850,52.762191
1403636702313555456.000000,0.000000,0.000000,20.895997,6.781724,0.296164,0.129730,18.375386,0.569416,55.434546
1403636702363555584.000000,0.000000,0.000000,21.408452,5.263560,0.260868,0.064449,18.209144,0.110306,50.894997
1403636702413555456.000000,0.000000,0.000000,22.062381,5.269512,0.241956,0.141218,18.370939,0.170243,52.733806
1403636702463555584.000000,0.000000,0.000000,20.036081,5.290856,0.267524,0.145410,18.586141,0.230947,50.848885
1403636702513555456.000000,0.000000,0.000000,22.818262,5.318089,0.296676,0.137442,18.830145,0.218467,52.015556
1403636702563555584.000000,0.000000,0.000000,21.385443,5.118566,0.253155,0.120449,17.592112,0.175266,50.695730
1403636702613555456.000000,0.000000,0.000000,19.424392,5.725550,0.261604,0.130210,16.983047,0.547431,48.914042
1403636702663555584.000000,0.000000,0.000000,21.137344,5.108069,0.259747,0.059969,16.932902,0.100801,50.536561
1403636702713555456.000000,0.000000,0.000000,19.402664,5.086566,0.244259,0.162083,20.735898,0.169538,49.176669
1403636702763555584.000000,0.000000,0.000000,20.883708,5.021956,0.263619,0.146594,21.925835,0.161378,50.752275
1403636702813555456.000000,0.000000,0.000000,21.000286,5.210855,0.259140,0.137986,20.418038,0.174562,49.886887
1403636702863555584.000000,0.000000,0.000000,20.933885,4.821410,0.254627,0.155234,20.551896,0.115938,48.521877
1403636702913555456.000000,0.000000,0.000000,22.188718,5.282888,0.242531,0.163842,22.111021,0.110849,50.344142
1403636702963555584.000000,0.000000,0.000000,19.073988,6.222805,0.251043,0.151682,20.528503,0.105889,52.391818
1403636703013555456.000000,0.000000,0.000000,20.580152,6.801308,0.371685,0.152130,20.023441,0.104386,55.774679
1403636703063555584.000000,0.000000,0.000000,19.432073,6.724316,0.263076,0.147810,20.548375,0.110113,52.566252
1403636703113555456.000000,0.000000,0.000000,19.774094,6.777692,0.290468,0.148162,20.354549,0.597384,52.855312
1403636703163555584.000000,0.000000,0.000000,19.252519,6.586169,0.296485,0.156642,22.046669,0.246883,53.655579
1403636703213555456.000000,0.000000,0.000000,20.372886,6.377463,0.291268,0.175107,21.454660,0.182882,52.447978
1403636703263555584.000000,0.000000,0.000000,21.178785,6.624026,0.280068,0.146498,21.922346,0.191587,53.615962
1403636703313555456.000000,0.000000,0.000000,21.498724,6.760733,0.284388,0.147234,22.397937,0.180003,54.803402
1403636703363555584.000000,0.000000,0.000000,19.976785,7.097600,0.281412,0.142658,20.332117,0.126082,53.394167
1403636703413555456.000000,0.000000,0.000000,23.009049,6.368311,0.275620,0.137250,19.183813,0.105249,57.573872
1403636703463555584.000000,0.000000,0.000000,19.475817,6.437560,0.288003,0.160259,19.598218,0.100929,53.463288
1403636703513555456.000000,0.000000,0.000000,21.647655,6.692411,0.286020,0.136994,19.203750,0.100098,56.542306
1403636703563555584.000000,0.000000,0.000000,19.589611,6.945439,0.288260,0.144354,19.927279,0.103906,54.928876
1403636703613555456.000000,0.000000,0.000000,20.996926,6.398999,0.281188,0.138498,20.003920,0.533927,53.788924
1403636703663555584.000000,0.000000,0.000000,18.937442,5.064517,0.304740,0.066496,21.784073,0.140930,49.565795
1403636703713555456.000000,0.000000,0.000000,21.225217,5.830608,0.264899,0.130177,17.699825,0.138658,52.547468
1403636703763555584.000000,0.000000,0.000000,23.555745,6.192756,0.244003,0.150434,18.298809,0.154338,54.701289
1403636703813555456.000000,0.000000,0.000000,23.169915,7.092801,0.268228,0.130689,18.214008,0.191778,55.882265
1403636703863555584.000000,0.000000,0.000000,21.688807,6.688187,0.328997,0.147298,18.715614,0.131458,54.461861
1403636703913555456.000000,0.000000,0.000000,21.564102,6.623514,0.309157,0.126594,17.210730,0.101953,55.889113
1403636703963555584.000000,0.000000,0.000000,19.546506,5.248647,0.263204,0.139010,18.484667,0.088481,48.683383
1403636704013555456.000000,0.000000,0.000000,20.344277,5.176135,0.343621,0.129186,18.155767,0.087361,50.034826
1403636704063555584.000000,0.000000,0.000000,21.112928,5.181350,0.259556,0.142050,20.118802,0.102209,50.952790
1403636704113555456.000000,0.000000,0.000000,19.861326,5.096998,0.360837,0.131586,19.300231,0.605385,49.665220
1403636704163555584.000000,0.000000,0.000000,21.083775,5.409033,0.255619,0.068769,21.727432,0.144258,49.330816
1403636704213555456.000000,0.000000,0.000000,20.722042,5.989361,0.267940,0.140802,17.802098,0.145922,50.718003
1403636704263555584.000000,0.000000,0.000000,21.010654,6.156116,0.259428,0.141986,17.159978,0.207267,50.936277
1403636704313555456.000000,0.000000,0.000000,22.610164,6.686011,0.277764,0.131906,17.602352,0.202819,55.163728
1403636704363555584.000000,0.000000,0.000000,21.735304,6.456663,0.286244,0.104993,18.613981,0.133442,53.552153
1403636704413555456.000000,0.000000,0.000000,24.575599,7.758058,0.290500,0.129889,18.278745,0.099489,60.195411
1403636704463555584.000000,0.000000,0.000000,20.842332,5.197223,0.227939,0.148514,20.087761,0.106433,50.142538
1403636704513555456.000000,0.000000,0.000000,21.149088,4.956099,0.250147,0.147362,21.506053,0.118562,49.433985
1403636704563555584.000000,0.000000,0.000000,20.115986,5.075301,0.222723,0.145730,20.051729,0.663241,48.872090
1403636704613555456.000000,0.000000,0.000000,22.595507,6.182164,0.277284,0.159970,21.884490,0.247267,53.456568
1403636704663555584.000000,0.000000,0.000000,20.940414,6.727259,0.232804,0.170402,22.447346,0.165378,51.593759
1403636704713555456.000000,0.000000,0.000000,21.680871,4.993572,0.312516,0.139170,20.646681,0.169026,52.831984
1403636704763555584.000000,0.000000,0.000000,19.576970,7.805898,0.286628,0.137410,19.293575,0.172386,54.779722
1403636704813555456.000000,0.000000,0.000000,19.792461,6.332919,0.299268,0.132482,20.970269,0.184514,52.787535
1403636704863555584.000000,0.000000,0.000000,20.805019,6.151539,0.258340,0.134946,20.593848,0.123778,55.181008
1403636704913555456.000000,0.000000,0.000000,20.336693,6.053587,0.273476,0.140994,19.989296,0.110689,54.981677
1403636704963555584.000000,0.000000,0.000000,19.622091,6.015154,0.247492,0.139938,19.846990,0.109570,52.250088
1403636705013555456.000000,0.000000,0.000000,20.393782,6.130996,0.333252,0.155746,22.097805,0.767723,51.629535
1403636705063555584.000000,0.000000,0.000000,21.794601,6.478744,0.365797,0.187170,24.411533,0.285219,55.083278
1403636705113555456.000000,0.000000,0.000000,20.733754,6.608602,0.335525,0.113121,22.336849,0.178147,53.604506
1403636705163555584.000000,0.000000,0.000000,21.322947,7.431045,0.324901,0.147266,22.590547,0.194435,54.742761
1403636705213555456.000000,0.000000,0.000000,20.428662,7.870283,0.269156,0.146274,22.270480,0.183683,53.969695
1403636705263555584.000000,0.000000,0.000000,20.608665,9.053755,0.275236,0.146978,21.107680,0.143298,58.470684
1403636705313555456.000000,0.000000,0.000000,20.534743,6.472568,0.109953,0.143298,23.872549,0.139266,58.038678
1403636705363555584.000000,0.000000,0.000000,19.636747,6.488056,0.289348,0.139234,20.710490,0.682953,54.629416
1403636705413555456.000000,0.000000,0.000000,18.438011,6.741852,0.296868,0.189539,22.444913,0.222755,53.835389
1403636705463555584.000000,0.000000,0.000000,20.992286,6.488664,0.346372,0.146882,22.279503,0.159234,55.715447
1403636705513555456.000000,0.000000,0.000000,19.562059,6.339734,0.372197,0.152706,20.951710,0.171683,52.900177
1403636705563555584.000000,0.000000,0.000000,19.843598,6.864414,0.395013,0.143393,22.070669,0.162114,56.567874
1403636705613555456.000000,0.000000,0.000000,19.933839,7.974765,0.356932,0.143714,19.708781,0.173699,54.819595
1403636705663555584.000000,0.000000,0.000000,20.933917,6.547194,0.362597,0.145410,19.837102,0.108385,55.986778
1403636705713555456.000000,0.000000,0.000000,22.900216,6.824925,0.273412,0.148514,21.264417,0.634984,57.254028
1403636705763555584.000000,0.000000,0.000000,24.179082,6.522457,0.316388,0.149442,21.788041,0.269028,57.489615
1403636705813555456.000000,0.000000,0.000000,22.414929,6.037427,0.365925,0.107745,19.940720,0.153443,56.727717
1403636705863555584.000000,0.000000,0.000000,18.610909,6.408279,0.348037,0.129185,19.426857,0.163170,50.591089
1403636705913555456.000000,0.000000,0.000000,20.166931,6.114771,0.340517,0.147170,21.610118,0.205378,51.741536
1403636705963555584.000000,0.000000,0.000000,21.493957,6.562777,0.299908,0.148546,20.724283,0.175683,55.508788
1403636706013555456.000000,0.000000,0.000000,21.663303,6.263062,0.301348,0.133602,25.226135,0.132770,55.897401
1403636706063555584.000000,0.000000,0.000000,20.203795,5.969874,0.340773,0.144290,20.555384,0.673578,51.881891
1403636706113555456.000000,0.000000,0.000000,22.184590,6.865502,0.284612,0.213155,21.983723,0.228867,52.781551
1403636706163555584.000000,0.000000,0.000000,19.711404,6.678714,0.307333,0.152578,21.791977,0.173058,54.086049
1403636706213555456.000000,0.000000,0.000000,21.941675,5.840815,0.334052,0.145954,21.589382,0.192995,54.142753
1403636706263555584.000000,0.000000,0.000000,19.256902,5.829167,0.339941,0.138882,20.245491,0.173507,55.832281
1403636706313555456.000000,0.000000,0.000000,18.336666,6.831805,0.264740,0.111489,20.413974,0.162690,51.659488
1403636706363555584.000000,0.000000,0.000000,21.757672,6.850941,0.324741,0.140482,20.339157,0.126594,56.501026
1403636706413555456.000000,0.000000,0.000000,20.356373,5.768015,0.341380,0.136834,20.254036,0.661449,54.114881
1403636706463555584.000000,0.000000,0.000000,19.451625,6.449848,0.311428,0.154594,24.002695,0.285028,53.466744
1403636706513555456.000000,0.000000,0.000000,20.005840,5.953618,0.321253,0.138818,20.687098,0.142594,52.039812
1403636706563555584.000000,0.000000,0.000000,19.425065,6.164212,0.345957,0.147714,20.173587,0.155938,52.862896
1403636706613555456.000000,0.000000,0.000000,21.442148,6.208981,0.327972,0.139298,21.881002,0.207715,53.559514
1403636706663555584.000000,0.000000,0.000000,22.271279,7.950124,0.339141,0.127361,21.496869,0.150178,56.589059
1403636706713555456.000000,0.000000,0.000000,21.318082,6.426552,0.339813,0.080865,20.807483,0.108865,57.875668
1403636706763555584.000000,0.000000,0.000000,20.968062,6.187220,0.295972,0.156962,21.409252,0.115298,53.409144
1403636706813555456.000000,0.000000,0.000000,20.997694,6.248437,0.303844,0.165506,20.922429,0.115937,53.278869
1403636706863555584.000000,0.000000,0.000000,27.686393,7.774794,0.325477,0.140322,22.615700,0.128225,63.176508
1403636706913555456.000000,0.000000,0.000000,19.406472,6.284182,0.317412,0.161250,22.871832,0.830827,55.909881
1403636706963555584.000000,0.000000,0.000000,21.731816,6.197236,0.253124,0.189731,25.733598,0.293636,54.022559
1403636707013555456.000000,0.000000,0.000000,22.547411,6.629818,0.291972,0.129537,23.034138,0.170690,56.481858
1403636707063555584.000000,0.000000,0.000000,20.018865,7.350756,0.278116,0.151458,21.896490,0.189282,53.956030
1403636707113555456.000000,0.000000,0.000000,21.123008,7.018271,0.290212,0.148706,21.096895,0.193379,56.271966
1403636707163555584.000000,0.000000,0.000000,22.806007,7.488454,0.272707,0.143362,20.943230,0.178787,59.779886
1403636707213555456.000000,0.000000,0.000000,22.394353,7.380997,0.270724,0.144866,20.875676,0.138306,61.542566
1403636707263555584.000000,0.000000,0.000000,21.545925,6.554842,0.268804,0.110626,20.500375,0.123329,56.955912
1403636707313555456.000000,0.000000,0.000000,21.323107,6.434487,0.234788,0.157026,20.302068,0.128289,55.448691
1403636707363555584.000000,0.000000,0.000000,21.007615,7.287747,0.245060,0.136418,20.434294,0.127905,55.098126
1403636707413555456.000000,0.000000,0.000000,20.286228,6.439704,0.280323,0.143394,20.928829,0.819115,53.250102
1403636707463555584.000000,0.000000,0.000000,23.990951,5.868016,0.285924,0.086817,22.743158,0.132098,56.631236
1403636707513555456.000000,0.000000,0.000000,21.375907,7.125953,0.291332,0.122498,16.709059,0.136386,54.450949
1403636707563555584.000000,0.000000,0.000000,22.294095,7.290915,0.247620,0.146242,17.608112,0.212642,55.255537
1403636707613555456.000000,0.000000,0.000000,22.920760,6.904318,0.241667,0.126850,17.628752,0.156418,55.604117
1403636707663555584.000000,0.000000,0.000000,24.504525,7.696553,0.260644,0.137250,18.451035,0.176642,59.203078
1403636707713555456.000000,0.000000,0.000000,21.198465,7.588103,0.291428,0.136866,23.486624,0.146210,57.234444
1403636707763555584.000000,0.000000,0.000000,22.499698,5.292105,0.198883,0.084450,19.774381,0.117442,49.931912
1403636707813555456.000000,0.000000,0.000000,20.116050,4.846594,0.199203,0.159362,19.253126,0.110977,48.725719
1403636707863555584.000000,0.000000,0.000000,19.381640,6.130516,0.252100,0.151586,19.469193,0.819115,48.492949
1403636707913555456.000000,0.000000,0.000000,21.429059,6.188916,0.239876,0.196482,24.161097,0.278339,51.333115
1403636707963555584.000000,0.000000,0.000000,19.782638,6.085523,0.259812,0.118210,20.996670,0.166275,54.762282
1403636708013555456.000000,0.000000,0.000000,20.046545,6.528504,0.268867,0.142210,20.085234,0.164962,51.506045
1403636708063555584.000000,0.000000,0.000000,23.390079,6.405368,0.246979,0.140130,19.664940,0.179747,54.488935
1403636708113555456.000000,0.000000,0.000000,20.126706,6.604890,0.262532,0.147682,18.769920,0.208226,52.285704
1403636708163555584.000000,0.000000,0.000000,21.956043,7.192002,0.297348,0.139170,20.893661,0.141218,59.174502
1403636708213555456.000000,0.000000,0.000000,19.810894,6.391383,0.272323,0.147170,18.724543,0.164162,52.672781
1403636708263555584.000000,0.000000,0.000000,20.487255,6.397783,0.211555,0.150786,18.832033,0.939117,52.296264
1403636708313555456.000000,0.000000,0.000000,18.399867,7.188162,0.254019,0.111649,20.122290,0.129378,50.859541
1403636708363555584.000000,0.000000,0.000000,22.547795,7.025664,0.261123,0.138146,16.077595,0.131298,54.023552
1403636708413555456.000000,0.000000,0.000000,21.647463,7.229315,0.257635,0.126466,16.308286,0.173347,55.258704
1403636708463555584.000000,0.000000,0.000000,19.858927,5.133765,0.200515,0.132738,16.688291,0.194883,48.296049
1403636708513555456.000000,0.000000,0.000000,22.826615,7.019040,0.221891,0.138018,16.683299,0.108610,54.842730
1403636708563555584.000000,0.000000,0.000000,20.326164,7.679689,0.091010,0.128674,15.151822,0.126977,53.862397
1403636708613555456.000000,0.000000,0.000000,26.411495,5.050885,0.174082,0.148354,17.379373,0.865483,52.808783
1403636708663555584.000000,0.000000,0.000000,21.635143,5.023748,0.174051,0.077089,17.309068,0.105250,48.409331
1403636708713555456.000000,0.000000,0.000000,21.317603,4.907651,0.182498,0.142530,15.736502,0.128962,48.402899
1403636708763555584.000000,0.000000,0.000000,22.111053,4.939556,0.232963,0.131490,16.561858,0.156771,48.774872
1403636708813555456.000000,0.000000,0.000000,19.614956,5.172646,0.219267,0.130146,16.213597,0.146210,45.148167
1403636708863555584.000000,0.000000,0.000000,20.406742,5.617677,0.223875,0.137762,15.354481,0.098113,49.160029
1403636708913555456.000000,0.000000,0.000000,22.420721,6.205748,0.202179,0.127874,14.399300,0.109154,51.104504
1403636708963555584.000000,0.000000,0.000000,20.522584,4.816994,0.172195,0.157698,17.833523,0.217443,46.558938
1403636709013555456.000000,0.000000,0.000000,20.531575,4.898467,0.180738,0.136034,17.268971,0.885548,47.293924
1403636709063555584.000000,0.000000,0.000000,22.151309,5.035365,0.192963,0.081953,22.374545,0.226148,48.840633
1403636709113555456.000000,0.000000,0.000000,20.342709,4.914819,0.179426,0.158530,18.624350,0.132162,45.613486
1403636709163555584.000000,0.000000,0.000000,19.803789,5.029732,0.169602,0.144482,18.680702,0.137442,44.470333
1403636709213555456.000000,0.000000,0.000000,19.869935,5.681133,0.218755,0.145090,18.953058,0.138402,48.781784
1403636709263555584.000000,0.000000,0.000000,21.454276,6.234709,0.197378,0.142210,18.892833,0.127810,50.722227
1403636709313555456.000000,0.000000,0.000000,21.940426,6.973855,0.210339,0.140514,18.674366,0.147170,56.903655
1403636709363555584.000000,0.000000,0.000000,19.298215,6.045426,0.192227,0.076162,18.651005,0.108449,49.592227
1403636709413555456.000000,0.000000,0.000000,20.508535,6.117843,0.212099,0.149442,18.788704,0.120065,50.408526
1403636709463555584.000000,0.000000,0.000000,19.479625,6.253109,0.229124,0.140226,18.030294,0.113954,49.056316
1403636709513555456.000000,0.000000,0.000000,19.807118,6.116147,0.197251,0.139714,17.610287,0.820587,49.937448
1403636709563555584.000000,0.000000,0.000000,19.585163,6.628186,0.198306,0.195363,22.502770,0.266052,50.061994
1403636709613555456.000000,0.000000,0.000000,18.782784,7.021696,0.224387,0.174147,19.287238,0.149634,49.475234
1403636709663555584.000000,0.000000,0.000000,21.995628,6.479320,0.232579,0.148066,20.485783,0.190818,52.426858
1403636709713555456.000000,0.000000,0.000000,21.063487,7.020095,0.227203,0.158050,20.260084,0.182562,51.282266
1403636709763555584.000000,0.000000,0.000000,20.617465,6.764668,0.229795,0.152771,20.991901,0.191203,50.956982
1403636709813555456.000000,0.000000,0.000000,21.351619,6.390807,0.224547,0.139810,21.430116,0.164866,56.135068
1403636709863555584.000000,0.000000,0.000000,22.588083,6.417688,0.255491,0.164098,21.478853,0.964686,53.732028
1403636709913555456.000000,0.000000,0.000000,20.020177,6.323958,0.232355,0.202659,20.871260,0.258340,52.387593
1403636709963555584.000000,0.000000,0.000000,21.962987,5.398409,0.221859,0.125953,20.160051,0.152866,53.400695
1403636710013555456.000000,0.000000,0.000000,22.310992,7.464997,0.246371,0.146562,20.577048,0.169282,56.566242
1403636710063555584.000000,0.000000,0.000000,20.261876,6.280437,0.236035,0.158722,21.042783,0.180867,53.396631
1403636710113555456.000000,0.000000,0.000000,19.952527,6.495736,0.261028,0.141698,20.842844,0.171971,54.053281
1403636710163555584.000000,0.000000,0.000000,21.747977,6.411767,0.187810,0.165922,21.362147,0.242787,54.806570
1403636710213555456.000000,0.000000,0.000000,20.249140,6.170164,0.194179,0.152610,21.990475,0.140066,51.971428
1403636710263555584.000000,0.000000,0.000000,21.027134,6.904862,0.200931,0.141089,19.330760,0.928109,53.883294
1403636710313555456.000000,0.000000,0.000000,23.360830,6.328694,0.211235,0.200514,22.229359,0.284452,56.397920
1403636710363555584.000000,0.000000,0.000000,21.663335,6.486200,0.256003,0.203395,22.647060,0.169218,59.196326
1403636710413555456.000000,0.000000,0.000000,20.325013,6.862590,0.246563,0.158595,20.947901,0.178851,53.917054
1403636710463555584.000000,0.000000,0.000000,20.240275,7.144705,0.240388,0.143746,18.858561,0.175811,54.505446
1403636710513555456.000000,0.000000,0.000000,20.798395,8.609461,0.232452,0.139265,20.081522,0.187298,54.700137
1403636710563555584.000000,0.000000,0.000000,21.860777,6.848541,0.228419,0.143266,19.177541,0.171010,56.556482
1403636710613555456.000000,0.000000,0.000000,20.877500,6.729372,0.237411,0.073025,18.011542,0.852460,56.227902
1403636710663555584.000000,0.000000,0.000000,20.514263,6.369847,0.229507,0.220419,20.721754,0.284452,53.303638
1403636710713555456.000000,0.000000,0.000000,24.451372,6.136116,0.216323,0.147842,18.690431,0.152258,54.996333
1403636710763555584.000000,0.000000,0.000000,21.154976,6.660027,0.228996,0.158819,20.629113,0.179939,53.083955
1403636710813555456.000000,0.000000,0.000000,21.324962,6.433208,0.287428,0.141602,19.634412,0.242852,52.220007
1403636710863555584.000000,0.000000,0.000000,20.487735,7.178658,0.233987,0.150466,19.942415,0.954349,51.443421
1403636710913555456.000000,0.000000,0.000000,21.700008,7.905035,0.235651,0.199011,22.493746,0.171010,55.969690
1403636710963555584.000000,0.000000,0.000000,23.201948,6.718492,0.189570,0.159010,22.724502,0.199363,52.555115
1403636711013555456.000000,0.000000,0.000000,22.650548,7.997005,0.208802,0.156866,22.607700,0.174306,56.798054
1403636711063555584.000000,0.000000,0.000000,21.658918,8.373106,0.210723,0.125218,20.888573,0.168035,55.304945
1403636711113555456.000000,0.000000,0.000000,23.970375,9.488513,0.253668,0.088417,21.510341,0.122881,59.543243
1403636711163555584.000000,0.000000,0.000000,19.915759,8.089102,0.122370,0.157346,21.336579,0.131745,56.302175
1403636711213555456.000000,0.000000,0.000000,22.095309,8.499508,0.220067,0.153154,20.515959,0.122625,59.055236
1403636711263555584.000000,0.000000,0.000000,24.291083,8.264144,0.239011,0.154914,21.190145,0.121218,60.613177
1403636711313555456.000000,0.000000,0.000000,20.568152,6.781789,0.269604,0.156642,21.583846,0.132705,61.036831
1403636711363555584.000000,0.000000,0.000000,20.719707,6.411703,0.240739,0.155491,21.303138,1.020334,53.793372
1403636711413555456.000000,0.000000,0.000000,24.732433,8.414899,0.242979,0.198979,24.552494,0.280611,59.800974
1403636711463555584.000000,0.000000,0.000000,21.979308,7.937740,0.213091,0.169379,23.588353,0.160322,55.693494
1403636711513555456.000000,0.000000,0.000000,21.316642,8.129678,0.258468,0.151586,21.202465,0.174146,56.135613
1403636711563555584.000000,0.000000,0.000000,22.069133,8.778168,0.252227,0.175682,21.042239,0.153218,58.060374
1403636711613555456.000000,0.000000,0.000000,22.817111,8.240785,0.233507,0.133410,20.970621,0.161730,58.621215
1403636711663555584.000000,0.000000,0.000000,20.466294,7.253731,0.208035,0.109186,20.974430,0.120866,58.033334
1403636711713555456.000000,0.000000,0.000000,22.306160,7.329091,0.277891,0.179138,21.876042,0.125410,58.949346
1403636711763555584.000000,0.000000,0.000000,23.544545,6.979007,0.199587,0.186434,22.090957,0.131650,57.427854
1403636711813555456.000000,0.000000,0.000000,21.929515,6.920286,0.206915,0.162242,19.792941,0.123073,55.687670
1403636711863555584.000000,0.000000,0.000000,21.087200,7.711465,0.201699,0.165122,20.270964,0.968206,62.500947
1403636711913555456.000000,0.000000,0.000000,22.635476,7.180450,0.212002,0.234948,24.281642,0.281988,56.335167
1403636711963555584.000000,0.000000,0.000000,22.470898,8.740631,0.216579,0.127042,22.577491,0.168610,58.334650
1403636712013555456.000000,0.000000,0.000000,23.310301,9.767301,0.209667,0.145442,19.785677,0.150914,60.787804
1403636712063555584.000000,0.000000,0.000000,21.812137,7.152193,0.205955,0.151618,20.813627,0.199747,53.932286
1403636712113555456.000000,0.000000,0.000000,21.404163,8.635414,0.227459,0.131394,18.801664,0.168386,56.380576
1403636712163555584.000000,0.000000,0.000000,22.071852,6.929310,0.262819,0.164450,19.491786,0.130562,59.033444
1403636712213555456.000000,0.000000,0.000000,21.283394,6.900894,0.245283,0.149442,18.856449,0.120386,56.775173
1403636712263555584.000000,0.000000,0.000000,20.574808,6.806525,0.193027,0.153346,21.271426,0.134978,52.565932
1403636712313555456.000000,0.000000,0.000000,19.523850,6.552121,0.200867,0.149410,21.554277,0.138626,52.442058
1403636712363555584.000000,0.000000,0.000000,19.440457,6.844509,0.190498,0.171266,22.603412,1.057358,50.487376
1403636712413555456.000000,0.000000,0.000000,21.222689,6.892734,0.199619,0.234755,25.912289,0.344453,52.845616
1403636712463555584.000000,0.000000,0.000000,22.056972,6.767068,0.198883,0.141377,21.960844,0.194083,52.762415
1403636712513555456.000000,0.000000,0.000000,22.036492,8.122926,0.226275,0.143042,20.898749,0.190179,56.703812
1403636712563555584.000000,0.000000,0.000000,23.157884,8.455795,0.232099,0.146498,20.555736,0.228739,58.467964
1403636712613555456.000000,0.000000,0.000000,22.938360,8.789752,0.214883,0.149282,20.421942,0.207363,60.814300
1403636712663555584.000000,0.000000,0.000000,21.923755,7.896971,0.210819,0.149698,19.929871,0.858635,62.009900
1403636712713555456.000000,0.000000,0.000000,19.994481,7.950188,0.252452,0.226595,22.189422,0.228227,55.606549
1403636712763555584.000000,0.000000,0.000000,21.036927,6.799292,0.240931,0.170402,21.733768,0.183587,54.162497
1403636712813555456.000000,0.000000,0.000000,19.583018,7.109121,0.247620,0.168099,20.875324,0.167299,52.801359
1403636712863555584.000000,0.000000,0.000000,20.986910,7.777962,0.217443,0.159106,21.218497,0.186723,54.701801
1403636712913555456.000000,0.000000,0.000000,23.600353,7.214914,0.245827,0.169507,20.396725,0.130882,55.851641
1403636712963555584.000000,0.000000,0.000000,21.914282,6.744764,0.199843,0.163810,22.388561,0.135298,56.879494
1403636713013555456.000000,0.000000,0.000000,20.792443,6.375031,0.213475,0.155490,20.419991,0.127298,54.534727
1403636713063555584.000000,0.000000,0.000000,19.609131,6.578202,0.253187,0.165859,20.217235,0.941804,52.433482
1403636713113555456.000000,0.000000,0.000000,20.582456,6.385207,0.217699,0.201987,23.514688,0.279908,53.754396
1403636713163555584.000000,0.000000,0.000000,22.377072,8.225712,0.284452,0.206146,22.147022,0.178114,56.684580
1403636713213555456.000000,0.000000,0.000000,21.419332,6.108755,0.250083,0.157282,21.416452,0.160803,55.336274
1403636713263555584.000000,0.000000,0.000000,22.136110,6.559897,0.263875,0.149730,20.868892,0.176675,54.412069
1403636713313555456.000000,0.000000,0.000000,22.846487,7.774122,0.273251,0.116161,18.654622,0.158114,57.008872
1403636713363555584.000000,0.000000,0.000000,21.882698,6.807773,0.117985,0.075361,19.563818,0.120034,58.032119
1403636713413555456.000000,0.000000,0.000000,21.573925,6.345047,0.240804,0.158466,20.800603,0.124418,55.288817
1403636713463555584.000000,0.000000,0.000000,21.533125,7.297572,0.106465,0.158946,22.573748,0.137026,55.831384
1403636713513555456.000000,0.000000,0.000000,20.325781,6.540025,0.270532,0.149346,20.400246,0.131330,53.285878
1403636713563555584.000000,0.000000,0.000000,21.368131,6.050002,0.287588,0.163810,22.560115,0.945229,51.424317
1403636713613555456.000000,0.000000,0.000000,22.612915,6.438071,0.208323,0.202306,24.850611,0.324325,54.166274
1403636713663555584.000000,0.000000,0.000000,23.087066,7.354116,0.257636,0.117057,21.359971,0.157634,55.641750
1403636713713555456.000000,0.000000,0.000000,21.701511,7.416357,0.317188,0.163426,22.063404,0.182819,57.558608
1403636713763555584.000000,0.000000,0.000000,21.107007,6.765341,0.257027,0.177506,22.453169,0.203427,53.577402
1403636713813555456.000000,0.000000,0.000000,23.787523,7.414693,0.268324,0.154882,20.068273,0.181507,60.321141
1403636713863555584.000000,0.000000,0.000000,21.670055,6.853182,0.278180,0.126689,20.730427,0.119842,59.321800
1403636713913555456.000000,0.000000,0.000000,21.167745,6.301206,0.280996,0.151746,20.987358,0.120961,54.462950
1403636713963555584.000000,0.000000,0.000000,21.590950,6.725595,0.270372,0.170275,22.503826,0.130658,56.011066
1403636714013555456.000000,0.000000,0.000000,20.743643,7.054752,0.278116,0.165634,22.811799,0.132578,56.579235
1403636714063555584.000000,0.000000,0.000000,18.884257,6.578618,0.269508,0.157859,22.374704,0.845323,51.043735
1403636714113555456.000000,0.000000,0.000000,22.274095,6.352887,0.225219,0.201859,26.185540,0.316100,54.552263
1403636714163555584.000000,0.000000,0.000000,20.866108,7.084769,0.229379,0.132642,24.049799,0.215715,54.213602
1403636714213555456.000000,0.000000,0.000000,22.127181,7.251107,0.239587,0.158562,23.670179,0.205955,57.630481
1403636714263555584.000000,0.000000,0.000000,21.290050,7.255299,0.270052,0.171010,22.274672,0.253251,57.127434
1403636714313555456.000000,0.000000,0.000000,20.223731,8.460019,0.265603,0.144866,20.356149,0.140898,57.402542
1403636714363555584.000000,0.000000,0.000000,21.444996,6.838397,0.282084,0.152706,21.272162,0.130082,60.722202
1403636714413555456.000000,0.000000,0.000000,25.816415,7.715049,0.265892,0.150210,22.684213,0.930093,63.735972
1403636714463555584.000000,0.000000,0.000000,27.479254,7.958893,0.248995,0.194946,26.427848,0.348229,64.929748
1403636714513555456.000000,0.000000,0.000000,22.392209,6.278966,0.325924,0.140354,22.065101,0.178371,57.332813
1403636714563555584.000000,0.000000,0.000000,20.131250,6.169812,0.294372,0.159682,23.581473,0.212611,50.628785
1403636714613555456.000000,0.000000,0.000000,21.239906,6.273909,0.307108,0.161282,23.169147,0.218627,54.472582
1403636714663555584.000000,0.000000,0.000000,23.050746,8.639670,0.337157,0.144258,20.811707,0.155362,60.790012
1403636714713555456.000000,0.000000,0.000000,23.604897,6.571993,0.335300,0.147778,20.421302,0.127042,62.646581
1403636714763555584.000000,0.000000,0.000000,31.393099,8.390034,0.340548,0.150978,22.585075,0.934093,68.152256
1403636714813555456.000000,0.000000,0.000000,21.927690,7.249219,0.309700,0.203491,25.149718,0.338276,59.144613
1403636714863555584.000000,0.000000,0.000000,24.835122,7.113505,0.336357,0.130210,21.978315,0.181122,61.403684
1403636714913555456.000000,0.000000,0.000000,20.936862,6.702779,0.307972,0.145826,21.653127,0.188067,54.344996
1403636714963555584.000000,0.000000,0.000000,20.854940,6.642042,0.299588,0.141378,20.598809,0.193315,52.838896
1403636715013555456.000000,0.000000,0.000000,23.144059,8.134735,0.353125,0.140257,19.722220,0.192898,60.753499
1403636715063555584.000000,0.000000,0.000000,22.589204,6.542169,0.260707,0.154306,22.030028,0.142722,60.801372
1403636715113555456.000000,0.000000,0.000000,21.582470,6.208597,0.260708,0.155714,22.511379,0.133378,55.603125
1403636715163555584.000000,0.000000,0.000000,22.641813,6.562617,0.262660,0.151682,20.771291,0.124130,57.279916
1403636715213555456.000000,0.000000,0.000000,22.590227,6.196117,0.252195,0.152354,21.454692,0.127490,55.073326
1403636715263555584.000000,0.000000,0.000000,21.897483,6.073906,0.243876,0.154914,21.736616,0.779435,52.619661
1403636715313555456.000000,0.000000,0.000000,21.157248,5.789775,0.253380,0.218883,25.312600,0.296516,53.779548
1403636715363555584.000000,0.000000,0.000000,20.798587,7.691177,0.335781,0.138753,23.548705,0.188098,56.672516
1403636715413555456.000000,0.000000,0.000000,21.022238,6.831645,0.296740,0.151490,23.354750,0.188802,54.326339
1403636715463555584.000000,0.000000,0.000000,22.318288,6.722428,0.341540,0.161314,22.446642,0.187586,56.218717
1403636715513555456.000000,0.000000,0.000000,22.831255,7.002367,0.315397,0.166787,22.751925,0.138370,57.837491
1403636715563555584.000000,0.000000,0.000000,23.576705,4.620319,0.106946,0.185058,24.087656,0.125794,60.081075
1403636715613555456.000000,0.000000,0.000000,24.405996,5.629933,0.266020,0.160738,23.793476,0.125953,59.741838
1403636715663555584.000000,0.000000,0.000000,27.257171,6.774556,0.260708,0.183458,24.834803,0.132674,63.337822
1403636715713555456.000000,0.000000,0.000000,22.741814,6.605242,0.252291,0.156706,23.134619,0.131874,57.528496
1403636715763555584.000000,0.000000,0.000000,21.448356,7.088960,0.269987,0.160258,24.247626,0.804203,57.047497
1403636715813555456.000000,0.000000,0.000000,20.688057,6.673467,0.363429,0.191523,25.882400,0.305765,57.377965
1403636715863555584.000000,0.000000,0.000000,23.123387,8.608790,0.335685,0.202787,23.091514,0.162178,61.355364
1403636715913555456.000000,0.000000,0.000000,22.296496,6.148500,0.307556,0.158018,21.959883,0.177890,59.399401
1403636715963555584.000000,0.000000,0.000000,22.137773,7.125121,0.260547,0.180963,22.411505,0.204194,57.946709
1403636716013555456.000000,0.000000,0.000000,22.459154,7.804170,0.290436,0.163618,23.667554,0.163810,60.887069
1403636716063555584.000000,0.000000,0.000000,22.724789,7.131809,0.293316,0.170338,20.417366,0.140610,61.667624
1403636716113555456.000000,0.000000,0.000000,22.105357,6.828317,0.253348,0.166915,21.485956,0.131842,58.100791
1403636716163555584.000000,0.000000,0.000000,19.936784,6.178964,0.251907,0.171426,23.410047,0.129537,52.433738
1403636716213555456.000000,0.000000,0.000000,22.591476,6.702236,0.279140,0.195171,24.489453,0.130018,57.995158
1403636716263555584.000000,0.000000,0.000000,22.020332,6.410392,0.253700,0.177538,22.349616,0.638793,57.800915
1403636716313555456.000000,0.000000,0.000000,22.243567,6.246261,0.249732,0.192290,26.092420,0.271395,54.563719
1403636716363555584.000000,0.000000,0.000000,20.827675,6.724219,0.256547,0.196003,24.178985,0.184226,54.723625
1403636716413555456.000000,0.000000,0.000000,22.770870,7.766825,0.274020,0.168771,24.300075,0.189763,59.610092
1403636716463555584.000000,0.000000,0.000000,22.492338,7.430437,0.339877,0.182466,22.032908,0.198307,60.656890
1403636716513555456.000000,0.000000,0.000000,22.927864,7.098368,0.260292,0.145186,20.866140,0.159331,58.686527
1403636716563555584.000000,0.000000,0.000000,22.420017,6.324759,0.287972,0.146402,20.448662,0.675721,61.188481
1403636716613555456.000000,0.000000,0.000000,22.226319,6.049970,0.287140,0.221091,22.649428,0.265284,58.766113
1403636716663555584.000000,0.000000,0.000000,23.334750,7.056416,0.265859,0.170242,21.140224,0.177794,58.911010
1403636716713555456.000000,0.000000,0.000000,21.055615,6.253493,0.288100,0.159458,23.353790,0.202179,55.684694
1403636716763555584.000000,0.000000,0.000000,21.471332,6.296022,0.245476,0.160578,21.624230,0.182051,54.659497
1403636716813555456.000000,0.000000,0.000000,22.059340,6.927550,0.241027,0.155394,20.650809,0.157602,55.307217
1403636716863555584.000000,0.000000,0.000000,20.647321,5.960529,0.264996,0.151234,20.598872,0.120930,53.660923
1403636716913555456.000000,0.000000,0.000000,22.748854,6.227829,0.241731,0.160322,20.532408,0.129473,56.404544
1403636716963555584.000000,0.000000,0.000000,23.775908,6.444183,0.262404,0.150178,20.367445,0.717385,59.730414
1403636717013555456.000000,0.000000,0.000000,21.456836,6.428472,0.254372,0.171587,23.963814,0.309572,55.444915
1403636717063555584.000000,0.000000,0.000000,21.970283,6.433880,0.247875,0.191203,22.689141,0.182786,54.800683
1403636717113555456.000000,0.000000,0.000000,20.688762,6.231221,0.245252,0.151554,23.169275,0.207491,52.947409
1403636717163555584.000000,0.000000,0.000000,22.324720,6.495320,0.303748,0.170627,23.940710,0.207555,54.487942
1403636717213555456.000000,0.000000,0.000000,22.929209,5.957041,0.250020,0.150050,21.339714,0.169346,55.530708
1403636717263555584.000000,0.000000,0.000000,23.264349,6.170132,0.267715,0.151330,21.749576,0.129922,59.484650
1403636717313555456.000000,0.000000,0.000000,20.919261,6.073395,0.250723,0.162083,24.398764,0.138050,55.720951
1403636717363555584.000000,0.000000,0.000000,22.844151,6.362294,0.313125,0.158147,21.854409,0.121025,58.223641
1403636717413555456.000000,0.000000,0.000000,24.295531,7.029216,0.340324,0.187555,24.880147,0.138594,61.417317
1403636717463555584.000000,0.000000,0.000000,28.161023,6.687291,0.333093,0.164099,22.640180,0.758283,61.311779
1403636717513555456.000000,0.000000,0.000000,22.598963,7.148738,0.313060,0.204451,26.049891,0.319557,57.210667
1403636717563555584.000000,0.000000,0.000000,24.370956,8.029805,0.305572,0.188291,21.833097,0.169634,62.619413
1403636717613555456.000000,0.000000,0.000000,23.381374,6.867614,0.264163,0.169315,21.152032,0.190179,57.810451
1403636717663555584.000000,0.000000,0.000000,21.827049,7.046207,0.282020,0.155842,21.369059,0.195170,59.887375
1403636717713555456.000000,0.000000,0.000000,23.612482,7.527655,0.259587,0.134306,20.596120,0.165250,60.018545
1403636717763555584.000000,0.000000,0.000000,23.180923,5.745230,0.270819,0.143970,22.989145,0.126530,61.277123
1403636717813555456.000000,0.000000,0.000000,23.486816,7.211970,0.245027,0.157410,21.907147,0.134594,58.355643
1403636717863555584.000000,0.000000,0.000000,21.638470,5.658541,0.239555,0.151298,23.213052,0.787051,53.063346
1403636717913555456.000000,0.000000,0.000000,23.699203,6.253397,0.248067,0.156770,24.287307,0.291300,57.085033
1403636717963555584.000000,0.000000,0.000000,22.690933,6.178996,0.251715,0.169443,22.745493,0.194627,62.241104
1403636718013555456.000000,0.000000,0.000000,20.270836,6.339991,0.274980,0.159938,23.727715,0.211459,55.411859
1403636718063555584.000000,0.000000,0.000000,21.406979,6.641819,0.272644,0.163042,22.956025,0.212162,55.627861
1403636718113555456.000000,0.000000,0.000000,21.668647,7.477862,0.295076,0.129601,21.961643,0.188995,58.580318
1403636718163555584.000000,0.000000,0.000000,21.885578,6.958783,0.276868,0.137986,21.508869,0.120482,59.690157
1403636718213555456.000000,0.000000,0.000000,23.610818,6.439736,0.272131,0.154690,20.610073,0.830475,58.944355
1403636718263555584.000000,0.000000,0.000000,22.660501,7.925388,0.261252,0.224803,22.018380,0.299748,60.569241
1403636718313555456.000000,0.000000,0.000000,22.160589,6.937438,0.259748,0.122018,21.556550,0.189443,57.939701
1403636718363555584.000000,0.000000,0.000000,21.756296,6.919966,0.273124,0.149634,21.817097,0.226116,56.743845
1403636718413555456.000000,0.000000,0.000000,20.209651,6.453175,0.307332,0.143554,21.556229,0.224387,53.793180
1403636718463555584.000000,0.000000,0.000000,21.712392,6.412695,0.294916,0.128290,21.041854,0.186627,55.121519
1403636718513555456.000000,0.000000,0.000000,22.557907,6.981631,0.259588,0.134081,19.861262,0.790314,57.295020
1403636718563555584.000000,0.000000,0.000000,22.345072,6.897502,0.267779,0.203491,21.315938,0.207427,56.652772
1403636718613555456.000000,0.000000,0.000000,20.843771,6.682011,0.304901,0.147042,21.597606,0.192003,55.236848
1403636718663555584.000000,0.000000,0.000000,22.774902,7.135425,0.336389,0.148162,22.145837,0.203139,57.728114
1403636718713555456.000000,0.000000,0.000000,21.296450,7.149506,0.344613,0.149122,22.087309,0.200163,55.492692
1403636718763555584.000000,0.000000,0.000000,22.037068,7.157026,0.333925,0.144770,20.681818,0.149666,55.508628
1403636718813555456.000000,0.000000,0.000000,21.583622,6.251989,0.321636,0.108161,20.681146,0.132801,54.877675
1403636718863555584.000000,0.000000,0.000000,22.516851,6.908543,0.272612,0.155683,21.652774,0.136770,57.024329
1403636718913555456.000000,0.000000,0.000000,21.201985,7.084545,0.272324,0.154978,23.000473,0.141218,56.387840
1403636718963555584.000000,0.000000,0.000000,22.909432,7.323620,0.266915,0.148066,21.306275,0.129826,58.037686
1403636719013555456.000000,0.000000,0.000000,21.308739,6.488056,0.332804,0.141730,19.986544,0.749930,54.358149
1403636719063555584.000000,0.000000,0.000000,20.458263,7.329508,0.263812,0.206211,24.077576,0.294468,53.986975
1403636719113555456.000000,0.000000,0.000000,25.959106,7.397381,0.281187,0.165762,21.618278,0.178723,60.252245
1403636719163555584.000000,0.000000,0.000000,23.142236,8.109678,0.305668,0.151938,21.463108,0.197827,60.009202
1403636719213555456.000000,0.000000,0.000000,21.756968,7.262403,0.263139,0.147170,22.225391,0.196579,56.034171
1403636719263555584.000000,0.000000,0.000000,21.716456,8.786552,0.277955,0.133185,21.851082,0.170594,56.635203
1403636719313555456.000000,0.000000,0.000000,22.493714,6.696731,0.293412,0.145538,22.763702,0.148066,59.361256
1403636719363555584.000000,0.000000,0.000000,21.438020,6.351671,0.252036,0.156322,23.175228,0.134145,54.160833
1403636719413555456.000000,0.000000,0.000000,22.561811,7.131041,0.236995,0.147458,21.949611,0.129249,56.877446
1403636719463555584.000000,0.000000,0.000000,20.682362,8.519700,0.318212,0.129889,20.218900,0.834764,57.185099
1403636719513555456.000000,0.000000,0.000000,20.410102,8.426067,0.258116,0.230723,23.394591,0.256739,64.840339
1403636719563555584.000000,0.000000,0.000000,21.516741,6.978047,0.276260,0.140930,22.466578,0.179106,56.380000
1403636719613555456.000000,0.000000,0.000000,23.079034,7.150337,0.277124,0.147650,23.344318,0.207778,59.365289
1403636719663555584.000000,0.000000,0.000000,23.835013,7.768297,0.272196,0.137729,20.489591,0.179939,59.339080
1403636719713555456.000000,0.000000,0.000000,21.073471,7.958604,0.260964,0.137058,21.163936,0.205346,55.394322
1403636719763555584.000000,0.000000,0.000000,22.068205,6.853341,0.265092,0.160546,22.432369,0.126753,58.371739
1403636719813555456.000000,0.000000,0.000000,22.588788,8.286609,0.256739,0.156834,23.077402,0.129282,59.123461
1403636719863555584.000000,0.000000,0.000000,21.255809,6.047762,0.261348,0.171266,21.853130,0.126786,55.919641
1403636719913555456.000000,0.000000,0.000000,22.361553,5.837903,0.252004,0.186339,23.469311,0.137826,53.030290
1403636719963555584.000000,0.000000,0.000000,22.951737,6.279381,0.261668,0.162274,24.037927,0.784491,56.307615
1403636720013555456.000000,0.000000,0.000000,21.970315,5.680526,0.260356,0.177378,23.042266,0.300420,55.796088
1403636720063555584.000000,0.000000,0.000000,21.589734,7.301027,0.291716,0.145666,22.937976,0.174595,57.615089
1403636720113555456.000000,0.000000,0.000000,22.553267,7.092416,0.259620,0.154658,21.456068,0.173890,57.479247
1403636720163555584.000000,0.000000,0.000000,24.490957,7.354468,0.262211,0.146082,22.388209,0.202434,61.559847
1403636720213555456.000000,0.000000,0.000000,22.299312,7.022816,0.301444,0.097889,19.514954,0.155426,59.732845
1403636720263555584.000000,0.000000,0.000000,24.424812,6.224341,0.264548,0.090433,21.616646,0.136258,60.046225
1403636720313555456.000000,0.000000,0.000000,24.009607,6.371094,0.280932,0.140194,19.307590,0.114210,59.358824
1403636720363555584.000000,0.000000,0.000000,22.905751,6.618138,0.268772,0.146593,22.019243,0.125410,56.816837
1403636720413555456.000000,0.000000,0.000000,22.133805,7.789258,0.266052,0.146018,22.126926,0.123042,58.576317
1403636720463555584.000000,0.000000,0.000000,21.550341,6.582393,0.255236,0.144930,21.455716,0.825547,53.486584
1403636720513555456.000000,0.000000,0.000000,20.721946,6.058099,0.276388,0.179715,23.996646,0.250948,53.624410
1403636720563555584.000000,0.000000,0.000000,21.571014,6.024818,0.265156,0.138210,21.975083,0.154402,50.750003
1403636720613555456.000000,0.000000,0.000000,22.937081,8.239024,0.300772,0.160130,23.254140,0.202915,58.835393
1403636720663555584.000000,0.000000,0.000000,21.904778,7.446982,0.282468,0.160546,23.495808,0.189378,57.265068
1403636720713555456.000000,0.000000,0.000000,22.363920,7.438341,0.279204,0.135682,23.629730,0.170178,57.688177
1403636720763555584.000000,0.000000,0.000000,22.058957,6.576986,0.266467,0.145154,23.590402,0.140578,58.619262
1403636720813555456.000000,0.000000,0.000000,24.770769,6.989663,0.254371,0.114753,22.059309,0.118882,59.857519
1403636720863555584.000000,0.000000,0.000000,21.037855,6.241493,0.254404,0.179714,23.073338,0.129730,55.927577
1403636720913555456.000000,0.000000,0.000000,21.386851,6.184724,0.279268,0.171650,24.560143,0.145281,57.005800
1403636720963555584.000000,0.000000,0.000000,21.441284,6.183700,0.267619,0.155523,24.840530,0.801674,57.540271
1403636721013555456.000000,0.000000,0.000000,23.475296,6.523961,0.262371,0.246019,26.966192,0.302180,59.328968
1403636721063555584.000000,0.000000,0.000000,20.899709,6.328790,0.271812,0.127682,23.830756,0.174338,53.989439
1403636721113555456.000000,0.000000,0.000000,23.002297,7.969357,0.288708,0.153794,22.882296,0.207907,59.762030
1403636721163555584.000000,0.000000,0.000000,22.036364,6.308662,0.289924,0.170530,23.069978,0.185154,59.142725
1403636721213555456.000000,0.000000,0.000000,22.159405,7.628807,0.310244,0.134882,22.676276,0.163586,61.376291
1403636721263555584.000000,0.000000,0.000000,28.106782,6.536441,0.301956,0.149730,24.687280,0.133506,68.482181
1403636721313555456.000000,0.000000,0.000000,24.753841,7.284355,0.269315,0.168771,22.624468,0.128738,61.856715
1403636721363555584.000000,0.000000,0.000000,21.465124,6.021906,0.268931,0.150178,21.816649,0.123393,55.543924
1403636721413555456.000000,0.000000,0.000000,22.340048,6.342006,0.379941,0.158530,23.846597,0.127778,57.867124
1403636721463555584.000000,0.000000,0.000000,20.569336,6.011538,0.268355,0.170914,24.991316,0.702346,56.487329
1403636721513555456.000000,0.000000,0.000000,21.260161,6.077875,0.352805,0.161123,23.144635,0.284612,57.861748
1403636721563555584.000000,0.000000,0.000000,21.734023,7.377124,0.303108,0.189187,24.509390,0.187267,57.517647
1403636721613555456.000000,0.000000,0.000000,22.529587,6.320502,0.287364,0.157058,24.024807,0.205795,56.446816
1403636721663555584.000000,0.000000,0.000000,24.067752,7.531366,0.397382,0.159266,20.424310,0.225219,61.582791
1403636721713555456.000000,0.000000,0.000000,24.204106,7.321892,0.307172,0.112449,18.415323,0.138818,63.362526
1403636721763555584.000000,0.000000,0.000000,23.833893,6.014578,0.272803,0.135906,17.589872,0.115746,59.240615
1403636721813555456.000000,0.000000,0.000000,21.383908,6.089523,0.326980,0.114369,22.091053,0.116225,59.094693
1403636721863555584.000000,0.000000,0.000000,22.009548,6.023506,0.298916,0.148162,21.908202,0.119138,57.725330
1403636721913555456.000000,0.000000,0.000000,22.465938,4.595487,0.272772,0.149954,23.822180,0.128002,53.985247
1403636721963555584.000000,0.000000,0.000000,23.730563,4.851234,0.269508,0.152578,24.622416,0.751370,53.091795
1403636722013555456.000000,0.000000,0.000000,26.160708,4.878594,0.242915,0.162402,24.965844,0.249667,54.398917
1403636722063555584.000000,0.000000,0.000000,21.759241,5.084645,0.254692,0.142850,23.509984,0.171714,54.901676
1403636722113555456.000000,0.000000,0.000000,23.019609,7.323876,0.279620,0.166274,23.280381,0.196099,58.230073
1403636722163555584.000000,0.000000,0.000000,24.414572,7.336388,0.276964,0.152322,22.524210,0.167362,61.430340
1403636722213555456.000000,0.000000,0.000000,23.626210,8.216944,0.313732,0.134786,22.844087,0.148130,63.431040
1403636722263555584.000000,0.000000,0.000000,24.142089,7.532038,0.271940,0.149570,24.433677,0.118689,62.978874
1403636722313555456.000000,0.000000,0.000000,22.274031,6.335927,0.299876,0.168450,25.850272,0.134242,58.640350
1403636722363555584.000000,0.000000,0.000000,21.373827,6.262165,0.264932,0.162083,25.975297,0.132866,56.694148
1403636722413555456.000000,0.000000,0.000000,22.431730,6.064338,0.275972,0.167778,25.841056,0.128226,56.439776
1403636722463555584.000000,0.000000,0.000000,22.827863,6.575929,0.292900,0.156771,26.697547,0.730282,65.643197
1403636722513555456.000000,0.000000,0.000000,24.015047,7.388452,0.335204,0.167234,25.989538,0.329669,61.886794
1403636722563555584.000000,0.000000,0.000000,26.238757,7.474469,0.347429,0.158434,25.089430,0.196418,65.587549
1403636722613555456.000000,0.000000,0.000000,24.065544,7.598920,0.370021,0.154754,25.447194,0.210083,63.945895
1403636722663555584.000000,0.000000,0.000000,23.039354,8.488372,0.364133,0.156450,23.782916,0.183139,63.415840
1403636722713555456.000000,0.000000,0.000000,23.469632,8.220208,0.353188,0.123713,22.835767,0.166754,65.219000
1403636722763555584.000000,0.000000,0.000000,25.397113,8.973786,0.329189,0.136002,24.003239,0.124162,66.962800
1403636722813555456.000000,0.000000,0.000000,21.120640,6.490712,0.328356,0.172738,25.817760,0.124162,59.146054
1403636722863555584.000000,0.000000,0.000000,20.646041,6.952734,0.327749,0.166147,24.634287,0.125185,59.375689
1403636722913555456.000000,0.000000,0.000000,21.433635,6.372055,0.278404,0.164387,23.242716,0.121313,57.666833
1403636722963555584.000000,0.000000,0.000000,21.373315,6.128980,0.304453,0.157474,23.570337,0.626409,61.565222
1403636723013555456.000000,0.000000,0.000000,22.472242,6.766876,0.310788,0.176930,24.366316,0.293124,59.140709
1403636723063555584.000000,0.000000,0.000000,24.264203,7.155393,0.355941,0.204226,23.235325,0.169218,62.701814
1403636723113555456.000000,0.000000,0.000000,23.647938,7.409861,0.326084,0.153442,22.593651,0.186403,62.464051
1403636723163555584.000000,0.000000,0.000000,23.197788,7.453798,0.322692,0.166306,24.091144,0.203651,60.038258
1403636723213555456.000000,0.000000,0.000000,22.609204,7.163617,0.314821,0.118305,23.304094,0.175746,59.862416
1403636723263555584.000000,0.000000,0.000000,21.711336,6.181236,0.288196,0.160898,25.080726,0.128898,58.468828
1403636723313555456.000000,0.000000,0.000000,21.927915,5.729326,0.309253,0.182370,25.659134,0.134434,58.832769
1403636723363555584.000000,0.000000,0.000000,21.875306,5.915793,0.268132,0.165027,23.538720,0.126369,56.653284
1403636723413555456.000000,0.000000,0.000000,22.127821,6.385271,0.306020,0.168578,25.403322,0.135937,58.751583
1403636723463555584.000000,0.000000,0.000000,21.254785,6.168180,0.277156,0.165634,22.878296,0.599753,63.916486
1403636723513555456.000000,0.000000,0.000000,23.562241,6.651387,0.311556,0.167074,26.591210,0.305189,61.459973
1403636723563555584.000000,0.000000,0.000000,22.934488,6.518265,0.339525,0.157954,24.546990,0.214499,61.084895
1403636723613555456.000000,0.000000,0.000000,25.709758,7.281315,0.304868,0.176642,25.066357,0.214179,62.463442
1403636723663555584.000000,0.000000,0.000000,22.276559,6.457112,0.369093,0.172930,23.820357,0.190562,60.450615
1403636723713555456.000000,0.000000,0.000000,21.736424,7.337092,0.314980,0.128450,23.802244,0.167523,58.342203
1403636723763555584.000000,0.000000,0.000000,20.855100,6.625946,0.345029,0.154978,23.603714,0.137890,60.581913
1403636723813555456.000000,0.000000,0.000000,24.512654,6.457976,0.326309,0.171458,24.834738,0.127681,62.152399
1403636723863555584.000000,0.000000,0.000000,22.435730,6.125427,0.281028,0.168931,22.405105,0.115426,60.510680
1403636723913555456.000000,0.000000,0.000000,23.623874,6.368566,0.288484,0.164674,24.547406,0.127010,61.702728
1403636723963555584.000000,0.000000,0.000000,20.427702,6.290837,0.292004,0.168450,24.325644,0.685482,65.057366
1403636724013555456.000000,0.000000,0.000000,22.362672,6.079891,0.287300,0.165571,24.508269,0.328484,58.418907
1403636724063555584.000000,0.000000,0.000000,23.911782,6.531545,0.315333,0.157378,23.290621,0.244163,61.356964
1403636724113555456.000000,0.000000,0.000000,22.501074,6.414072,0.318724,0.152259,23.951270,0.208899,57.129674
1403636724163555584.000000,0.000000,0.000000,22.528339,7.213378,0.334885,0.141794,23.957254,0.205187,60.361878
1403636724213555456.000000,0.000000,0.000000,23.018009,7.086849,0.326852,0.156067,23.453631,0.182882,61.170017
1403636724263555584.000000,0.000000,0.000000,22.032684,7.024032,0.331684,0.151234,22.566067,0.173090,59.893904
1403636724313555456.000000,0.000000,0.000000,23.857092,6.874525,0.321829,0.170338,24.612399,0.128578,60.217972
1403636724363555584.000000,0.000000,0.000000,21.857514,6.670523,0.322692,0.168162,23.219292,0.122882,59.011811
1403636724413555456.000000,0.000000,0.000000,21.460517,6.346678,0.312932,0.179523,25.013108,0.132674,58.090903
1403636724463555584.000000,0.000000,0.000000,22.547315,6.852125,0.290052,0.198371,26.161508,0.677322,58.865473
1403636724513555456.000000,0.000000,0.000000,22.261935,6.439672,0.291012,0.179491,27.193554,0.320292,57.362125
1403636724563555584.000000,0.000000,0.000000,23.617858,5.731022,0.324133,0.176099,24.174185,0.216643,60.183859
1403636724613555456.000000,0.000000,0.000000,23.505056,7.344548,0.354213,0.157346,23.655842,0.188963,60.271893
1403636724663555584.000000,0.000000,0.000000,23.540129,6.168724,0.362277,0.162082,23.450847,0.180771,61.166209
1403636724713555456.000000,0.000000,0.000000,23.289181,6.226229,0.372965,0.165794,23.948678,0.177826,62.818423
1403636724763555584.000000,0.000000,0.000000,24.560206,6.119059,0.297636,0.191331,22.564051,0.144610,64.603792
1403636724813555456.000000,0.000000,0.000000,22.778295,7.371108,0.330692,0.171075,24.720592,0.124738,60.657018
1403636724863555584.000000,0.000000,0.000000,20.748250,6.071315,0.287044,0.182371,25.845663,0.150082,56.841222
1403636724913555456.000000,0.000000,0.000000,21.943051,5.961713,0.302180,0.176579,23.147707,0.114177,57.722514
1403636724963555584.000000,0.000000,0.000000,21.285249,6.352791,0.302564,0.192963,26.055971,0.604073,57.715762
1403636725013555456.000000,0.000000,0.000000,23.438239,7.803115,0.311236,0.099649,26.672747,0.151746,59.803918
1403636725063555584.000000,0.000000,0.000000,22.007692,6.167092,0.346692,0.119906,20.294708,0.165826,59.154693
1403636725113555456.000000,0.000000,0.000000,23.301981,7.426150,0.341541,0.159586,21.813673,0.190274,63.122588
1403636725163555584.000000,0.000000,0.000000,23.126011,7.107585,0.372229,0.158530,21.345058,0.235267,59.554187
1403636725213555456.000000,0.000000,0.000000,23.950598,7.123265,0.349828,0.122466,20.105106,0.165538,63.986471
1403636725263555584.000000,0.000000,0.000000,22.290991,7.427653,0.460166,0.169890,21.029343,0.198819,63.348447
1403636725313555456.000000,0.000000,0.000000,22.971192,5.061125,0.272932,0.178626,20.703546,0.097985,54.832298
1403636725363555584.000000,0.000000,0.000000,26.069475,4.978243,0.282724,0.178147,21.075167,0.101218,59.406473
1403636725413555456.000000,0.000000,0.000000,24.029959,4.969572,0.298564,0.188931,23.829988,0.124866,57.123626
1403636725463555584.000000,0.000000,0.000000,21.549734,4.972035,0.271780,0.189635,24.592398,0.588136,52.916273
1403636725513555456.000000,0.000000,0.000000,22.402033,5.435082,0.270244,0.182371,25.026068,0.281572,55.117583
1403636725563555584.000000,0.000000,0.000000,21.588006,5.858192,0.271908,0.161634,24.039560,0.176739,53.044242
1403636725613555456.000000,0.000000,0.000000,24.663952,5.731694,0.287492,0.171683,25.155414,0.208931,57.425838
1403636725663555584.000000,0.000000,0.000000,24.098728,7.435141,0.326660,0.171075,24.267562,0.183234,61.538342
1403636725713555456.000000,0.000000,0.000000,22.395825,7.401861,0.341221,0.185411,24.258346,0.157666,61.011839
1403636725763555584.000000,0.000000,0.000000,23.446591,6.083123,0.305956,0.164994,26.950287,0.146370,60.960414
1403636725813555456.000000,0.000000,0.000000,22.919736,6.344087,0.302308,0.191459,24.490350,0.117538,59.756334
1403636725863555584.000000,0.000000,0.000000,23.504032,7.538406,0.303716,0.178211,24.363211,0.116930,62.605012
1403636725913555456.000000,0.000000,0.000000,23.420575,7.647016,0.289508,0.179139,25.579932,0.124065,61.317955
1403636725963555584.000000,0.000000,0.000000,20.466486,6.493080,0.384677,0.178787,24.082856,0.589256,57.329228
1403636726013555456.000000,0.000000,0.000000,21.723944,5.773679,0.296069,0.163650,26.152548,0.272644,59.091364
1403636726063555584.000000,0.000000,0.000000,22.245647,6.813309,0.298532,0.195427,25.650813,0.227299,59.448329
1403636726113555456.000000,0.000000,0.000000,23.257789,6.381367,0.295076,0.172258,23.664034,0.181730,60.047378
1403636726163555584.000000,0.000000,0.000000,23.725987,6.811293,0.322724,0.168963,23.565089,0.173347,62.280912
1403636726213555456.000000,0.000000,0.000000,22.134702,6.263925,0.306404,0.175331,23.738275,0.177794,58.912131
1403636726263555584.000000,0.000000,0.000000,24.611663,6.403671,0.297476,0.218691,22.890840,0.143938,63.238365
1403636726313555456.000000,0.000000,0.000000,22.829782,6.204341,0.319333,0.179843,22.779894,0.118689,60.967390
1403636726363555584.000000,0.000000,0.000000,21.824553,5.783471,0.284868,0.202434,24.538606,0.127618,57.509327
1403636726413555456.000000,0.000000,0.000000,22.183598,5.838320,0.286660,0.192867,25.602716,0.133666,57.785875
1403636726463555584.000000,0.000000,0.000000,23.877765,5.978226,0.296004,0.191074,26.521801,0.616552,59.772270
1403636726513555456.000000,0.000000,0.000000,24.266154,6.248501,0.289188,0.090529,26.816845,0.142018,59.591787
1403636726563555584.000000,0.000000,0.000000,21.421028,6.341495,0.304548,0.129441,20.426038,0.169635,56.339071
1403636726613555456.000000,0.000000,0.000000,23.765348,6.742748,0.375206,0.164098,21.730536,0.195555,61.525350
1403636726663555584.000000,0.000000,0.000000,24.709360,7.333027,0.316164,0.170786,20.418358,0.233027,63.752773
1403636726713555456.000000,0.000000,0.000000,22.528787,6.961055,0.349317,0.116898,19.366087,0.170178,62.754711
1403636726763555584.000000,0.000000,0.000000,22.788630,7.879340,0.394757,0.134274,18.812256,0.107489,63.741828
1403636726813555456.000000,0.000000,0.000000,24.578319,5.146950,0.280996,0.175363,22.323024,0.127458,56.380479
1403636726863555584.000000,0.000000,0.000000,23.234172,5.194951,0.351653,0.177026,23.906950,0.122658,56.419776
1403636726913555456.000000,0.000000,0.000000,22.367952,5.105478,0.299332,0.180386,22.612948,0.117377,54.662376
1403636726963555584.000000,0.000000,0.000000,24.011495,5.054149,0.328036,0.178530,25.218679,0.602728,54.778570
1403636727013555456.000000,0.000000,0.000000,23.617378,4.943395,0.262659,0.090049,24.196234,0.138274,53.066771
1403636727063555584.000000,0.000000,0.000000,23.400447,5.965937,0.322564,0.175650,22.693077,0.159458,57.466286
1403636727113555456.000000,0.000000,0.000000,23.361022,6.467448,0.396262,0.193891,24.288202,0.208899,59.974544
1403636727163555584.000000,0.000000,0.000000,23.500320,6.793788,0.306725,0.205731,24.656303,0.185443,58.663583
1403636727213555456.000000,0.000000,0.000000,23.311677,7.361061,0.336101,0.169794,29.176397,0.149090,62.426706
1403636727263555584.000000,0.000000,0.000000,23.902662,6.484888,0.295460,0.203107,25.250136,0.126017,61.029695
1403636727313555456.000000,0.000000,0.000000,23.830564,6.609274,0.280260,0.194818,25.393370,0.124354,58.283994
1403636727363555584.000000,0.000000,0.000000,23.522432,7.035679,0.287524,0.187779,24.449229,0.131714,61.115072
1403636727413555456.000000,0.000000,0.000000,22.589587,6.252373,0.304324,0.185762,23.418847,0.118305,60.400246
1403636727463555584.000000,0.000000,0.000000,22.204463,6.243253,0.297700,0.177763,23.544128,0.548391,64.079625
1403636727513555456.000000,0.000000,0.000000,22.694421,6.693563,0.357157,0.229443,27.730586,0.282756,60.932862
1403636727563555584.000000,0.000000,0.000000,26.591370,7.253379,0.369189,0.164610,25.402170,0.187074,65.292825
1403636727613555456.000000,0.000000,0.000000,23.773443,6.736732,0.319652,0.186306,26.540010,0.222243,60.856541
1403636727663555584.000000,0.000000,0.000000,24.699632,6.317206,0.318597,0.220355,27.026672,0.207203,60.352949
1403636727713555456.000000,0.000000,0.000000,25.153974,6.927647,0.322660,0.181986,33.939310,0.163842,62.327920
1403636727763555584.000000,0.000000,0.000000,24.872498,7.807722,0.332740,0.202851,25.122966,0.122786,66.906959
1403636727813555456.000000,0.000000,0.000000,23.575617,6.617658,0.304996,0.229059,24.369676,0.122146,60.623193
1403636727863555584.000000,0.000000,0.000000,22.641876,6.600794,0.331653,0.195715,24.508046,0.123202,62.580852
1403636727913555456.000000,0.000000,0.000000,22.345136,6.375543,0.310309,0.187554,24.038184,0.127586,62.678037
1403636727963555584.000000,0.000000,0.000000,23.578689,7.012032,0.312357,0.185026,23.704611,0.540840,71.239306
1403636728013555456.000000,0.000000,0.000000,21.849929,6.675771,0.319428,0.152930,24.685648,0.286436,58.223609
1403636728063555584.000000,0.000000,0.000000,25.533788,6.608218,0.289060,0.212803,26.115107,0.201827,62.881048
1403636728113555456.000000,0.000000,0.000000,27.768858,7.747913,0.298788,0.185154,26.398568,0.199746,66.470953
1403636728163555584.000000,0.000000,0.000000,25.276632,8.133263,0.307781,0.177218,26.393223,0.231235,63.635139
1403636728213555456.000000,0.000000,0.000000,23.071290,7.108161,0.308132,0.162818,24.293387,0.215811,60.265429
1403636728263555584.000000,0.000000,0.000000,24.871731,7.306628,0.301764,0.181795,27.140209,0.134754,63.300862
1403636728313555456.000000,0.000000,0.000000,24.397805,7.817322,0.324293,0.198115,26.161796,0.135490,64.794546
1403636728363555584.000000,0.000000,0.000000,26.381639,7.160738,0.329829,0.198083,27.572279,0.133442,66.236166
1403636728413555456.000000,0.000000,0.000000,23.792740,6.431415,0.316517,0.196227,25.399450,0.144322,62.995066
1403636728463555584.000000,0.000000,0.000000,23.230396,6.900766,0.326949,0.190435,25.573052,0.651849,61.340227
1403636728513555456.000000,0.000000,0.000000,24.486413,6.525721,0.369829,0.178722,26.344871,0.308260,64.311436
1403636728563555584.000000,0.000000,0.000000,24.127880,8.282321,0.336420,0.202723,26.038819,0.229795,64.981653
1403636728613555456.000000,0.000000,0.000000,24.322251,7.587463,0.380997,0.172418,24.343756,0.218915,65.858561
1403636728663555584.000000,0.000000,0.000000,23.013594,7.149217,0.315108,0.177698,24.962836,0.240355,61.790122
1403636728713555456.000000,0.000000,0.000000,24.527502,7.119745,0.348741,0.157474,24.934484,0.226115,64.052584
1403636728763555584.000000,0.000000,0.000000,24.895987,6.671483,0.321957,0.168770,23.571137,0.132961,64.598959
1403636728813555456.000000,0.000000,0.000000,23.086042,6.407703,0.344612,0.175010,23.832101,0.144258,62.141966
1403636728863555584.000000,0.000000,0.000000,30.901509,7.298691,0.306148,0.193666,26.308582,0.144738,68.983692
1403636728913555456.000000,0.000000,0.000000,24.910899,7.746890,0.312932,0.177378,23.485536,0.135233,64.237962
1403636728963555584.000000,0.000000,0.000000,24.487117,7.136961,0.349413,0.183554,23.507936,0.641993,63.162332
1403636729013555456.000000,0.000000,0.000000,24.387116,6.391799,0.331173,0.172963,25.127286,0.316196,61.063071
1403636729063555584.000000,0.000000,0.000000,24.317483,8.425459,0.343493,0.156930,23.694115,0.204867,62.467282
1403636729113555456.000000,0.000000,0.000000,23.649826,8.105326,0.351461,0.169378,25.176375,0.235171,64.326188
1403636729163555584.000000,0.000000,0.000000,26.117508,8.839800,0.345317,0.167746,23.255805,0.215778,64.738449
1403636729213555456.000000,0.000000,0.000000,23.223452,6.581241,0.340389,0.172290,20.429110,0.124961,60.096594
1403636729263555584.000000,0.000000,0.000000,24.084136,6.317398,0.316772,0.156418,19.157221,0.117825,61.924459
1403636729313555456.000000,0.000000,0.000000,24.096680,6.117652,0.320356,0.167907,20.890684,0.105697,60.296213
1403636729363555584.000000,0.000000,0.000000,24.410572,6.198932,0.307588,0.189283,21.704487,0.110849,62.530260
1403636729413555456.000000,0.000000,0.000000,28.308897,8.363986,0.316133,0.185378,23.382527,0.122914,66.570250
1403636729463555584.000000,0.000000,0.000000,25.106358,4.950756,0.343397,0.185186,24.094312,0.692329,56.984263
1403636729513555456.000000,0.000000,0.000000,23.381695,5.029668,0.281764,0.081409,23.730211,0.143682,54.087008
1403636729563555584.000000,0.000000,0.000000,24.539182,5.505611,0.303972,0.154082,20.398582,0.165923,57.333132
1403636729613555456.000000,0.000000,0.000000,23.870277,5.532652,0.281764,0.166722,21.473188,0.192003,57.018537
1403636729663555584.000000,0.000000,0.000000,23.638498,6.306134,0.337701,0.165282,20.569848,0.241859,59.437322
1403636729713555456.000000,0.000000,0.000000,24.076872,6.236725,0.328676,0.130178,19.417320,0.174467,61.085632
1403636729763555584.000000,0.000000,0.000000,23.891046,6.251637,0.318821,0.126049,18.805184,0.107265,60.032306
1403636729813555456.000000,0.000000,0.000000,24.731760,5.113062,0.288676,0.176354,22.670325,0.121122,57.924404
1403636729863555584.000000,0.000000,0.000000,22.593332,5.140134,0.311493,0.170306,22.650164,0.122562,55.498772
1403636729913555456.000000,0.000000,0.000000,25.061589,5.090054,0.309028,0.177379,24.124168,0.134338,57.474670
1403636729963555584.000000,0.000000,0.000000,24.241130,4.907075,0.312580,0.167235,24.607791,0.782283,54.930060
1403636730013555456.000000,0.000000,0.000000,25.612477,4.782113,0.281156,0.172930,26.212133,0.289156,54.942636
1403636730063555584.000000,0.000000,0.000000,22.008940,5.633773,0.325701,0.137122,24.038375,0.180482,56.220670
1403636730113555456.000000,0.000000,0.000000,26.589418,7.621320,0.333765,0.164290,25.721022,0.227363,62.859096
1403636730163555584.000000,0.000000,0.000000,23.757828,7.567207,0.331396,0.164771,25.715870,0.233763,61.361508
1403636730213555456.000000,0.000000,0.000000,25.342873,7.665448,0.335556,0.129474,24.332843,0.187234,64.363756
1403636730263555584.000000,0.000000,0.000000,24.468109,5.707022,0.294020,0.138178,22.351920,0.126722,62.933977
1403636730313555456.000000,0.000000,0.000000,24.542318,6.028466,0.323141,0.162434,22.679989,0.130466,61.004190
1403636730363555584.000000,0.000000,0.000000,22.906168,6.233589,0.352069,0.172546,24.344875,0.138818,61.552358
1403636730413555456.000000,0.000000,0.000000,22.427249,8.310449,0.326692,0.165859,22.824022,0.730250,63.440960
1403636730463555584.000000,0.000000,0.000000,24.790226,6.146900,0.314661,0.202434,27.507287,0.337605,63.661443
1403636730513555456.000000,0.000000,0.000000,21.952587,5.801007,0.329220,0.168131,26.359719,0.201091,54.408485
1403636730563555584.000000,0.000000,0.000000,22.929496,6.683931,0.326437,0.166530,26.407784,0.227651,58.519325
1403636730613555456.000000,0.000000,0.000000,24.865778,7.712681,0.351493,0.165506,27.011984,0.232835,62.957913
1403636730663555584.000000,0.000000,0.000000,24.012391,7.775114,0.342436,0.133218,25.401786,0.178498,61.289282
1403636730713555456.000000,0.000000,0.000000,24.770450,6.258037,0.356741,0.178658,26.586826,0.158434,65.163607
1403636730763555584.000000,0.000000,0.000000,24.427245,6.716187,0.369541,0.193283,28.017693,0.147682,64.200842
1403636730813555456.000000,0.000000,0.000000,26.985392,6.015506,0.333252,0.180418,27.661049,0.140162,66.020195
1403636730863555584.000000,0.000000,0.000000,26.624778,6.466520,0.358917,0.181410,26.242886,0.134850,67.251475
1403636730913555456.000000,0.000000,0.000000,24.322059,6.791677,0.374149,0.176163,25.233655,0.646633,63.219645
1403636730963555584.000000,0.000000,0.000000,24.515022,6.235861,0.351525,0.079105,25.194807,0.167042,63.725027
1403636731013555456.000000,0.000000,0.000000,23.485216,6.257141,0.424709,0.194979,26.264549,0.195107,64.589295
1403636731063555584.000000,0.000000,0.000000,24.534862,8.013197,0.377573,0.171810,23.958182,0.201795,66.971312
1403636731113555456.000000,0.000000,0.000000,25.458011,6.106131,0.374885,0.168963,24.572718,0.192802,64.376364
1403636731163555584.000000,0.000000,0.000000,24.251882,7.349604,0.356741,0.157506,22.860279,0.179554,63.909990
1403636731213555456.000000,0.000000,0.000000,26.166980,7.274659,0.340100,0.170819,23.158043,0.115873,64.972501
1403636731263555584.000000,0.000000,0.000000,24.075400,6.716924,0.369189,0.170690,23.254173,0.116577,64.382925
1403636731313555456.000000,0.000000,0.000000,23.404095,6.182740,0.295140,0.168994,23.052346,0.114498,59.466121
1403636731363555584.000000,0.000000,0.000000,24.163017,6.389719,0.320484,0.171843,25.608252,0.124418,61.490565
1403636731413555456.000000,0.000000,0.000000,24.066440,6.079186,0.323429,0.175810,25.875585,0.641097,59.694125
1403636731463555584.000000,0.000000,0.000000,23.249884,5.894576,0.378149,0.272835,29.236398,0.273411,57.464718
1403636731513555456.000000,0.000000,0.000000,23.922053,6.911455,0.366021,0.169635,25.073973,0.177314,60.040369
1403636731563555584.000000,0.000000,0.000000,25.905345,7.588680,0.324581,0.168995,24.867858,0.187394,62.618005
1403636731613555456.000000,0.000000,0.000000,25.909664,7.806730,0.365349,0.171938,26.069283,0.207491,65.832097
1403636731663555584.000000,0.000000,0.000000,25.643677,8.611317,0.383013,0.175170,32.610524,0.170178,66.950255
1403636731713555456.000000,0.000000,0.000000,31.345131,8.128110,0.393446,0.160706,26.237637,0.139266,76.231822
1403636731763555584.000000,0.000000,0.000000,24.213930,6.417143,0.322852,0.181443,27.057296,0.136482,62.103661
1403636731813555456.000000,0.000000,0.000000,24.640112,6.139123,0.318692,0.183138,27.590296,0.133858,62.127182
1403636731863555584.000000,0.000000,0.000000,24.960468,6.592089,0.348837,0.183938,24.067976,0.121986,64.323627
1403636731913555456.000000,0.000000,0.000000,22.698197,7.110113,0.361509,0.179971,25.588732,0.668521,68.822409
1403636731963555584.000000,0.000000,0.000000,23.987206,6.522617,0.358757,0.204611,27.221074,0.291364,63.045563
1403636732013555456.000000,0.000000,0.000000,24.908307,7.396805,0.394149,0.178179,27.165905,0.213955,65.617597
1403636732063555584.000000,0.000000,0.000000,24.184265,8.161167,0.411078,0.198146,27.696089,0.238628,66.662859
1403636732113555456.000000,0.000000,0.000000,24.340267,8.474324,0.335045,0.210787,26.648266,0.219171,63.168444
1403636732163555584.000000,0.000000,0.000000,26.706636,7.451493,0.375109,0.181635,27.334196,0.202499,66.695756
1403636732213555456.000000,0.000000,0.000000,24.089000,6.773020,0.440198,0.170626,28.212416,0.190435,65.036438
1403636732263555584.000000,0.000000,0.000000,26.121220,6.469528,0.358661,0.152610,24.631599,0.133538,66.794093
1403636732313555456.000000,0.000000,0.000000,25.003893,6.378294,0.299396,0.207331,26.121700,0.653161,65.829472
1403636732363555584.000000,0.000000,0.000000,24.561454,6.413687,0.356965,0.164259,29.208397,0.321924,64.887539
1403636732413555456.000000,0.000000,0.000000,23.163003,6.429976,0.338404,0.126818,25.662237,0.192611,63.549377
1403636732463555584.000000,0.000000,0.000000,23.521281,6.477304,0.329189,0.176130,26.900463,0.218307,64.929012
1403636732513555456.000000,0.000000,0.000000,23.983879,6.077298,0.346213,0.168611,26.892078,0.223363,60.822204
1403636732563555584.000000,0.000000,0.000000,24.568815,6.888126,0.405189,0.152547,23.560000,0.157826,64.969428
1403636732613555456.000000,0.000000,0.000000,27.163634,7.078208,0.374405,0.177059,25.717918,0.142786,70.205659
1403636732663555584.000000,0.000000,0.000000,24.742705,6.168884,0.359589,0.175939,24.126824,0.120578,63.182972
1403636732713555456.000000,0.000000,0.000000,24.478893,7.387973,0.350437,0.184419,25.827455,0.126914,65.370234
1403636732763555584.000000,0.000000,0.000000,24.594255,6.189396,0.337348,0.181122,24.133705,0.116641,64.369965
1403636732813555456.000000,0.000000,0.000000,24.134856,6.370103,0.342916,0.174626,24.272523,0.555368,60.486072
1403636732863555584.000000,0.000000,0.000000,23.712610,5.887632,0.355653,0.188195,25.643485,0.303492,61.727400
1403636732913555456.000000,0.000000,0.000000,24.783410,6.701563,0.326308,0.171330,25.291992,0.193379,61.857963
1403636732963555584.000000,0.000000,0.000000,24.906867,6.351383,0.348485,0.179490,25.140278,0.208163,63.492960
1403636733013555456.000000,0.000000,0.000000,25.271704,7.947756,0.327397,0.175778,25.031797,0.224323,63.324255
1403636733063555584.000000,0.000000,0.000000,24.583183,7.545671,0.323621,0.170530,24.136969,0.190499,62.893208
1403636733113555456.000000,0.000000,0.000000,23.523232,6.258421,0.333252,0.158434,24.432813,0.161058,62.400978
1403636733163555584.000000,0.000000,0.000000,24.823250,6.220116,0.313669,0.172162,23.629218,0.132226,62.981849
1403636733213555456.000000,0.000000,0.000000,24.096232,6.445016,0.313829,0.183171,25.112214,0.132930,62.107438
1403636733263555584.000000,0.000000,0.000000,22.143022,6.241845,0.313861,0.168835,26.049634,0.142818,59.928528
1403636733313555456.000000,0.000000,0.000000,23.661058,6.460760,0.323205,0.163778,24.270987,0.721194,60.583129
1403636733363555584.000000,0.000000,0.000000,23.472831,6.659483,0.316964,0.202883,29.622707,0.327909,59.315784
1403636733413555456.000000,0.000000,0.000000,23.428895,7.467397,0.328772,0.199619,24.981396,0.179618,59.715277
1403636733463555584.000000,0.000000,0.000000,25.410554,6.891645,0.365701,0.164066,25.114102,0.208323,63.583586
1403636733513555456.000000,0.000000,0.000000,25.500347,8.019245,0.379813,0.173154,26.408840,0.213474,66.008547
1403636733563555584.000000,0.000000,0.000000,24.628239,8.040174,0.337605,0.137186,27.010608,0.185090,63.532417
1403636733613555456.000000,0.000000,0.000000,23.705379,6.290262,0.391238,0.162754,26.485993,0.142210,66.201190
1403636733663555584.000000,0.000000,0.000000,25.231831,8.852568,0.324708,0.178883,25.132342,0.152162,65.782304
1403636733713555456.000000,0.000000,0.000000,27.366837,7.629224,0.321060,0.184035,27.342356,0.139490,66.873710
1403636733763555584.000000,0.000000,0.000000,24.793778,7.073824,0.330789,0.175651,27.597623,0.139074,64.795634
1403636733813555456.000000,0.000000,0.000000,23.630785,6.820829,0.357093,0.169186,26.785581,0.748491,72.343097
1403636733863555584.000000,0.000000,0.000000,23.694882,7.346084,0.340293,0.203810,29.313423,0.317284,63.028602
1403636733913555456.000000,0.000000,0.000000,30.257500,7.946764,0.322596,0.144514,25.619069,0.190274,69.598964
1403636733963555584.000000,0.000000,0.000000,23.337534,8.005613,0.371525,0.168099,25.636637,0.202690,65.010261
1403636734013555456.000000,0.000000,0.000000,24.012359,7.560455,0.385701,0.173314,26.199493,0.229187,65.438523
1403636734063555584.000000,0.000000,0.000000,25.398106,8.496275,0.426822,0.129410,25.151543,0.180323,67.695257
1403636734113555456.000000,0.000000,0.000000,23.986598,6.230133,0.375942,0.159778,24.407084,0.125729,66.391880
1403636734163555584.000000,0.000000,0.000000,23.699939,6.931134,0.336325,0.164163,24.300491,0.128162,62.708822
1403636734213555456.000000,0.000000,0.000000,25.015828,8.129518,0.320068,0.171362,25.105558,0.134754,65.524508
1403636734263555584.000000,0.000000,0.000000,23.493760,6.521849,0.449766,0.172035,26.738444,0.143073,62.965273
1403636734313555456.000000,0.000000,0.000000,23.990919,6.715195,0.317733,0.168930,24.000199,0.775594,66.739501
1403636734363555584.000000,0.000000,0.000000,23.101722,6.681979,0.399014,0.211715,30.432959,0.315140,59.586827
1403636734413555456.000000,0.000000,0.000000,24.507470,6.565945,0.341028,0.156099,24.122056,0.176066,61.330115
1403636734463555584.000000,0.000000,0.000000,24.681648,7.089472,0.378245,0.172131,23.143931,0.191810,63.287997
1403636734513555456.000000,0.000000,0.000000,27.058289,7.822250,0.386437,0.151970,22.596980,0.198691,68.129504
1403636734563555584.000000,0.000000,0.000000,25.752702,8.162864,0.345477,0.182115,23.471423,0.194147,64.664305
1403636734613555456.000000,0.000000,0.000000,26.098403,6.494424,0.388325,0.159202,22.889496,0.158338,70.659394
1403636734663555584.000000,0.000000,0.000000,25.046549,7.474726,0.379589,0.176131,23.703747,0.131554,62.480434
1403636734713555456.000000,0.000000,0.000000,24.775538,7.081184,0.310916,0.185507,25.653085,0.138978,60.190164
1403636734763555584.000000,0.000000,0.000000,25.049878,6.648602,0.329797,0.168419,24.262282,0.131489,59.335847
1403636734813555456.000000,0.000000,0.000000,24.020999,6.113715,0.355108,0.206659,27.377589,0.757834,60.512216
1403636734863555584.000000,0.000000,0.000000,24.160681,6.395703,0.320100,0.111169,30.427071,0.157923,59.640268
1403636734913555456.000000,0.000000,0.000000,24.293803,7.513062,0.325764,0.197186,24.799506,0.181410,61.805642
1403636734963555584.000000,0.000000,0.000000,27.472214,7.512615,0.349124,0.169122,24.967828,0.214307,67.149714
1403636735013555456.000000,0.000000,0.000000,26.046691,7.289379,0.358500,0.167682,26.013122,0.224323,64.090472
1403636735063555584.000000,0.000000,0.000000,28.884073,8.887225,0.433862,0.181218,23.507136,0.225603,72.673149
1403636735113555456.000000,0.000000,0.000000,24.340651,9.075260,0.400294,0.151778,26.105988,0.154722,70.804868
1403636735163555584.000000,0.000000,0.000000,24.210185,6.519288,0.327717,0.148482,22.681941,0.133314,62.437682
1403636735213555456.000000,0.000000,0.000000,23.573505,7.039744,0.326308,0.158851,24.331787,0.140226,62.143214
1403636735263555584.000000,0.000000,0.000000,24.334571,7.375748,0.377125,0.184963,24.341099,0.699945,64.635472
1403636735313555456.000000,0.000000,0.000000,24.642959,6.746684,0.379974,0.203842,29.582035,0.329797,62.112334
1403636735363555584.000000,0.000000,0.000000,24.305387,7.285732,0.329572,0.234947,28.316353,0.215203,64.391884
1403636735413555456.000000,0.000000,0.000000,24.486829,6.790493,0.328740,0.181027,27.563447,0.226659,58.959107
1403636735463555584.000000,0.000000,0.000000,28.279937,7.280643,0.330404,0.178307,27.440917,0.216227,66.302055
1403636735513555456.000000,0.000000,0.000000,24.868787,6.108563,0.375397,0.156962,25.432378,0.170722,62.671062
1403636735563555584.000000,0.000000,0.000000,24.511086,6.515161,0.411622,0.172899,26.540233,0.167682,67.787931
1403636735613555456.000000,0.000000,0.000000,24.327627,7.195042,0.383974,0.174883,25.001844,0.121633,66.767437
1403636735663555584.000000,0.000000,0.000000,24.650479,7.095553,0.327108,0.222435,26.800813,0.132482,65.981986
1403636735713555456.000000,0.000000,0.000000,26.847054,7.341572,0.368101,0.178210,24.923124,0.133250,68.465316
1403636735763555584.000000,0.000000,0.000000,24.139272,6.742684,0.364517,0.180771,26.521865,0.676137,63.354431
1403636735813555456.000000,0.000000,0.000000,25.537051,7.336292,0.337988,0.193922,27.541015,0.309221,66.049763
1403636735863555584.000000,0.000000,0.000000,22.903000,6.980063,0.337604,0.219395,27.547063,0.212803,60.229908
1403636735913555456.000000,0.000000,0.000000,26.361767,8.302545,0.392550,0.177186,26.589578,0.236260,68.493957
1403636735963555584.000000,0.000000,0.000000,24.705328,7.678601,0.340805,0.167682,24.387212,0.205987,63.631362
1403636736013555456.000000,0.000000,0.000000,23.888645,6.986560,0.367173,0.168450,26.085475,0.177730,64.368012
1403636736063555584.000000,0.000000,0.000000,25.405209,6.963103,0.384966,0.168962,28.413379,0.178242,66.412232
1403636736113555456.000000,0.000000,0.000000,23.132635,6.141907,0.327141,0.186723,27.739513,0.145762,64.053448
1403636736163555584.000000,0.000000,0.000000,24.385228,6.800668,0.332037,0.183522,27.584440,0.148002,64.447854
1403636736213555456.000000,0.000000,0.000000,25.331033,7.846346,0.323940,0.179586,25.866496,0.146178,64.455501
1403636736263555584.000000,0.000000,0.000000,24.593391,7.073312,0.410054,0.170818,27.549495,0.751338,64.819987
1403636736313555456.000000,0.000000,0.000000,25.511963,6.474456,0.343973,0.192291,27.122065,0.295524,67.187666
1403636736363555584.000000,0.000000,0.000000,25.090102,8.326225,0.386565,0.175619,28.637477,0.205091,67.766362
1403636736413555456.000000,0.000000,0.000000,26.769996,7.567335,0.491527,0.168386,24.485230,0.196611,68.641414
1403636736463555584.000000,0.000000,0.000000,26.611082,8.939225,0.384325,0.170882,23.619521,0.199555,67.833755
1403636736513555456.000000,0.000000,0.000000,23.826885,8.014509,0.476519,0.188578,23.734595,0.190179,66.789005
1403636736563555584.000000,0.000000,0.000000,25.814463,7.996077,0.449030,0.164771,27.127313,0.167714,67.683289
1403636736613555456.000000,0.000000,0.000000,24.391340,6.858302,0.408357,0.194339,24.100840,0.136066,67.526712
1403636736663555584.000000,0.000000,0.000000,24.385804,6.420631,0.318564,0.173667,24.463405,0.145122,61.882891
1403636736713555456.000000,0.000000,0.000000,24.075720,6.471288,0.477094,0.167266,24.673136,0.137954,60.875580
1403636736763555584.000000,0.000000,0.000000,24.502958,6.293845,0.307941,0.186435,26.487496,0.731370,61.717064
1403636736813555456.000000,0.000000,0.000000,24.510702,6.583706,0.330852,0.177794,26.454665,0.334628,64.961844
1403636736863555584.000000,0.000000,0.000000,23.232380,7.580167,0.373381,0.180963,24.751153,0.195010,61.318563
1403636736913555456.000000,0.000000,0.000000,26.996208,6.606970,0.419653,0.174787,25.238455,0.213027,64.184713
1403636736963555584.000000,0.000000,0.000000,24.345259,7.154498,0.414822,0.188354,23.428703,0.210115,62.349041
1403636737013555456.000000,0.000000,0.000000,24.106056,7.813610,0.388165,0.183394,23.976647,0.182147,65.336346
1403636737063555584.000000,0.000000,0.000000,25.522107,8.993626,0.333861,0.162114,29.085580,0.182115,67.402678
1403636737113555456.000000,0.000000,0.000000,27.750074,7.058656,0.421061,0.141122,22.863703,0.131681,66.880399
1403636737163555584.000000,0.000000,0.000000,25.082518,8.093070,0.316420,0.178530,23.209148,0.129698,65.205944
1403636737213555456.000000,0.000000,0.000000,23.984583,6.371702,0.361861,0.170850,24.790130,0.808363,59.741742
1403636737263555584.000000,0.000000,0.000000,23.483872,6.316726,0.301380,0.192707,25.832128,0.320900,60.273813
1403636737313555456.000000,0.000000,0.000000,24.923251,6.447736,0.329380,0.199650,24.242730,0.191427,65.446267
1403636737363555584.000000,0.000000,0.000000,23.802532,6.363639,0.314181,0.170947,25.406361,0.241028,57.595120
1403636737413555456.000000,0.000000,0.000000,24.717233,6.714299,0.328933,0.167650,25.302521,0.227971,60.879773
1403636737463555584.000000,0.000000,0.000000,27.099121,7.259907,0.344517,0.165570,25.686590,0.184706,65.959874
1403636737513555456.000000,0.000000,0.000000,25.147382,7.564359,0.345860,0.177666,29.799030,0.185218,65.139735
1403636737563555584.000000,0.000000,0.000000,23.339262,6.433272,0.327269,0.119873,24.232202,0.138754,60.628409
1403636737613555456.000000,0.000000,0.000000,23.900133,8.099503,0.338436,0.162082,23.475936,0.127490,64.273995
1403636737663555584.000000,0.000000,0.000000,27.691705,6.571321,0.350373,0.162370,22.464018,0.125153,66.021475
1403636737713555456.000000,0.000000,0.000000,24.868051,7.218754,0.371429,0.159426,23.376766,0.778315,64.403213
1403636737763555584.000000,0.000000,0.000000,23.432383,6.633210,0.328037,0.085249,26.211301,0.159234,66.310183
1403636737813555456.000000,0.000000,0.000000,23.272189,6.948638,0.332005,0.153858,20.785243,0.168290,60.287412
1403636737863555584.000000,0.000000,0.000000,23.269244,6.784509,0.362085,0.161666,21.463109,0.202338,59.536491
1403636737913555456.000000,0.000000,0.000000,24.497773,7.241795,0.334372,0.187459,22.019596,0.240003,60.148531
1403636737963555584.000000,0.000000,0.000000,24.857138,7.631400,0.345509,0.146050,21.198049,0.163459,62.728118
1403636738013555456.000000,0.000000,0.000000,24.605231,7.144321,0.379941,0.158978,22.638420,0.273092,65.097590
1403636738063555584.000000,0.000000,0.000000,23.065370,5.135174,0.285124,0.148610,20.705210,0.186691,54.622791
1403636738113555456.000000,0.000000,0.000000,24.139912,5.262696,0.299812,0.150626,21.495365,0.125570,56.290879
1403636738163555584.000000,0.000000,0.000000,35.320992,5.263784,0.427077,0.158178,20.957022,0.120002,70.157531
1403636738213555456.000000,0.000000,0.000000,28.418883,5.535371,0.327109,0.161282,23.424671,0.647784,63.081658
1403636738263555584.000000,0.000000,0.000000,20.154131,5.869840,0.313220,0.166978,25.617405,0.289380,53.940862
1403636738313555456.000000,0.000000,0.000000,20.091153,5.666221,0.326980,0.179554,25.375386,0.219459,51.930851
1403636738363555584.000000,0.000000,0.000000,20.853692,5.869456,0.308132,0.170339,24.973236,0.219875,54.176514
1403636738413555456.000000,0.000000,0.000000,22.027404,5.923601,0.306500,0.165314,22.644116,0.182818,54.721289
1403636738463555584.000000,0.000000,0.000000,22.310960,6.070930,0.333253,0.157730,23.436095,0.184867,60.625433
1403636738513555456.000000,0.000000,0.000000,22.151213,6.689531,0.328485,0.165602,23.615809,0.172483,60.976478
1403636738563555584.000000,0.000000,0.000000,24.341003,6.955423,0.357221,0.177666,23.181084,0.124546,63.382687
1403636738613555456.000000,0.000000,0.000000,21.201824,6.873982,0.380517,0.174530,22.999354,0.134530,59.890608
1403636738663555584.000000,0.000000,0.000000,22.188718,5.828464,0.289188,0.169538,22.163406,0.112642,55.512372
1403636738713555456.000000,0.000000,0.000000,22.930904,6.301046,0.307940,0.171010,22.866231,0.593832,59.019875
1403636738763555584.000000,0.000000,0.000000,21.516069,6.998080,0.327301,0.229155,22.917112,0.246307,57.628369
1403636738813555456.000000,0.000000,0.000000,20.948445,6.011218,0.302756,0.150594,22.539603,0.172386,54.389508
1403636738863555584.000000,0.000000,0.000000,21.126239,7.832619,0.312804,0.167778,24.119368,0.199043,57.465518
1403636738913555456.000000,0.000000,0.000000,23.324285,5.940177,0.308133,0.159874,23.627905,0.186051,56.074715
1403636738963555584.000000,0.000000,0.000000,23.234204,6.576634,0.314405,0.167619,22.329360,0.157346,59.312296
1403636739013555456.000000,0.000000,0.000000,21.480069,6.482072,0.302436,0.146530,28.043262,0.170658,55.864121
1403636739063555584.000000,0.000000,0.000000,20.238163,6.300662,0.310404,0.165059,23.314717,0.646984,54.446565
1403636739113555456.000000,0.000000,0.000000,20.502455,6.440568,0.341125,0.223555,25.458202,0.299428,57.610673
1403636739163555584.000000,0.000000,0.000000,21.891530,6.317238,0.359045,0.142146,22.239375,0.162434,58.369434
1403636739213555456.000000,0.000000,0.000000,20.875740,6.257717,0.327204,0.155298,23.904901,0.181026,55.536660
1403636739263555584.000000,0.000000,0.000000,22.607252,6.493304,0.352357,0.152002,21.963883,0.179170,63.590114
1403636739313555456.000000,0.000000,0.000000,20.305397,7.828298,0.312900,0.129826,23.543488,0.157954,57.965397
1403636739363555584.000000,0.000000,0.000000,22.787222,7.788202,0.136034,0.143522,24.024583,0.123393,62.435762
1403636739413555456.000000,0.000000,0.000000,23.272893,7.271011,0.290467,0.165538,24.351531,0.132002,59.241990
1403636739463555584.000000,0.000000,0.000000,20.530808,6.962463,0.330597,0.166690,25.163287,0.126242,57.665969
1403636739513555456.000000,0.000000,0.000000,25.143382,6.492729,0.316580,0.181987,23.595969,0.126658,59.708365
1403636739563555584.000000,0.000000,0.000000,24.316363,6.868094,0.331365,0.192354,24.509582,0.808555,67.385813
1403636739613555456.000000,0.000000,0.000000,22.868343,6.478104,0.330948,0.182594,26.510825,0.299140,59.281319
1403636739663555584.000000,0.000000,0.000000,25.107350,7.993069,0.399654,0.140514,25.416506,0.194690,64.005576
1403636739713555456.000000,0.000000,0.000000,22.852823,8.198096,0.366661,0.171363,25.253816,0.187011,62.258479
1403636739763555584.000000,0.000000,0.000000,24.613487,6.708348,0.389733,0.173698,24.322699,0.185058,61.512645
1403636739813555456.000000,0.000000,0.000000,24.886643,7.254402,0.315397,0.137505,24.277163,0.169250,63.891622
1403636739863555584.000000,0.000000,0.000000,24.920307,6.542745,0.303108,0.156130,26.074979,0.130882,64.443021
1403636739913555456.000000,0.000000,0.000000,24.244106,6.811901,0.354437,0.174435,25.874400,0.130369,62.009037
1403636739963555584.000000,0.000000,0.000000,30.113338,8.150191,0.319332,0.213379,27.948765,0.140130,69.998265
1403636740013555456.000000,0.000000,0.000000,23.810596,6.772125,0.327141,0.179331,27.889179,0.135490,61.307043
1403636740063555584.000000,0.000000,0.000000,24.726289,7.883435,0.318917,0.177923,28.530052,0.694569,68.555237
1403636740113555456.000000,0.000000,0.000000,23.492448,7.771274,0.336548,0.185026,29.835638,0.278436,63.457407
1403636740163555584.000000,0.000000,0.000000,29.197678,7.767850,0.339236,0.135426,27.456310,0.194658,67.909404
1403636740213555456.000000,0.000000,0.000000,25.928545,8.176432,0.397061,0.180515,26.396967,0.200098,68.501413
1403636740263555584.000000,0.000000,0.000000,26.230438,8.973338,0.389765,0.179586,27.428789,0.218595,69.384912
1403636740313555456.000000,0.000000,0.000000,25.754175,7.695689,0.378501,0.176643,25.371641,0.165570,68.976299
1403636740363555584.000000,0.000000,0.000000,25.047957,7.329060,0.375078,0.163618,25.366745,0.129026,68.884874
1403636740413555456.000000,0.000000,0.000000,25.476091,6.763004,0.331492,0.188611,27.054320,0.130850,66.511018
1403636740463555584.000000,0.000000,0.000000,23.822116,6.595706,0.327364,0.184323,25.928609,0.132834,63.237980
1403636740513555456.000000,0.000000,0.000000,23.762275,6.705820,0.331749,0.172738,24.812562,0.133538,64.691345
1403636740563555584.000000,0.000000,0.000000,26.018018,6.717691,0.310533,0.171779,23.594049,0.664777,64.952372
1403636740613555456.000000,0.000000,0.000000,23.203100,6.506105,0.304612,0.219619,27.912796,0.256356,61.030463
1403636740663555584.000000,0.000000,0.000000,23.812228,9.095292,0.359493,0.154594,24.309035,0.158786,66.223942
1403636740713555456.000000,0.000000,0.000000,24.254762,8.204079,0.344485,0.178466,26.017763,0.196866,64.725713
1403636740763555584.000000,0.000000,0.000000,24.228650,6.468984,0.332581,0.176739,25.510971,0.208898,61.669767
1403636740813555456.000000,0.000000,0.000000,24.723089,7.400293,0.338404,0.161794,24.262154,0.233444,62.533459
1403636740863555584.000000,0.000000,0.000000,25.454170,7.628232,0.350436,0.166370,24.922132,0.138946,67.734842
1403636740913555456.000000,0.000000,0.000000,25.859872,7.859307,0.310692,0.172931,26.395783,0.135233,64.476077
1403636740963555584.000000,0.000000,0.000000,22.266447,6.234997,0.324100,0.184354,26.643755,0.133506,61.229442
1403636741013555456.000000,0.000000,0.000000,24.532398,7.094689,0.318180,0.168706,26.780749,0.141538,63.775716
1403636741063555584.000000,0.000000,0.000000,22.718357,6.939039,0.312964,0.178146,26.985040,0.690282,60.666138
1403636741113555456.000000,0.000000,0.000000,23.781315,6.537337,0.321668,0.160547,26.843821,0.301828,61.593255
1403636741163555584.000000,0.000000,0.000000,26.902158,7.352132,0.349477,0.156290,26.728908,0.230275,67.240531
1403636741213555456.000000,0.000000,0.000000,26.524553,6.835293,0.382533,0.161922,24.028903,0.210627,66.266502
1403636741263555584.000000,0.000000,0.000000,25.488091,9.486689,0.397734,0.192771,25.952353,0.223875,68.061727
1403636741313555456.000000,0.000000,0.000000,25.050965,9.009050,0.367301,0.136994,25.209719,0.197763,67.814107
1403636741363555584.000000,0.000000,0.000000,25.317529,9.436512,0.131617,0.153282,24.852402,0.811275,68.064638
1403636741413555456.000000,0.000000,0.000000,24.550190,7.646600,0.383493,0.230115,24.885747,0.214850,65.972098
1403636741463555584.000000,0.000000,0.000000,24.407500,8.452723,0.334149,0.156355,24.638511,0.188834,62.854360
1403636741513555456.000000,0.000000,0.000000,24.215946,7.247874,0.360581,0.169955,27.011823,0.192483,64.147209
1403636741563555584.000000,0.000000,0.000000,22.110957,7.021344,0.344068,0.168642,23.884901,0.177827,68.593190
1403636741613555456.000000,0.000000,0.000000,22.394257,7.050016,0.346597,0.160738,28.162528,0.150242,61.009599
1403636741663555584.000000,0.000000,0.000000,23.636002,6.476345,0.125442,0.183170,25.332505,0.121889,61.415684
1403636741713555456.000000,0.000000,0.000000,28.472516,7.695049,0.319204,0.179363,24.671567,0.118914,66.648811
1403636741763555584.000000,0.000000,0.000000,25.807583,6.708443,0.141666,0.174306,25.930337,0.130850,66.305895
1403636741813555456.000000,0.000000,0.000000,23.988135,6.368919,0.319908,0.174787,25.945057,0.120129,60.506135
1403636741863555584.000000,0.000000,0.000000,22.367153,6.721948,0.313092,0.177570,27.233939,0.755179,63.719651
1403636741913555456.000000,0.000000,0.000000,23.221596,8.265392,0.327269,0.218531,27.810906,0.360901,63.086203
1403636741963555584.000000,0.000000,0.000000,24.423373,6.347766,0.314756,0.155970,24.620047,0.182627,61.560486
1403636742013555456.000000,0.000000,0.000000,24.405485,8.095406,0.352165,0.171618,24.896723,0.186210,64.657201
1403636742063555584.000000,0.000000,0.000000,22.927640,7.823595,0.369701,0.163555,23.370686,0.177731,62.991898
1403636742113555456.000000,0.000000,0.000000,25.415386,7.428901,0.383590,0.132642,24.850642,0.169122,66.861166
1403636742163555584.000000,0.000000,0.000000,23.406527,7.031072,0.356165,0.161315,28.519012,0.159810,65.347898
1403636742213555456.000000,0.000000,0.000000,23.376031,6.786844,0.371525,0.178595,25.449978,0.122305,61.440133
1403636742263555584.000000,0.000000,0.000000,23.957062,7.696873,0.372133,0.174818,24.423437,0.118914,62.986906
1403636742313555456.000000,0.000000,0.000000,23.194363,6.179988,0.289636,0.184450,26.322887,0.127650,57.617041
1403636742363555584.000000,0.000000,0.000000,22.145134,6.519385,0.321188,0.159907,24.409804,0.651496,59.917328
1403636742413555456.000000,0.000000,0.000000,23.230109,6.189332,0.402309,0.180642,25.693470,0.250019,64.296363
1403636742463555584.000000,0.000000,0.000000,21.255297,6.366807,0.333636,0.169122,27.224499,0.194307,57.604433
1403636742513555456.000000,0.000000,0.000000,22.934328,8.267761,0.369989,0.174498,24.057288,0.186979,62.131246
1403636742563555584.000000,0.000000,0.000000,24.747921,8.602901,0.352677,0.174690,23.826212,0.188867,65.947585
1403636742613555456.000000,0.000000,0.000000,24.517518,6.385431,0.293348,0.200706,25.486298,0.182339,61.970443
1403636742663555584.000000,0.000000,0.000000,24.074344,6.428088,0.313637,0.166722,23.630850,0.145250,62.528947
1403636742713555456.000000,0.000000,0.000000,24.453549,6.926943,0.324100,0.189667,25.002580,0.119617,65.396890
1403636742763555584.000000,0.000000,0.000000,22.858647,6.149492,0.291076,0.193890,24.743345,0.116353,59.611755
1403636742813555456.000000,0.000000,0.000000,23.694178,6.386999,0.309829,0.180290,22.964793,0.120098,60.734587
1403636742863555584.000000,0.000000,0.000000,23.276797,6.342774,0.325989,0.173955,23.424383,0.632073,62.114190
1403636742913555456.000000,0.000000,0.000000,23.992519,6.298966,0.308133,0.185475,26.040898,0.344772,60.420342
1403636742963555584.000000,0.000000,0.000000,21.373891,6.950143,0.299652,0.140898,22.206990,0.177763,59.494922
1403636743013555456.000000,0.000000,0.000000,23.970694,7.431237,0.321508,0.158786,24.119144,0.221571,61.940683
1403636743063555584.000000,0.000000,0.000000,23.027929,6.033586,0.315909,0.151842,22.385393,0.207107,58.189272
1403636743113555456.000000,0.000000,0.000000,22.733430,6.481112,0.344772,0.126498,22.835703,0.177219,59.192806
1403636743163555584.000000,0.000000,0.000000,23.635969,7.887627,0.337285,0.154498,23.841477,0.129057,64.355981
1403636743213555456.000000,0.000000,0.000000,20.815803,6.544857,0.296676,0.197443,25.659037,0.135490,55.954138
1403636743263555584.000000,0.000000,0.000000,21.178977,6.389590,0.349669,0.174562,25.016661,0.811403,58.024534
1403636743313555456.000000,0.000000,0.000000,22.748022,6.132436,0.295396,0.186115,26.832493,0.481799,57.634672
1403636743363555584.000000,0.000000,0.000000,25.367513,7.386757,0.279587,0.163234,23.940198,0.188483,70.058202
1403636743413555456.000000,0.000000,0.000000,21.398147,7.110817,0.331492,0.184835,23.760035,0.192994,59.980816
1403636743463555584.000000,0.000000,0.000000,23.559073,8.034542,0.327205,0.168066,24.235242,0.233539,63.830052
1403636743513555456.000000,0.000000,0.000000,23.394943,7.659273,0.318789,0.191682,25.222008,0.175523,63.165596
1403636743563555584.000000,0.000000,0.000000,22.875927,6.970335,0.299044,0.166466,22.731862,0.141826,63.546529
1403636743613555456.000000,0.000000,0.000000,21.949643,6.449912,0.311685,0.173058,23.694179,0.126562,58.192952
1403636743663555584.000000,0.000000,0.000000,24.647440,7.700745,0.310660,0.174274,24.229706,0.128865,62.971993
1403636743713555456.000000,0.000000,0.000000,20.428950,6.583738,0.293604,0.159906,22.887064,0.119202,57.798547
1403636743763555584.000000,0.000000,0.000000,22.360912,6.073011,0.351429,0.166338,25.277177,0.760715,60.069937
1403636743813555456.000000,0.000000,0.000000,23.399135,6.914494,0.301956,0.088161,24.305163,0.147330,58.989891
1403636743863555584.000000,0.000000,0.000000,20.013200,7.329188,0.339813,0.131298,20.272372,0.156835,57.300620
1403636743913555456.000000,0.000000,0.000000,24.457933,6.920734,0.327589,0.182082,22.867384,0.175811,61.767913
1403636743963555584.000000,0.000000,0.000000,23.322461,6.950911,0.328645,0.149890,22.026283,0.184035,59.238598
1403636744013555456.000000,0.000000,0.000000,23.098458,7.173922,0.340997,0.155810,23.417342,0.169123,62.218959
1403636744063555584.000000,0.000000,0.000000,23.557505,6.532184,0.341413,0.146178,24.092072,0.140706,60.575961
1403636744113555456.000000,0.000000,0.000000,23.179452,5.486186,0.295076,0.140642,23.076474,0.772427,55.161839
1403636744163555584.000000,0.000000,0.000000,23.534464,6.903646,0.271492,0.153955,24.929939,0.315940,60.138547
1403636744213555456.000000,0.000000,0.000000,23.171675,6.365719,0.310628,0.140002,24.221610,0.180355,57.821331
1403636744263555584.000000,0.000000,0.000000,20.303157,6.286230,0.350500,0.150722,23.728547,0.199714,65.310905
1403636744313555456.000000,0.000000,0.000000,21.170176,6.746651,0.320773,0.160098,24.467405,0.205635,58.508828
1403636744363555584.000000,0.000000,0.000000,22.993561,6.909566,0.299588,0.150402,22.208783,0.147970,59.695181
1403636744413555456.000000,0.000000,0.000000,26.485704,6.517368,0.299460,0.139202,27.365557,0.157410,64.134985
1403636744463555584.000000,0.000000,0.000000,23.098138,6.555225,0.359909,0.158850,22.245871,0.734954,60.791804
1403636744513555456.000000,0.000000,0.000000,22.074220,6.463640,0.288612,0.168610,22.568723,0.252964,58.719903
1403636744563555584.000000,0.000000,0.000000,21.679912,6.671771,0.304196,0.134498,21.609286,0.159779,58.927362
1403636744613555456.000000,0.000000,0.000000,21.584742,6.250261,0.295812,0.149602,21.238786,0.186435,55.942298
1403636744663555584.000000,0.000000,0.000000,20.553592,6.391543,0.321156,0.141378,22.165934,0.199971,60.530648
1403636744713555456.000000,0.000000,0.000000,21.700711,6.521145,0.314341,0.128770,19.457353,0.151042,57.654481
1403636744763555584.000000,0.000000,0.000000,20.341749,6.337751,0.283044,0.119842,25.004852,0.159266,54.463750
1403636744813555456.000000,0.000000,0.000000,20.451894,6.257141,0.290020,0.148034,20.912797,0.771082,54.572199
1403636744863555584.000000,0.000000,0.000000,21.078495,6.680283,0.272643,0.193250,23.448287,0.243684,54.957388
1403636744913555456.000000,0.000000,0.000000,21.754696,6.463992,0.314852,0.140898,22.249870,0.183011,56.399071
1403636744963555584.000000,0.000000,0.000000,20.793563,5.916945,0.287940,0.137826,21.682567,0.169090,50.335085
1403636745013555456.000000,0.000000,0.000000,20.753787,6.130739,0.293636,0.134242,21.318018,0.178627,58.031350
1403636745063555584.000000,0.000000,0.000000,20.072977,6.750588,0.292132,0.120898,22.157134,0.161635,54.329827
1403636745113555456.000000,0.000000,0.000000,21.453444,6.993055,0.326373,0.123970,22.125197,0.110562,58.070967
1403636745163555584.000000,0.000000,0.000000,20.388310,6.359798,0.291012,0.147586,24.708753,0.120162,55.885752
1403636745213555456.000000,0.000000,0.000000,22.064813,7.057664,0.298212,0.161890,22.453778,0.126145,56.885478
1403636745263555584.000000,0.000000,0.000000,20.629944,6.364311,0.283620,0.146178,21.750952,0.111074,53.626938
1403636745313555456.000000,0.000000,0.000000,21.338946,6.887774,0.301060,0.153826,21.778408,0.715529,65.213239
1403636745363555584.000000,0.000000,0.000000,20.778875,6.364662,0.313764,0.168866,24.109737,0.280964,55.072974
1403636745413555456.000000,0.000000,0.000000,22.438929,7.699145,0.370533,0.110625,22.026252,0.159778,61.000798
1403636745463555584.000000,0.000000,0.000000,20.816380,6.715964,0.281508,0.146338,23.007993,0.178626,56.284959
1403636745513555456.000000,0.000000,0.000000,22.798742,6.456408,0.282212,0.152770,21.572102,0.179522,57.051304
1403636745563555584.000000,0.000000,0.000000,23.733059,7.571175,0.305188,0.148098,22.455761,0.179555,60.092850
1403636745613555456.000000,0.000000,0.000000,21.431555,7.243907,0.314084,0.157634,27.994461,0.135010,65.007476
1403636745663555584.000000,0.000000,0.000000,22.094637,7.266019,0.296740,0.156130,22.251631,0.111426,57.184747
1403636745713555456.000000,0.000000,0.000000,20.979038,6.434360,0.278276,0.165794,20.919133,0.107713,56.504161
1403636745763555584.000000,0.000000,0.000000,21.203457,6.857885,0.290980,0.165507,22.211278,0.125217,55.046189
1403636745813555456.000000,0.000000,0.000000,21.287874,6.973663,0.301924,0.147522,22.066381,0.623465,57.070248
1403636745863555584.000000,0.000000,0.000000,20.647609,6.087091,0.276740,0.190274,23.361023,0.219939,61.332035
1403636745913555456.000000,0.000000,0.000000,20.651193,6.620218,0.330501,0.152866,21.757224,0.146530,55.827448
1403636745963555584.000000,0.000000,0.000000,19.907407,4.978915,0.305924,0.145026,22.692949,0.174690,51.467965
1403636746013555456.000000,0.000000,0.000000,21.491493,7.168962,0.269059,0.148898,21.903114,0.182755,57.276748
1403636746063555584.000000,0.000000,0.000000,20.011824,8.059118,0.277988,0.117825,20.970846,0.145058,56.476609
1403636746113555456.000000,0.000000,0.000000,21.427812,6.629978,0.277732,0.140002,20.980829,0.099841,57.681266
1403636746163555584.000000,0.000000,0.000000,21.842473,7.979085,0.268452,0.169826,23.454048,0.111330,57.630513
1403636746213555456.000000,0.000000,0.000000,27.478550,6.742460,0.281475,0.180835,23.882981,0.113249,62.934777
1403636746263555584.000000,0.000000,0.000000,21.800681,6.678491,0.294629,0.162114,23.739651,0.111105,56.480096
1403636746313555456.000000,0.000000,0.000000,19.912143,6.701787,0.280836,0.158819,23.048057,0.737578,52.957137
1403636746363555584.000000,0.000000,0.000000,21.308898,7.059296,0.288644,0.160162,24.001159,0.269251,55.091118
1403636746413555456.000000,0.000000,0.000000,22.145677,7.902827,0.317124,0.150498,21.966667,0.212867,60.934973
1403636746463555584.000000,0.000000,0.000000,20.431990,7.449926,0.290436,0.141025,21.249922,0.163619,58.164631
1403636746513555456.000000,0.000000,0.000000,22.477266,7.395684,0.307397,0.145794,21.477701,0.204387,60.024433
1403636746563555584.000000,0.000000,0.000000,20.738043,7.645960,0.305092,0.144514,20.468695,0.215939,57.958421
1403636746613555456.000000,0.000000,0.000000,21.245601,8.502483,0.314277,0.150114,21.586085,0.163331,59.986673
1403636746663555584.000000,0.000000,0.000000,21.148960,6.203412,0.303428,0.152258,21.084895,0.110338,55.450675
1403636746713555456.000000,0.000000,0.000000,19.856942,6.030003,0.277795,0.146658,21.874089,0.119778,51.573470
1403636746763555584.000000,0.000000,0.000000,20.782331,6.272533,0.270180,0.162274,22.406321,0.114210,54.730537
1403636746813555456.000000,0.000000,0.000000,22.998233,6.433624,0.267171,0.160066,21.741704,0.630473,56.111740
1403636746863555584.000000,0.000000,0.000000,19.848174,6.474520,0.261700,0.170115,23.661602,0.283076,54.420773
1403636746913555456.000000,0.000000,0.000000,21.684519,6.554009,0.259588,0.194658,21.814921,0.172450,54.778570
1403636746963555584.000000,0.000000,0.000000,21.213953,6.575673,0.287332,0.153954,22.290320,0.208643,55.547124
1403636747013555456.000000,0.000000,0.000000,22.489395,6.744860,0.283652,0.152098,22.505331,0.192643,57.352013
1403636747063555584.000000,0.000000,0.000000,22.007499,6.727356,0.274116,0.152002,22.079692,0.189922,56.762437
1403636747113555456.000000,0.000000,0.000000,25.099254,6.588858,0.266723,0.161634,23.497056,0.152194,61.346659
1403636747163555584.000000,0.000000,0.000000,22.490610,7.204066,0.286660,0.149315,23.026521,0.121121,56.563458
1403636747213555456.000000,0.000000,0.000000,19.941679,5.968689,0.277924,0.167874,23.685635,0.118082,54.105281
1403636747263555584.000000,0.000000,0.000000,22.015020,6.852349,0.289380,0.167426,23.114267,0.119458,55.994554
1403636747313555456.000000,0.000000,0.000000,25.691870,6.588985,0.292932,0.194019,24.195945,0.704746,60.378613
1403636747363555584.000000,0.000000,0.000000,22.081676,6.634618,0.284900,0.183042,27.382229,0.270692,58.428347
1403636747413555456.000000,0.000000,0.000000,20.401014,6.389207,0.305796,0.206243,24.957364,0.175171,57.333229
1403636747463555584.000000,0.000000,0.000000,23.447199,7.350372,0.327460,0.168195,24.948243,0.189763,60.387446
1403636747513555456.000000,0.000000,0.000000,21.219489,7.352516,0.297540,0.186626,25.060757,0.192323,57.484846
1403636747563555584.000000,0.000000,0.000000,21.068671,6.386359,0.367077,0.159715,23.321853,0.139106,58.867330
1403636747613555456.000000,0.000000,0.000000,22.696917,6.234133,0.304196,0.173538,24.203786,0.147586,62.729270
1403636747663555584.000000,0.000000,0.000000,21.768136,7.279331,0.305828,0.170786,23.338590,0.122753,60.925278
1403636747713555456.000000,0.000000,0.000000,20.838459,6.824125,0.272931,0.168899,23.903877,0.129249,58.917602
1403636747763555584.000000,0.000000,0.000000,25.800383,7.437125,0.295588,0.189699,24.781745,0.128642,64.553711
1403636747813555456.000000,0.000000,0.000000,20.748603,6.590426,0.298532,0.177443,25.526907,0.664009,55.750711
1403636747863555584.000000,0.000000,0.000000,22.081196,8.183344,0.284388,0.169058,25.307896,0.325028,59.726093
1403636747913555456.000000,0.000000,0.000000,21.832777,6.833501,0.316388,0.125442,23.702211,0.167011,58.139159
1403636747963555584.000000,0.000000,0.000000,20.210611,8.404274,0.324900,0.159266,24.305067,0.178082,58.524284
1403636748013555456.000000,0.000000,0.000000,21.550341,6.440568,0.344548,0.156514,24.881810,0.185283,59.283943
1403636748063555584.000000,0.000000,0.000000,20.936349,7.226530,0.333252,0.177890,34.486998,0.154531,60.129011
1403636748113555456.000000,0.000000,0.000000,19.840750,7.481094,0.307557,0.177122,25.840448,0.132161,59.030371
1403636748163555584.000000,0.000000,0.000000,19.904175,6.581210,0.269059,0.168642,27.226643,0.135490,56.746789
1403636748213555456.000000,0.000000,0.000000,24.865234,7.450246,0.305348,0.173602,26.746221,0.133570,63.303230
1403636748263555584.000000,0.000000,0.000000,42.774694,6.686971,0.298212,0.155586,24.161929,0.124065,80.661642
1403636748313555456.000000,0.000000,0.000000,21.057374,7.168098,0.317349,0.173507,26.660074,0.763019,68.477796
1403636748363555584.000000,0.000000,0.000000,22.178798,8.974746,0.337957,0.192707,29.290894,0.291396,62.520467
1403636748413555456.000000,0.000000,0.000000,21.888042,9.317599,0.376005,0.159906,25.705758,0.200195,64.694160
1403636748463555584.000000,0.000000,0.000000,21.047007,7.814122,0.355909,0.185122,25.444282,0.206307,61.885642
1403636748513555456.000000,0.000000,0.000000,22.436274,8.996987,0.313828,0.160386,25.197463,0.221539,61.702472
1403636748563555584.000000,0.000000,0.000000,24.008231,6.965983,0.380293,0.163266,25.711165,0.209667,64.340812
1403636748613555456.000000,0.000000,0.000000,22.092460,7.269986,0.341541,0.163395,26.925390,0.154018,65.184087
1403636748663555584.000000,0.000000,0.000000,21.644134,6.283894,0.332868,0.156866,26.502889,0.127874,60.289717
1403636748713555456.000000,0.000000,0.000000,20.812955,6.678395,0.297413,0.160450,24.076168,0.118946,59.378184
1403636748763555584.000000,0.000000,0.000000,22.054220,7.002079,0.312164,0.153410,23.102362,0.115681,60.942238
1403636748813555456.000000,0.000000,0.000000,21.397091,6.605690,0.313380,0.188035,24.711056,0.664233,60.160242
1403636748863555584.000000,0.000000,0.000000,21.257602,7.246210,0.316548,0.190179,27.447349,0.275172,61.553541
1403636748913555456.000000,0.000000,0.000000,21.684071,7.057760,0.357957,0.188547,25.727262,0.211779,61.256834
1403636748963555584.000000,0.000000,0.000000,21.742312,8.222320,0.297572,0.180002,25.161143,0.201475,60.332693
1403636749013555456.000000,0.000000,0.000000,21.642151,7.120033,0.308261,0.162723,23.630881,0.199619,57.819411
1403636749063555584.000000,0.000000,0.000000,20.854876,6.419415,0.347749,0.163298,25.712254,0.200642,58.874626
1403636749113555456.000000,0.000000,0.000000,22.803959,7.015103,0.328356,0.153410,30.560768,0.170339,63.967591
1403636749163555584.000000,0.000000,0.000000,23.297661,7.537382,0.311300,0.172258,24.273835,0.133922,63.623970
1403636749213555456.000000,0.000000,0.000000,27.417941,6.928638,0.304548,0.160515,25.412858,0.155394,64.687696
1403636749263555584.000000,0.000000,0.000000,21.716776,6.298966,0.298276,0.152450,23.087194,0.118369,58.135128
1403636749313555456.000000,0.000000,0.000000,20.407189,6.532729,0.116834,0.164546,23.901573,0.696393,58.790881
1403636749363555584.000000,0.000000,0.000000,20.527383,6.486681,0.310180,0.163842,26.488072,0.258052,64.034024
1403636749413555456.000000,0.000000,0.000000,22.826390,7.989996,0.338949,0.182050,24.896403,0.226051,61.255138
1403636749463555584.000000,0.000000,0.000000,21.176128,8.362034,0.346628,0.153699,24.904467,0.186307,61.237409
1403636749513555456.000000,0.000000,0.000000,22.285584,7.711689,0.300836,0.166178,23.598817,0.178818,58.804160
1403636749563555584.000000,0.000000,0.000000,21.871081,6.518328,0.361605,0.178658,23.250141,0.191363,58.912834
1403636749613555456.000000,0.000000,0.000000,21.312290,6.740251,0.351365,0.162210,24.870131,0.155970,60.911261
1403636749663555584.000000,0.000000,0.000000,23.752740,7.400933,0.307397,0.188003,23.967558,0.120001,62.092782
1403636749713555456.000000,0.000000,0.000000,22.742293,7.619784,0.327044,0.196354,23.858853,0.121857,61.005726
1403636749763555584.000000,0.000000,0.000000,20.647993,5.975377,0.284772,0.164674,24.815442,0.141794,56.910535
1403636749813555456.000000,0.000000,0.000000,23.404767,7.321635,0.298916,0.196995,24.938708,0.638537,60.666233
1403636749863555584.000000,0.000000,0.000000,24.846770,6.703163,0.303492,0.168387,25.773438,0.296869,62.754966
1403636749913555456.000000,0.000000,0.000000,20.981821,7.028416,0.309860,0.157826,26.878158,0.187842,58.567517
1403636749963555584.000000,0.000000,0.000000,22.353360,6.519225,0.350405,0.189827,24.079176,0.185795,59.119589
1403636750013555456.000000,0.000000,0.000000,21.496164,7.333891,0.296228,0.171138,22.866648,0.182851,59.981488
1403636750063555584.000000,0.000000,0.000000,22.339120,7.508742,0.298052,0.166050,23.576257,0.185474,62.175023
1403636750113555456.000000,0.000000,0.000000,23.209724,6.301398,0.320740,0.179714,28.062014,0.142466,62.382769
1403636750163555584.000000,0.000000,0.000000,21.607686,6.390839,0.315428,0.205315,24.709968,0.120866,61.342467
1403636750213555456.000000,0.000000,0.000000,21.103391,5.827472,0.306372,0.179779,24.900947,0.122017,58.063159
1403636750263555584.000000,0.000000,0.000000,22.891192,6.066323,0.346757,0.208323,25.808703,0.122562,58.455548
1403636750313555456.000000,0.000000,0.000000,19.531018,6.100659,0.291684,0.176642,25.091509,0.614344,55.722198
1403636750363555584.000000,0.000000,0.000000,20.413462,6.032338,0.307205,0.169602,30.737571,0.273700,61.278658
1403636750413555456.000000,0.000000,0.000000,19.240102,4.890819,0.319396,0.210563,27.106481,0.215651,55.311505
1403636750463555584.000000,0.000000,0.000000,24.676848,6.553977,0.379877,0.178978,26.487401,0.228387,62.222991
1403636750513555456.000000,0.000000,0.000000,22.040940,6.470744,0.354853,0.170850,26.725132,0.213123,60.949118
1403636750563555584.000000,0.000000,0.000000,22.915992,7.219714,0.324676,0.161378,26.935567,0.217091,61.964748
1403636750613555456.000000,0.000000,0.000000,22.397521,5.981489,0.319396,0.157443,29.308079,0.170658,65.456539
1403636750663555584.000000,0.000000,0.000000,22.436690,6.271126,0.353029,0.182563,26.980111,0.129025,62.590900
1403636750713555456.000000,0.000000,0.000000,21.609894,7.574151,0.317157,0.154914,26.740940,0.133538,62.822807
1403636750763555584.000000,0.000000,0.000000,22.815606,6.769308,0.320164,0.188067,26.888110,0.133441,61.406308
1403636750813555456.000000,0.000000,0.000000,21.119744,6.548921,0.339300,0.200067,28.551044,0.656585,61.141248
1403636750863555584.000000,0.000000,0.000000,20.498807,6.038386,0.310948,0.164578,28.819688,0.310213,62.402130
1403636750913555456.000000,0.000000,0.000000,21.543942,6.203348,0.410085,0.195042,27.497686,0.203011,61.565062
1403636750963555584.000000,0.000000,0.000000,23.329373,6.888926,0.335524,0.164002,26.847277,0.215491,63.369470
1403636751013555456.000000,0.000000,0.000000,24.672208,7.594599,0.390213,0.160578,24.813810,0.190882,65.972578
1403636751063555584.000000,0.000000,0.000000,23.947078,7.523558,0.395141,0.161666,25.095670,0.188546,67.576376
1403636751113555456.000000,0.000000,0.000000,22.586579,6.506265,0.336485,0.181443,28.218496,0.158594,64.784305
1403636751163555584.000000,0.000000,0.000000,24.918899,5.949297,0.385861,0.175842,25.249336,0.119233,65.544220
1403636751213555456.000000,0.000000,0.000000,23.668386,6.888766,0.316837,0.166594,24.070183,0.119330,64.164169
1403636751263555584.000000,0.000000,0.000000,23.656898,6.239157,0.314116,0.183010,27.378037,0.122434,61.300162
1403636751313555456.000000,0.000000,0.000000,21.957675,6.247285,0.317636,0.191234,26.349191,0.603656,58.004630
1403636751363555584.000000,0.000000,0.000000,22.758678,5.806799,0.312196,0.180738,30.032857,0.325029,62.032141
1403636751413555456.000000,0.000000,0.000000,21.899818,6.962591,0.330852,0.173282,27.685977,0.208579,60.448919
1403636751463555584.000000,0.000000,0.000000,22.682740,7.293091,0.307813,0.155266,26.131908,0.202467,60.512920
1403636751513555456.000000,0.000000,0.000000,22.541778,7.698793,0.391398,0.169859,27.273683,0.210403,64.000200
1403636751563555584.000000,0.000000,0.000000,25.660254,7.588871,0.378341,0.124705,21.691880,0.159394,66.610506
1403636751613555456.000000,0.000000,0.000000,23.595842,6.725723,0.375046,0.156738,21.662311,0.131489,67.279699
1403636751663555584.000000,0.000000,0.000000,24.419437,6.191476,0.397190,0.209474,22.970489,0.114369,65.460667
1403636751713555456.000000,0.000000,0.000000,24.771218,7.292195,0.335076,0.175171,22.811062,0.104577,65.000565
1403636751763555584.000000,0.000000,0.000000,22.735861,6.736604,0.351749,0.172450,23.162651,0.114690,63.504705
1403636751813555456.000000,0.000000,0.000000,25.069173,5.068453,0.328229,0.171874,25.940258,0.645865,58.684095
1403636751863555584.000000,0.000000,0.000000,24.195050,4.977860,0.284324,0.187651,28.109599,0.278404,57.256556
1403636751913555456.000000,0.000000,0.000000,22.627252,5.772687,0.318693,0.131106,25.030901,0.192290,57.960437
1403636751963555584.000000,0.000000,0.000000,26.219461,5.619148,0.296324,0.178626,27.240435,0.245827,60.835164
1403636752013555456.000000,0.000000,0.000000,25.597052,5.822544,0.344293,0.180579,25.419994,0.210627,60.543928
1403636752063555584.000000,0.000000,0.000000,25.099574,6.552569,0.408613,0.129634,24.072968,0.185314,64.734257
1403636752113555456.000000,0.000000,0.000000,23.793187,6.809949,0.158754,0.148738,24.016071,0.604361,65.866689
1403636752163555584.000000,0.000000,0.000000,25.629373,6.786140,0.313892,0.220035,26.303206,0.255076,64.246091
1403636752213555456.000000,0.000000,0.000000,23.425855,6.868318,0.324325,0.176003,25.344761,0.204034,64.332364
1403636752263555584.000000,0.000000,0.000000,23.379678,6.276950,0.356421,0.192931,25.714750,0.202819,62.174190
1403636752313555456.000000,0.000000,0.000000,23.164507,7.052256,0.328964,0.181411,24.434924,0.279076,61.027198
1403636752363555584.000000,0.000000,0.000000,21.738760,6.249461,0.326501,0.180162,23.502400,0.149730,58.720447
1403636752413555456.000000,0.000000,0.000000,24.462733,6.301910,0.328804,0.166851,24.865778,0.122753,64.048456
1403636752463555584.000000,0.000000,0.000000,25.713598,6.857982,0.386213,0.189634,25.732478,0.131458,64.504462
1403636752513555456.000000,0.000000,0.000000,23.494912,6.338006,0.333829,0.167970,24.052967,0.124738,62.505458
1403636752563555584.000000,0.000000,0.000000,24.351724,6.104115,0.377669,0.171906,26.089923,0.139714,62.295920
1403636752613555456.000000,0.000000,0.000000,23.676259,7.827627,0.326309,0.172995,27.532055,0.666057,61.628455
1403636752663555584.000000,0.000000,0.000000,21.170208,7.092001,0.341412,0.194787,25.857792,0.296900,59.665453
1403636752713555456.000000,0.000000,0.000000,23.965286,6.832541,0.363269,0.181922,24.645104,0.233923,62.924793
1403636752763555584.000000,0.000000,0.000000,24.523597,7.059936,0.349189,0.174114,24.636111,0.232771,61.689864
1403636752813555456.000000,0.000000,0.000000,24.809905,8.438419,0.451142,0.163298,24.133609,0.184578,65.870113
1403636752863555584.000000,0.000000,0.000000,22.561267,8.130767,0.428805,0.179011,23.651074,0.299876,65.497756
1403636752913555456.000000,0.000000,0.000000,23.697411,6.716315,0.348292,0.156578,27.301044,0.162594,65.136663
1403636752963555584.000000,0.000000,0.000000,25.716926,6.769436,0.346469,0.160835,23.036121,0.115873,63.722404
1403636753013555456.000000,0.000000,0.000000,21.883114,6.146227,0.309188,0.170146,22.947640,0.119297,59.880079
1403636753063555584.000000,0.000000,0.000000,22.633716,6.060691,0.319172,0.166818,22.965113,0.118082,59.204869
1403636753113555456.000000,0.000000,0.000000,22.756309,6.231764,0.299716,0.180483,24.619535,0.696841,59.674348
1403636753163555584.000000,0.000000,0.000000,22.077324,6.097683,0.309860,0.170658,24.306571,0.307364,61.803561
1403636753213555456.000000,0.000000,0.000000,21.898890,6.951647,0.322372,0.144066,24.226729,0.194659,57.990326
1403636753263555584.000000,0.000000,0.000000,24.050632,6.633850,0.366437,0.166114,26.157988,0.224227,59.661644
1403636753313555456.000000,0.000000,0.000000,23.125146,6.452312,0.303588,0.176035,26.044514,0.219075,58.578845
1403636753363555584.000000,0.000000,0.000000,23.741251,6.779516,0.333796,0.171938,26.074403,0.171810,61.760904
1403636753413555456.000000,0.000000,0.000000,24.297611,6.504921,0.330373,0.179266,24.096328,0.155522,61.703272
1403636753463555584.000000,0.000000,0.000000,27.057200,6.786332,0.310212,0.183203,23.363518,0.120226,64.443342
1403636753513555456.000000,0.000000,0.000000,23.950214,6.827004,0.332965,0.208451,25.275896,0.138146,63.568353
1403636753563555584.000000,0.000000,0.000000,23.656162,6.622907,0.325796,0.174530,26.226213,0.134882,62.894649
1403636753613555456.000000,0.000000,0.000000,24.285770,7.245411,0.338341,0.173058,26.055427,0.730378,63.979783
1403636753663555584.000000,0.000000,0.000000,23.436191,6.485433,0.314501,0.186242,29.557714,0.277379,60.312501
1403636753713555456.000000,0.000000,0.000000,22.925016,6.608314,0.351429,0.193154,25.078870,0.171939,58.999715
1403636753763555584.000000,0.000000,0.000000,27.360148,7.785194,0.319844,0.167554,24.085320,0.166434,67.085713
1403636753813555456.000000,0.000000,0.000000,26.625194,8.147247,0.361253,0.190882,23.224444,0.161218,67.482615
1403636753863555584.000000,0.000000,0.000000,26.597066,7.727625,0.384933,0.135618,23.749891,0.152546,67.249588
1403636753913555456.000000,0.000000,0.000000,25.691806,7.367812,0.404582,0.173347,22.960376,0.115810,69.176142
1403636753963555584.000000,0.000000,0.000000,24.799985,6.634522,0.330085,0.170211,23.630401,0.120098,63.045434
1403636754013555456.000000,0.000000,0.000000,24.132713,7.612360,0.317636,0.178051,25.341113,0.128610,61.039519
1403636754063555584.000000,0.000000,0.000000,23.687266,7.188130,0.291300,0.213827,25.650301,0.133698,59.346824
1403636754113555456.000000,0.000000,0.000000,24.038152,6.154867,0.291364,0.175299,26.613578,0.658313,66.707500
1403636754163555584.000000,0.000000,0.000000,24.783825,6.928478,0.323588,0.194242,27.862108,0.308036,61.267170
1403636754213555456.000000,0.000000,0.000000,24.027495,6.414519,0.320548,0.187747,27.051536,0.209219,60.164851
1403636754263555584.000000,0.000000,0.000000,23.371199,7.237506,0.332356,0.166658,26.136708,0.208739,61.939819
1403636754313555456.000000,0.000000,0.000000,26.275238,6.369367,0.393477,0.174787,24.636591,0.211907,65.368921
1403636754363555584.000000,0.000000,0.000000,23.744099,8.436595,0.348452,0.166178,23.633858,0.189762,65.575741
1403636754413555456.000000,0.000000,0.000000,24.094376,6.931583,0.335749,0.165379,24.149576,0.162402,65.359866
1403636754463555584.000000,0.000000,0.000000,24.750769,6.661115,0.343684,0.176354,22.839159,0.128097,64.900180
1403636754513555456.000000,0.000000,0.000000,23.509152,6.408183,0.385125,0.171906,24.253962,0.135458,62.635989
1403636754563555584.000000,0.000000,0.000000,21.847049,6.910910,0.405413,0.171554,23.153051,0.129154,60.187283
1403636754613555456.000000,0.000000,0.000000,20.994014,6.105523,0.398438,0.165186,22.795287,0.685226,56.259134
1403636754663555584.000000,0.000000,0.000000,22.746806,6.105715,0.384005,0.182242,26.180037,0.319684,59.358088
1403636754713555456.000000,0.000000,0.000000,21.454948,7.318340,0.333989,0.172130,27.342676,0.212387,57.592432
1403636754763555584.000000,0.000000,0.000000,24.185737,7.207106,0.400741,0.154370,22.475762,0.207107,62.119374
1403636754813555456.000000,0.000000,0.000000,24.497326,7.129793,0.320741,0.154818,21.581158,0.205506,60.834076
1403636754863555584.000000,0.000000,0.000000,23.886053,7.666857,0.303108,0.149634,23.278621,0.194595,60.808476
1403636754913555456.000000,0.000000,0.000000,23.194524,6.114355,0.329445,0.156642,25.527708,0.170114,61.974347
1403636754963555584.000000,0.000000,0.000000,21.999499,6.775388,0.323397,0.144386,22.609556,0.142082,62.633941
1403636755013555456.000000,0.000000,0.000000,22.117837,7.686216,0.280931,0.185987,22.986265,0.127458,57.023336
1403636755063555584.000000,0.000000,0.000000,23.601250,6.515576,0.334885,0.169443,22.421361,0.130113,56.589923
1403636755113555456.000000,0.000000,0.000000,22.338448,7.233987,0.391205,0.162211,22.376464,0.833995,59.124997
1403636755163555584.000000,0.000000,0.000000,22.082413,6.478200,0.431654,0.210275,28.264384,0.336804,59.506986
1403636755213555456.000000,0.000000,0.000000,21.412580,8.303665,0.302564,0.200770,26.749421,0.203907,58.511676
1403636755263555584.000000,0.000000,0.000000,23.116667,7.675177,0.313988,0.159554,24.724912,0.217187,60.256340
1403636755313555456.000000,0.000000,0.000000,24.123688,6.504889,0.320836,0.189123,24.382059,0.209539,59.106789
1403636755363555584.000000,0.000000,0.000000,22.980120,7.885867,0.302724,0.168546,25.285304,0.171682,60.025393
1403636755413555456.000000,0.000000,0.000000,23.733475,6.716923,0.318277,0.190050,22.563987,0.140258,66.267430
1403636755463555584.000000,0.000000,0.000000,22.818519,7.746153,0.340645,0.193635,24.166281,0.134754,64.337228
1403636755513555456.000000,0.000000,0.000000,21.032351,6.930526,0.295300,0.177282,23.422399,0.127233,59.266855
1403636755563555584.000000,0.000000,0.000000,27.941340,5.934224,0.330468,0.185635,25.203095,0.142114,65.339641
1403636755613555456.000000,0.000000,0.000000,21.886026,7.256291,0.392806,0.182914,24.176297,0.792203,60.751323
1403636755663555584.000000,0.000000,0.000000,27.279507,6.984255,0.351557,0.203619,26.356039,0.321412,63.079034
1403636755713555456.000000,0.000000,0.000000,20.900221,7.049504,0.413349,0.158562,22.915736,0.180642,56.857670
1403636755763555584.000000,0.000000,0.000000,21.661062,6.811101,0.379013,0.165986,24.237546,0.206082,57.927061
1403636755813555456.000000,0.000000,0.000000,24.847539,8.039949,0.336068,0.163810,23.197724,0.205571,64.385901
1403636755863555584.000000,0.000000,0.000000,23.400991,7.345860,0.339301,0.167490,23.127451,0.164259,61.743721
1403636755913555456.000000,0.000000,0.000000,23.827845,6.720155,0.401670,0.159779,18.954082,0.144290,63.403743
1403636755963555584.000000,0.000000,0.000000,23.103451,6.375927,0.404646,0.100354,20.901788,0.120289,58.250873
1403636756013555456.000000,0.000000,0.000000,21.798441,6.739931,0.364005,0.164419,23.229116,0.781963,59.198406
1403636756063555584.000000,0.000000,0.000000,22.446610,6.305142,0.397094,0.084129,24.667472,0.142401,58.431355
1403636756113555456.000000,0.000000,0.000000,22.810294,6.377815,0.477959,0.166210,19.213286,0.168963,58.580542
1403636756163555584.000000,0.000000,0.000000,25.460570,4.996805,0.294724,0.149794,20.012080,0.208867,56.020475
1403636756213555456.000000,0.000000,0.000000,22.731445,5.707886,0.355141,0.138114,20.034832,0.238020,55.213519
1403636756263555584.000000,0.000000,0.000000,24.313035,7.072545,0.383621,0.109314,19.075908,0.175714,61.320547
1403636756313555456.000000,0.000000,0.000000,23.344222,6.775677,0.438150,0.107009,18.123223,0.652745,61.367875
1403636756363555584.000000,0.000000,0.000000,27.743834,5.053220,0.310596,0.068225,18.710143,0.116481,58.877665
1403636756413555456.000000,0.000000,0.000000,24.020263,5.182374,0.364613,0.151490,19.268582,0.167938,55.798232
1403636756463555584.000000,0.000000,0.000000,23.270717,5.363625,0.340965,0.158178,19.547914,0.227747,55.548564
1403636756513555456.000000,0.000000,0.000000,22.086828,5.054085,0.281092,0.166115,18.997570,0.237796,59.796878
1403636756563555584.000000,0.000000,0.000000,23.050874,4.909539,0.270852,0.110786,18.580765,0.157826,52.738062
1403636756613555456.000000,0.000000,0.000000,21.603814,4.768929,0.265955,0.138274,17.854899,0.106401,50.945717
1403636756663555584.000000,0.000000,0.000000,23.610849,5.028421,0.276068,0.166787,19.803469,0.105185,54.085952
1403636756713555456.000000,0.000000,0.000000,22.861175,4.940675,0.283076,0.159106,22.145038,0.128322,54.191682
1403636756763555584.000000,0.000000,0.000000,21.959115,4.954276,0.276899,0.191714,23.015194,0.773835,52.359912
1403636756813555456.000000,0.000000,0.000000,23.637506,4.937475,0.276100,0.073665,22.918424,0.138018,54.239362
1403636756863555584.000000,0.000000,0.000000,22.750710,4.824769,0.308676,0.150434,19.079748,0.167874,51.174073
1403636756913555456.000000,0.000000,0.000000,22.211119,6.667259,0.321604,0.165379,21.999787,0.212963,54.970508
1403636756963555584.000000,0.000000,0.000000,22.737461,7.148930,0.302724,0.162946,22.814007,0.208066,58.208409
1403636757013555456.000000,0.000000,0.000000,23.215132,5.015461,0.375973,0.142818,21.475812,0.207395,58.452188
1403636757063555584.000000,0.000000,0.000000,27.780314,7.073760,0.306565,0.084993,21.681831,0.121730,63.997959
1403636757113555456.000000,0.000000,0.000000,25.214967,4.905155,0.266244,0.151138,21.058142,0.620744,55.551604
1403636757163555584.000000,0.000000,0.000000,26.116483,5.993938,0.336676,0.080705,23.095643,0.130242,60.789436
1403636757213555456.000000,0.000000,0.000000,25.595708,5.970481,0.314500,0.130978,18.473084,0.172131,61.308771
1403636757263555584.000000,0.000000,0.000000,24.281290,6.144436,0.369253,0.139330,18.939202,0.219459,58.395579
1403636757313555456.000000,0.000000,0.000000,22.888088,5.614412,0.317797,0.128097,19.061156,0.218147,56.176092
1403636757363555584.000000,0.000000,0.000000,24.863667,6.206932,0.322533,0.118785,17.318124,0.112833,57.260363
1403636757413555456.000000,0.000000,0.000000,25.028693,6.376598,0.353541,0.104289,16.724164,0.123010,60.675354
1403636757463555584.000000,0.000000,0.000000,24.800562,4.462908,0.348932,0.125698,19.093924,0.693258,53.960543
1403636757513555456.000000,0.000000,0.000000,24.432780,4.381788,0.391877,0.060865,18.449659,0.095394,54.309699
1403636757563555584.000000,0.000000,0.000000,24.709712,4.238746,0.365573,0.119585,16.903718,0.152834,54.570439
1403636757613555456.000000,0.000000,0.000000,24.550606,4.230969,0.301604,0.121058,19.490345,0.170467,51.794241
1403636757663555584.000000,0.000000,0.000000,26.702251,4.393404,0.299300,0.121314,20.629336,0.179458,53.707387
1403636757713555456.000000,0.000000,0.000000,25.389114,4.160472,0.294756,0.088257,19.321447,0.132866,55.510868
1403636757763555584.000000,0.000000,0.000000,24.603662,5.039845,0.287972,0.117890,26.308902,0.153730,53.985919
1403636757813555456.000000,0.000000,0.000000,24.748945,4.024534,0.367717,0.118082,22.102861,0.923341,52.265960
1403636757863555584.000000,0.000000,0.000000,23.661442,4.810754,0.317796,0.198883,23.833349,0.268131,53.978527
1403636757913555456.000000,0.000000,0.000000,25.428570,6.875070,0.416454,0.137090,20.637369,0.162595,58.988483
1403636757963555584.000000,0.000000,0.000000,23.858213,5.355817,0.420358,0.134050,21.007742,0.195907,53.609402
1403636758013555456.000000,0.000000,0.000000,23.101755,5.056613,0.472550,0.125089,19.931728,0.195715,60.761307
1403636758063555584.000000,0.000000,0.000000,22.789687,5.118661,0.385125,0.133858,21.237633,0.173410,55.938905
1403636758113555456.000000,0.000000,0.000000,25.618300,7.226658,0.413701,0.120226,20.231443,0.116578,63.301437
1403636758163555584.000000,0.000000,0.000000,23.130555,5.552811,0.311620,0.116930,20.896380,0.119713,54.011903
1403636758213555456.000000,0.000000,0.000000,24.492077,6.724155,0.308580,0.122210,19.731084,0.115425,58.564029
1403636758263555584.000000,0.000000,0.000000,24.152329,5.749038,0.305541,0.131874,22.505970,0.129186,54.679080
1403636758313555456.000000,0.000000,0.000000,25.439898,5.343113,0.422117,0.134210,22.097037,1.123727,58.325946
1403636758363555584.000000,0.000000,0.000000,22.398321,5.559755,0.418853,0.190563,24.359243,0.397222,53.238261
1403636758413555456.000000,0.000000,0.000000,25.149367,6.273237,0.395749,0.163042,21.987467,0.186915,58.197240
1403636758463555584.000000,0.000000,0.000000,25.243608,6.525081,0.365893,0.133057,22.491410,0.205283,57.397773
1403636758513555456.000000,0.000000,0.000000,23.191452,6.943966,0.437990,0.141633,23.178332,0.218435,58.848993
1403636758563555584.000000,0.000000,0.000000,22.746102,6.578489,0.315332,0.145026,23.746915,0.203107,59.113348
1403636758613555456.000000,0.000000,0.000000,21.916842,5.860656,0.359269,0.152610,29.347887,0.158850,58.673055
1403636758663555584.000000,0.000000,0.000000,23.869701,6.107091,0.382053,0.134594,23.812324,0.135297,58.354330
1403636758713555456.000000,0.000000,0.000000,23.026937,6.501017,0.313605,0.153698,21.376931,0.126337,58.180216
1403636758763555584.000000,0.000000,0.000000,23.946694,8.612949,0.333477,0.129474,21.201953,0.126850,62.038893
1403636758813555456.000000,0.000000,0.000000,21.883626,5.235303,0.438342,0.133442,20.984797,0.923724,57.335116
1403636758863555584.000000,0.000000,0.000000,21.160544,5.844368,0.302660,0.093441,23.780324,0.271844,62.465330
1403636758913555456.000000,0.000000,0.000000,22.461426,6.219413,0.347557,0.136770,23.230236,0.183427,58.011126
1403636758963555584.000000,0.000000,0.000000,23.605922,7.590568,0.310980,0.150434,21.036574,0.181698,58.991363
1403636759013555456.000000,0.000000,0.000000,22.251951,7.540327,0.318308,0.142018,20.487095,0.187490,56.918598
1403636759063555584.000000,0.000000,0.000000,22.707573,7.498278,0.328069,0.142530,21.611238,0.163970,57.930484
1403636759113555456.000000,0.000000,0.000000,22.520274,8.027053,0.155106,0.146434,19.389159,0.164322,60.778459
1403636759163555584.000000,0.000000,0.000000,22.512979,7.532359,0.368389,0.121602,19.130564,0.780011,59.538122
1403636759213555456.000000,0.000000,0.000000,20.739930,6.230709,0.358309,0.199971,20.595704,0.235491,54.148417
1403636759263555584.000000,0.000000,0.000000,20.845564,5.979730,0.411813,0.127618,19.548874,0.147938,53.412727
1403636759313555456.000000,0.000000,0.000000,22.757142,5.609357,0.301700,0.135201,22.138542,0.171939,55.948089
1403636759363555584.000000,0.000000,0.000000,22.204142,5.727214,0.416741,0.146594,21.560389,0.195811,53.787420
1403636759413555456.000000,0.000000,0.000000,21.796041,5.257831,0.287044,0.121153,21.309634,0.160866,52.486347
1403636759463555584.000000,0.000000,0.000000,22.809782,4.772929,0.380165,0.118241,19.634412,0.679433,54.384068
1403636759513555456.000000,0.000000,0.000000,24.452269,6.171156,0.307460,0.168003,18.284281,0.132962,56.062619
1403636759563555584.000000,0.000000,0.000000,23.514304,5.394346,0.364517,0.136802,19.645003,0.119425,57.261900
1403636759613555456.000000,0.000000,0.000000,25.850047,4.520414,0.395781,0.136258,19.812430,0.134722,59.090564
1403636759663555584.000000,0.000000,0.000000,22.811766,5.659053,0.437638,0.128482,19.849870,0.134274,57.387245
1403636759713555456.000000,0.000000,0.000000,23.096730,5.958545,0.311108,0.124098,16.258749,0.109121,55.990458
1403636759763555584.000000,0.000000,0.000000,23.816293,5.584172,0.353476,0.073953,18.298649,0.093825,52.191142
1403636759813555456.000000,0.000000,0.000000,21.695847,4.857379,0.298916,0.132802,20.056721,0.720298,52.313192
1403636759863555584.000000,0.000000,0.000000,26.811853,4.101848,0.295268,0.158499,18.575836,0.240643,56.838918
1403636759913555456.000000,0.000000,0.000000,24.383916,5.722158,0.137506,0.082913,17.148074,0.115490,55.920121
1403636759963555584.000000,0.000000,0.000000,23.785348,5.268872,0.148418,0.108417,17.734737,0.128226,49.884487
1403636760013555456.000000,0.000000,0.000000,23.285469,4.872387,0.298404,0.113697,18.908962,0.113858,52.043557
1403636760063555584.000000,0.000000,0.000000,25.856416,6.425912,0.342821,0.129538,17.102216,0.206435,58.776352
1403636760113555456.000000,0.000000,0.000000,24.277354,4.073623,0.152450,0.122946,22.586675,0.110337,53.094994
1403636760163555584.000000,0.000000,0.000000,23.198044,3.973302,0.298180,0.117346,19.652523,0.102017,50.045833
1403636760213555456.000000,0.000000,0.000000,22.123629,3.751923,0.289124,0.137858,19.533578,0.094017,49.427841
1403636760263555584.000000,0.000000,0.000000,23.488479,4.161209,0.332421,0.135330,19.771181,0.099426,52.332233
1403636760313555456.000000,0.000000,0.000000,26.072067,5.771119,0.455814,0.135394,20.880540,0.777834,55.008365
1403636760363555584.000000,0.000000,0.000000,24.350891,4.502814,0.402885,0.161475,22.395601,0.262468,57.267820
1403636760413555456.000000,0.000000,0.000000,23.571521,4.355835,0.301252,0.111713,18.565149,0.118209,53.569529
1403636760463555584.000000,0.000000,0.000000,25.386681,5.726126,0.332645,0.123713,18.937634,0.139938,56.476865
1403636760513555456.000000,0.000000,0.000000,26.601706,5.603340,0.401990,0.113410,18.411866,0.147298,58.534812
1403636760563555584.000000,0.000000,0.000000,24.290763,5.930481,0.170658,0.113890,19.032483,0.128834,57.836435
1403636760613555456.000000,0.000000,0.000000,25.561532,4.584703,0.159170,0.119201,24.742513,0.797899,59.213254
1403636760663555584.000000,0.000000,0.000000,24.238538,4.539805,0.357605,0.155234,21.726888,0.150114,54.093984
1403636760713555456.000000,0.000000,0.000000,24.697328,5.730638,0.305604,0.124513,18.455932,0.122850,55.416082
1403636760763555584.000000,0.000000,0.000000,22.406929,4.071351,0.302052,0.123522,20.906301,0.155714,50.823732
1403636760813555456.000000,0.000000,0.000000,24.377835,4.628191,0.306756,0.118370,18.875489,0.131234,53.761500
1403636760863555584.000000,0.000000,0.000000,23.212156,4.615998,0.400710,0.114178,17.326252,0.165922,59.363112
1403636760913555456.000000,0.000000,0.000000,23.024537,3.986134,0.291972,0.099137,18.655326,0.632681,54.890091
1403636760963555584.000000,0.000000,0.000000,23.095291,3.981110,0.302980,0.146498,17.442318,0.175011,51.347578
1403636761013555456.000000,0.000000,0.000000,24.132073,5.399209,0.403813,0.102913,17.059272,0.112225,56.721124
1403636761063555584.000000,0.000000,0.000000,22.329072,4.420316,0.435910,0.096770,17.008199,0.119713,51.786465
1403636761113555456.000000,0.000000,0.000000,21.389187,4.032983,0.369061,0.086977,17.072552,0.139778,48.871929
1403636761163555584.000000,0.000000,0.000000,23.842885,5.932465,0.328101,0.078402,16.700835,0.098818,54.771978
1403636761213555456.000000,0.000000,0.000000,23.792164,3.483503,0.307492,0.073793,14.885835,0.506119,49.573891
1403636761263555584.000000,0.000000,0.000000,22.124525,3.576817,0.281892,0.125122,17.523854,0.117857,48.459604
1403636761313555456.000000,0.000000,0.000000,21.533765,3.976758,0.302020,0.105441,16.649699,0.104769,48.024622
1403636761363555584.000000,0.000000,0.000000,24.778609,5.137286,0.334821,0.100322,15.682965,0.101922,53.045170
1403636761413555456.000000,0.000000,0.000000,26.029506,3.061098,0.267748,0.099361,16.007514,0.112322,53.734075
1403636761463555584.000000,0.000000,0.000000,26.918574,3.129227,0.280676,0.091393,14.695176,0.077249,50.806355
1403636761513555456.000000,0.000000,0.000000,23.041369,3.087594,0.139618,0.091169,16.015514,0.072673,49.350207
1403636761563555584.000000,0.000000,0.000000,23.481791,4.263994,0.163874,0.096225,17.136361,0.074209,50.241708
1403636761613555456.000000,0.000000,0.000000,21.890026,3.473455,0.267779,0.099809,16.203613,0.072993,51.119479
1403636761663555584.000000,0.000000,0.000000,26.040226,4.543646,0.303748,0.094082,16.121211,0.076097,52.392969
1403636761713555456.000000,0.000000,0.000000,25.476443,3.823348,0.279780,0.093633,17.460302,0.639209,49.673508
1403636761763555584.000000,0.000000,0.000000,22.865655,3.876917,0.294372,0.122786,21.738440,0.215267,48.390866
1403636761813555456.000000,0.000000,0.000000,25.254680,4.989187,0.404166,0.080865,16.870982,0.089537,53.232053
1403636761863555584.000000,0.000000,0.000000,28.639462,4.868963,0.283268,0.094977,17.801138,0.106305,55.958905
1403636761913555456.000000,0.000000,0.000000,26.111235,6.493304,0.338404,0.097729,18.428667,0.117441,54.680936
1403636761963555584.000000,0.000000,0.000000,24.737649,6.049555,0.153250,0.095906,17.217546,0.097154,54.639399
1403636762013555456.000000,0.000000,0.000000,25.598493,3.383374,0.147362,0.097154,24.040967,0.089122,56.870310
1403636762063555584.000000,0.000000,0.000000,25.900385,3.298989,0.289572,0.087489,17.784850,0.637961,50.875604
1403636762113555456.000000,0.000000,0.000000,24.575823,3.598801,0.276484,0.127362,15.827511,0.155522,51.695616
1403636762163555584.000000,0.000000,0.000000,24.087943,3.265709,0.270404,0.081313,14.391332,0.085697,51.562173
1403636762213555456.000000,0.000000,0.000000,24.062952,3.851764,0.289284,0.082881,14.823434,0.093793,50.725074
1403636762263555584.000000,0.000000,0.000000,23.422975,3.168171,0.333956,0.082017,16.670371,0.134049,56.750372
1403636762313555456.000000,0.000000,0.000000,25.010356,3.500240,0.322821,0.086113,14.364900,0.084769,52.708269
1403636762363555584.000000,0.000000,0.000000,26.399015,4.912131,0.141410,0.068161,17.430126,0.617416,52.975505
1403636762413555456.000000,0.000000,0.000000,24.107560,2.837286,0.302372,0.096961,15.287728,0.089153,46.770653
1403636762463555584.000000,0.000000,0.000000,22.876952,3.377198,0.263332,0.067713,15.687542,0.096033,46.562138
1403636762513555456.000000,0.000000,0.000000,24.438797,3.149163,0.373733,0.074561,15.627989,0.099874,50.375438
1403636762563555584.000000,0.000000,0.000000,25.605724,3.281645,0.357477,0.074465,15.892664,0.099873,48.872953
1403636762613555456.000000,0.000000,0.000000,24.945396,2.547618,0.364485,0.061153,17.779730,0.075745,50.979542
1403636762663555584.000000,0.000000,0.000000,25.766239,2.854983,0.275524,0.074881,16.767844,0.641961,48.889370
1403636762713555456.000000,0.000000,0.000000,24.440396,2.397153,0.242019,0.096834,17.776754,0.194275,47.994477
1403636762763555584.000000,0.000000,0.000000,25.539259,5.195207,0.293764,0.065440,18.967875,0.108897,52.131973
1403636762813555456.000000,0.000000,0.000000,20.045073,2.830054,0.318980,0.051168,14.352452,0.098497,44.362716
1403636762863555584.000000,0.000000,0.000000,23.375486,2.323840,0.281220,0.054081,16.413727,0.108353,49.033627
1403636762913555456.000000,0.000000,0.000000,21.498629,4.903491,0.321349,0.057889,13.364182,0.064865,49.353184
1403636762963555584.000000,0.000000,0.000000,21.212033,3.713203,0.143362,0.049601,16.556001,0.455814,48.745047
1403636763013555456.000000,0.000000,0.000000,22.528978,2.635492,0.303621,0.077025,18.835584,0.097505,50.448079
1403636763063555584.000000,0.000000,0.000000,23.222876,3.731218,0.316389,0.057057,16.302494,0.078722,47.013343
1403636763113555456.000000,0.000000,0.000000,27.828443,5.282728,0.289380,0.066913,17.930004,0.097281,54.332836
1403636763163555584.000000,0.000000,0.000000,25.066037,2.547010,0.346020,0.060097,15.119150,0.081121,46.425496
1403636763213555456.000000,0.000000,0.000000,23.030521,2.729542,0.254115,0.059265,19.254502,0.059808,47.017248
1403636763263555584.000000,0.000000,0.000000,24.011015,2.459330,0.360997,0.052129,18.260600,0.508967,51.147640
1403636763313555456.000000,0.000000,0.000000,25.798463,3.611441,0.324356,0.060097,15.823416,0.108034,50.590353
1403636763363555584.000000,0.000000,0.000000,24.554382,4.580383,0.331844,0.064193,16.725379,0.071457,53.627162
1403636763413555456.000000,0.000000,0.000000,25.292952,3.440015,0.402885,0.068097,17.015655,0.081601,49.636036
1403636763463555584.000000,0.000000,0.000000,21.897610,2.194014,0.486023,0.067649,16.248189,0.077985,49.325247
1403636763513555456.000000,0.000000,0.000000,23.370046,2.065149,0.274820,0.064929,12.692428,0.048001,50.278988
1403636763563555584.000000,0.000000,0.000000,23.659842,2.103612,0.264995,0.037537,16.553441,0.478471,47.245987
1403636763613555456.000000,0.000000,0.000000,23.212380,2.030780,0.328965,0.000000,0.000000,0.000000,47.879020
1403636763663555584.000000,0.000000,0.000000,24.742641,2.432929,0.366501,1051576769095663488.000000,0.000000,0.000000,50.347790
1403636763713555456.000000,0.000000,0.000000,23.440191,2.191998,0.325093,26388283506076.164062,0.000000,-0.000000,47.491174
1403636763763555584.000000,0.000000,0.000000,23.017114,2.230367,0.261988,412316927314.036926,0.000000,0.000000,43.477807
1403636763813555456.000000,0.000000,0.000000,22.935416,2.083580,0.253827,-nan,0.000000,0.000000,47.639976
