num_seq = 1
file name: dataset-V103_stereo_imu
Loading images for sequence 0...LOADED!
Loading IMU for sequence 0...LOADED!

-------

ORB-SLAM3 Copyright (C) 2017-2020 Carlos Campos, Richard Elvira, Juan J. Gómez, José M.M. Montiel and Juan D. Tardós, University of Zaragoza.
ORB-SLAM2 Copyright (C) 2014-2016 Raúl Mur-Artal, José M.M. Montiel and Juan D. Tardós, University of Zaragoza.
This program comes with ABSOLUTELY NO WARRANTY;
This is free software, and you are welcome to redistribute it
under certain conditions. See LICENSE.txt.

Built with REGISTER_TIMES
Git Commit Hash: c2409e6

Build Type: Release

Compiled with C++ version: 201703

Input sensor was set to: Stereo-Inertial
Loading settings from ./Examples/Stereo-Inertial/EuRoC_pid_deadlines.yaml
	-Loaded camera 1
	-Loaded camera 2
	-Loaded image info
	-Loaded IMU calibration
	-Loaded ORB settings
	-Loaded viewer settings
	-Loaded Atlas settings
Deadlines enabled, will skip frames!
PID SLAM enabled!
	-Loaded misc parameters
	-Computed rectification maps
----------------------------------
SLAM settings: 
	-Camera 1 parameters (Pinhole): [ 458.65399169921875 457.29598999023438 367.21499633789062 248.375 ]
	-Camera 1 distortion parameters: [  -0.28340810537338257 0.073959067463874817 0.00019359000725671649 1.7618711353861727e-05 ]
	-Camera 2 parameters (Pinhole: [ 457.58700561523438 456.13400268554688 379.99899291992188 255.23800659179688 ]
	-Camera 1 distortion parameters: [  -0.2836836576461792 0.074512839317321777 -0.00010473000293131918 -3.555907096597366e-05 ]
	-Original image size: [ 752 , 480 ]
	-Current image size: [ 752 , 480 ]
	-Camera 1 parameters after rectification: [  456.71499633789062 456.71499633789062 364.52615356445312 257.268798828125 ]
	-Sequence FPS: 20
	-Stereo baseline: 0.11007784307003021
	-Stereo depth threshold : 60
	-Gyro noise: 0.00016999999934341758
	-Accelerometer noise: 0.0020000000949949026
	-Gyro walk: 1.9392999092815444e-05
	-Accelerometer walk: 0.0030000000260770321
	-IMU frequency: 200
	-Features per image: 1200
	-ORB scale factor: 1.2000000476837158
	-ORB number of scales: 8
	-Initial FAST threshold: 20
	-Min FAST threshold: 7


Loading ORB Vocabulary. This could take a while...
Vocabulary loaded!

Initialization of Atlas from scratch 
Creation of new map with id: 0
Creation of new map with last KF id: 0
Seq. Name: 
There are 1 cameras in the atlas
Camera 0 is pinhole
SLAM Started at System Time: 1748952112.0144
not IMU meas
not IMU meas
[MF-SEL] tPrev=(  d=0.000000  dMin=0.000000  dAvg=0.000000  dMax=0.000000  Dlo=0.000000  Dhi=0.000000  err=0.000000  inc=0.000000  bucket 0->0  (mf=1000)
not enough acceleration
[MF-SEL] tPrev=(  d=0.000000  dMin=0.000000  dAvg=0.000000  dMax=0.000000  Dlo=0.000000  Dhi=0.000000  err=0.000000  inc=0.000000  bucket 0->0  (mf=1000)
not enough acceleration
[MF-SEL] tPrev=(  d=0.000000  dMin=0.000000  dAvg=0.000000  dMax=0.000000  Dlo=0.000000  Dhi=0.000000  err=0.000000  inc=0.000000  bucket 0->0  (mf=1000)
not enough acceleration
[MF-SEL] tPrev=(  d=0.000000  dMin=0.000000  dAvg=0.000000  dMax=0.000000  Dlo=0.000000  Dhi=0.000000  err=0.000000  inc=0.000000  bucket 0->0  (mf=1000)
not enough acceleration
[MF-SEL] tPrev=(  d=0.000000  dMin=0.000000  dAvg=0.000000  dMax=0.000000  Dlo=0.000000  Dhi=0.000000  err=0.000000  inc=0.000000  bucket 0->0  (mf=1000)
not enough acceleration
[MF-SEL] tPrev=(  d=0.000000  dMin=0.000000  dAvg=0.000000  dMax=0.000000  Dlo=0.000000  Dhi=0.000000  err=0.000000  inc=0.000000  bucket 0->0  (mf=1000)
not enough acceleration
[MF-SEL] tPrev=(  d=0.000000  dMin=0.000000  dAvg=0.000000  dMax=0.000000  Dlo=0.000000  Dhi=0.000000  err=0.000000  inc=0.000000  bucket 0->0  (mf=1000)
not enough acceleration
[MF-SEL] tPrev=(  d=0.000000  dMin=0.000000  dAvg=0.000000  dMax=0.000000  Dlo=0.000000  Dhi=0.000000  err=0.000000  inc=0.000000  bucket 0->0  (mf=1000)
not enough acceleration
[MF-SEL] tPrev=(  d=0.000000  dMin=0.000000  dAvg=0.000000  dMax=0.000000  Dlo=0.000000  Dhi=0.000000  err=0.000000  inc=0.000000  bucket 0->0  (mf=1000)
not enough acceleration
[MF-SEL] tPrev=(  d=0.000000  dMin=0.000000  dAvg=0.000000  dMax=0.000000  Dlo=0.000000  Dhi=0.000000  err=0.000000  inc=0.000000  bucket 0->0  (mf=1000)
not enough acceleration
[MF-SEL] tPrev=(  d=0.000000  dMin=0.000000  dAvg=0.000000  dMax=0.000000  Dlo=0.000000  Dhi=0.000000  err=0.000000  inc=0.000000  bucket 0->0  (mf=1000)
not enough acceleration
[MF-SEL] tPrev=(  d=0.000000  dMin=0.000000  dAvg=0.000000  dMax=0.000000  Dlo=0.000000  Dhi=0.000000  err=0.000000  inc=0.000000  bucket 0->0  (mf=1000)
not enough acceleration
[MF-SEL] tPrev=(  d=0.000000  dMin=0.000000  dAvg=0.000000  dMax=0.000000  Dlo=0.000000  Dhi=0.000000  err=0.000000  inc=0.000000  bucket 0->0  (mf=1000)
not enough acceleration
[MF-SEL] tPrev=(  d=0.000000  dMin=0.000000  dAvg=0.000000  dMax=0.000000  Dlo=0.000000  Dhi=0.000000  err=0.000000  inc=0.000000  bucket 0->0  (mf=1000)
not enough acceleration
[MF-SEL] tPrev=(  d=0.000000  dMin=0.000000  dAvg=0.000000  dMax=0.000000  Dlo=0.000000  Dhi=0.000000  err=0.000000  inc=0.000000  bucket 0->0  (mf=1000)
not enough acceleration
[MF-SEL] tPrev=(  d=0.000000  dMin=0.000000  dAvg=0.000000  dMax=0.000000  Dlo=0.000000  Dhi=0.000000  err=0.000000  inc=0.000000  bucket 0->0  (mf=1000)
not enough acceleration
[MF-SEL] tPrev=(  d=0.000000  dMin=0.000000  dAvg=0.000000  dMax=0.000000  Dlo=0.000000  Dhi=0.000000  err=0.000000  inc=0.000000  bucket 0->0  (mf=1000)
not enough acceleration
[MF-SEL] tPrev=(  d=0.000000  dMin=0.000000  dAvg=0.000000  dMax=0.000000  Dlo=0.000000  Dhi=0.000000  err=0.000000  inc=0.000000  bucket 0->0  (mf=1000)
not enough acceleration
[MF-SEL] tPrev=(  d=0.000000  dMin=0.000000  dAvg=0.000000  dMax=0.000000  Dlo=0.000000  Dhi=0.000000  err=0.000000  inc=0.000000  bucket 0->0  (mf=1000)
not enough acceleration
[MF-SEL] tPrev=(  d=0.000000  dMin=0.000000  dAvg=0.000000  dMax=0.000000  Dlo=0.000000  Dhi=0.000000  err=0.000000  inc=0.000000  bucket 0->0  (mf=1000)
not enough acceleration
[MF-SEL] tPrev=(  d=0.000000  dMin=0.000000  dAvg=0.000000  dMax=0.000000  Dlo=0.000000  Dhi=0.000000  err=0.000000  inc=0.000000  bucket 0->0  (mf=1000)
not enough acceleration
[MF-SEL] tPrev=(  d=0.000000  dMin=0.000000  dAvg=0.000000  dMax=0.000000  Dlo=0.000000  Dhi=0.000000  err=0.000000  inc=0.000000  bucket 0->0  (mf=1000)
not enough acceleration
[MF-SEL] tPrev=(  d=0.000000  dMin=0.000000  dAvg=0.000000  dMax=0.000000  Dlo=0.000000  Dhi=0.000000  err=0.000000  inc=0.000000  bucket 0->0  (mf=1000)
not enough acceleration
[MF-SEL] tPrev=(  d=0.000000  dMin=0.000000  dAvg=0.000000  dMax=0.000000  Dlo=0.000000  Dhi=0.000000  err=0.000000  inc=0.000000  bucket 0->0  (mf=1000)
not enough acceleration
[MF-SEL] tPrev=(  d=0.000000  dMin=0.000000  dAvg=0.000000  dMax=0.000000  Dlo=0.000000  Dhi=0.000000  err=0.000000  inc=0.000000  bucket 0->0  (mf=1000)
not enough acceleration
[MF-SEL] tPrev=(  d=0.000000  dMin=0.000000  dAvg=0.000000  dMax=0.000000  Dlo=0.000000  Dhi=0.000000  err=0.000000  inc=0.000000  bucket 0->0  (mf=1000)
not enough acceleration
[MF-SEL] tPrev=(  d=0.000000  dMin=0.000000  dAvg=0.000000  dMax=0.000000  Dlo=0.000000  Dhi=0.000000  err=0.000000  inc=0.000000  bucket 0->0  (mf=1000)
not enough acceleration
[MF-SEL] tPrev=(  d=0.000000  dMin=0.000000  dAvg=0.000000  dMax=0.000000  Dlo=0.000000  Dhi=0.000000  err=0.000000  inc=0.000000  bucket 0->0  (mf=1000)
not enough acceleration
[MF-SEL] tPrev=(  d=0.000000  dMin=0.000000  dAvg=0.000000  dMax=0.000000  Dlo=0.000000  Dhi=0.000000  err=0.000000  inc=0.000000  bucket 0->0  (mf=1000)
not enough acceleration
[MF-SEL] tPrev=(  d=0.000000  dMin=0.000000  dAvg=0.000000  dMax=0.000000  Dlo=0.000000  Dhi=0.000000  err=0.000000  inc=0.000000  bucket 0->0  (mf=1000)
not enough acceleration
[MF-SEL] tPrev=(  d=0.000000  dMin=0.000000  dAvg=0.000000  dMax=0.000000  Dlo=0.000000  Dhi=0.000000  err=0.000000  inc=0.000000  bucket 0->0  (mf=1000)
not enough acceleration
[MF-SEL] tPrev=(  d=0.000000  dMin=0.000000  dAvg=0.000000  dMax=0.000000  Dlo=0.000000  Dhi=0.000000  err=0.000000  inc=0.000000  bucket 0->0  (mf=1000)
not enough acceleration
[MF-SEL] tPrev=(  d=0.000000  dMin=0.000000  dAvg=0.000000  dMax=0.000000  Dlo=0.000000  Dhi=0.000000  err=0.000000  inc=0.000000  bucket 0->0  (mf=1000)
not enough acceleration
[MF-SEL] tPrev=(  d=0.000000  dMin=0.000000  dAvg=0.000000  dMax=0.000000  Dlo=0.000000  Dhi=0.000000  err=0.000000  inc=0.000000  bucket 0->0  (mf=1000)
not enough acceleration
[MF-SEL] tPrev=(  d=0.000000  dMin=0.000000  dAvg=0.000000  dMax=0.000000  Dlo=0.000000  Dhi=0.000000  err=0.000000  inc=0.000000  bucket 0->0  (mf=1000)
not enough acceleration
[MF-SEL] tPrev=(  d=0.000000  dMin=0.000000  dAvg=0.000000  dMax=0.000000  Dlo=0.000000  Dhi=0.000000  err=0.000000  inc=0.000000  bucket 0->0  (mf=1000)
not enough acceleration
[MF-SEL] tPrev=(  d=0.000000  dMin=0.000000  dAvg=0.000000  dMax=0.000000  Dlo=0.000000  Dhi=0.000000  err=0.000000  inc=0.000000  bucket 0->0  (mf=1000)
not enough acceleration
[MF-SEL] tPrev=(  d=0.000000  dMin=0.000000  dAvg=0.000000  dMax=0.000000  Dlo=0.000000  Dhi=0.000000  err=0.000000  inc=0.000000  bucket 0->0  (mf=1000)
not enough acceleration
[MF-SEL] tPrev=(  d=0.000000  dMin=0.000000  dAvg=0.000000  dMax=0.000000  Dlo=0.000000  Dhi=0.000000  err=0.000000  inc=0.000000  bucket 0->0  (mf=1000)
not enough acceleration
[MF-SEL] tPrev=(  d=0.000000  dMin=0.000000  dAvg=0.000000  dMax=0.000000  Dlo=0.000000  Dhi=0.000000  err=0.000000  inc=0.000000  bucket 0->0  (mf=1000)
not enough acceleration
[MF-SEL] tPrev=(  d=0.000000  dMin=0.000000  dAvg=0.000000  dMax=0.000000  Dlo=0.000000  Dhi=0.000000  err=0.000000  inc=0.000000  bucket 0->0  (mf=1000)
not enough acceleration
[MF-SEL] tPrev=(  d=0.000000  dMin=0.000000  dAvg=0.000000  dMax=0.000000  Dlo=0.000000  Dhi=0.000000  err=0.000000  inc=0.000000  bucket 0->0  (mf=1000)
not enough acceleration
[MF-SEL] tPrev=(  d=0.000000  dMin=0.000000  dAvg=0.000000  dMax=0.000000  Dlo=0.000000  Dhi=0.000000  err=0.000000  inc=0.000000  bucket 0->0  (mf=1000)
not enough acceleration
[MF-SEL] tPrev=(  d=0.000000  dMin=0.000000  dAvg=0.000000  dMax=0.000000  Dlo=0.000000  Dhi=0.000000  err=0.000000  inc=0.000000  bucket 0->0  (mf=1000)
not enough acceleration
[MF-SEL] tPrev=(  d=0.000000  dMin=0.000000  dAvg=0.000000  dMax=0.000000  Dlo=0.000000  Dhi=0.000000  err=0.000000  inc=0.000000  bucket 0->0  (mf=1000)
not enough acceleration
[MF-SEL] tPrev=(  d=0.000000  dMin=0.000000  dAvg=0.000000  dMax=0.000000  Dlo=0.000000  Dhi=0.000000  err=0.000000  inc=0.000000  bucket 0->0  (mf=1000)
not enough acceleration
[MF-SEL] tPrev=(  d=0.000000  dMin=0.000000  dAvg=0.000000  dMax=0.000000  Dlo=0.000000  Dhi=0.000000  err=0.000000  inc=0.000000  bucket 0->0  (mf=1000)
not enough acceleration
[MF-SEL] tPrev=(  d=0.000000  dMin=0.000000  dAvg=0.000000  dMax=0.000000  Dlo=0.000000  Dhi=0.000000  err=0.000000  inc=0.000000  bucket 0->0  (mf=1000)
not enough acceleration
[MF-SEL] tPrev=(  d=0.000000  dMin=0.000000  dAvg=0.000000  dMax=0.000000  Dlo=0.000000  Dhi=0.000000  err=0.000000  inc=0.000000  bucket 0->0  (mf=1000)
not enough acceleration
[MF-SEL] tPrev=(  d=0.000000  dMin=0.000000  dAvg=0.000000  dMax=0.000000  Dlo=0.000000  Dhi=0.000000  err=0.000000  inc=0.000000  bucket 0->0  (mf=1000)
not enough acceleration
[MF-SEL] tPrev=(  d=0.000000  dMin=0.000000  dAvg=0.000000  dMax=0.000000  Dlo=0.000000  Dhi=0.000000  err=0.000000  inc=0.000000  bucket 0->0  (mf=1000)
not enough acceleration
[MF-SEL] tPrev=(  d=0.000000  dMin=0.000000  dAvg=0.000000  dMax=0.000000  Dlo=0.000000  Dhi=0.000000  err=0.000000  inc=0.000000  bucket 0->0  (mf=1000)
not enough acceleration
[MF-SEL] tPrev=(  d=0.000000  dMin=0.000000  dAvg=0.000000  dMax=0.000000  Dlo=0.000000  Dhi=0.000000  err=0.000000  inc=0.000000  bucket 0->0  (mf=1000)
not enough acceleration
[MF-SEL] tPrev=(  d=0.000000  dMin=0.000000  dAvg=0.000000  dMax=0.000000  Dlo=0.000000  Dhi=0.000000  err=0.000000  inc=0.000000  bucket 0->0  (mf=1000)
not enough acceleration
[MF-SEL] tPrev=(  d=0.000000  dMin=0.000000  dAvg=0.000000  dMax=0.000000  Dlo=0.000000  Dhi=0.000000  err=0.000000  inc=0.000000  bucket 0->0  (mf=1000)
not enough acceleration
[MF-SEL] tPrev=(  d=0.000000  dMin=0.000000  dAvg=0.000000  dMax=0.000000  Dlo=0.000000  Dhi=0.000000  err=0.000000  inc=0.000000  bucket 0->0  (mf=1000)
not enough acceleration
[MF-SEL] tPrev=(  d=0.000000  dMin=0.000000  dAvg=0.000000  dMax=0.000000  Dlo=0.000000  Dhi=0.000000  err=0.000000  inc=0.000000  bucket 0->0  (mf=1000)
not enough acceleration
[MF-SEL] tPrev=(  d=0.000000  dMin=0.000000  dAvg=0.000000  dMax=0.000000  Dlo=0.000000  Dhi=0.000000  err=0.000000  inc=0.000000  bucket 0->0  (mf=1000)
not enough acceleration
[MF-SEL] tPrev=(  d=0.000000  dMin=0.000000  dAvg=0.000000  dMax=0.000000  Dlo=0.000000  Dhi=0.000000  err=0.000000  inc=0.000000  bucket 0->0  (mf=1000)
not enough acceleration
[MF-SEL] tPrev=(  d=0.000000  dMin=0.000000  dAvg=0.000000  dMax=0.000000  Dlo=0.000000  Dhi=0.000000  err=0.000000  inc=0.000000  bucket 0->0  (mf=1000)
not enough acceleration
[MF-SEL] tPrev=(  d=0.000000  dMin=0.000000  dAvg=0.000000  dMax=0.000000  Dlo=0.000000  Dhi=0.000000  err=0.000000  inc=0.000000  bucket 0->0  (mf=1000)
not enough acceleration
[MF-SEL] tPrev=(  d=0.000000  dMin=0.000000  dAvg=0.000000  dMax=0.000000  Dlo=0.000000  Dhi=0.000000  err=0.000000  inc=0.000000  bucket 0->0  (mf=1000)
not enough acceleration
[MF-SEL] tPrev=(  d=0.000000  dMin=0.000000  dAvg=0.000000  dMax=0.000000  Dlo=0.000000  Dhi=0.000000  err=0.000000  inc=0.000000  bucket 0->0  (mf=1000)
not enough acceleration
[MF-SEL] tPrev=(  d=0.000000  dMin=0.000000  dAvg=0.000000  dMax=0.000000  Dlo=0.000000  Dhi=0.000000  err=0.000000  inc=0.000000  bucket 0->0  (mf=1000)
not enough acceleration
[MF-SEL] tPrev=(  d=0.000000  dMin=0.000000  dAvg=0.000000  dMax=0.000000  Dlo=0.000000  Dhi=0.000000  err=0.000000  inc=0.000000  bucket 0->0  (mf=1000)
not enough acceleration
[MF-SEL] tPrev=(  d=0.000000  dMin=0.000000  dAvg=0.000000  dMax=0.000000  Dlo=0.000000  Dhi=0.000000  err=0.000000  inc=0.000000  bucket 0->0  (mf=1000)
not enough acceleration
[MF-SEL] tPrev=(  d=0.000000  dMin=0.000000  dAvg=0.000000  dMax=0.000000  Dlo=0.000000  Dhi=0.000000  err=0.000000  inc=0.000000  bucket 0->0  (mf=1000)
not enough acceleration
[MF-SEL] tPrev=(  d=0.000000  dMin=0.000000  dAvg=0.000000  dMax=0.000000  Dlo=0.000000  Dhi=0.000000  err=0.000000  inc=0.000000  bucket 0->0  (mf=1000)
not enough acceleration
[MF-SEL] tPrev=(  d=0.000000  dMin=0.000000  dAvg=0.000000  dMax=0.000000  Dlo=0.000000  Dhi=0.000000  err=0.000000  inc=0.000000  bucket 0->0  (mf=1000)
not enough acceleration
[MF-SEL] tPrev=(  d=0.000000  dMin=0.000000  dAvg=0.000000  dMax=0.000000  Dlo=0.000000  Dhi=0.000000  err=0.000000  inc=0.000000  bucket 0->0  (mf=1000)
not enough acceleration
[MF-SEL] tPrev=(  d=0.000000  dMin=0.000000  dAvg=0.000000  dMax=0.000000  Dlo=0.000000  Dhi=0.000000  err=0.000000  inc=0.000000  bucket 0->0  (mf=1000)
not enough acceleration
[MF-SEL] tPrev=(  d=0.000000  dMin=0.000000  dAvg=0.000000  dMax=0.000000  Dlo=0.000000  Dhi=0.000000  err=0.000000  inc=0.000000  bucket 0->0  (mf=1000)
not enough acceleration
[MF-SEL] tPrev=(  d=0.000000  dMin=0.000000  dAvg=0.000000  dMax=0.000000  Dlo=0.000000  Dhi=0.000000  err=0.000000  inc=0.000000  bucket 0->0  (mf=1000)
not enough acceleration
[MF-SEL] tPrev=(  d=0.000000  dMin=0.000000  dAvg=0.000000  dMax=0.000000  Dlo=0.000000  Dhi=0.000000  err=0.000000  inc=0.000000  bucket 0->0  (mf=1000)
not enough acceleration
[MF-SEL] tPrev=(  d=0.000000  dMin=0.000000  dAvg=0.000000  dMax=0.000000  Dlo=0.000000  Dhi=0.000000  err=0.000000  inc=0.000000  bucket 0->0  (mf=1000)
not enough acceleration
[MF-SEL] tPrev=(  d=0.000000  dMin=0.000000  dAvg=0.000000  dMax=0.000000  Dlo=0.000000  Dhi=0.000000  err=0.000000  inc=0.000000  bucket 0->0  (mf=1000)
not enough acceleration
[MF-SEL] tPrev=(  d=0.000000  dMin=0.000000  dAvg=0.000000  dMax=0.000000  Dlo=0.000000  Dhi=0.000000  err=0.000000  inc=0.000000  bucket 0->0  (mf=1000)
not enough acceleration
[MF-SEL] tPrev=(  d=0.000000  dMin=0.000000  dAvg=0.000000  dMax=0.000000  Dlo=0.000000  Dhi=0.000000  err=0.000000  inc=0.000000  bucket 0->0  (mf=1000)
not enough acceleration
[MF-SEL] tPrev=(  d=0.000000  dMin=0.000000  dAvg=0.000000  dMax=0.000000  Dlo=0.000000  Dhi=0.000000  err=0.000000  inc=0.000000  bucket 0->0  (mf=1000)
not enough acceleration
[MF-SEL] tPrev=(  d=0.000000  dMin=0.000000  dAvg=0.000000  dMax=0.000000  Dlo=0.000000  Dhi=0.000000  err=0.000000  inc=0.000000  bucket 0->0  (mf=1000)
not enough acceleration
[MF-SEL] tPrev=(  d=0.000000  dMin=0.000000  dAvg=0.000000  dMax=0.000000  Dlo=0.000000  Dhi=0.000000  err=0.000000  inc=0.000000  bucket 0->0  (mf=1000)
not enough acceleration
[MF-SEL] tPrev=(  d=0.000000  dMin=0.000000  dAvg=0.000000  dMax=0.000000  Dlo=0.000000  Dhi=0.000000  err=0.000000  inc=0.000000  bucket 0->0  (mf=1000)
not enough acceleration
[MF-SEL] tPrev=(  d=0.000000  dMin=0.000000  dAvg=0.000000  dMax=0.000000  Dlo=0.000000  Dhi=0.000000  err=0.000000  inc=0.000000  bucket 0->0  (mf=1000)
not enough acceleration
[MF-SEL] tPrev=(  d=0.000000  dMin=0.000000  dAvg=0.000000  dMax=0.000000  Dlo=0.000000  Dhi=0.000000  err=0.000000  inc=0.000000  bucket 0->0  (mf=1000)
not enough acceleration
[MF-SEL] tPrev=(  d=0.000000  dMin=0.000000  dAvg=0.000000  dMax=0.000000  Dlo=0.000000  Dhi=0.000000  err=0.000000  inc=0.000000  bucket 0->0  (mf=1000)
not enough acceleration
[MF-SEL] tPrev=(  d=0.000000  dMin=0.000000  dAvg=0.000000  dMax=0.000000  Dlo=0.000000  Dhi=0.000000  err=0.000000  inc=0.000000  bucket 0->0  (mf=1000)
not enough acceleration
[MF-SEL] tPrev=(  d=0.000000  dMin=0.000000  dAvg=0.000000  dMax=0.000000  Dlo=0.000000  Dhi=0.000000  err=0.000000  inc=0.000000  bucket 0->0  (mf=1000)
not enough acceleration
[MF-SEL] tPrev=(  d=0.000000  dMin=0.000000  dAvg=0.000000  dMax=0.000000  Dlo=0.000000  Dhi=0.000000  err=0.000000  inc=0.000000  bucket 0->0  (mf=1000)
not enough acceleration
[MF-SEL] tPrev=(  d=0.000000  dMin=0.000000  dAvg=0.000000  dMax=0.000000  Dlo=0.000000  Dhi=0.000000  err=0.000000  inc=0.000000  bucket 0->0  (mf=1000)
not enough acceleration
[MF-SEL] tPrev=(  d=0.000000  dMin=0.000000  dAvg=0.000000  dMax=0.000000  Dlo=0.000000  Dhi=0.000000  err=0.000000  inc=0.000000  bucket 0->0  (mf=1000)
not enough acceleration
[MF-SEL] tPrev=(  d=0.000000  dMin=0.000000  dAvg=0.000000  dMax=0.000000  Dlo=0.000000  Dhi=0.000000  err=0.000000  inc=0.000000  bucket 0->0  (mf=1000)
not enough acceleration
[MF-SEL] tPrev=(  d=0.000000  dMin=0.000000  dAvg=0.000000  dMax=0.000000  Dlo=0.000000  Dhi=0.000000  err=0.000000  inc=0.000000  bucket 0->0  (mf=1000)
not enough acceleration
[MF-SEL] tPrev=(  d=0.000000  dMin=0.000000  dAvg=0.000000  dMax=0.000000  Dlo=0.000000  Dhi=0.000000  err=0.000000  inc=0.000000  bucket 0->0  (mf=1000)
not enough acceleration
[MF-SEL] tPrev=(  d=0.000000  dMin=0.000000  dAvg=0.000000  dMax=0.000000  Dlo=0.000000  Dhi=0.000000  err=0.000000  inc=0.000000  bucket 0->0  (mf=1000)
not enough acceleration
[MF-SEL] tPrev=(  d=0.000000  dMin=0.000000  dAvg=0.000000  dMax=0.000000  Dlo=0.000000  Dhi=0.000000  err=0.000000  inc=0.000000  bucket 0->0  (mf=1000)
not enough acceleration
[MF-SEL] tPrev=(  d=0.000000  dMin=0.000000  dAvg=0.000000  dMax=0.000000  Dlo=0.000000  Dhi=0.000000  err=0.000000  inc=0.000000  bucket 0->0  (mf=1000)
not enough acceleration
[MF-SEL] tPrev=(  d=0.000000  dMin=0.000000  dAvg=0.000000  dMax=0.000000  Dlo=0.000000  Dhi=0.000000  err=0.000000  inc=0.000000  bucket 0->0  (mf=1000)
not enough acceleration
[MF-SEL] tPrev=(  d=0.000000  dMin=0.000000  dAvg=0.000000  dMax=0.000000  Dlo=0.000000  Dhi=0.000000  err=0.000000  inc=0.000000  bucket 0->0  (mf=1000)
not enough acceleration
[MF-SEL] tPrev=(  d=0.000000  dMin=0.000000  dAvg=0.000000  dMax=0.000000  Dlo=0.000000  Dhi=0.000000  err=0.000000  inc=0.000000  bucket 0->0  (mf=1000)
not enough acceleration
[MF-SEL] tPrev=(  d=0.000000  dMin=0.000000  dAvg=0.000000  dMax=0.000000  Dlo=0.000000  Dhi=0.000000  err=0.000000  inc=0.000000  bucket 0->0  (mf=1000)
not enough acceleration
[MF-SEL] tPrev=(  d=0.000000  dMin=0.000000  dAvg=0.000000  dMax=0.000000  Dlo=0.000000  Dhi=0.000000  err=0.000000  inc=0.000000  bucket 0->0  (mf=1000)
not enough acceleration
[MF-SEL] tPrev=(  d=0.000000  dMin=0.000000  dAvg=0.000000  dMax=0.000000  Dlo=0.000000  Dhi=0.000000  err=0.000000  inc=0.000000  bucket 0->0  (mf=1000)
not enough acceleration
[MF-SEL] tPrev=(  d=0.000000  dMin=0.000000  dAvg=0.000000  dMax=0.000000  Dlo=0.000000  Dhi=0.000000  err=0.000000  inc=0.000000  bucket 0->0  (mf=1000)
not enough acceleration
[MF-SEL] tPrev=(  d=0.000000  dMin=0.000000  dAvg=0.000000  dMax=0.000000  Dlo=0.000000  Dhi=0.000000  err=0.000000  inc=0.000000  bucket 0->0  (mf=1000)
not enough acceleration
[MF-SEL] tPrev=(  d=0.000000  dMin=0.000000  dAvg=0.000000  dMax=0.000000  Dlo=0.000000  Dhi=0.000000  err=0.000000  inc=0.000000  bucket 0->0  (mf=1000)
not enough acceleration
[MF-SEL] tPrev=(  d=0.000000  dMin=0.000000  dAvg=0.000000  dMax=0.000000  Dlo=0.000000  Dhi=0.000000  err=0.000000  inc=0.000000  bucket 0->0  (mf=1000)
not enough acceleration
[MF-SEL] tPrev=(  d=0.000000  dMin=0.000000  dAvg=0.000000  dMax=0.000000  Dlo=0.000000  Dhi=0.000000  err=0.000000  inc=0.000000  bucket 0->0  (mf=1000)
not enough acceleration
[MF-SEL] tPrev=(  d=0.000000  dMin=0.000000  dAvg=0.000000  dMax=0.000000  Dlo=0.000000  Dhi=0.000000  err=0.000000  inc=0.000000  bucket 0->0  (mf=1000)
not enough acceleration
[MF-SEL] tPrev=(  d=0.000000  dMin=0.000000  dAvg=0.000000  dMax=0.000000  Dlo=0.000000  Dhi=0.000000  err=0.000000  inc=0.000000  bucket 0->0  (mf=1000)
not enough acceleration
[MF-SEL] tPrev=(  d=0.000000  dMin=0.000000  dAvg=0.000000  dMax=0.000000  Dlo=0.000000  Dhi=0.000000  err=0.000000  inc=0.000000  bucket 0->0  (mf=1000)
not enough acceleration
[MF-SEL] tPrev=(  d=0.000000  dMin=0.000000  dAvg=0.000000  dMax=0.000000  Dlo=0.000000  Dhi=0.000000  err=0.000000  inc=0.000000  bucket 0->0  (mf=1000)
not enough acceleration
[MF-SEL] tPrev=(  d=0.000000  dMin=0.000000  dAvg=0.000000  dMax=0.000000  Dlo=0.000000  Dhi=0.000000  err=0.000000  inc=0.000000  bucket 0->0  (mf=1000)
not enough acceleration
[MF-SEL] tPrev=(  d=0.000000  dMin=0.000000  dAvg=0.000000  dMax=0.000000  Dlo=0.000000  Dhi=0.000000  err=0.000000  inc=0.000000  bucket 0->0  (mf=1000)
not enough acceleration
[MF-SEL] tPrev=(  d=0.000000  dMin=0.000000  dAvg=0.000000  dMax=0.000000  Dlo=0.000000  Dhi=0.000000  err=0.000000  inc=0.000000  bucket 0->0  (mf=1000)
not enough acceleration
[MF-SEL] tPrev=(  d=0.000000  dMin=0.000000  dAvg=0.000000  dMax=0.000000  Dlo=0.000000  Dhi=0.000000  err=0.000000  inc=0.000000  bucket 0->0  (mf=1000)
not enough acceleration
[MF-SEL] tPrev=(  d=0.000000  dMin=0.000000  dAvg=0.000000  dMax=0.000000  Dlo=0.000000  Dhi=0.000000  err=0.000000  inc=0.000000  bucket 0->0  (mf=1000)
not enough acceleration
[MF-SEL] tPrev=(  d=0.000000  dMin=0.000000  dAvg=0.000000  dMax=0.000000  Dlo=0.000000  Dhi=0.000000  err=0.000000  inc=0.000000  bucket 0->0  (mf=1000)
not enough acceleration
[MF-SEL] tPrev=(  d=0.000000  dMin=0.000000  dAvg=0.000000  dMax=0.000000  Dlo=0.000000  Dhi=0.000000  err=0.000000  inc=0.000000  bucket 0->0  (mf=1000)
not enough acceleration
[MF-SEL] tPrev=(  d=0.000000  dMin=0.000000  dAvg=0.000000  dMax=0.000000  Dlo=0.000000  Dhi=0.000000  err=0.000000  inc=0.000000  bucket 0->0  (mf=1000)
not enough acceleration
[MF-SEL] tPrev=(  d=0.000000  dMin=0.000000  dAvg=0.000000  dMax=0.000000  Dlo=0.000000  Dhi=0.000000  err=0.000000  inc=0.000000  bucket 0->0  (mf=1000)
not enough acceleration
[MF-SEL] tPrev=(  d=0.000000  dMin=0.000000  dAvg=0.000000  dMax=0.000000  Dlo=0.000000  Dhi=0.000000  err=0.000000  inc=0.000000  bucket 0->0  (mf=1000)
not enough acceleration
[MF-SEL] tPrev=(  d=0.000000  dMin=0.000000  dAvg=0.000000  dMax=0.000000  Dlo=0.000000  Dhi=0.000000  err=0.000000  inc=0.000000  bucket 0->0  (mf=1000)
not enough acceleration
[MF-SEL] tPrev=(  d=0.000000  dMin=0.000000  dAvg=0.000000  dMax=0.000000  Dlo=0.000000  Dhi=0.000000  err=0.000000  inc=0.000000  bucket 0->0  (mf=1000)
not enough acceleration
[MF-SEL] tPrev=(  d=0.000000  dMin=0.000000  dAvg=0.000000  dMax=0.000000  Dlo=0.000000  Dhi=0.000000  err=0.000000  inc=0.000000  bucket 0->0  (mf=1000)
not enough acceleration
[MF-SEL] tPrev=(  d=0.000000  dMin=0.000000  dAvg=0.000000  dMax=0.000000  Dlo=0.000000  Dhi=0.000000  err=0.000000  inc=0.000000  bucket 0->0  (mf=1000)
not enough acceleration
[MF-SEL] tPrev=(  d=0.000000  dMin=0.000000  dAvg=0.000000  dMax=0.000000  Dlo=0.000000  Dhi=0.000000  err=0.000000  inc=0.000000  bucket 0->0  (mf=1000)
not enough acceleration
[MF-SEL] tPrev=(  d=0.000000  dMin=0.000000  dAvg=0.000000  dMax=0.000000  Dlo=0.000000  Dhi=0.000000  err=0.000000  inc=0.000000  bucket 0->0  (mf=1000)
not enough acceleration
[MF-SEL] tPrev=(  d=0.000000  dMin=0.000000  dAvg=0.000000  dMax=0.000000  Dlo=0.000000  Dhi=0.000000  err=0.000000  inc=0.000000  bucket 0->0  (mf=1000)
not enough acceleration
[MF-SEL] tPrev=(  d=0.000000  dMin=0.000000  dAvg=0.000000  dMax=0.000000  Dlo=0.000000  Dhi=0.000000  err=0.000000  inc=0.000000  bucket 0->0  (mf=1000)
not enough acceleration
[MF-SEL] tPrev=(  d=0.000000  dMin=0.000000  dAvg=0.000000  dMax=0.000000  Dlo=0.000000  Dhi=0.000000  err=0.000000  inc=0.000000  bucket 0->0  (mf=1000)
not enough acceleration
[MF-SEL] tPrev=(  d=0.000000  dMin=0.000000  dAvg=0.000000  dMax=0.000000  Dlo=0.000000  Dhi=0.000000  err=0.000000  inc=0.000000  bucket 0->0  (mf=1000)
not enough acceleration
[MF-SEL] tPrev=(  d=0.000000  dMin=0.000000  dAvg=0.000000  dMax=0.000000  Dlo=0.000000  Dhi=0.000000  err=0.000000  inc=0.000000  bucket 0->0  (mf=1000)
not enough acceleration
[MF-SEL] tPrev=(  d=0.000000  dMin=0.000000  dAvg=0.000000  dMax=0.000000  Dlo=0.000000  Dhi=0.000000  err=0.000000  inc=0.000000  bucket 0->0  (mf=1000)
not enough acceleration
[MF-SEL] tPrev=(  d=0.000000  dMin=0.000000  dAvg=0.000000  dMax=0.000000  Dlo=0.000000  Dhi=0.000000  err=0.000000  inc=0.000000  bucket 0->0  (mf=1000)
not enough acceleration
[MF-SEL] tPrev=(  d=0.000000  dMin=0.000000  dAvg=0.000000  dMax=0.000000  Dlo=0.000000  Dhi=0.000000  err=0.000000  inc=0.000000  bucket 0->0  (mf=1000)
First KF:0; Map init KF:0
New Map created with 153 points
Active map: 0
[MF-SEL] tPrev=(  d=0.000000  dMin=0.000000  dAvg=0.000000  dMax=0.000000  Dlo=0.000000  Dhi=0.000000  err=1.000000  inc=0.910005  bucket 0->1  (mf=900)
[MF-SEL] tPrev=(  d=0.006834  dMin=0.000000  dAvg=0.000050  dMax=0.006834  Dlo=0.000025  Dhi=0.003442  err=1.000000  inc=0.605522  bucket 1->2  (mf=800)
[MF-SEL] tPrev=(  d=0.009177  dMin=0.000000  dAvg=0.000115  dMax=0.009177  Dlo=0.000058  Dhi=0.004646  err=1.000000  inc=0.607653  bucket 2->3  (mf=700)
[MF-SEL] tPrev=(  d=0.008578  dMin=0.000000  dAvg=0.000176  dMax=0.009177  Dlo=0.000088  Dhi=0.004677  err=1.000000  inc=0.610138  bucket 3->4  (mf=600)
[MF-SEL] tPrev=(  d=0.023316  dMin=0.000000  dAvg=0.000340  dMax=0.023316  Dlo=0.000170  Dhi=0.011828  err=1.000000  inc=0.612569  bucket 4->5  (mf=510)
[MF-SEL] tPrev=(  d=0.014231  dMin=0.000000  dAvg=0.000438  dMax=0.023316  Dlo=0.000219  Dhi=0.011877  err=1.000000  inc=0.614988  bucket 5->5  (mf=510)
[MF-SEL] tPrev=(  d=0.012978  dMin=0.000000  dAvg=0.000525  dMax=0.023316  Dlo=0.000263  Dhi=0.011921  err=1.000000  inc=0.617578  bucket 5->5  (mf=510)
[MF-SEL] tPrev=(  d=0.014392  dMin=0.000000  dAvg=0.000622  dMax=0.023316  Dlo=0.000311  Dhi=0.011969  err=1.000000  inc=0.619926  bucket 5->5  (mf=510)
[MF-SEL] tPrev=(  d=0.006464  dMin=0.000000  dAvg=0.000662  dMax=0.023316  Dlo=0.000331  Dhi=0.011989  err=0.000000  inc=-0.298628  bucket 5->5  (mf=510)
[MF-SEL] tPrev=(  d=0.015675  dMin=0.000000  dAvg=0.000765  dMax=0.023316  Dlo=0.000382  Dhi=0.012040  err=1.000000  inc=0.992648  bucket 5->5  (mf=510)
[MF-SEL] tPrev=(  d=0.012053  dMin=0.000000  dAvg=0.000842  dMax=0.023316  Dlo=0.000421  Dhi=0.012079  err=0.000000  inc=-0.277272  bucket 5->5  (mf=510)
[MF-SEL] tPrev=(  d=0.026075  dMin=0.000000  dAvg=0.001012  dMax=0.026075  Dlo=0.000506  Dhi=0.013544  err=1.000000  inc=0.933638  bucket 5->5  (mf=510)
[MF-SEL] tPrev=(  d=0.010534  dMin=0.000000  dAvg=0.001076  dMax=0.026075  Dlo=0.000538  Dhi=0.013576  err=0.000000  inc=-0.307965  bucket 5->5  (mf=510)
[MF-SEL] tPrev=(  d=0.010146  dMin=0.000000  dAvg=0.001136  dMax=0.026075  Dlo=0.000568  Dhi=0.013606  err=0.000000  inc=0.024674  bucket 5->5  (mf=510)
[MF-SEL] tPrev=(  d=0.011409  dMin=0.000000  dAvg=0.001204  dMax=0.026075  Dlo=0.000602  Dhi=0.013640  err=0.000000  inc=0.024674  bucket 5->5  (mf=510)
[MF-SEL] tPrev=(  d=0.014948  dMin=0.000000  dAvg=0.001295  dMax=0.026075  Dlo=0.000647  Dhi=0.013685  err=1.000000  inc=0.950259  bucket 5->5  (mf=510)
[MF-SEL] tPrev=(  d=0.029258  dMin=0.000000  dAvg=0.001478  dMax=0.029258  Dlo=0.000739  Dhi=0.015368  err=1.000000  inc=0.629740  bucket 5->5  (mf=510)
[MF-SEL] tPrev=(  d=0.011762  dMin=0.000000  dAvg=0.001544  dMax=0.029258  Dlo=0.000772  Dhi=0.015401  err=0.000000  inc=-0.298043  bucket 5->5  (mf=510)
[MF-SEL] tPrev=(  d=0.015052  dMin=0.000000  dAvg=0.001632  dMax=0.029258  Dlo=0.000816  Dhi=0.015445  err=0.000000  inc=0.029740  bucket 5->5  (mf=510)
[MF-SEL] tPrev=(  d=0.018104  dMin=0.000000  dAvg=0.001737  dMax=0.029258  Dlo=0.000869  Dhi=0.015498  err=1.000000  inc=0.955715  bucket 5->5  (mf=510)
[MF-SEL] tPrev=(  d=0.028302  dMin=0.000000  dAvg=0.001906  dMax=0.029258  Dlo=0.000953  Dhi=0.015582  err=1.000000  inc=0.634759  bucket 5->5  (mf=510)
[MF-SEL] tPrev=(  d=0.022205  dMin=0.000000  dAvg=0.002035  dMax=0.029258  Dlo=0.001017  Dhi=0.015646  err=1.000000  inc=0.637322  bucket 5->5  (mf=510)
[MF-SEL] tPrev=(  d=0.021511  dMin=0.000000  dAvg=0.002157  dMax=0.029258  Dlo=0.001079  Dhi=0.015708  err=1.000000  inc=0.639861  bucket 5->5  (mf=510)
[MF-SEL] tPrev=(  d=0.017305  dMin=0.000000  dAvg=0.002252  dMax=0.029258  Dlo=0.001126  Dhi=0.015755  err=1.000000  inc=0.642343  bucket 5->5  (mf=510)
[MF-SEL] tPrev=(  d=0.020734  dMin=0.000000  dAvg=0.002367  dMax=0.029258  Dlo=0.001183  Dhi=0.015812  err=1.000000  inc=0.644807  bucket 5->5  (mf=510)
[MF-SEL] tPrev=(  d=0.020272  dMin=0.000000  dAvg=0.002477  dMax=0.029258  Dlo=0.001239  Dhi=0.015868  err=1.000000  inc=0.647318  bucket 5->5  (mf=510)
[MF-SEL] tPrev=(  d=0.025258  dMin=0.000000  dAvg=0.002617  dMax=0.029258  Dlo=0.001309  Dhi=0.015937  err=1.000000  inc=0.649761  bucket 5->5  (mf=510)
[MF-SEL] tPrev=(  d=0.022276  dMin=0.000000  dAvg=0.002737  dMax=0.029258  Dlo=0.001368  Dhi=0.015997  err=1.000000  inc=0.652420  bucket 5->5  (mf=510)
[MF-SEL] tPrev=(  d=0.025741  dMin=0.000000  dAvg=0.002876  dMax=0.029258  Dlo=0.001438  Dhi=0.016067  err=1.000000  inc=0.654690  bucket 5->5  (mf=510)
[MF-SEL] tPrev=(  d=0.028464  dMin=0.000000  dAvg=0.003030  dMax=0.029258  Dlo=0.001515  Dhi=0.016144  err=1.000000  inc=0.657069  bucket 5->5  (mf=510)
[MF-SEL] tPrev=(  d=0.026631  dMin=0.000000  dAvg=0.003172  dMax=0.029258  Dlo=0.001586  Dhi=0.016215  err=1.000000  inc=0.659640  bucket 5->5  (mf=510)
[MF-SEL] tPrev=(  d=0.028429  dMin=0.000000  dAvg=0.003322  dMax=0.029258  Dlo=0.001661  Dhi=0.016290  err=1.000000  inc=0.661945  bucket 5->5  (mf=510)
[MF-SEL] tPrev=(  d=0.060950  dMin=0.000000  dAvg=0.003663  dMax=0.060950  Dlo=0.001832  Dhi=0.032306  err=1.000000  inc=0.664519  bucket 5->5  (mf=510)
[MF-SEL] tPrev=(  d=0.026393  dMin=0.000000  dAvg=0.003797  dMax=0.060950  Dlo=0.001898  Dhi=0.032373  err=0.000000  inc=-0.266824  bucket 5->5  (mf=510)
[MF-SEL] tPrev=(  d=0.020400  dMin=0.000000  dAvg=0.003894  dMax=0.060950  Dlo=0.001947  Dhi=0.032422  err=0.000000  inc=0.064519  bucket 5->5  (mf=510)
[MF-SEL] tPrev=(  d=0.034667  dMin=0.000000  dAvg=0.004073  dMax=0.060950  Dlo=0.002036  Dhi=0.032511  err=1.000000  inc=0.992488  bucket 5->5  (mf=510)
[MF-SEL] tPrev=(  d=0.004643  dMin=0.000000  dAvg=0.004076  dMax=0.060950  Dlo=0.002038  Dhi=0.032513  err=0.000000  inc=-0.268919  bucket 5->5  (mf=510)
[MF-SEL] tPrev=(  d=0.053331  dMin=0.000000  dAvg=0.004359  dMax=0.060950  Dlo=0.002180  Dhi=0.032654  err=1.000000  inc=0.987276  bucket 5->5  (mf=510)
[MF-SEL] tPrev=(  d=0.027987  dMin=0.000000  dAvg=0.004494  dMax=0.060950  Dlo=0.002247  Dhi=0.032722  err=0.000000  inc=-0.275644  bucket 5->5  (mf=510)
[MF-SEL] tPrev=(  d=0.033745  dMin=0.000000  dAvg=0.004660  dMax=0.060950  Dlo=0.002330  Dhi=0.032805  err=1.000000  inc=0.995124  bucket 5->5  (mf=510)
[MF-SEL] tPrev=(  d=0.025145  dMin=0.000000  dAvg=0.004776  dMax=0.060950  Dlo=0.002388  Dhi=0.032863  err=0.000000  inc=-0.252923  bucket 5->5  (mf=510)
[MF-SEL] tPrev=(  d=0.010597  dMin=0.000000  dAvg=0.004809  dMax=0.060950  Dlo=0.002404  Dhi=0.032879  err=0.000000  inc=0.071970  bucket 5->5  (mf=510)
[MF-SEL] tPrev=(  d=0.020895  dMin=0.000000  dAvg=0.004899  dMax=0.060950  Dlo=0.002449  Dhi=0.032924  err=0.000000  inc=0.071970  bucket 5->5  (mf=510)
[MF-SEL] tPrev=(  d=0.013424  dMin=0.000000  dAvg=0.004946  dMax=0.060950  Dlo=0.002473  Dhi=0.032948  err=0.000000  inc=0.071970  bucket 5->5  (mf=510)
[MF-SEL] tPrev=(  d=0.070870  dMin=0.000000  dAvg=0.005310  dMax=0.070870  Dlo=0.002655  Dhi=0.038090  err=1.000000  inc=1.009172  bucket 5->5  (mf=510)
[MF-SEL] tPrev=(  d=0.066214  dMin=0.000000  dAvg=0.005645  dMax=0.070870  Dlo=0.002822  Dhi=0.038257  err=1.000000  inc=0.676607  bucket 5->5  (mf=510)
[MF-SEL] tPrev=(  d=0.022475  dMin=0.000000  dAvg=0.005737  dMax=0.070870  Dlo=0.002868  Dhi=0.038303  err=0.000000  inc=-0.244917  bucket 5->5  (mf=510)
[MF-SEL] tPrev=(  d=0.026494  dMin=0.000000  dAvg=0.005850  dMax=0.070870  Dlo=0.002925  Dhi=0.038360  err=0.000000  inc=0.076607  bucket 5->5  (mf=510)
[MF-SEL] tPrev=(  d=0.396202  dMin=0.000000  dAvg=0.007960  dMax=0.396202  Dlo=0.003980  Dhi=0.202081  err=1.000000  inc=0.976958  bucket 5->5  (mf=510)
[MF-SEL] tPrev=(  d=0.028741  dMin=0.000000  dAvg=0.008071  dMax=0.396202  Dlo=0.004036  Dhi=0.202136  err=0.000000  inc=-0.258036  bucket 5->5  (mf=510)
[MF-SEL] tPrev=(  d=0.026721  dMin=0.000000  dAvg=0.008171  dMax=0.396202  Dlo=0.004086  Dhi=0.202186  err=0.000000  inc=0.079294  bucket 5->5  (mf=510)
[MF-SEL] tPrev=(  d=0.028683  dMin=0.000000  dAvg=0.008280  dMax=0.396202  Dlo=0.004140  Dhi=0.202241  err=0.000000  inc=0.079294  bucket 5->5  (mf=510)
[MF-SEL] tPrev=(  d=0.030775  dMin=0.000000  dAvg=0.008399  dMax=0.396202  Dlo=0.004200  Dhi=0.202300  err=0.000000  inc=0.079294  bucket 5->5  (mf=510)
[MF-SEL] tPrev=(  d=0.028695  dMin=0.000000  dAvg=0.008506  dMax=0.396202  Dlo=0.004253  Dhi=0.202354  err=0.000000  inc=0.079294  bucket 5->5  (mf=510)
[MF-SEL] tPrev=(  d=0.028685  dMin=0.000000  dAvg=0.008612  dMax=0.396202  Dlo=0.004306  Dhi=0.202407  err=0.000000  inc=0.079294  bucket 5->5  (mf=510)
[MF-SEL] tPrev=(  d=0.028215  dMin=0.000000  dAvg=0.008714  dMax=0.396202  Dlo=0.004357  Dhi=0.202458  err=0.000000  inc=0.079294  bucket 5->5  (mf=510)
[MF-SEL] tPrev=(  d=0.024233  dMin=0.000000  dAvg=0.008794  dMax=0.396202  Dlo=0.004397  Dhi=0.202498  err=0.000000  inc=0.079294  bucket 5->5  (mf=510)
[MF-SEL] tPrev=(  d=0.026719  dMin=0.000000  dAvg=0.008887  dMax=0.396202  Dlo=0.004443  Dhi=0.202544  err=0.000000  inc=0.079294  bucket 5->5  (mf=510)
[MF-SEL] tPrev=(  d=0.024242  dMin=0.000000  dAvg=0.008965  dMax=0.396202  Dlo=0.004483  Dhi=0.202583  err=0.000000  inc=0.079294  bucket 5->5  (mf=510)
[MF-SEL] tPrev=(  d=0.024498  dMin=0.000000  dAvg=0.009045  dMax=0.396202  Dlo=0.004522  Dhi=0.202623  err=0.000000  inc=0.079294  bucket 5->5  (mf=510)
[MF-SEL] tPrev=(  d=0.019313  dMin=0.000000  dAvg=0.009097  dMax=0.396202  Dlo=0.004548  Dhi=0.202649  err=0.000000  inc=0.079294  bucket 5->5  (mf=510)
[MF-SEL] tPrev=(  d=0.019557  dMin=0.000000  dAvg=0.009150  dMax=0.396202  Dlo=0.004575  Dhi=0.202676  err=0.000000  inc=0.079294  bucket 5->5  (mf=510)
[MF-SEL] tPrev=(  d=0.012459  dMin=0.000000  dAvg=0.009166  dMax=0.396202  Dlo=0.004583  Dhi=0.202684  err=0.000000  inc=0.079294  bucket 5->5  (mf=510)
[MF-SEL] tPrev=(  d=0.014079  dMin=0.000000  dAvg=0.009191  dMax=0.396202  Dlo=0.004595  Dhi=0.202696  err=0.000000  inc=0.079294  bucket 5->5  (mf=510)
[MF-SEL] tPrev=(  d=0.012337  dMin=0.000000  dAvg=0.009206  dMax=0.396202  Dlo=0.004603  Dhi=0.202704  err=0.000000  inc=0.079294  bucket 5->5  (mf=510)
[MF-SEL] tPrev=(  d=0.011020  dMin=0.000000  dAvg=0.009215  dMax=0.396202  Dlo=0.004608  Dhi=0.202708  err=0.000000  inc=0.079294  bucket 5->5  (mf=510)
[MF-SEL] tPrev=(  d=0.011931  dMin=0.000000  dAvg=0.009229  dMax=0.396202  Dlo=0.004614  Dhi=0.202715  err=0.000000  inc=0.079294  bucket 5->5  (mf=510)
[MF-SEL] tPrev=(  d=0.012656  dMin=0.000000  dAvg=0.009246  dMax=0.396202  Dlo=0.004623  Dhi=0.202724  err=0.000000  inc=0.079294  bucket 5->5  (mf=510)
[MF-SEL] tPrev=(  d=0.017733  dMin=0.000000  dAvg=0.009287  dMax=0.396202  Dlo=0.004644  Dhi=0.202744  err=0.000000  inc=0.079294  bucket 5->5  (mf=510)
[MF-SEL] tPrev=(  d=0.018236  dMin=0.000000  dAvg=0.009330  dMax=0.396202  Dlo=0.004665  Dhi=0.202766  err=0.000000  inc=0.079294  bucket 5->5  (mf=510)
[MF-SEL] tPrev=(  d=0.021986  dMin=0.000000  dAvg=0.009392  dMax=0.396202  Dlo=0.004696  Dhi=0.202797  err=0.000000  inc=0.079294  bucket 5->5  (mf=510)
[MF-SEL] tPrev=(  d=0.025567  dMin=0.000000  dAvg=0.009469  dMax=0.396202  Dlo=0.004735  Dhi=0.202835  err=0.000000  inc=0.079294  bucket 5->5  (mf=510)
[MF-SEL] tPrev=(  d=0.029783  dMin=0.000000  dAvg=0.009567  dMax=0.396202  Dlo=0.004783  Dhi=0.202884  err=0.000000  inc=0.079294  bucket 5->5  (mf=510)
[MF-SEL] tPrev=(  d=0.034335  dMin=0.000000  dAvg=0.009684  dMax=0.396202  Dlo=0.004842  Dhi=0.202943  err=0.000000  inc=0.079294  bucket 5->5  (mf=510)
[MF-SEL] tPrev=(  d=0.039527  dMin=0.000000  dAvg=0.009826  dMax=0.396202  Dlo=0.004913  Dhi=0.203014  err=0.000000  inc=0.079294  bucket 5->5  (mf=510)
[MF-SEL] tPrev=(  d=0.045062  dMin=0.000000  dAvg=0.009992  dMax=0.396202  Dlo=0.004996  Dhi=0.203097  err=0.000000  inc=0.079294  bucket 5->5  (mf=510)
[MF-SEL] tPrev=(  d=0.050744  dMin=0.000000  dAvg=0.010183  dMax=0.396202  Dlo=0.005092  Dhi=0.203193  err=0.000000  inc=0.079294  bucket 5->5  (mf=510)
[MF-SEL] tPrev=(  d=0.056658  dMin=0.000000  dAvg=0.010401  dMax=0.396202  Dlo=0.005200  Dhi=0.203301  err=0.000000  inc=0.079294  bucket 5->5  (mf=510)
[MF-SEL] tPrev=(  d=0.061358  dMin=0.000000  dAvg=0.010638  dMax=0.396202  Dlo=0.005319  Dhi=0.203420  err=0.000000  inc=0.079294  bucket 5->5  (mf=510)
[MF-SEL] tPrev=(  d=0.066588  dMin=0.000000  dAvg=0.010897  dMax=0.396202  Dlo=0.005448  Dhi=0.203549  err=0.000000  inc=0.079294  bucket 5->5  (mf=510)
[MF-SEL] tPrev=(  d=0.069305  dMin=0.000000  dAvg=0.011166  dMax=0.396202  Dlo=0.005583  Dhi=0.203684  err=0.000000  inc=0.079294  bucket 5->5  (mf=510)
[MF-SEL] tPrev=(  d=0.071980  dMin=0.000000  dAvg=0.011445  dMax=0.396202  Dlo=0.005722  Dhi=0.203823  err=0.000000  inc=0.079294  bucket 5->5  (mf=510)
[MF-SEL] tPrev=(  d=0.072805  dMin=0.000000  dAvg=0.011725  dMax=0.396202  Dlo=0.005862  Dhi=0.203963  err=0.000000  inc=0.079294  bucket 5->5  (mf=510)
[MF-SEL] tPrev=(  d=0.073012  dMin=0.000000  dAvg=0.012004  dMax=0.396202  Dlo=0.006002  Dhi=0.204103  err=0.000000  inc=0.079294  bucket 5->5  (mf=510)
[MF-SEL] tPrev=(  d=0.073866  dMin=0.000000  dAvg=0.012283  dMax=0.396202  Dlo=0.006142  Dhi=0.204243  err=0.000000  inc=0.079294  bucket 5->5  (mf=510)
[MF-SEL] tPrev=(  d=0.072814  dMin=0.000000  dAvg=0.012556  dMax=0.396202  Dlo=0.006278  Dhi=0.204379  err=0.000000  inc=0.079294  bucket 5->5  (mf=510)
[MF-SEL] tPrev=(  d=0.074664  dMin=0.000000  dAvg=0.012835  dMax=0.396202  Dlo=0.006417  Dhi=0.204518  err=0.000000  inc=0.079294  bucket 5->5  (mf=510)
[MF-SEL] tPrev=(  d=0.072570  dMin=0.000000  dAvg=0.013101  dMax=0.396202  Dlo=0.006551  Dhi=0.204651  err=0.000000  inc=0.079294  bucket 5->5  (mf=510)
[MF-SEL] tPrev=(  d=0.076407  dMin=0.000000  dAvg=0.013383  dMax=0.396202  Dlo=0.006691  Dhi=0.204792  err=0.000000  inc=0.079294  bucket 5->5  (mf=510)
[MF-SEL] tPrev=(  d=0.075028  dMin=0.000000  dAvg=0.013655  dMax=0.396202  Dlo=0.006828  Dhi=0.204928  err=0.000000  inc=0.079294  bucket 5->5  (mf=510)
[MF-SEL] tPrev=(  d=0.079428  dMin=0.000000  dAvg=0.013945  dMax=0.396202  Dlo=0.006973  Dhi=0.205073  err=0.000000  inc=0.079294  bucket 5->5  (mf=510)
[MF-SEL] tPrev=(  d=0.082778  dMin=0.000000  dAvg=0.014247  dMax=0.396202  Dlo=0.007124  Dhi=0.205224  err=0.000000  inc=0.079294  bucket 5->5  (mf=510)
[MF-SEL] tPrev=(  d=0.083044  dMin=0.000000  dAvg=0.014548  dMax=0.396202  Dlo=0.007274  Dhi=0.205375  err=0.000000  inc=0.079294  bucket 5->5  (mf=510)
[MF-SEL] tPrev=(  d=0.086210  dMin=0.000000  dAvg=0.014859  dMax=0.396202  Dlo=0.007430  Dhi=0.205530  err=0.000000  inc=0.079294  bucket 5->5  (mf=510)
[MF-SEL] tPrev=(  d=0.086146  dMin=0.000000  dAvg=0.015168  dMax=0.396202  Dlo=0.007584  Dhi=0.205685  err=0.000000  inc=0.079294  bucket 5->5  (mf=510)
[MF-SEL] tPrev=(  d=0.084383  dMin=0.000000  dAvg=0.015466  dMax=0.396202  Dlo=0.007733  Dhi=0.205834  err=0.000000  inc=0.079294  bucket 5->5  (mf=510)
[MF-SEL] tPrev=(  d=0.087669  dMin=0.000000  dAvg=0.015776  dMax=0.396202  Dlo=0.007888  Dhi=0.205989  err=0.000000  inc=0.079294  bucket 5->5  (mf=510)
[MF-SEL] tPrev=(  d=0.087485  dMin=0.000000  dAvg=0.016082  dMax=0.396202  Dlo=0.008041  Dhi=0.206142  err=0.000000  inc=0.079294  bucket 5->5  (mf=510)
[MF-SEL] tPrev=(  d=0.088155  dMin=0.000000  dAvg=0.016389  dMax=0.396202  Dlo=0.008195  Dhi=0.206295  err=0.000000  inc=0.079294  bucket 5->5  (mf=510)
[MF-SEL] tPrev=(  d=0.085421  dMin=0.000000  dAvg=0.016682  dMax=0.396202  Dlo=0.008341  Dhi=0.206442  err=0.000000  inc=0.079294  bucket 5->5  (mf=510)
[MF-SEL] tPrev=(  d=0.087538  dMin=0.000000  dAvg=0.016981  dMax=0.396202  Dlo=0.008490  Dhi=0.206591  err=0.000000  inc=0.079294  bucket 5->5  (mf=510)
[MF-SEL] tPrev=(  d=0.087996  dMin=0.000000  dAvg=0.017279  dMax=0.396202  Dlo=0.008639  Dhi=0.206740  err=0.000000  inc=0.079294  bucket 5->5  (mf=510)
[MF-SEL] tPrev=(  d=0.086353  dMin=0.000000  dAvg=0.017568  dMax=0.396202  Dlo=0.008784  Dhi=0.206885  err=0.000000  inc=0.079294  bucket 5->5  (mf=510)
[MF-SEL] tPrev=(  d=0.094448  dMin=0.000000  dAvg=0.017888  dMax=0.396202  Dlo=0.008944  Dhi=0.207045  err=0.000000  inc=0.079294  bucket 5->5  (mf=510)
[MF-SEL] tPrev=(  d=0.085301  dMin=0.000000  dAvg=0.018168  dMax=0.396202  Dlo=0.009084  Dhi=0.207185  err=0.000000  inc=0.079294  bucket 5->5  (mf=510)
start VIBA 1
[MF-SEL] tPrev=(  d=0.073424  dMin=0.000000  dAvg=0.018396  dMax=0.396202  Dlo=0.009198  Dhi=0.207299  err=0.000000  inc=0.079294  bucket 5->5  (mf=510)
[MF-SEL] tPrev=(  d=0.083329  dMin=0.000000  dAvg=0.018664  dMax=0.396202  Dlo=0.009332  Dhi=0.207433  err=0.000000  inc=0.079294  bucket 5->5  (mf=510)
end VIBA 1
[MF-SEL] tPrev=(  d=0.082747  dMin=0.000000  dAvg=0.018926  dMax=0.396202  Dlo=0.009463  Dhi=0.207564  err=0.000000  inc=0.079294  bucket 5->5  (mf=510)
[MF-SEL] tPrev=(  d=0.081970  dMin=0.000000  dAvg=0.019183  dMax=0.396202  Dlo=0.009592  Dhi=0.207693  err=0.000000  inc=0.079294  bucket 5->5  (mf=510)
[MF-SEL] tPrev=(  d=0.087037  dMin=0.000000  dAvg=0.019459  dMax=0.396202  Dlo=0.009730  Dhi=0.207830  err=0.000000  inc=0.079294  bucket 5->5  (mf=510)
[MF-SEL] tPrev=(  d=0.081141  dMin=0.000000  dAvg=0.019709  dMax=0.396202  Dlo=0.009855  Dhi=0.207955  err=0.000000  inc=0.079294  bucket 5->5  (mf=510)
[MF-SEL] tPrev=(  d=0.080538  dMin=0.000000  dAvg=0.019954  dMax=0.396202  Dlo=0.009977  Dhi=0.208078  err=0.000000  inc=0.079294  bucket 5->5  (mf=510)
[MF-SEL] tPrev=(  d=0.080236  dMin=0.000000  dAvg=0.020196  dMax=0.396202  Dlo=0.010098  Dhi=0.208199  err=0.000000  inc=0.079294  bucket 5->5  (mf=510)
[MF-SEL] tPrev=(  d=0.079730  dMin=0.000000  dAvg=0.020435  dMax=0.396202  Dlo=0.010217  Dhi=0.208318  err=0.000000  inc=0.079294  bucket 5->5  (mf=510)
[MF-SEL] tPrev=(  d=0.084386  dMin=0.000000  dAvg=0.020689  dMax=0.396202  Dlo=0.010345  Dhi=0.208445  err=0.000000  inc=0.079294  bucket 5->5  (mf=510)
[MF-SEL] tPrev=(  d=0.079217  dMin=0.000000  dAvg=0.020922  dMax=0.396202  Dlo=0.010461  Dhi=0.208562  err=0.000000  inc=0.079294  bucket 5->5  (mf=510)
[MF-SEL] tPrev=(  d=0.078115  dMin=0.000000  dAvg=0.021148  dMax=0.396202  Dlo=0.010574  Dhi=0.208675  err=0.000000  inc=0.079294  bucket 5->5  (mf=510)
[MF-SEL] tPrev=(  d=0.076825  dMin=0.000000  dAvg=0.021367  dMax=0.396202  Dlo=0.010683  Dhi=0.208784  err=0.000000  inc=0.079294  bucket 5->5  (mf=510)
[MF-SEL] tPrev=(  d=0.078136  dMin=0.000000  dAvg=0.021589  dMax=0.396202  Dlo=0.010795  Dhi=0.208896  err=0.000000  inc=0.079294  bucket 5->5  (mf=510)
[MF-SEL] tPrev=(  d=0.072529  dMin=0.000000  dAvg=0.021788  dMax=0.396202  Dlo=0.010894  Dhi=0.208995  err=0.000000  inc=0.079294  bucket 5->5  (mf=510)
[MF-SEL] tPrev=(  d=0.070281  dMin=0.000000  dAvg=0.021977  dMax=0.396202  Dlo=0.010989  Dhi=0.209089  err=0.000000  inc=0.079294  bucket 5->5  (mf=510)
[MF-SEL] tPrev=(  d=0.068195  dMin=0.000000  dAvg=0.022156  dMax=0.396202  Dlo=0.011078  Dhi=0.209179  err=0.000000  inc=0.079294  bucket 5->5  (mf=510)
[MF-SEL] tPrev=(  d=0.074848  dMin=0.000000  dAvg=0.022360  dMax=0.396202  Dlo=0.011180  Dhi=0.209281  err=0.000000  inc=0.079294  bucket 5->5  (mf=510)
[MF-SEL] tPrev=(  d=0.064939  dMin=0.000000  dAvg=0.022523  dMax=0.396202  Dlo=0.011262  Dhi=0.209363  err=0.000000  inc=0.079294  bucket 5->5  (mf=510)
[MF-SEL] tPrev=(  d=0.064135  dMin=0.000000  dAvg=0.022683  dMax=0.396202  Dlo=0.011341  Dhi=0.209442  err=0.000000  inc=0.079294  bucket 5->5  (mf=510)
[MF-SEL] tPrev=(  d=0.063376  dMin=0.000000  dAvg=0.022838  dMax=0.396202  Dlo=0.011419  Dhi=0.209520  err=0.000000  inc=0.079294  bucket 5->5  (mf=510)
[MF-SEL] tPrev=(  d=0.062903  dMin=0.000000  dAvg=0.022991  dMax=0.396202  Dlo=0.011495  Dhi=0.209596  err=0.000000  inc=0.079294  bucket 5->5  (mf=510)
[MF-SEL] tPrev=(  d=0.056140  dMin=0.000000  dAvg=0.023116  dMax=0.396202  Dlo=0.011558  Dhi=0.209659  err=0.000000  inc=0.079294  bucket 5->5  (mf=510)
[MF-SEL] tPrev=(  d=0.061912  dMin=0.000000  dAvg=0.023263  dMax=0.396202  Dlo=0.011631  Dhi=0.209732  err=0.000000  inc=0.079294  bucket 5->5  (mf=510)
[MF-SEL] tPrev=(  d=0.061672  dMin=0.000000  dAvg=0.023407  dMax=0.396202  Dlo=0.011703  Dhi=0.209804  err=0.000000  inc=0.079294  bucket 5->5  (mf=510)
[MF-SEL] tPrev=(  d=0.061075  dMin=0.000000  dAvg=0.023548  dMax=0.396202  Dlo=0.011774  Dhi=0.209875  err=0.000000  inc=0.079294  bucket 5->5  (mf=510)
[MF-SEL] tPrev=(  d=0.059812  dMin=0.000000  dAvg=0.023683  dMax=0.396202  Dlo=0.011842  Dhi=0.209942  err=0.000000  inc=0.079294  bucket 5->5  (mf=510)
[MF-SEL] tPrev=(  d=0.075036  dMin=0.000000  dAvg=0.023874  dMax=0.396202  Dlo=0.011937  Dhi=0.210038  err=0.000000  inc=0.079294  bucket 5->5  (mf=510)
[MF-SEL] tPrev=(  d=0.057945  dMin=0.000000  dAvg=0.024000  dMax=0.396202  Dlo=0.012000  Dhi=0.210101  err=0.000000  inc=0.079294  bucket 5->5  (mf=510)
[MF-SEL] tPrev=(  d=0.056158  dMin=0.000000  dAvg=0.024119  dMax=0.396202  Dlo=0.012060  Dhi=0.210160  err=0.000000  inc=0.079294  bucket 5->5  (mf=510)
[MF-SEL] tPrev=(  d=0.063883  dMin=0.000000  dAvg=0.024265  dMax=0.396202  Dlo=0.012133  Dhi=0.210233  err=0.000000  inc=0.079294  bucket 5->5  (mf=510)
[MF-SEL] tPrev=(  d=0.053564  dMin=0.000000  dAvg=0.024373  dMax=0.396202  Dlo=0.012186  Dhi=0.210287  err=0.000000  inc=0.079294  bucket 5->5  (mf=510)
[MF-SEL] tPrev=(  d=0.052360  dMin=0.000000  dAvg=0.024475  dMax=0.396202  Dlo=0.012237  Dhi=0.210338  err=0.000000  inc=0.079294  bucket 5->5  (mf=510)
[MF-SEL] tPrev=(  d=0.051620  dMin=0.000000  dAvg=0.024573  dMax=0.396202  Dlo=0.012287  Dhi=0.210388  err=0.000000  inc=0.079294  bucket 5->5  (mf=510)
[MF-SEL] tPrev=(  d=0.046813  dMin=0.000000  dAvg=0.024654  dMax=0.396202  Dlo=0.012327  Dhi=0.210428  err=0.000000  inc=0.079294  bucket 5->5  (mf=510)
[MF-SEL] tPrev=(  d=0.050050  dMin=0.000000  dAvg=0.024746  dMax=0.396202  Dlo=0.012373  Dhi=0.210474  err=0.000000  inc=0.079294  bucket 5->5  (mf=510)
[MF-SEL] tPrev=(  d=0.049849  dMin=0.000000  dAvg=0.024836  dMax=0.396202  Dlo=0.012418  Dhi=0.210519  err=0.000000  inc=0.079294  bucket 5->5  (mf=510)
[MF-SEL] tPrev=(  d=0.060562  dMin=0.000000  dAvg=0.024964  dMax=0.396202  Dlo=0.012482  Dhi=0.210583  err=0.000000  inc=0.079294  bucket 5->5  (mf=510)
[MF-SEL] tPrev=(  d=0.051520  dMin=0.000000  dAvg=0.025059  dMax=0.396202  Dlo=0.012529  Dhi=0.210630  err=0.000000  inc=0.079294  bucket 5->5  (mf=510)
[MF-SEL] tPrev=(  d=0.052952  dMin=0.000000  dAvg=0.025158  dMax=0.396202  Dlo=0.012579  Dhi=0.210680  err=0.000000  inc=0.079294  bucket 5->5  (mf=510)
[MF-SEL] tPrev=(  d=0.052502  dMin=0.000000  dAvg=0.025255  dMax=0.396202  Dlo=0.012628  Dhi=0.210728  err=0.000000  inc=0.079294  bucket 5->5  (mf=510)
[MF-SEL] tPrev=(  d=0.052760  dMin=0.000000  dAvg=0.025352  dMax=0.396202  Dlo=0.012676  Dhi=0.210777  err=0.000000  inc=0.079294  bucket 5->5  (mf=510)
[MF-SEL] tPrev=(  d=0.051718  dMin=0.000000  dAvg=0.025445  dMax=0.396202  Dlo=0.012723  Dhi=0.210823  err=0.000000  inc=0.079294  bucket 5->5  (mf=510)
[MF-SEL] tPrev=(  d=0.049627  dMin=0.000000  dAvg=0.025530  dMax=0.396202  Dlo=0.012765  Dhi=0.210866  err=0.000000  inc=0.079294  bucket 5->5  (mf=510)
[MF-SEL] tPrev=(  d=0.048176  dMin=0.000000  dAvg=0.025609  dMax=0.396202  Dlo=0.012805  Dhi=0.210905  err=0.000000  inc=0.079294  bucket 5->5  (mf=510)
[MF-SEL] tPrev=(  d=0.050211  dMin=0.000000  dAvg=0.025695  dMax=0.396202  Dlo=0.012847  Dhi=0.210948  err=0.000000  inc=0.079294  bucket 5->5  (mf=510)
[MF-SEL] tPrev=(  d=0.042794  dMin=0.000000  dAvg=0.025754  dMax=0.396202  Dlo=0.012877  Dhi=0.210978  err=0.000000  inc=0.079294  bucket 5->5  (mf=510)
[MF-SEL] tPrev=(  d=0.039005  dMin=0.000000  dAvg=0.025800  dMax=0.396202  Dlo=0.012900  Dhi=0.211001  err=0.000000  inc=0.079294  bucket 5->5  (mf=510)
[MF-SEL] tPrev=(  d=0.036125  dMin=0.000000  dAvg=0.025836  dMax=0.396202  Dlo=0.012918  Dhi=0.211019  err=0.000000  inc=0.079294  bucket 5->5  (mf=510)
[MF-SEL] tPrev=(  d=0.029911  dMin=0.000000  dAvg=0.025850  dMax=0.396202  Dlo=0.012925  Dhi=0.211026  err=0.000000  inc=0.079294  bucket 5->5  (mf=510)
[MF-SEL] tPrev=(  d=0.028508  dMin=0.000000  dAvg=0.025859  dMax=0.396202  Dlo=0.012929  Dhi=0.211030  err=0.000000  inc=0.079294  bucket 5->5  (mf=510)
[MF-SEL] tPrev=(  d=0.024934  dMin=0.000000  dAvg=0.025856  dMax=0.396202  Dlo=0.012928  Dhi=0.211029  err=0.000000  inc=0.079294  bucket 5->5  (mf=510)
[MF-SEL] tPrev=(  d=0.027103  dMin=0.000000  dAvg=0.025860  dMax=0.396202  Dlo=0.012930  Dhi=0.211031  err=0.000000  inc=0.079294  bucket 5->5  (mf=510)
[MF-SEL] tPrev=(  d=0.019402  dMin=0.000000  dAvg=0.025838  dMax=0.396202  Dlo=0.012919  Dhi=0.211020  err=0.000000  inc=0.079294  bucket 5->5  (mf=510)
[MF-SEL] tPrev=(  d=0.020656  dMin=0.000000  dAvg=0.025821  dMax=0.396202  Dlo=0.012910  Dhi=0.211011  err=0.000000  inc=0.079294  bucket 5->5  (mf=510)
[MF-SEL] tPrev=(  d=0.017945  dMin=0.000000  dAvg=0.025794  dMax=0.396202  Dlo=0.012897  Dhi=0.210998  err=0.000000  inc=0.079294  bucket 5->5  (mf=510)
[MF-SEL] tPrev=(  d=0.014572  dMin=0.000000  dAvg=0.025756  dMax=0.396202  Dlo=0.012878  Dhi=0.210979  err=0.000000  inc=0.079294  bucket 5->5  (mf=510)
[MF-SEL] tPrev=(  d=0.020596  dMin=0.000000  dAvg=0.025739  dMax=0.396202  Dlo=0.012870  Dhi=0.210970  err=0.000000  inc=0.079294  bucket 5->5  (mf=510)
[MF-SEL] tPrev=(  d=0.017496  dMin=0.000000  dAvg=0.025712  dMax=0.396202  Dlo=0.012856  Dhi=0.210957  err=0.000000  inc=0.079294  bucket 5->5  (mf=510)
[MF-SEL] tPrev=(  d=0.024482  dMin=0.000000  dAvg=0.025708  dMax=0.396202  Dlo=0.012854  Dhi=0.210955  err=0.000000  inc=0.079294  bucket 5->5  (mf=510)
[MF-SEL] tPrev=(  d=0.024588  dMin=0.000000  dAvg=0.025704  dMax=0.396202  Dlo=0.012852  Dhi=0.210953  err=0.000000  inc=0.079294  bucket 5->5  (mf=510)
[MF-SEL] tPrev=(  d=0.028569  dMin=0.000000  dAvg=0.025713  dMax=0.396202  Dlo=0.012857  Dhi=0.210957  err=0.000000  inc=0.079294  bucket 5->5  (mf=510)
[MF-SEL] tPrev=(  d=0.036595  dMin=0.000000  dAvg=0.025749  dMax=0.396202  Dlo=0.012875  Dhi=0.210975  err=0.000000  inc=0.079294  bucket 5->5  (mf=510)
[MF-SEL] tPrev=(  d=0.033242  dMin=0.000000  dAvg=0.025774  dMax=0.396202  Dlo=0.012887  Dhi=0.210988  err=0.000000  inc=0.079294  bucket 5->5  (mf=510)
[MF-SEL] tPrev=(  d=0.034708  dMin=0.000000  dAvg=0.025803  dMax=0.396202  Dlo=0.012901  Dhi=0.211002  err=0.000000  inc=0.079294  bucket 5->5  (mf=510)
[MF-SEL] tPrev=(  d=0.036144  dMin=0.000000  dAvg=0.025837  dMax=0.396202  Dlo=0.012918  Dhi=0.211019  err=0.000000  inc=0.079294  bucket 5->5  (mf=510)
[MF-SEL] tPrev=(  d=0.035375  dMin=0.000000  dAvg=0.025868  dMax=0.396202  Dlo=0.012934  Dhi=0.211035  err=0.000000  inc=0.079294  bucket 5->5  (mf=510)
[MF-SEL] tPrev=(  d=0.038050  dMin=0.000000  dAvg=0.025907  dMax=0.396202  Dlo=0.012953  Dhi=0.211054  err=0.000000  inc=0.079294  bucket 5->5  (mf=510)
[MF-SEL] tPrev=(  d=0.035353  dMin=0.000000  dAvg=0.025937  dMax=0.396202  Dlo=0.012969  Dhi=0.211069  err=0.000000  inc=0.079294  bucket 5->5  (mf=510)
[MF-SEL] tPrev=(  d=0.040144  dMin=0.000000  dAvg=0.025983  dMax=0.396202  Dlo=0.012992  Dhi=0.211092  err=0.000000  inc=0.079294  bucket 5->5  (mf=510)
[MF-SEL] tPrev=(  d=0.038127  dMin=0.000000  dAvg=0.026022  dMax=0.396202  Dlo=0.013011  Dhi=0.211112  err=0.000000  inc=0.079294  bucket 5->5  (mf=510)
[MF-SEL] tPrev=(  d=0.042155  dMin=0.000000  dAvg=0.026074  dMax=0.396202  Dlo=0.013037  Dhi=0.211138  err=0.000000  inc=0.079294  bucket 5->5  (mf=510)
[MF-SEL] tPrev=(  d=0.039133  dMin=0.000000  dAvg=0.026115  dMax=0.396202  Dlo=0.013058  Dhi=0.211158  err=0.000000  inc=0.079294  bucket 5->5  (mf=510)
[MF-SEL] tPrev=(  d=0.044153  dMin=0.000000  dAvg=0.026172  dMax=0.396202  Dlo=0.013086  Dhi=0.211187  err=0.000000  inc=0.079294  bucket 5->5  (mf=510)
[MF-SEL] tPrev=(  d=0.040433  dMin=0.000000  dAvg=0.026218  dMax=0.396202  Dlo=0.013109  Dhi=0.211210  err=0.000000  inc=0.079294  bucket 5->5  (mf=510)
[MF-SEL] tPrev=(  d=0.046351  dMin=0.000000  dAvg=0.026281  dMax=0.396202  Dlo=0.013141  Dhi=0.211241  err=0.000000  inc=0.079294  bucket 5->5  (mf=510)
[MF-SEL] tPrev=(  d=0.050998  dMin=0.000000  dAvg=0.026359  dMax=0.396202  Dlo=0.013179  Dhi=0.211280  err=0.000000  inc=0.079294  bucket 5->5  (mf=510)
[MF-SEL] tPrev=(  d=0.048448  dMin=0.000000  dAvg=0.026428  dMax=0.396202  Dlo=0.013214  Dhi=0.211315  err=0.000000  inc=0.079294  bucket 5->5  (mf=510)
[MF-SEL] tPrev=(  d=0.053488  dMin=0.000000  dAvg=0.026513  dMax=0.396202  Dlo=0.013256  Dhi=0.211357  err=0.000000  inc=0.079294  bucket 5->5  (mf=510)
[MF-SEL] tPrev=(  d=0.049883  dMin=0.000000  dAvg=0.026585  dMax=0.396202  Dlo=0.013293  Dhi=0.211393  err=0.000000  inc=0.079294  bucket 5->5  (mf=510)
[MF-SEL] tPrev=(  d=0.053081  dMin=0.000000  dAvg=0.026668  dMax=0.396202  Dlo=0.013334  Dhi=0.211435  err=0.000000  inc=0.079294  bucket 5->5  (mf=510)
[MF-SEL] tPrev=(  d=0.049498  dMin=0.000000  dAvg=0.026738  dMax=0.396202  Dlo=0.013369  Dhi=0.211470  err=0.000000  inc=0.079294  bucket 5->5  (mf=510)
[MF-SEL] tPrev=(  d=0.049333  dMin=0.000000  dAvg=0.026808  dMax=0.396202  Dlo=0.013404  Dhi=0.211505  err=0.000000  inc=0.079294  bucket 5->5  (mf=510)
[MF-SEL] tPrev=(  d=0.051463  dMin=0.000000  dAvg=0.026884  dMax=0.396202  Dlo=0.013442  Dhi=0.211543  err=0.000000  inc=0.079294  bucket 5->5  (mf=510)
[MF-SEL] tPrev=(  d=0.047215  dMin=0.000000  dAvg=0.026946  dMax=0.396202  Dlo=0.013473  Dhi=0.211574  err=0.000000  inc=0.079294  bucket 5->5  (mf=510)
[MF-SEL] tPrev=(  d=0.044107  dMin=0.000000  dAvg=0.026999  dMax=0.396202  Dlo=0.013499  Dhi=0.211600  err=0.000000  inc=0.079294  bucket 5->5  (mf=510)
[MF-SEL] tPrev=(  d=0.044990  dMin=0.000000  dAvg=0.027054  dMax=0.396202  Dlo=0.013527  Dhi=0.211628  err=0.000000  inc=0.079294  bucket 5->5  (mf=510)
[MF-SEL] tPrev=(  d=0.042627  dMin=0.000000  dAvg=0.027101  dMax=0.396202  Dlo=0.013550  Dhi=0.211651  err=0.000000  inc=0.079294  bucket 5->5  (mf=510)
[MF-SEL] tPrev=(  d=0.039264  dMin=0.000000  dAvg=0.027138  dMax=0.396202  Dlo=0.013569  Dhi=0.211670  err=0.000000  inc=0.079294  bucket 5->5  (mf=510)
[MF-SEL] tPrev=(  d=0.040287  dMin=0.000000  dAvg=0.027178  dMax=0.396202  Dlo=0.013589  Dhi=0.211690  err=0.000000  inc=0.079294  bucket 5->5  (mf=510)
[MF-SEL] tPrev=(  d=0.039209  dMin=0.000000  dAvg=0.027214  dMax=0.396202  Dlo=0.013607  Dhi=0.211708  err=0.000000  inc=0.079294  bucket 5->5  (mf=510)
[MF-SEL] tPrev=(  d=0.038535  dMin=0.000000  dAvg=0.027248  dMax=0.396202  Dlo=0.013624  Dhi=0.211725  err=0.000000  inc=0.079294  bucket 5->5  (mf=510)
[MF-SEL] tPrev=(  d=0.037642  dMin=0.000000  dAvg=0.027279  dMax=0.396202  Dlo=0.013639  Dhi=0.211740  err=0.000000  inc=0.079294  bucket 5->5  (mf=510)
[MF-SEL] tPrev=(  d=0.037359  dMin=0.000000  dAvg=0.027309  dMax=0.396202  Dlo=0.013655  Dhi=0.211755  err=0.000000  inc=0.079294  bucket 5->5  (mf=510)
[MF-SEL] tPrev=(  d=0.036856  dMin=0.000000  dAvg=0.027337  dMax=0.396202  Dlo=0.013669  Dhi=0.211769  err=0.000000  inc=0.079294  bucket 5->5  (mf=510)
[MF-SEL] tPrev=(  d=0.036839  dMin=0.000000  dAvg=0.027366  dMax=0.396202  Dlo=0.013683  Dhi=0.211784  err=0.000000  inc=0.079294  bucket 5->5  (mf=510)
[MF-SEL] tPrev=(  d=0.036550  dMin=0.000000  dAvg=0.027393  dMax=0.396202  Dlo=0.013696  Dhi=0.211797  err=0.000000  inc=0.079294  bucket 5->5  (mf=510)
[MF-SEL] tPrev=(  d=0.042175  dMin=0.000000  dAvg=0.027436  dMax=0.396202  Dlo=0.013718  Dhi=0.211819  err=0.000000  inc=0.079294  bucket 5->5  (mf=510)
[MF-SEL] tPrev=(  d=0.037054  dMin=0.000000  dAvg=0.027465  dMax=0.396202  Dlo=0.013732  Dhi=0.211833  err=0.000000  inc=0.079294  bucket 5->5  (mf=510)
[MF-SEL] tPrev=(  d=0.039276  dMin=0.000000  dAvg=0.027499  dMax=0.396202  Dlo=0.013750  Dhi=0.211850  err=0.000000  inc=0.079294  bucket 5->5  (mf=510)
[MF-SEL] tPrev=(  d=0.039307  dMin=0.000000  dAvg=0.027534  dMax=0.396202  Dlo=0.013767  Dhi=0.211868  err=0.000000  inc=0.079294  bucket 5->5  (mf=510)
[MF-SEL] tPrev=(  d=0.029595  dMin=0.000000  dAvg=0.027540  dMax=0.396202  Dlo=0.013770  Dhi=0.211871  err=0.000000  inc=0.079294  bucket 5->5  (mf=510)
[MF-SEL] tPrev=(  d=0.042915  dMin=0.000000  dAvg=0.027585  dMax=0.396202  Dlo=0.013792  Dhi=0.211893  err=0.000000  inc=0.079294  bucket 5->5  (mf=510)
[MF-SEL] tPrev=(  d=0.043102  dMin=0.000000  dAvg=0.027630  dMax=0.396202  Dlo=0.013815  Dhi=0.211916  err=0.000000  inc=0.079294  bucket 5->5  (mf=510)
[MF-SEL] tPrev=(  d=0.048149  dMin=0.000000  dAvg=0.027689  dMax=0.396202  Dlo=0.013844  Dhi=0.211945  err=0.000000  inc=0.079294  bucket 5->5  (mf=510)
[MF-SEL] tPrev=(  d=0.048954  dMin=0.000000  dAvg=0.027750  dMax=0.396202  Dlo=0.013875  Dhi=0.211976  err=0.000000  inc=0.079294  bucket 5->5  (mf=510)
[MF-SEL] tPrev=(  d=0.050729  dMin=0.000000  dAvg=0.027816  dMax=0.396202  Dlo=0.013908  Dhi=0.212009  err=0.000000  inc=0.079294  bucket 5->5  (mf=510)
[MF-SEL] tPrev=(  d=0.049989  dMin=0.000000  dAvg=0.027880  dMax=0.396202  Dlo=0.013940  Dhi=0.212041  err=0.000000  inc=0.079294  bucket 5->5  (mf=510)
[MF-SEL] tPrev=(  d=0.050438  dMin=0.000000  dAvg=0.027944  dMax=0.396202  Dlo=0.013972  Dhi=0.212073  err=0.000000  inc=0.079294  bucket 5->5  (mf=510)
[MF-SEL] tPrev=(  d=0.054533  dMin=0.000000  dAvg=0.028020  dMax=0.396202  Dlo=0.014010  Dhi=0.212111  err=0.000000  inc=0.079294  bucket 5->5  (mf=510)
[MF-SEL] tPrev=(  d=0.048235  dMin=0.000000  dAvg=0.028077  dMax=0.396202  Dlo=0.014039  Dhi=0.212139  err=0.000000  inc=0.079294  bucket 5->5  (mf=510)
[MF-SEL] tPrev=(  d=0.051363  dMin=0.000000  dAvg=0.028143  dMax=0.396202  Dlo=0.014072  Dhi=0.212172  err=0.000000  inc=0.079294  bucket 5->5  (mf=510)
[MF-SEL] tPrev=(  d=0.044426  dMin=0.000000  dAvg=0.028189  dMax=0.396202  Dlo=0.014095  Dhi=0.212195  err=0.000000  inc=0.079294  bucket 5->5  (mf=510)
[MF-SEL] tPrev=(  d=0.046181  dMin=0.000000  dAvg=0.028240  dMax=0.396202  Dlo=0.014120  Dhi=0.212221  err=0.000000  inc=0.079294  bucket 5->5  (mf=510)
[MF-SEL] tPrev=(  d=0.042435  dMin=0.000000  dAvg=0.028280  dMax=0.396202  Dlo=0.014140  Dhi=0.212241  err=0.000000  inc=0.079294  bucket 5->5  (mf=510)
[MF-SEL] tPrev=(  d=0.047141  dMin=0.000000  dAvg=0.028333  dMax=0.396202  Dlo=0.014166  Dhi=0.212267  err=0.000000  inc=0.079294  bucket 5->5  (mf=510)
[MF-SEL] tPrev=(  d=0.039894  dMin=0.000000  dAvg=0.028365  dMax=0.396202  Dlo=0.014182  Dhi=0.212283  err=0.000000  inc=0.079294  bucket 5->5  (mf=510)
[MF-SEL] tPrev=(  d=0.040364  dMin=0.000000  dAvg=0.028398  dMax=0.396202  Dlo=0.014199  Dhi=0.212300  err=0.000000  inc=0.079294  bucket 5->5  (mf=510)
[MF-SEL] tPrev=(  d=0.036624  dMin=0.000000  dAvg=0.028421  dMax=0.396202  Dlo=0.014211  Dhi=0.212311  err=0.000000  inc=0.079294  bucket 5->5  (mf=510)
[MF-SEL] tPrev=(  d=0.037349  dMin=0.000000  dAvg=0.028446  dMax=0.396202  Dlo=0.014223  Dhi=0.212324  err=0.000000  inc=0.079294  bucket 5->5  (mf=510)
[MF-SEL] tPrev=(  d=0.033785  dMin=0.000000  dAvg=0.028461  dMax=0.396202  Dlo=0.014230  Dhi=0.212331  err=0.000000  inc=0.079294  bucket 5->5  (mf=510)
[MF-SEL] tPrev=(  d=0.029846  dMin=0.000000  dAvg=0.028465  dMax=0.396202  Dlo=0.014232  Dhi=0.212333  err=0.000000  inc=0.079294  bucket 5->5  (mf=510)
[MF-SEL] tPrev=(  d=0.030594  dMin=0.000000  dAvg=0.028470  dMax=0.396202  Dlo=0.014235  Dhi=0.212336  err=0.000000  inc=0.079294  bucket 5->5  (mf=510)
[MF-SEL] tPrev=(  d=0.029555  dMin=0.000000  dAvg=0.028473  dMax=0.396202  Dlo=0.014237  Dhi=0.212337  err=0.000000  inc=0.079294  bucket 5->5  (mf=510)
[MF-SEL] tPrev=(  d=0.034027  dMin=0.000000  dAvg=0.028489  dMax=0.396202  Dlo=0.014244  Dhi=0.212345  err=0.000000  inc=0.079294  bucket 5->5  (mf=510)
[MF-SEL] tPrev=(  d=0.028949  dMin=0.000000  dAvg=0.028490  dMax=0.396202  Dlo=0.014245  Dhi=0.212346  err=0.000000  inc=0.079294  bucket 5->5  (mf=510)
[MF-SEL] tPrev=(  d=0.029125  dMin=0.000000  dAvg=0.028491  dMax=0.396202  Dlo=0.014246  Dhi=0.212347  err=0.000000  inc=0.079294  bucket 5->5  (mf=510)
[MF-SEL] tPrev=(  d=0.029504  dMin=0.000000  dAvg=0.028494  dMax=0.396202  Dlo=0.014247  Dhi=0.212348  err=0.000000  inc=0.079294  bucket 5->5  (mf=510)
[MF-SEL] tPrev=(  d=0.028224  dMin=0.000000  dAvg=0.028494  dMax=0.396202  Dlo=0.014247  Dhi=0.212348  err=0.000000  inc=0.079294  bucket 5->5  (mf=510)
[MF-SEL] tPrev=(  d=0.028984  dMin=0.000000  dAvg=0.028495  dMax=0.396202  Dlo=0.014247  Dhi=0.212348  err=0.000000  inc=0.079294  bucket 5->5  (mf=510)
[MF-SEL] tPrev=(  d=0.035250  dMin=0.000000  dAvg=0.028513  dMax=0.396202  Dlo=0.014256  Dhi=0.212357  err=0.000000  inc=0.079294  bucket 5->5  (mf=510)
[MF-SEL] tPrev=(  d=0.029839  dMin=0.000000  dAvg=0.028517  dMax=0.396202  Dlo=0.014258  Dhi=0.212359  err=0.000000  inc=0.079294  bucket 5->5  (mf=510)
[MF-SEL] tPrev=(  d=0.028768  dMin=0.000000  dAvg=0.028517  dMax=0.396202  Dlo=0.014259  Dhi=0.212359  err=0.000000  inc=0.079294  bucket 5->5  (mf=510)
[MF-SEL] tPrev=(  d=0.022626  dMin=0.000000  dAvg=0.028502  dMax=0.396202  Dlo=0.014251  Dhi=0.212352  err=0.000000  inc=0.079294  bucket 5->5  (mf=510)
[MF-SEL] tPrev=(  d=0.026153  dMin=0.000000  dAvg=0.028495  dMax=0.396202  Dlo=0.014248  Dhi=0.212348  err=0.000000  inc=0.079294  bucket 5->5  (mf=510)
[MF-SEL] tPrev=(  d=0.025058  dMin=0.000000  dAvg=0.028486  dMax=0.396202  Dlo=0.014243  Dhi=0.212344  err=0.000000  inc=0.079294  bucket 5->5  (mf=510)
[MF-SEL] tPrev=(  d=0.023551  dMin=0.000000  dAvg=0.028473  dMax=0.396202  Dlo=0.014237  Dhi=0.212337  err=0.000000  inc=0.079294  bucket 5->5  (mf=510)
[MF-SEL] tPrev=(  d=0.037248  dMin=0.000000  dAvg=0.028496  dMax=0.396202  Dlo=0.014248  Dhi=0.212349  err=0.000000  inc=0.079294  bucket 5->5  (mf=510)
[MF-SEL] tPrev=(  d=0.024012  dMin=0.000000  dAvg=0.028484  dMax=0.396202  Dlo=0.014242  Dhi=0.212343  err=0.000000  inc=0.079294  bucket 5->5  (mf=510)
[MF-SEL] tPrev=(  d=0.036170  dMin=0.000000  dAvg=0.028505  dMax=0.396202  Dlo=0.014252  Dhi=0.212353  err=0.000000  inc=0.079294  bucket 5->5  (mf=510)
[MF-SEL] tPrev=(  d=0.024686  dMin=0.000000  dAvg=0.028495  dMax=0.396202  Dlo=0.014247  Dhi=0.212348  err=0.000000  inc=0.079294  bucket 5->5  (mf=510)
[MF-SEL] tPrev=(  d=0.029509  dMin=0.000000  dAvg=0.028497  dMax=0.396202  Dlo=0.014249  Dhi=0.212349  err=0.000000  inc=0.079294  bucket 5->5  (mf=510)
[MF-SEL] tPrev=(  d=0.025035  dMin=0.000000  dAvg=0.028488  dMax=0.396202  Dlo=0.014244  Dhi=0.212345  err=0.000000  inc=0.079294  bucket 5->5  (mf=510)
[MF-SEL] tPrev=(  d=0.032895  dMin=0.000000  dAvg=0.028500  dMax=0.396202  Dlo=0.014250  Dhi=0.212351  err=0.000000  inc=0.079294  bucket 5->5  (mf=510)
[MF-SEL] tPrev=(  d=0.025546  dMin=0.000000  dAvg=0.028492  dMax=0.396202  Dlo=0.014246  Dhi=0.212347  err=0.000000  inc=0.079294  bucket 5->5  (mf=510)
[MF-SEL] tPrev=(  d=0.026488  dMin=0.000000  dAvg=0.028487  dMax=0.396202  Dlo=0.014243  Dhi=0.212344  err=0.000000  inc=0.079294  bucket 5->5  (mf=510)
[MF-SEL] tPrev=(  d=0.024792  dMin=0.000000  dAvg=0.028477  dMax=0.396202  Dlo=0.014239  Dhi=0.212339  err=0.000000  inc=0.079294  bucket 5->5  (mf=510)
[MF-SEL] tPrev=(  d=0.026347  dMin=0.000000  dAvg=0.028472  dMax=0.396202  Dlo=0.014236  Dhi=0.212337  err=0.000000  inc=0.079294  bucket 5->5  (mf=510)
[MF-SEL] tPrev=(  d=0.023619  dMin=0.000000  dAvg=0.028459  dMax=0.396202  Dlo=0.014230  Dhi=0.212330  err=0.000000  inc=0.079294  bucket 5->5  (mf=510)
[MF-SEL] tPrev=(  d=0.022693  dMin=0.000000  dAvg=0.028445  dMax=0.396202  Dlo=0.014222  Dhi=0.212323  err=0.000000  inc=0.079294  bucket 5->5  (mf=510)
[MF-SEL] tPrev=(  d=0.022995  dMin=0.000000  dAvg=0.028431  dMax=0.396202  Dlo=0.014215  Dhi=0.212316  err=0.000000  inc=0.079294  bucket 5->5  (mf=510)
[MF-SEL] tPrev=(  d=0.026593  dMin=0.000000  dAvg=0.028426  dMax=0.396202  Dlo=0.014213  Dhi=0.212314  err=0.000000  inc=0.079294  bucket 5->5  (mf=510)
[MF-SEL] tPrev=(  d=0.022675  dMin=0.000000  dAvg=0.028412  dMax=0.396202  Dlo=0.014206  Dhi=0.212307  err=0.000000  inc=0.079294  bucket 5->5  (mf=510)
[MF-SEL] tPrev=(  d=0.023564  dMin=0.000000  dAvg=0.028399  dMax=0.396202  Dlo=0.014200  Dhi=0.212300  err=0.000000  inc=0.079294  bucket 5->5  (mf=510)
[MF-SEL] tPrev=(  d=0.028443  dMin=0.000000  dAvg=0.028399  dMax=0.396202  Dlo=0.014200  Dhi=0.212300  err=0.000000  inc=0.079294  bucket 5->5  (mf=510)
[MF-SEL] tPrev=(  d=0.025226  dMin=0.000000  dAvg=0.028391  dMax=0.396202  Dlo=0.014196  Dhi=0.212296  err=0.000000  inc=0.079294  bucket 5->5  (mf=510)
[MF-SEL] tPrev=(  d=0.027173  dMin=0.000000  dAvg=0.028388  dMax=0.396202  Dlo=0.014194  Dhi=0.212295  err=0.000000  inc=0.079294  bucket 5->5  (mf=510)
[MF-SEL] tPrev=(  d=0.026721  dMin=0.000000  dAvg=0.028384  dMax=0.396202  Dlo=0.014192  Dhi=0.212293  err=0.000000  inc=0.079294  bucket 5->5  (mf=510)
[MF-SEL] tPrev=(  d=0.029761  dMin=0.000000  dAvg=0.028388  dMax=0.396202  Dlo=0.014194  Dhi=0.212295  err=0.000000  inc=0.079294  bucket 5->5  (mf=510)
[MF-SEL] tPrev=(  d=0.027842  dMin=0.000000  dAvg=0.028386  dMax=0.396202  Dlo=0.014193  Dhi=0.212294  err=0.000000  inc=0.079294  bucket 5->5  (mf=510)
[MF-SEL] tPrev=(  d=0.027895  dMin=0.000000  dAvg=0.028385  dMax=0.396202  Dlo=0.014192  Dhi=0.212293  err=0.000000  inc=0.079294  bucket 5->5  (mf=510)
[MF-SEL] tPrev=(  d=0.035054  dMin=0.000000  dAvg=0.028402  dMax=0.396202  Dlo=0.014201  Dhi=0.212302  err=0.000000  inc=0.079294  bucket 5->5  (mf=510)
[MF-SEL] tPrev=(  d=0.028611  dMin=0.000000  dAvg=0.028402  dMax=0.396202  Dlo=0.014201  Dhi=0.212302  err=0.000000  inc=0.079294  bucket 5->5  (mf=510)
[MF-SEL] tPrev=(  d=0.028175  dMin=0.000000  dAvg=0.028401  dMax=0.396202  Dlo=0.014201  Dhi=0.212302  err=0.000000  inc=0.079294  bucket 5->5  (mf=510)
[MF-SEL] tPrev=(  d=0.028403  dMin=0.000000  dAvg=0.028401  dMax=0.396202  Dlo=0.014201  Dhi=0.212302  err=0.000000  inc=0.079294  bucket 5->5  (mf=510)
[MF-SEL] tPrev=(  d=0.027229  dMin=0.000000  dAvg=0.028399  dMax=0.396202  Dlo=0.014199  Dhi=0.212300  err=0.000000  inc=0.079294  bucket 5->5  (mf=510)
[MF-SEL] tPrev=(  d=0.025742  dMin=0.000000  dAvg=0.028392  dMax=0.396202  Dlo=0.014196  Dhi=0.212297  err=0.000000  inc=0.079294  bucket 5->5  (mf=510)
[MF-SEL] tPrev=(  d=0.024762  dMin=0.000000  dAvg=0.028383  dMax=0.396202  Dlo=0.014192  Dhi=0.212292  err=0.000000  inc=0.079294  bucket 5->5  (mf=510)
[MF-SEL] tPrev=(  d=0.023918  dMin=0.000000  dAvg=0.028372  dMax=0.396202  Dlo=0.014186  Dhi=0.212287  err=0.000000  inc=0.079294  bucket 5->5  (mf=510)
[MF-SEL] tPrev=(  d=0.023072  dMin=0.000000  dAvg=0.028359  dMax=0.396202  Dlo=0.014180  Dhi=0.212280  err=0.000000  inc=0.079294  bucket 5->5  (mf=510)
[MF-SEL] tPrev=(  d=0.022743  dMin=0.000000  dAvg=0.028346  dMax=0.396202  Dlo=0.014173  Dhi=0.212274  err=0.000000  inc=0.079294  bucket 5->5  (mf=510)
[MF-SEL] tPrev=(  d=0.021544  dMin=0.000000  dAvg=0.028329  dMax=0.396202  Dlo=0.014165  Dhi=0.212265  err=0.000000  inc=0.079294  bucket 5->5  (mf=510)
[MF-SEL] tPrev=(  d=0.028865  dMin=0.000000  dAvg=0.028331  dMax=0.396202  Dlo=0.014165  Dhi=0.212266  err=0.000000  inc=0.079294  bucket 5->5  (mf=510)
[MF-SEL] tPrev=(  d=0.020584  dMin=0.000000  dAvg=0.028312  dMax=0.396202  Dlo=0.014156  Dhi=0.212257  err=0.000000  inc=0.079294  bucket 5->5  (mf=510)
[MF-SEL] tPrev=(  d=0.020958  dMin=0.000000  dAvg=0.028294  dMax=0.396202  Dlo=0.014147  Dhi=0.212248  err=0.000000  inc=0.079294  bucket 5->5  (mf=510)
[MF-SEL] tPrev=(  d=0.021708  dMin=0.000000  dAvg=0.028278  dMax=0.396202  Dlo=0.014139  Dhi=0.212240  err=0.000000  inc=0.079294  bucket 5->5  (mf=510)
[MF-SEL] tPrev=(  d=0.022577  dMin=0.000000  dAvg=0.028265  dMax=0.396202  Dlo=0.014132  Dhi=0.212233  err=0.000000  inc=0.079294  bucket 5->5  (mf=510)
[MF-SEL] tPrev=(  d=0.024634  dMin=0.000000  dAvg=0.028256  dMax=0.396202  Dlo=0.014128  Dhi=0.212229  err=0.000000  inc=0.079294  bucket 5->5  (mf=510)
[MF-SEL] tPrev=(  d=0.023963  dMin=0.000000  dAvg=0.028246  dMax=0.396202  Dlo=0.014123  Dhi=0.212224  err=0.000000  inc=0.079294  bucket 5->5  (mf=510)
[MF-SEL] tPrev=(  d=0.024273  dMin=0.000000  dAvg=0.028237  dMax=0.396202  Dlo=0.014118  Dhi=0.212219  err=0.000000  inc=0.079294  bucket 5->5  (mf=510)
[MF-SEL] tPrev=(  d=0.024746  dMin=0.000000  dAvg=0.028228  dMax=0.396202  Dlo=0.014114  Dhi=0.212215  err=0.000000  inc=0.079294  bucket 5->5  (mf=510)
[MF-SEL] tPrev=(  d=0.025330  dMin=0.000000  dAvg=0.028221  dMax=0.396202  Dlo=0.014111  Dhi=0.212211  err=0.000000  inc=0.079294  bucket 5->5  (mf=510)
[MF-SEL] tPrev=(  d=0.026002  dMin=0.000000  dAvg=0.028216  dMax=0.396202  Dlo=0.014108  Dhi=0.212209  err=0.000000  inc=0.079294  bucket 5->5  (mf=510)
[MF-SEL] tPrev=(  d=0.025494  dMin=0.000000  dAvg=0.028210  dMax=0.396202  Dlo=0.014105  Dhi=0.212206  err=0.000000  inc=0.079294  bucket 5->5  (mf=510)
[MF-SEL] tPrev=(  d=0.025280  dMin=0.000000  dAvg=0.028203  dMax=0.396202  Dlo=0.014101  Dhi=0.212202  err=0.000000  inc=0.079294  bucket 5->5  (mf=510)
[MF-SEL] tPrev=(  d=0.025085  dMin=0.000000  dAvg=0.028196  dMax=0.396202  Dlo=0.014098  Dhi=0.212199  err=0.000000  inc=0.079294  bucket 5->5  (mf=510)
[MF-SEL] tPrev=(  d=0.024728  dMin=0.000000  dAvg=0.028187  dMax=0.396202  Dlo=0.014094  Dhi=0.212195  err=0.000000  inc=0.079294  bucket 5->5  (mf=510)
[MF-SEL] tPrev=(  d=0.024248  dMin=0.000000  dAvg=0.028178  dMax=0.396202  Dlo=0.014089  Dhi=0.212190  err=0.000000  inc=0.079294  bucket 5->5  (mf=510)
[MF-SEL] tPrev=(  d=0.022966  dMin=0.000000  dAvg=0.028166  dMax=0.396202  Dlo=0.014083  Dhi=0.212184  err=0.000000  inc=0.079294  bucket 5->5  (mf=510)
[MF-SEL] tPrev=(  d=0.022209  dMin=0.000000  dAvg=0.028152  dMax=0.396202  Dlo=0.014076  Dhi=0.212177  err=0.000000  inc=0.079294  bucket 5->5  (mf=510)
[MF-SEL] tPrev=(  d=0.021685  dMin=0.000000  dAvg=0.028137  dMax=0.396202  Dlo=0.014069  Dhi=0.212169  err=0.000000  inc=0.079294  bucket 5->5  (mf=510)
[MF-SEL] tPrev=(  d=0.020229  dMin=0.000000  dAvg=0.028119  dMax=0.396202  Dlo=0.014060  Dhi=0.212160  err=0.000000  inc=0.079294  bucket 5->5  (mf=510)
[MF-SEL] tPrev=(  d=0.018868  dMin=0.000000  dAvg=0.028098  dMax=0.396202  Dlo=0.014049  Dhi=0.212150  err=0.000000  inc=0.079294  bucket 5->5  (mf=510)
[MF-SEL] tPrev=(  d=0.017902  dMin=0.000000  dAvg=0.028074  dMax=0.396202  Dlo=0.014037  Dhi=0.212138  err=0.000000  inc=0.079294  bucket 5->5  (mf=510)
[MF-SEL] tPrev=(  d=0.017120  dMin=0.000000  dAvg=0.028049  dMax=0.396202  Dlo=0.014025  Dhi=0.212125  err=0.000000  inc=0.079294  bucket 5->5  (mf=510)
[MF-SEL] tPrev=(  d=0.016665  dMin=0.000000  dAvg=0.028023  dMax=0.396202  Dlo=0.014012  Dhi=0.212112  err=0.000000  inc=0.079294  bucket 5->5  (mf=510)
[MF-SEL] tPrev=(  d=0.026343  dMin=0.000000  dAvg=0.028019  dMax=0.396202  Dlo=0.014010  Dhi=0.212110  err=0.000000  inc=0.079294  bucket 5->5  (mf=510)
[MF-SEL] tPrev=(  d=0.015750  dMin=0.000000  dAvg=0.027991  dMax=0.396202  Dlo=0.013996  Dhi=0.212096  err=0.000000  inc=0.079294  bucket 5->5  (mf=510)
[MF-SEL] tPrev=(  d=0.015623  dMin=0.000000  dAvg=0.027963  dMax=0.396202  Dlo=0.013982  Dhi=0.212082  err=0.000000  inc=0.079294  bucket 5->5  (mf=510)
start VIBA 2
[MF-SEL] tPrev=(  d=0.021318  dMin=0.000000  dAvg=0.027948  dMax=0.396202  Dlo=0.013974  Dhi=0.212075  err=0.000000  inc=0.079294  bucket 5->5  (mf=510)
[MF-SEL] tPrev=(  d=0.015747  dMin=0.000000  dAvg=0.027921  dMax=0.396202  Dlo=0.013960  Dhi=0.212061  err=0.000000  inc=0.079294  bucket 5->5  (mf=510)
[MF-SEL] tPrev=(  d=0.015860  dMin=0.000000  dAvg=0.027893  dMax=0.396202  Dlo=0.013947  Dhi=0.212047  err=0.000000  inc=0.079294  bucket 5->5  (mf=510)
end VIBA 2
[MF-SEL] tPrev=(  d=1.051355  dMin=0.000000  dAvg=0.030198  dMax=1.051355  Dlo=0.015099  Dhi=0.540777  err=1.000000  inc=1.031736  bucket 5->5  (mf=510)
[MF-SEL] tPrev=(  d=0.014327  dMin=0.000000  dAvg=0.030163  dMax=1.051355  Dlo=0.015081  Dhi=0.540759  err=-1.000000  inc=-1.094083  bucket 5->4  (mf=600)
[MF-SEL] tPrev=(  d=0.016694  dMin=0.000000  dAvg=0.030133  dMax=1.051355  Dlo=0.015066  Dhi=0.540744  err=0.000000  inc=0.366241  bucket 4->4  (mf=600)
[MF-SEL] tPrev=(  d=0.017014  dMin=0.000000  dAvg=0.030103  dMax=1.051355  Dlo=0.015052  Dhi=0.540729  err=0.000000  inc=0.078786  bucket 4->4  (mf=600)
[MF-SEL] tPrev=(  d=0.017646  dMin=0.000000  dAvg=0.030075  dMax=1.051355  Dlo=0.015038  Dhi=0.540715  err=0.000000  inc=0.078786  bucket 4->4  (mf=600)
[MF-SEL] tPrev=(  d=0.032399  dMin=0.000000  dAvg=0.030081  dMax=1.051355  Dlo=0.015040  Dhi=0.540718  err=0.000000  inc=0.078786  bucket 4->4  (mf=600)
[MF-SEL] tPrev=(  d=0.019175  dMin=0.000000  dAvg=0.030056  dMax=1.051355  Dlo=0.015028  Dhi=0.540705  err=0.000000  inc=0.078786  bucket 4->4  (mf=600)
[MF-SEL] tPrev=(  d=0.019931  dMin=0.000000  dAvg=0.030034  dMax=1.051355  Dlo=0.015017  Dhi=0.540694  err=0.000000  inc=0.078786  bucket 4->4  (mf=600)
[MF-SEL] tPrev=(  d=0.029923  dMin=0.000000  dAvg=0.030034  dMax=1.051355  Dlo=0.015017  Dhi=0.540694  err=0.000000  inc=0.078786  bucket 4->4  (mf=600)
[MF-SEL] tPrev=(  d=0.022424  dMin=0.000000  dAvg=0.030017  dMax=1.051355  Dlo=0.015008  Dhi=0.540686  err=0.000000  inc=0.078786  bucket 4->4  (mf=600)
[MF-SEL] tPrev=(  d=0.023248  dMin=0.000000  dAvg=0.030002  dMax=1.051355  Dlo=0.015001  Dhi=0.540678  err=0.000000  inc=0.078786  bucket 4->4  (mf=600)
[MF-SEL] tPrev=(  d=0.024421  dMin=0.000000  dAvg=0.029990  dMax=1.051355  Dlo=0.014995  Dhi=0.540672  err=0.000000  inc=0.078786  bucket 4->4  (mf=600)
[MF-SEL] tPrev=(  d=0.024865  dMin=0.000000  dAvg=0.029978  dMax=1.051355  Dlo=0.014989  Dhi=0.540667  err=0.000000  inc=0.078786  bucket 4->4  (mf=600)
[MF-SEL] tPrev=(  d=0.025710  dMin=0.000000  dAvg=0.029969  dMax=1.051355  Dlo=0.014985  Dhi=0.540662  err=0.000000  inc=0.078786  bucket 4->4  (mf=600)
[MF-SEL] tPrev=(  d=0.023165  dMin=0.000000  dAvg=0.029954  dMax=1.051355  Dlo=0.014977  Dhi=0.540654  err=0.000000  inc=0.078786  bucket 4->4  (mf=600)
[MF-SEL] tPrev=(  d=0.027990  dMin=0.000000  dAvg=0.029950  dMax=1.051355  Dlo=0.014975  Dhi=0.540652  err=0.000000  inc=0.078786  bucket 4->4  (mf=600)
[MF-SEL] tPrev=(  d=0.029821  dMin=0.000000  dAvg=0.029950  dMax=1.051355  Dlo=0.014975  Dhi=0.540652  err=0.000000  inc=0.078786  bucket 4->4  (mf=600)
[MF-SEL] tPrev=(  d=0.031697  dMin=0.000000  dAvg=0.029954  dMax=1.051355  Dlo=0.014977  Dhi=0.540654  err=0.000000  inc=0.078786  bucket 4->4  (mf=600)
[MF-SEL] tPrev=(  d=0.033608  dMin=0.000000  dAvg=0.029961  dMax=1.051355  Dlo=0.014981  Dhi=0.540658  err=0.000000  inc=0.078786  bucket 4->4  (mf=600)
[MF-SEL] tPrev=(  d=0.035886  dMin=0.000000  dAvg=0.029974  dMax=1.051355  Dlo=0.014987  Dhi=0.540664  err=0.000000  inc=0.078786  bucket 4->4  (mf=600)
[MF-SEL] tPrev=(  d=0.037890  dMin=0.000000  dAvg=0.029991  dMax=1.051355  Dlo=0.014996  Dhi=0.540673  err=0.000000  inc=0.078786  bucket 4->4  (mf=600)
[MF-SEL] tPrev=(  d=0.035992  dMin=0.000000  dAvg=0.030004  dMax=1.051355  Dlo=0.015002  Dhi=0.540679  err=0.000000  inc=0.078786  bucket 4->4  (mf=600)
[MF-SEL] tPrev=(  d=0.041748  dMin=0.000000  dAvg=0.030029  dMax=1.051355  Dlo=0.015015  Dhi=0.540692  err=0.000000  inc=0.078786  bucket 4->4  (mf=600)
[MF-SEL] tPrev=(  d=0.042305  dMin=0.000000  dAvg=0.030056  dMax=1.051355  Dlo=0.015028  Dhi=0.540705  err=0.000000  inc=0.078786  bucket 4->4  (mf=600)
[MF-SEL] tPrev=(  d=0.044771  dMin=0.000000  dAvg=0.030087  dMax=1.051355  Dlo=0.015044  Dhi=0.540721  err=0.000000  inc=0.078786  bucket 4->4  (mf=600)
[MF-SEL] tPrev=(  d=0.047081  dMin=0.000000  dAvg=0.030123  dMax=1.051355  Dlo=0.015062  Dhi=0.540739  err=0.000000  inc=0.078786  bucket 4->4  (mf=600)
[MF-SEL] tPrev=(  d=0.045910  dMin=0.000000  dAvg=0.030157  dMax=1.051355  Dlo=0.015078  Dhi=0.540756  err=0.000000  inc=0.078786  bucket 4->4  (mf=600)
[MF-SEL] tPrev=(  d=0.043881  dMin=0.000000  dAvg=0.030186  dMax=1.051355  Dlo=0.015093  Dhi=0.540770  err=0.000000  inc=0.078786  bucket 4->4  (mf=600)
[MF-SEL] tPrev=(  d=0.045392  dMin=0.000000  dAvg=0.030218  dMax=1.051355  Dlo=0.015109  Dhi=0.540786  err=0.000000  inc=0.078786  bucket 4->4  (mf=600)
[MF-SEL] tPrev=(  d=0.047179  dMin=0.000000  dAvg=0.030254  dMax=1.051355  Dlo=0.015127  Dhi=0.540804  err=0.000000  inc=0.078786  bucket 4->4  (mf=600)
[MF-SEL] tPrev=(  d=0.046803  dMin=0.000000  dAvg=0.030289  dMax=1.051355  Dlo=0.015145  Dhi=0.540822  err=0.000000  inc=0.078786  bucket 4->4  (mf=600)
[MF-SEL] tPrev=(  d=0.043781  dMin=0.000000  dAvg=0.030317  dMax=1.051355  Dlo=0.015159  Dhi=0.540836  err=0.000000  inc=0.078786  bucket 4->4  (mf=600)
[MF-SEL] tPrev=(  d=0.038259  dMin=0.000000  dAvg=0.030334  dMax=1.051355  Dlo=0.015167  Dhi=0.540844  err=0.000000  inc=0.078786  bucket 4->4  (mf=600)
[MF-SEL] tPrev=(  d=0.041963  dMin=0.000000  dAvg=0.030359  dMax=1.051355  Dlo=0.015179  Dhi=0.540857  err=0.000000  inc=0.078786  bucket 4->4  (mf=600)
[MF-SEL] tPrev=(  d=0.038589  dMin=0.000000  dAvg=0.030376  dMax=1.051355  Dlo=0.015188  Dhi=0.540865  err=0.000000  inc=0.078786  bucket 4->4  (mf=600)
[MF-SEL] tPrev=(  d=0.040807  dMin=0.000000  dAvg=0.030398  dMax=1.051355  Dlo=0.015199  Dhi=0.540876  err=0.000000  inc=0.078786  bucket 4->4  (mf=600)
[MF-SEL] tPrev=(  d=0.040034  dMin=0.000000  dAvg=0.030418  dMax=1.051355  Dlo=0.015209  Dhi=0.540886  err=0.000000  inc=0.078786  bucket 4->4  (mf=600)
[MF-SEL] tPrev=(  d=0.039363  dMin=0.000000  dAvg=0.030436  dMax=1.051355  Dlo=0.015218  Dhi=0.540895  err=0.000000  inc=0.078786  bucket 4->4  (mf=600)
[MF-SEL] tPrev=(  d=0.039046  dMin=0.000000  dAvg=0.030454  dMax=1.051355  Dlo=0.015227  Dhi=0.540904  err=0.000000  inc=0.078786  bucket 4->4  (mf=600)
[MF-SEL] tPrev=(  d=0.038329  dMin=0.000000  dAvg=0.030470  dMax=1.051355  Dlo=0.015235  Dhi=0.540912  err=0.000000  inc=0.078786  bucket 4->4  (mf=600)
[MF-SEL] tPrev=(  d=0.038351  dMin=0.000000  dAvg=0.030487  dMax=1.051355  Dlo=0.015243  Dhi=0.540921  err=0.000000  inc=0.078786  bucket 4->4  (mf=600)
[MF-SEL] tPrev=(  d=0.038767  dMin=0.000000  dAvg=0.030504  dMax=1.051355  Dlo=0.015252  Dhi=0.540929  err=0.000000  inc=0.078786  bucket 4->4  (mf=600)
[MF-SEL] tPrev=(  d=0.037557  dMin=0.000000  dAvg=0.030518  dMax=1.051355  Dlo=0.015259  Dhi=0.540936  err=0.000000  inc=0.078786  bucket 4->4  (mf=600)
[MF-SEL] tPrev=(  d=0.037285  dMin=0.000000  dAvg=0.030532  dMax=1.051355  Dlo=0.015266  Dhi=0.540943  err=0.000000  inc=0.078786  bucket 4->4  (mf=600)
[MF-SEL] tPrev=(  d=0.037350  dMin=0.000000  dAvg=0.030546  dMax=1.051355  Dlo=0.015273  Dhi=0.540950  err=0.000000  inc=0.078786  bucket 4->4  (mf=600)
[MF-SEL] tPrev=(  d=0.039341  dMin=0.000000  dAvg=0.030564  dMax=1.051355  Dlo=0.015282  Dhi=0.540959  err=0.000000  inc=0.078786  bucket 4->4  (mf=600)
[MF-SEL] tPrev=(  d=0.037331  dMin=0.000000  dAvg=0.030578  dMax=1.051355  Dlo=0.015289  Dhi=0.540966  err=0.000000  inc=0.078786  bucket 4->4  (mf=600)
[MF-SEL] tPrev=(  d=0.037449  dMin=0.000000  dAvg=0.030592  dMax=1.051355  Dlo=0.015296  Dhi=0.540973  err=0.000000  inc=0.078786  bucket 4->4  (mf=600)
[MF-SEL] tPrev=(  d=0.041970  dMin=0.000000  dAvg=0.030615  dMax=1.051355  Dlo=0.015308  Dhi=0.540985  err=0.000000  inc=0.078786  bucket 4->4  (mf=600)
[MF-SEL] tPrev=(  d=0.037510  dMin=0.000000  dAvg=0.030629  dMax=1.051355  Dlo=0.015315  Dhi=0.540992  err=0.000000  inc=0.078786  bucket 4->4  (mf=600)
[MF-SEL] tPrev=(  d=0.037675  dMin=0.000000  dAvg=0.030643  dMax=1.051355  Dlo=0.015322  Dhi=0.540999  err=0.000000  inc=0.078786  bucket 4->4  (mf=600)
[MF-SEL] tPrev=(  d=0.040230  dMin=0.000000  dAvg=0.030663  dMax=1.051355  Dlo=0.015331  Dhi=0.541009  err=0.000000  inc=0.078786  bucket 4->4  (mf=600)
[MF-SEL] tPrev=(  d=0.038256  dMin=0.000000  dAvg=0.030678  dMax=1.051355  Dlo=0.015339  Dhi=0.541016  err=0.000000  inc=0.078786  bucket 4->4  (mf=600)
[MF-SEL] tPrev=(  d=0.038301  dMin=0.000000  dAvg=0.030693  dMax=1.051355  Dlo=0.015347  Dhi=0.541024  err=0.000000  inc=0.078786  bucket 4->4  (mf=600)
[MF-SEL] tPrev=(  d=0.039352  dMin=0.000000  dAvg=0.030711  dMax=1.051355  Dlo=0.015355  Dhi=0.541033  err=0.000000  inc=0.078786  bucket 4->4  (mf=600)
[MF-SEL] tPrev=(  d=0.039364  dMin=0.000000  dAvg=0.030728  dMax=1.051355  Dlo=0.015364  Dhi=0.541041  err=0.000000  inc=0.078786  bucket 4->4  (mf=600)
[MF-SEL] tPrev=(  d=0.040452  dMin=0.000000  dAvg=0.030747  dMax=1.051355  Dlo=0.015374  Dhi=0.541051  err=0.000000  inc=0.078786  bucket 4->4  (mf=600)
[MF-SEL] tPrev=(  d=0.038907  dMin=0.000000  dAvg=0.030764  dMax=1.051355  Dlo=0.015382  Dhi=0.541059  err=0.000000  inc=0.078786  bucket 4->4  (mf=600)
[MF-SEL] tPrev=(  d=0.040553  dMin=0.000000  dAvg=0.030783  dMax=1.051355  Dlo=0.015392  Dhi=0.541069  err=0.000000  inc=0.078786  bucket 4->4  (mf=600)
[MF-SEL] tPrev=(  d=0.040470  dMin=0.000000  dAvg=0.030803  dMax=1.051355  Dlo=0.015401  Dhi=0.541079  err=0.000000  inc=0.078786  bucket 4->4  (mf=600)
[MF-SEL] tPrev=(  d=0.039771  dMin=0.000000  dAvg=0.030820  dMax=1.051355  Dlo=0.015410  Dhi=0.541087  err=0.000000  inc=0.078786  bucket 4->4  (mf=600)
[MF-SEL] tPrev=(  d=0.039406  dMin=0.000000  dAvg=0.030837  dMax=1.051355  Dlo=0.015419  Dhi=0.541096  err=0.000000  inc=0.078786  bucket 4->4  (mf=600)
[MF-SEL] tPrev=(  d=0.041425  dMin=0.000000  dAvg=0.030858  dMax=1.051355  Dlo=0.015429  Dhi=0.541106  err=0.000000  inc=0.078786  bucket 4->4  (mf=600)
[MF-SEL] tPrev=(  d=0.040873  dMin=0.000000  dAvg=0.030878  dMax=1.051355  Dlo=0.015439  Dhi=0.541116  err=0.000000  inc=0.078786  bucket 4->4  (mf=600)
[MF-SEL] tPrev=(  d=0.041781  dMin=0.000000  dAvg=0.030899  dMax=1.051355  Dlo=0.015450  Dhi=0.541127  err=0.000000  inc=0.078786  bucket 4->4  (mf=600)
[MF-SEL] tPrev=(  d=0.042854  dMin=0.000000  dAvg=0.030923  dMax=1.051355  Dlo=0.015461  Dhi=0.541139  err=0.000000  inc=0.078786  bucket 4->4  (mf=600)
[MF-SEL] tPrev=(  d=0.044164  dMin=0.000000  dAvg=0.030949  dMax=1.051355  Dlo=0.015474  Dhi=0.541152  err=0.000000  inc=0.078786  bucket 4->4  (mf=600)
[MF-SEL] tPrev=(  d=0.037530  dMin=0.000000  dAvg=0.030962  dMax=1.051355  Dlo=0.015481  Dhi=0.541158  err=0.000000  inc=0.078786  bucket 4->4  (mf=600)
[MF-SEL] tPrev=(  d=0.045034  dMin=0.000000  dAvg=0.030989  dMax=1.051355  Dlo=0.015495  Dhi=0.541172  err=0.000000  inc=0.078786  bucket 4->4  (mf=600)
[MF-SEL] tPrev=(  d=0.038772  dMin=0.000000  dAvg=0.031004  dMax=1.051355  Dlo=0.015502  Dhi=0.541179  err=0.000000  inc=0.078786  bucket 4->4  (mf=600)
[MF-SEL] tPrev=(  d=0.044354  dMin=0.000000  dAvg=0.031030  dMax=1.051355  Dlo=0.015515  Dhi=0.541192  err=0.000000  inc=0.078786  bucket 4->4  (mf=600)
[MF-SEL] tPrev=(  d=0.043799  dMin=0.000000  dAvg=0.031055  dMax=1.051355  Dlo=0.015528  Dhi=0.541205  err=0.000000  inc=0.078786  bucket 4->4  (mf=600)
[MF-SEL] tPrev=(  d=0.043465  dMin=0.000000  dAvg=0.031079  dMax=1.051355  Dlo=0.015540  Dhi=0.541217  err=0.000000  inc=0.078786  bucket 4->4  (mf=600)
[MF-SEL] tPrev=(  d=0.038306  dMin=0.000000  dAvg=0.031093  dMax=1.051355  Dlo=0.015547  Dhi=0.541224  err=0.000000  inc=0.078786  bucket 4->4  (mf=600)
[MF-SEL] tPrev=(  d=0.042125  dMin=0.000000  dAvg=0.031115  dMax=1.051355  Dlo=0.015557  Dhi=0.541235  err=0.000000  inc=0.078786  bucket 4->4  (mf=600)
[MF-SEL] tPrev=(  d=0.037488  dMin=0.000000  dAvg=0.031127  dMax=1.051355  Dlo=0.015563  Dhi=0.541241  err=0.000000  inc=0.078786  bucket 4->4  (mf=600)
[MF-SEL] tPrev=(  d=0.041257  dMin=0.000000  dAvg=0.031146  dMax=1.051355  Dlo=0.015573  Dhi=0.541250  err=0.000000  inc=0.078786  bucket 4->4  (mf=600)
[MF-SEL] tPrev=(  d=0.041006  dMin=0.000000  dAvg=0.031165  dMax=1.051355  Dlo=0.015583  Dhi=0.541260  err=0.000000  inc=0.078786  bucket 4->4  (mf=600)
[MF-SEL] tPrev=(  d=0.040807  dMin=0.000000  dAvg=0.031184  dMax=1.051355  Dlo=0.015592  Dhi=0.541269  err=0.000000  inc=0.078786  bucket 4->4  (mf=600)
[MF-SEL] tPrev=(  d=0.029363  dMin=0.000000  dAvg=0.031180  dMax=1.051355  Dlo=0.015590  Dhi=0.541267  err=0.000000  inc=0.078786  bucket 4->4  (mf=600)
[MF-SEL] tPrev=(  d=0.039766  dMin=0.000000  dAvg=0.031197  dMax=1.051355  Dlo=0.015598  Dhi=0.541276  err=0.000000  inc=0.078786  bucket 4->4  (mf=600)
[MF-SEL] tPrev=(  d=0.048412  dMin=0.000000  dAvg=0.031229  dMax=1.051355  Dlo=0.015615  Dhi=0.541292  err=0.000000  inc=0.078786  bucket 4->4  (mf=600)
[MF-SEL] tPrev=(  d=0.039059  dMin=0.000000  dAvg=0.031244  dMax=1.051355  Dlo=0.015622  Dhi=0.541299  err=0.000000  inc=0.078786  bucket 4->4  (mf=600)
[MF-SEL] tPrev=(  d=0.038060  dMin=0.000000  dAvg=0.031257  dMax=1.051355  Dlo=0.015629  Dhi=0.541306  err=0.000000  inc=0.078786  bucket 4->4  (mf=600)
[MF-SEL] tPrev=(  d=0.036828  dMin=0.000000  dAvg=0.031268  dMax=1.051355  Dlo=0.015634  Dhi=0.541311  err=0.000000  inc=0.078786  bucket 4->4  (mf=600)
[MF-SEL] tPrev=(  d=0.027484  dMin=0.000000  dAvg=0.031261  dMax=1.051355  Dlo=0.015630  Dhi=0.541308  err=0.000000  inc=0.078786  bucket 4->4  (mf=600)
[MF-SEL] tPrev=(  d=0.034781  dMin=0.000000  dAvg=0.031267  dMax=1.051355  Dlo=0.015634  Dhi=0.541311  err=0.000000  inc=0.078786  bucket 4->4  (mf=600)
[MF-SEL] tPrev=(  d=0.034321  dMin=0.000000  dAvg=0.031273  dMax=1.051355  Dlo=0.015636  Dhi=0.541314  err=0.000000  inc=0.078786  bucket 4->4  (mf=600)
[MF-SEL] tPrev=(  d=0.036729  dMin=0.000000  dAvg=0.031283  dMax=1.051355  Dlo=0.015642  Dhi=0.541319  err=0.000000  inc=0.078786  bucket 4->4  (mf=600)
[MF-SEL] tPrev=(  d=0.034455  dMin=0.000000  dAvg=0.031289  dMax=1.051355  Dlo=0.015645  Dhi=0.541322  err=0.000000  inc=0.078786  bucket 4->4  (mf=600)
[MF-SEL] tPrev=(  d=0.033624  dMin=0.000000  dAvg=0.031294  dMax=1.051355  Dlo=0.015647  Dhi=0.541324  err=0.000000  inc=0.078786  bucket 4->4  (mf=600)
[MF-SEL] tPrev=(  d=0.032746  dMin=0.000000  dAvg=0.031296  dMax=1.051355  Dlo=0.015648  Dhi=0.541325  err=0.000000  inc=0.078786  bucket 4->4  (mf=600)
[MF-SEL] tPrev=(  d=0.036145  dMin=0.000000  dAvg=0.031305  dMax=1.051355  Dlo=0.015653  Dhi=0.541330  err=0.000000  inc=0.078786  bucket 4->4  (mf=600)
[MF-SEL] tPrev=(  d=0.031215  dMin=0.000000  dAvg=0.031305  dMax=1.051355  Dlo=0.015653  Dhi=0.541330  err=0.000000  inc=0.078786  bucket 4->4  (mf=600)
[MF-SEL] tPrev=(  d=0.033462  dMin=0.000000  dAvg=0.031309  dMax=1.051355  Dlo=0.015655  Dhi=0.541332  err=0.000000  inc=0.078786  bucket 4->4  (mf=600)
[MF-SEL] tPrev=(  d=0.030582  dMin=0.000000  dAvg=0.031308  dMax=1.051355  Dlo=0.015654  Dhi=0.541331  err=0.000000  inc=0.078786  bucket 4->4  (mf=600)
[MF-SEL] tPrev=(  d=0.032836  dMin=0.000000  dAvg=0.031311  dMax=1.051355  Dlo=0.015655  Dhi=0.541333  err=0.000000  inc=0.078786  bucket 4->4  (mf=600)
[MF-SEL] tPrev=(  d=0.031125  dMin=0.000000  dAvg=0.031310  dMax=1.051355  Dlo=0.015655  Dhi=0.541332  err=0.000000  inc=0.078786  bucket 4->4  (mf=600)
[MF-SEL] tPrev=(  d=0.032620  dMin=0.000000  dAvg=0.031313  dMax=1.051355  Dlo=0.015656  Dhi=0.541334  err=0.000000  inc=0.078786  bucket 4->4  (mf=600)
[MF-SEL] tPrev=(  d=0.035098  dMin=0.000000  dAvg=0.031320  dMax=1.051355  Dlo=0.015660  Dhi=0.541337  err=0.000000  inc=0.078786  bucket 4->4  (mf=600)
[MF-SEL] tPrev=(  d=0.037470  dMin=0.000000  dAvg=0.031331  dMax=1.051355  Dlo=0.015665  Dhi=0.541343  err=0.000000  inc=0.078786  bucket 4->4  (mf=600)
[MF-SEL] tPrev=(  d=0.042167  dMin=0.000000  dAvg=0.031351  dMax=1.051355  Dlo=0.015675  Dhi=0.541353  err=0.000000  inc=0.078786  bucket 4->4  (mf=600)
[MF-SEL] tPrev=(  d=0.046050  dMin=0.000000  dAvg=0.031378  dMax=1.051355  Dlo=0.015689  Dhi=0.541366  err=0.000000  inc=0.078786  bucket 4->4  (mf=600)
[MF-SEL] tPrev=(  d=0.049595  dMin=0.000000  dAvg=0.031411  dMax=1.051355  Dlo=0.015706  Dhi=0.541383  err=0.000000  inc=0.078786  bucket 4->4  (mf=600)
[MF-SEL] tPrev=(  d=0.052672  dMin=0.000000  dAvg=0.031450  dMax=1.051355  Dlo=0.015725  Dhi=0.541402  err=0.000000  inc=0.078786  bucket 4->4  (mf=600)
[MF-SEL] tPrev=(  d=0.058950  dMin=0.000000  dAvg=0.031500  dMax=1.051355  Dlo=0.015750  Dhi=0.541427  err=0.000000  inc=0.078786  bucket 4->4  (mf=600)
[MF-SEL] tPrev=(  d=0.057965  dMin=0.000000  dAvg=0.031548  dMax=1.051355  Dlo=0.015774  Dhi=0.541451  err=0.000000  inc=0.078786  bucket 4->4  (mf=600)
[MF-SEL] tPrev=(  d=0.060234  dMin=0.000000  dAvg=0.031600  dMax=1.051355  Dlo=0.015800  Dhi=0.541477  err=0.000000  inc=0.078786  bucket 4->4  (mf=600)
[MF-SEL] tPrev=(  d=0.062624  dMin=0.000000  dAvg=0.031656  dMax=1.051355  Dlo=0.015828  Dhi=0.541505  err=0.000000  inc=0.078786  bucket 4->4  (mf=600)
[MF-SEL] tPrev=(  d=0.065325  dMin=0.000000  dAvg=0.031717  dMax=1.051355  Dlo=0.015859  Dhi=0.541536  err=0.000000  inc=0.078786  bucket 4->4  (mf=600)
[MF-SEL] tPrev=(  d=0.069935  dMin=0.000000  dAvg=0.031786  dMax=1.051355  Dlo=0.015893  Dhi=0.541570  err=0.000000  inc=0.078786  bucket 4->4  (mf=600)
[MF-SEL] tPrev=(  d=0.068995  dMin=0.000000  dAvg=0.031853  dMax=1.051355  Dlo=0.015927  Dhi=0.541604  err=0.000000  inc=0.078786  bucket 4->4  (mf=600)
[MF-SEL] tPrev=(  d=0.069716  dMin=0.000000  dAvg=0.031921  dMax=1.051355  Dlo=0.015961  Dhi=0.541638  err=0.000000  inc=0.078786  bucket 4->4  (mf=600)
[MF-SEL] tPrev=(  d=0.069914  dMin=0.000000  dAvg=0.031990  dMax=1.051355  Dlo=0.015995  Dhi=0.541672  err=0.000000  inc=0.078786  bucket 4->4  (mf=600)
[MF-SEL] tPrev=(  d=0.069553  dMin=0.000000  dAvg=0.032057  dMax=1.051355  Dlo=0.016028  Dhi=0.541706  err=0.000000  inc=0.078786  bucket 4->4  (mf=600)
[MF-SEL] tPrev=(  d=0.071680  dMin=0.000000  dAvg=0.032128  dMax=1.051355  Dlo=0.016064  Dhi=0.541741  err=0.000000  inc=0.078786  bucket 4->4  (mf=600)
[MF-SEL] tPrev=(  d=0.068751  dMin=0.000000  dAvg=0.032193  dMax=1.051355  Dlo=0.016097  Dhi=0.541774  err=0.000000  inc=0.078786  bucket 4->4  (mf=600)
[MF-SEL] tPrev=(  d=0.067821  dMin=0.000000  dAvg=0.032257  dMax=1.051355  Dlo=0.016128  Dhi=0.541806  err=0.000000  inc=0.078786  bucket 4->4  (mf=600)
[MF-SEL] tPrev=(  d=0.067019  dMin=0.000000  dAvg=0.032319  dMax=1.051355  Dlo=0.016159  Dhi=0.541837  err=0.000000  inc=0.078786  bucket 4->4  (mf=600)
[MF-SEL] tPrev=(  d=0.065897  dMin=0.000000  dAvg=0.032378  dMax=1.051355  Dlo=0.016189  Dhi=0.541866  err=0.000000  inc=0.078786  bucket 4->4  (mf=600)
[MF-SEL] tPrev=(  d=0.064314  dMin=0.000000  dAvg=0.032435  dMax=1.051355  Dlo=0.016217  Dhi=0.541895  err=0.000000  inc=0.078786  bucket 4->4  (mf=600)
[MF-SEL] tPrev=(  d=0.062328  dMin=0.000000  dAvg=0.032488  dMax=1.051355  Dlo=0.016244  Dhi=0.541921  err=0.000000  inc=0.078786  bucket 4->4  (mf=600)
[MF-SEL] tPrev=(  d=0.059496  dMin=0.000000  dAvg=0.032535  dMax=1.051355  Dlo=0.016268  Dhi=0.541945  err=0.000000  inc=0.078786  bucket 4->4  (mf=600)
[MF-SEL] tPrev=(  d=0.056072  dMin=0.000000  dAvg=0.032577  dMax=1.051355  Dlo=0.016288  Dhi=0.541966  err=0.000000  inc=0.078786  bucket 4->4  (mf=600)
[MF-SEL] tPrev=(  d=0.055219  dMin=0.000000  dAvg=0.032617  dMax=1.051355  Dlo=0.016308  Dhi=0.541986  err=0.000000  inc=0.078786  bucket 4->4  (mf=600)
[MF-SEL] tPrev=(  d=0.047566  dMin=0.000000  dAvg=0.032643  dMax=1.051355  Dlo=0.016322  Dhi=0.541999  err=0.000000  inc=0.078786  bucket 4->4  (mf=600)
[MF-SEL] tPrev=(  d=0.043393  dMin=0.000000  dAvg=0.032662  dMax=1.051355  Dlo=0.016331  Dhi=0.542008  err=0.000000  inc=0.078786  bucket 4->4  (mf=600)
[MF-SEL] tPrev=(  d=0.039284  dMin=0.000000  dAvg=0.032674  dMax=1.051355  Dlo=0.016337  Dhi=0.542014  err=0.000000  inc=0.078786  bucket 4->4  (mf=600)
[MF-SEL] tPrev=(  d=0.027993  dMin=0.000000  dAvg=0.032665  dMax=1.051355  Dlo=0.016333  Dhi=0.542010  err=0.000000  inc=0.078786  bucket 4->4  (mf=600)
[MF-SEL] tPrev=(  d=0.033182  dMin=0.000000  dAvg=0.032666  dMax=1.051355  Dlo=0.016333  Dhi=0.542010  err=0.000000  inc=0.078786  bucket 4->4  (mf=600)
[MF-SEL] tPrev=(  d=0.031987  dMin=0.000000  dAvg=0.032665  dMax=1.051355  Dlo=0.016333  Dhi=0.542010  err=0.000000  inc=0.078786  bucket 4->4  (mf=600)
[MF-SEL] tPrev=(  d=0.031554  dMin=0.000000  dAvg=0.032663  dMax=1.051355  Dlo=0.016332  Dhi=0.542009  err=0.000000  inc=0.078786  bucket 4->4  (mf=600)
[MF-SEL] tPrev=(  d=0.032010  dMin=0.000000  dAvg=0.032662  dMax=1.051355  Dlo=0.016331  Dhi=0.542008  err=0.000000  inc=0.078786  bucket 4->4  (mf=600)
[MF-SEL] tPrev=(  d=0.032679  dMin=0.000000  dAvg=0.032662  dMax=1.051355  Dlo=0.016331  Dhi=0.542008  err=0.000000  inc=0.078786  bucket 4->4  (mf=600)
[MF-SEL] tPrev=(  d=0.033704  dMin=0.000000  dAvg=0.032664  dMax=1.051355  Dlo=0.016332  Dhi=0.542009  err=0.000000  inc=0.078786  bucket 4->4  (mf=600)
[MF-SEL] tPrev=(  d=0.035416  dMin=0.000000  dAvg=0.032669  dMax=1.051355  Dlo=0.016334  Dhi=0.542012  err=0.000000  inc=0.078786  bucket 4->4  (mf=600)
[MF-SEL] tPrev=(  d=0.037174  dMin=0.000000  dAvg=0.032676  dMax=1.051355  Dlo=0.016338  Dhi=0.542015  err=0.000000  inc=0.078786  bucket 4->4  (mf=600)
[MF-SEL] tPrev=(  d=0.039421  dMin=0.000000  dAvg=0.032688  dMax=1.051355  Dlo=0.016344  Dhi=0.542021  err=0.000000  inc=0.078786  bucket 4->4  (mf=600)
[MF-SEL] tPrev=(  d=0.043827  dMin=0.000000  dAvg=0.032707  dMax=1.051355  Dlo=0.016354  Dhi=0.542031  err=0.000000  inc=0.078786  bucket 4->4  (mf=600)
[MF-SEL] tPrev=(  d=0.041054  dMin=0.000000  dAvg=0.032721  dMax=1.051355  Dlo=0.016361  Dhi=0.542038  err=0.000000  inc=0.078786  bucket 4->4  (mf=600)
[MF-SEL] tPrev=(  d=0.041364  dMin=0.000000  dAvg=0.032736  dMax=1.051355  Dlo=0.016368  Dhi=0.542045  err=0.000000  inc=0.078786  bucket 4->4  (mf=600)
[MF-SEL] tPrev=(  d=0.042144  dMin=0.000000  dAvg=0.032752  dMax=1.051355  Dlo=0.016376  Dhi=0.542053  err=0.000000  inc=0.078786  bucket 4->4  (mf=600)
[MF-SEL] tPrev=(  d=0.043011  dMin=0.000000  dAvg=0.032770  dMax=1.051355  Dlo=0.016385  Dhi=0.542062  err=0.000000  inc=0.078786  bucket 4->4  (mf=600)
[MF-SEL] tPrev=(  d=0.043880  dMin=0.000000  dAvg=0.032789  dMax=1.051355  Dlo=0.016394  Dhi=0.542072  err=0.000000  inc=0.078786  bucket 4->4  (mf=600)
[MF-SEL] tPrev=(  d=0.044910  dMin=0.000000  dAvg=0.032809  dMax=1.051355  Dlo=0.016405  Dhi=0.542082  err=0.000000  inc=0.078786  bucket 4->4  (mf=600)
[MF-SEL] tPrev=(  d=0.046207  dMin=0.000000  dAvg=0.032832  dMax=1.051355  Dlo=0.016416  Dhi=0.542093  err=0.000000  inc=0.078786  bucket 4->4  (mf=600)
[MF-SEL] tPrev=(  d=0.049968  dMin=0.000000  dAvg=0.032861  dMax=1.051355  Dlo=0.016431  Dhi=0.542108  err=0.000000  inc=0.078786  bucket 4->4  (mf=600)
[MF-SEL] tPrev=(  d=0.047609  dMin=0.000000  dAvg=0.032886  dMax=1.051355  Dlo=0.016443  Dhi=0.542120  err=0.000000  inc=0.078786  bucket 4->4  (mf=600)
[MF-SEL] tPrev=(  d=0.048604  dMin=0.000000  dAvg=0.032913  dMax=1.051355  Dlo=0.016456  Dhi=0.542134  err=0.000000  inc=0.078786  bucket 4->4  (mf=600)
[MF-SEL] tPrev=(  d=0.049509  dMin=0.000000  dAvg=0.032941  dMax=1.051355  Dlo=0.016470  Dhi=0.542148  err=0.000000  inc=0.078786  bucket 4->4  (mf=600)
[MF-SEL] tPrev=(  d=0.049972  dMin=0.000000  dAvg=0.032969  dMax=1.051355  Dlo=0.016485  Dhi=0.542162  err=0.000000  inc=0.078786  bucket 4->4  (mf=600)
[MF-SEL] tPrev=(  d=0.050367  dMin=0.000000  dAvg=0.032999  dMax=1.051355  Dlo=0.016499  Dhi=0.542177  err=0.000000  inc=0.078786  bucket 4->4  (mf=600)
[MF-SEL] tPrev=(  d=0.050945  dMin=0.000000  dAvg=0.033029  dMax=1.051355  Dlo=0.016514  Dhi=0.542192  err=0.000000  inc=0.078786  bucket 4->4  (mf=600)
[MF-SEL] tPrev=(  d=0.048886  dMin=0.000000  dAvg=0.033055  dMax=1.051355  Dlo=0.016528  Dhi=0.542205  err=0.000000  inc=0.078786  bucket 4->4  (mf=600)
[MF-SEL] tPrev=(  d=0.050713  dMin=0.000000  dAvg=0.033085  dMax=1.051355  Dlo=0.016542  Dhi=0.542220  err=0.000000  inc=0.078786  bucket 4->4  (mf=600)
[MF-SEL] tPrev=(  d=0.050883  dMin=0.000000  dAvg=0.033114  dMax=1.051355  Dlo=0.016557  Dhi=0.542234  err=0.000000  inc=0.078786  bucket 4->4  (mf=600)
[MF-SEL] tPrev=(  d=0.050749  dMin=0.000000  dAvg=0.033144  dMax=1.051355  Dlo=0.016572  Dhi=0.542249  err=0.000000  inc=0.078786  bucket 4->4  (mf=600)
[MF-SEL] tPrev=(  d=0.057066  dMin=0.000000  dAvg=0.033184  dMax=1.051355  Dlo=0.016592  Dhi=0.542269  err=0.000000  inc=0.078786  bucket 4->4  (mf=600)
[MF-SEL] tPrev=(  d=0.050448  dMin=0.000000  dAvg=0.033212  dMax=1.051355  Dlo=0.016606  Dhi=0.542283  err=0.000000  inc=0.078786  bucket 4->4  (mf=600)
[MF-SEL] tPrev=(  d=0.050250  dMin=0.000000  dAvg=0.033241  dMax=1.051355  Dlo=0.016620  Dhi=0.542298  err=0.000000  inc=0.078786  bucket 4->4  (mf=600)
[MF-SEL] tPrev=(  d=0.049429  dMin=0.000000  dAvg=0.033267  dMax=1.051355  Dlo=0.016634  Dhi=0.542311  err=0.000000  inc=0.078786  bucket 4->4  (mf=600)
[MF-SEL] tPrev=(  d=0.049441  dMin=0.000000  dAvg=0.033294  dMax=1.051355  Dlo=0.016647  Dhi=0.542324  err=0.000000  inc=0.078786  bucket 4->4  (mf=600)
[MF-SEL] tPrev=(  d=0.048800  dMin=0.000000  dAvg=0.033320  dMax=1.051355  Dlo=0.016660  Dhi=0.542337  err=0.000000  inc=0.078786  bucket 4->4  (mf=600)
[MF-SEL] tPrev=(  d=0.047088  dMin=0.000000  dAvg=0.033342  dMax=1.051355  Dlo=0.016671  Dhi=0.542348  err=0.000000  inc=0.078786  bucket 4->4  (mf=600)
[MF-SEL] tPrev=(  d=0.047314  dMin=0.000000  dAvg=0.033365  dMax=1.051355  Dlo=0.016683  Dhi=0.542360  err=0.000000  inc=0.078786  bucket 4->4  (mf=600)
[MF-SEL] tPrev=(  d=0.046683  dMin=0.000000  dAvg=0.033387  dMax=1.051355  Dlo=0.016694  Dhi=0.542371  err=0.000000  inc=0.078786  bucket 4->4  (mf=600)
[MF-SEL] tPrev=(  d=0.045896  dMin=0.000000  dAvg=0.033408  dMax=1.051355  Dlo=0.016704  Dhi=0.542381  err=0.000000  inc=0.078786  bucket 4->4  (mf=600)
[MF-SEL] tPrev=(  d=0.046493  dMin=0.000000  dAvg=0.033429  dMax=1.051355  Dlo=0.016715  Dhi=0.542392  err=0.000000  inc=0.078786  bucket 4->4  (mf=600)
[MF-SEL] tPrev=(  d=0.046456  dMin=0.000000  dAvg=0.033450  dMax=1.051355  Dlo=0.016725  Dhi=0.542402  err=0.000000  inc=0.078786  bucket 4->4  (mf=600)
[MF-SEL] tPrev=(  d=0.045977  dMin=0.000000  dAvg=0.033471  dMax=1.051355  Dlo=0.016735  Dhi=0.542413  err=0.000000  inc=0.078786  bucket 4->4  (mf=600)
[MF-SEL] tPrev=(  d=0.046832  dMin=0.000000  dAvg=0.033493  dMax=1.051355  Dlo=0.016746  Dhi=0.542424  err=0.000000  inc=0.078786  bucket 4->4  (mf=600)
[MF-SEL] tPrev=(  d=0.041262  dMin=0.000000  dAvg=0.033505  dMax=1.051355  Dlo=0.016753  Dhi=0.542430  err=0.000000  inc=0.078786  bucket 4->4  (mf=600)
[MF-SEL] tPrev=(  d=0.038261  dMin=0.000000  dAvg=0.033513  dMax=1.051355  Dlo=0.016757  Dhi=0.542434  err=0.000000  inc=0.078786  bucket 4->4  (mf=600)
[MF-SEL] tPrev=(  d=0.037191  dMin=0.000000  dAvg=0.033519  dMax=1.051355  Dlo=0.016759  Dhi=0.542437  err=0.000000  inc=0.078786  bucket 4->4  (mf=600)
[MF-SEL] tPrev=(  d=0.031304  dMin=0.000000  dAvg=0.033515  dMax=1.051355  Dlo=0.016758  Dhi=0.542435  err=0.000000  inc=0.078786  bucket 4->4  (mf=600)
[MF-SEL] tPrev=(  d=0.027794  dMin=0.000000  dAvg=0.033506  dMax=1.051355  Dlo=0.016753  Dhi=0.542430  err=0.000000  inc=0.078786  bucket 4->4  (mf=600)
[MF-SEL] tPrev=(  d=0.025149  dMin=0.000000  dAvg=0.033493  dMax=1.051355  Dlo=0.016746  Dhi=0.542424  err=0.000000  inc=0.078786  bucket 4->4  (mf=600)
[MF-SEL] tPrev=(  d=0.025814  dMin=0.000000  dAvg=0.033480  dMax=1.051355  Dlo=0.016740  Dhi=0.542417  err=0.000000  inc=0.078786  bucket 4->4  (mf=600)
[MF-SEL] tPrev=(  d=0.021586  dMin=0.000000  dAvg=0.033461  dMax=1.051355  Dlo=0.016731  Dhi=0.542408  err=0.000000  inc=0.078786  bucket 4->4  (mf=600)
[MF-SEL] tPrev=(  d=0.021458  dMin=0.000000  dAvg=0.033442  dMax=1.051355  Dlo=0.016721  Dhi=0.542398  err=0.000000  inc=0.078786  bucket 4->4  (mf=600)
[MF-SEL] tPrev=(  d=0.020536  dMin=0.000000  dAvg=0.033421  dMax=1.051355  Dlo=0.016711  Dhi=0.542388  err=0.000000  inc=0.078786  bucket 4->4  (mf=600)
[MF-SEL] tPrev=(  d=0.020519  dMin=0.000000  dAvg=0.033401  dMax=1.051355  Dlo=0.016700  Dhi=0.542378  err=0.000000  inc=0.078786  bucket 4->4  (mf=600)
[MF-SEL] tPrev=(  d=0.017772  dMin=0.000000  dAvg=0.033376  dMax=1.051355  Dlo=0.016688  Dhi=0.542365  err=0.000000  inc=0.078786  bucket 4->4  (mf=600)
[MF-SEL] tPrev=(  d=0.015788  dMin=0.000000  dAvg=0.033348  dMax=1.051355  Dlo=0.016674  Dhi=0.542351  err=-1.000000  inc=-0.899815  bucket 4->3  (mf=700)
[MF-SEL] tPrev=(  d=0.019271  dMin=0.000000  dAvg=0.033325  dMax=1.051355  Dlo=0.016663  Dhi=0.542340  err=0.000000  inc=0.380603  bucket 3->3  (mf=700)
[MF-SEL] tPrev=(  d=0.012831  dMin=0.000000  dAvg=0.033293  dMax=1.051355  Dlo=0.016646  Dhi=0.542324  err=-1.000000  inc=-0.847379  bucket 3->2  (mf=800)
[MF-SEL] tPrev=(  d=0.012859  dMin=0.000000  dAvg=0.033260  dMax=1.051355  Dlo=0.016630  Dhi=0.542307  err=-1.000000  inc=-0.527847  bucket 2->1  (mf=900)
[MF-SEL] tPrev=(  d=0.021426  dMin=0.000000  dAvg=0.033241  dMax=1.051355  Dlo=0.016621  Dhi=0.542298  err=0.000000  inc=0.415430  bucket 1->1  (mf=900)
[MF-SEL] tPrev=(  d=0.015559  dMin=0.000000  dAvg=0.033213  dMax=1.051355  Dlo=0.016607  Dhi=0.542284  err=-1.000000  inc=-0.879875  bucket 1->0  (mf=1000)
[MF-SEL] tPrev=(  d=0.017514  dMin=0.000000  dAvg=0.033189  dMax=1.051355  Dlo=0.016594  Dhi=0.542272  err=0.000000  inc=0.374076  bucket 0->0  (mf=1000)
[MF-SEL] tPrev=(  d=0.027990  dMin=0.000000  dAvg=0.033180  dMax=1.051355  Dlo=0.016590  Dhi=0.542267  err=0.000000  inc=0.069865  bucket 0->0  (mf=1000)
[MF-SEL] tPrev=(  d=0.019823  dMin=0.000000  dAvg=0.033159  dMax=1.051355  Dlo=0.016580  Dhi=0.542257  err=0.000000  inc=0.069865  bucket 0->0  (mf=1000)
[MF-SEL] tPrev=(  d=0.022167  dMin=0.000000  dAvg=0.033142  dMax=1.051355  Dlo=0.016571  Dhi=0.542248  err=0.000000  inc=0.069865  bucket 0->0  (mf=1000)
[MF-SEL] tPrev=(  d=0.023560  dMin=0.000000  dAvg=0.033127  dMax=1.051355  Dlo=0.016564  Dhi=0.542241  err=0.000000  inc=0.069865  bucket 0->0  (mf=1000)
[MF-SEL] tPrev=(  d=0.028372  dMin=0.000000  dAvg=0.033120  dMax=1.051355  Dlo=0.016560  Dhi=0.542237  err=0.000000  inc=0.069865  bucket 0->0  (mf=1000)
[MF-SEL] tPrev=(  d=0.028626  dMin=0.000000  dAvg=0.033113  dMax=1.051355  Dlo=0.016556  Dhi=0.542234  err=0.000000  inc=0.069865  bucket 0->0  (mf=1000)
[MF-SEL] tPrev=(  d=0.034573  dMin=0.000000  dAvg=0.033115  dMax=1.051355  Dlo=0.016557  Dhi=0.542235  err=0.000000  inc=0.069865  bucket 0->0  (mf=1000)
[MF-SEL] tPrev=(  d=0.042433  dMin=0.000000  dAvg=0.033129  dMax=1.051355  Dlo=0.016565  Dhi=0.542242  err=0.000000  inc=0.069865  bucket 0->0  (mf=1000)
[MF-SEL] tPrev=(  d=0.039911  dMin=0.000000  dAvg=0.033140  dMax=1.051355  Dlo=0.016570  Dhi=0.542247  err=0.000000  inc=0.069865  bucket 0->0  (mf=1000)
[MF-SEL] tPrev=(  d=0.039521  dMin=0.000000  dAvg=0.033150  dMax=1.051355  Dlo=0.016575  Dhi=0.542252  err=0.000000  inc=0.069865  bucket 0->0  (mf=1000)
[MF-SEL] tPrev=(  d=0.041346  dMin=0.000000  dAvg=0.033163  dMax=1.051355  Dlo=0.016581  Dhi=0.542259  err=0.000000  inc=0.069865  bucket 0->0  (mf=1000)
[MF-SEL] tPrev=(  d=0.040946  dMin=0.000000  dAvg=0.033175  dMax=1.051355  Dlo=0.016587  Dhi=0.542265  err=0.000000  inc=0.069865  bucket 0->0  (mf=1000)
[MF-SEL] tPrev=(  d=0.040671  dMin=0.000000  dAvg=0.033186  dMax=1.051355  Dlo=0.016593  Dhi=0.542270  err=0.000000  inc=0.069865  bucket 0->0  (mf=1000)
[MF-SEL] tPrev=(  d=0.039628  dMin=0.000000  dAvg=0.033196  dMax=1.051355  Dlo=0.016598  Dhi=0.542275  err=0.000000  inc=0.069865  bucket 0->0  (mf=1000)
[MF-SEL] tPrev=(  d=0.038675  dMin=0.000000  dAvg=0.033205  dMax=1.051355  Dlo=0.016602  Dhi=0.542280  err=0.000000  inc=0.069865  bucket 0->0  (mf=1000)
[MF-SEL] tPrev=(  d=0.036710  dMin=0.000000  dAvg=0.033210  dMax=1.051355  Dlo=0.016605  Dhi=0.542282  err=0.000000  inc=0.069865  bucket 0->0  (mf=1000)
[MF-SEL] tPrev=(  d=0.037531  dMin=0.000000  dAvg=0.033217  dMax=1.051355  Dlo=0.016608  Dhi=0.542286  err=0.000000  inc=0.069865  bucket 0->0  (mf=1000)
[MF-SEL] tPrev=(  d=0.033090  dMin=0.000000  dAvg=0.033217  dMax=1.051355  Dlo=0.016608  Dhi=0.542286  err=0.000000  inc=0.069865  bucket 0->0  (mf=1000)
[MF-SEL] tPrev=(  d=0.031301  dMin=0.000000  dAvg=0.033214  dMax=1.051355  Dlo=0.016607  Dhi=0.542284  err=0.000000  inc=0.069865  bucket 0->0  (mf=1000)
[MF-SEL] tPrev=(  d=0.029019  dMin=0.000000  dAvg=0.033207  dMax=1.051355  Dlo=0.016604  Dhi=0.542281  err=0.000000  inc=0.069865  bucket 0->0  (mf=1000)
[MF-SEL] tPrev=(  d=0.026497  dMin=0.000000  dAvg=0.033197  dMax=1.051355  Dlo=0.016598  Dhi=0.542276  err=0.000000  inc=0.069865  bucket 0->0  (mf=1000)
[MF-SEL] tPrev=(  d=0.018553  dMin=0.000000  dAvg=0.033175  dMax=1.051355  Dlo=0.016587  Dhi=0.542265  err=0.000000  inc=0.069865  bucket 0->0  (mf=1000)
[MF-SEL] tPrev=(  d=0.020603  dMin=0.000000  dAvg=0.033155  dMax=1.051355  Dlo=0.016578  Dhi=0.542255  err=0.000000  inc=0.069865  bucket 0->0  (mf=1000)
[MF-SEL] tPrev=(  d=0.016546  dMin=0.000000  dAvg=0.033130  dMax=1.051355  Dlo=0.016565  Dhi=0.542242  err=-1.000000  inc=-0.880996  bucket 0->0  (mf=1000)
[MF-SEL] tPrev=(  d=0.012707  dMin=0.000000  dAvg=0.033099  dMax=1.051355  Dlo=0.016550  Dhi=0.542227  err=-1.000000  inc=-0.534846  bucket 0->0  (mf=1000)
[MF-SEL] tPrev=(  d=0.010512  dMin=0.000000  dAvg=0.033065  dMax=1.051355  Dlo=0.016532  Dhi=0.542210  err=-1.000000  inc=-0.537132  bucket 0->0  (mf=1000)
[MF-SEL] tPrev=(  d=0.010395  dMin=0.000000  dAvg=0.033030  dMax=1.051355  Dlo=0.016515  Dhi=0.542192  err=-1.000000  inc=-0.539543  bucket 0->0  (mf=1000)
[MF-SEL] tPrev=(  d=0.011950  dMin=0.000000  dAvg=0.032999  dMax=1.051355  Dlo=0.016499  Dhi=0.542177  err=-1.000000  inc=-0.541871  bucket 0->0  (mf=1000)
[MF-SEL] tPrev=(  d=0.013840  dMin=0.000000  dAvg=0.032970  dMax=1.051355  Dlo=0.016485  Dhi=0.542162  err=-1.000000  inc=-0.544248  bucket 0->0  (mf=1000)
[MF-SEL] tPrev=(  d=0.016874  dMin=0.000000  dAvg=0.032945  dMax=1.051355  Dlo=0.016473  Dhi=0.542150  err=0.000000  inc=0.404303  bucket 0->0  (mf=1000)
[MF-SEL] tPrev=(  d=0.019600  dMin=0.000000  dAvg=0.032925  dMax=1.051355  Dlo=0.016463  Dhi=0.542140  err=0.000000  inc=0.055752  bucket 0->0  (mf=1000)
[MF-SEL] tPrev=(  d=0.022786  dMin=0.000000  dAvg=0.032910  dMax=1.051355  Dlo=0.016455  Dhi=0.542132  err=0.000000  inc=0.055752  bucket 0->0  (mf=1000)
[MF-SEL] tPrev=(  d=0.023765  dMin=0.000000  dAvg=0.032896  dMax=1.051355  Dlo=0.016448  Dhi=0.542125  err=0.000000  inc=0.055752  bucket 0->0  (mf=1000)
[MF-SEL] tPrev=(  d=0.024288  dMin=0.000000  dAvg=0.032883  dMax=1.051355  Dlo=0.016442  Dhi=0.542119  err=0.000000  inc=0.055752  bucket 0->0  (mf=1000)
[MF-SEL] tPrev=(  d=0.024100  dMin=0.000000  dAvg=0.032870  dMax=1.051355  Dlo=0.016435  Dhi=0.542112  err=0.000000  inc=0.055752  bucket 0->0  (mf=1000)
[MF-SEL] tPrev=(  d=0.023237  dMin=0.000000  dAvg=0.032856  dMax=1.051355  Dlo=0.016428  Dhi=0.542105  err=0.000000  inc=0.055752  bucket 0->0  (mf=1000)
[MF-SEL] tPrev=(  d=0.021252  dMin=0.000000  dAvg=0.032838  dMax=1.051355  Dlo=0.016419  Dhi=0.542097  err=0.000000  inc=0.055752  bucket 0->0  (mf=1000)
[MF-SEL] tPrev=(  d=0.019451  dMin=0.000000  dAvg=0.032819  dMax=1.051355  Dlo=0.016409  Dhi=0.542087  err=0.000000  inc=0.055752  bucket 0->0  (mf=1000)
[MF-SEL] tPrev=(  d=0.018513  dMin=0.000000  dAvg=0.032797  dMax=1.051355  Dlo=0.016399  Dhi=0.542076  err=0.000000  inc=0.055752  bucket 0->0  (mf=1000)
[MF-SEL] tPrev=(  d=0.019558  dMin=0.000000  dAvg=0.032778  dMax=1.051355  Dlo=0.016389  Dhi=0.542066  err=0.000000  inc=0.055752  bucket 0->0  (mf=1000)
[MF-SEL] tPrev=(  d=0.022366  dMin=0.000000  dAvg=0.032762  dMax=1.051355  Dlo=0.016381  Dhi=0.542058  err=0.000000  inc=0.055752  bucket 0->0  (mf=1000)
[MF-SEL] tPrev=(  d=0.023782  dMin=0.000000  dAvg=0.032749  dMax=1.051355  Dlo=0.016374  Dhi=0.542052  err=0.000000  inc=0.055752  bucket 0->0  (mf=1000)
[MF-SEL] tPrev=(  d=0.029313  dMin=0.000000  dAvg=0.032744  dMax=1.051355  Dlo=0.016372  Dhi=0.542049  err=0.000000  inc=0.055752  bucket 0->0  (mf=1000)
[MF-SEL] tPrev=(  d=0.027901  dMin=0.000000  dAvg=0.032737  dMax=1.051355  Dlo=0.016368  Dhi=0.542046  err=0.000000  inc=0.055752  bucket 0->0  (mf=1000)
[MF-SEL] tPrev=(  d=0.029297  dMin=0.000000  dAvg=0.032732  dMax=1.051355  Dlo=0.016366  Dhi=0.542043  err=0.000000  inc=0.055752  bucket 0->0  (mf=1000)
[MF-SEL] tPrev=(  d=0.029800  dMin=0.000000  dAvg=0.032727  dMax=1.051355  Dlo=0.016364  Dhi=0.542041  err=0.000000  inc=0.055752  bucket 0->0  (mf=1000)
[MF-SEL] tPrev=(  d=0.030163  dMin=0.000000  dAvg=0.032723  dMax=1.051355  Dlo=0.016362  Dhi=0.542039  err=0.000000  inc=0.055752  bucket 0->0  (mf=1000)
[MF-SEL] tPrev=(  d=0.029619  dMin=0.000000  dAvg=0.032719  dMax=1.051355  Dlo=0.016359  Dhi=0.542037  err=0.000000  inc=0.055752  bucket 0->0  (mf=1000)
[MF-SEL] tPrev=(  d=0.028549  dMin=0.000000  dAvg=0.032713  dMax=1.051355  Dlo=0.016356  Dhi=0.542034  err=0.000000  inc=0.055752  bucket 0->0  (mf=1000)
[MF-SEL] tPrev=(  d=0.027795  dMin=0.000000  dAvg=0.032706  dMax=1.051355  Dlo=0.016353  Dhi=0.542030  err=0.000000  inc=0.055752  bucket 0->0  (mf=1000)
[MF-SEL] tPrev=(  d=0.026936  dMin=0.000000  dAvg=0.032697  dMax=1.051355  Dlo=0.016349  Dhi=0.542026  err=0.000000  inc=0.055752  bucket 0->0  (mf=1000)
[MF-SEL] tPrev=(  d=0.027293  dMin=0.000000  dAvg=0.032689  dMax=1.051355  Dlo=0.016345  Dhi=0.542022  err=0.000000  inc=0.055752  bucket 0->0  (mf=1000)
[MF-SEL] tPrev=(  d=0.025076  dMin=0.000000  dAvg=0.032678  dMax=1.051355  Dlo=0.016339  Dhi=0.542016  err=0.000000  inc=0.055752  bucket 0->0  (mf=1000)
[MF-SEL] tPrev=(  d=0.027223  dMin=0.000000  dAvg=0.032670  dMax=1.051355  Dlo=0.016335  Dhi=0.542012  err=0.000000  inc=0.055752  bucket 0->0  (mf=1000)
[MF-SEL] tPrev=(  d=0.027799  dMin=0.000000  dAvg=0.032663  dMax=1.051355  Dlo=0.016332  Dhi=0.542009  err=0.000000  inc=0.055752  bucket 0->0  (mf=1000)
[MF-SEL] tPrev=(  d=0.027951  dMin=0.000000  dAvg=0.032656  dMax=1.051355  Dlo=0.016328  Dhi=0.542005  err=0.000000  inc=0.055752  bucket 0->0  (mf=1000)
[MF-SEL] tPrev=(  d=0.029129  dMin=0.000000  dAvg=0.032651  dMax=1.051355  Dlo=0.016326  Dhi=0.542003  err=0.000000  inc=0.055752  bucket 0->0  (mf=1000)
[MF-SEL] tPrev=(  d=0.029887  dMin=0.000000  dAvg=0.032647  dMax=1.051355  Dlo=0.016324  Dhi=0.542001  err=0.000000  inc=0.055752  bucket 0->0  (mf=1000)
[MF-SEL] tPrev=(  d=0.029064  dMin=0.000000  dAvg=0.032642  dMax=1.051355  Dlo=0.016321  Dhi=0.541998  err=0.000000  inc=0.055752  bucket 0->0  (mf=1000)
[MF-SEL] tPrev=(  d=0.032092  dMin=0.000000  dAvg=0.032641  dMax=1.051355  Dlo=0.016321  Dhi=0.541998  err=0.000000  inc=0.055752  bucket 0->0  (mf=1000)
[MF-SEL] tPrev=(  d=0.028669  dMin=0.000000  dAvg=0.032635  dMax=1.051355  Dlo=0.016318  Dhi=0.541995  err=0.000000  inc=0.055752  bucket 0->0  (mf=1000)
[MF-SEL] tPrev=(  d=0.028026  dMin=0.000000  dAvg=0.032629  dMax=1.051355  Dlo=0.016314  Dhi=0.541992  err=0.000000  inc=0.055752  bucket 0->0  (mf=1000)
[MF-SEL] tPrev=(  d=0.027553  dMin=0.000000  dAvg=0.032622  dMax=1.051355  Dlo=0.016311  Dhi=0.541988  err=0.000000  inc=0.055752  bucket 0->0  (mf=1000)
[MF-SEL] tPrev=(  d=0.030354  dMin=0.000000  dAvg=0.032618  dMax=1.051355  Dlo=0.016309  Dhi=0.541986  err=0.000000  inc=0.055752  bucket 0->0  (mf=1000)
[MF-SEL] tPrev=(  d=0.027817  dMin=0.000000  dAvg=0.032611  dMax=1.051355  Dlo=0.016306  Dhi=0.541983  err=0.000000  inc=0.055752  bucket 0->0  (mf=1000)
[MF-SEL] tPrev=(  d=0.028779  dMin=0.000000  dAvg=0.032606  dMax=1.051355  Dlo=0.016303  Dhi=0.541980  err=0.000000  inc=0.055752  bucket 0->0  (mf=1000)
[MF-SEL] tPrev=(  d=0.033408  dMin=0.000000  dAvg=0.032607  dMax=1.051355  Dlo=0.016304  Dhi=0.541981  err=0.000000  inc=0.055752  bucket 0->0  (mf=1000)
[MF-SEL] tPrev=(  d=0.032543  dMin=0.000000  dAvg=0.032607  dMax=1.051355  Dlo=0.016303  Dhi=0.541981  err=0.000000  inc=0.055752  bucket 0->0  (mf=1000)
[MF-SEL] tPrev=(  d=0.037008  dMin=0.000000  dAvg=0.032613  dMax=1.051355  Dlo=0.016307  Dhi=0.541984  err=0.000000  inc=0.055752  bucket 0->0  (mf=1000)
[MF-SEL] tPrev=(  d=0.042861  dMin=0.000000  dAvg=0.032628  dMax=1.051355  Dlo=0.016314  Dhi=0.541991  err=0.000000  inc=0.055752  bucket 0->0  (mf=1000)
[MF-SEL] tPrev=(  d=0.041523  dMin=0.000000  dAvg=0.032640  dMax=1.051355  Dlo=0.016320  Dhi=0.541997  err=0.000000  inc=0.055752  bucket 0->0  (mf=1000)
[MF-SEL] tPrev=(  d=0.042806  dMin=0.000000  dAvg=0.032655  dMax=1.051355  Dlo=0.016327  Dhi=0.542005  err=0.000000  inc=0.055752  bucket 0->0  (mf=1000)
[MF-SEL] tPrev=(  d=0.041551  dMin=0.000000  dAvg=0.032667  dMax=1.051355  Dlo=0.016334  Dhi=0.542011  err=0.000000  inc=0.055752  bucket 0->0  (mf=1000)
[MF-SEL] tPrev=(  d=0.040146  dMin=0.000000  dAvg=0.032678  dMax=1.051355  Dlo=0.016339  Dhi=0.542016  err=0.000000  inc=0.055752  bucket 0->0  (mf=1000)
[MF-SEL] tPrev=(  d=0.037473  dMin=0.000000  dAvg=0.032685  dMax=1.051355  Dlo=0.016342  Dhi=0.542020  err=0.000000  inc=0.055752  bucket 0->0  (mf=1000)
[MF-SEL] tPrev=(  d=0.032457  dMin=0.000000  dAvg=0.032684  dMax=1.051355  Dlo=0.016342  Dhi=0.542020  err=0.000000  inc=0.055752  bucket 0->0  (mf=1000)
[MF-SEL] tPrev=(  d=0.034362  dMin=0.000000  dAvg=0.032687  dMax=1.051355  Dlo=0.016343  Dhi=0.542021  err=0.000000  inc=0.055752  bucket 0->0  (mf=1000)
[MF-SEL] tPrev=(  d=0.034098  dMin=0.000000  dAvg=0.032689  dMax=1.051355  Dlo=0.016344  Dhi=0.542022  err=0.000000  inc=0.055752  bucket 0->0  (mf=1000)
[MF-SEL] tPrev=(  d=0.032122  dMin=0.000000  dAvg=0.032688  dMax=1.051355  Dlo=0.016344  Dhi=0.542021  err=0.000000  inc=0.055752  bucket 0->0  (mf=1000)
[MF-SEL] tPrev=(  d=0.038789  dMin=0.000000  dAvg=0.032697  dMax=1.051355  Dlo=0.016348  Dhi=0.542026  err=0.000000  inc=0.055752  bucket 0->0  (mf=1000)
[MF-SEL] tPrev=(  d=0.041084  dMin=0.000000  dAvg=0.032708  dMax=1.051355  Dlo=0.016354  Dhi=0.542031  err=0.000000  inc=0.055752  bucket 0->0  (mf=1000)
[MF-SEL] tPrev=(  d=0.036047  dMin=0.000000  dAvg=0.032713  dMax=1.051355  Dlo=0.016357  Dhi=0.542034  err=0.000000  inc=0.055752  bucket 0->0  (mf=1000)
[MF-SEL] tPrev=(  d=0.044995  dMin=0.000000  dAvg=0.032730  dMax=1.051355  Dlo=0.016365  Dhi=0.542042  err=0.000000  inc=0.055752  bucket 0->0  (mf=1000)
[MF-SEL] tPrev=(  d=0.044703  dMin=0.000000  dAvg=0.032747  dMax=1.051355  Dlo=0.016373  Dhi=0.542051  err=0.000000  inc=0.055752  bucket 0->0  (mf=1000)
[MF-SEL] tPrev=(  d=0.041871  dMin=0.000000  dAvg=0.032760  dMax=1.051355  Dlo=0.016380  Dhi=0.542057  err=0.000000  inc=0.055752  bucket 0->0  (mf=1000)
[MF-SEL] tPrev=(  d=0.043154  dMin=0.000000  dAvg=0.032774  dMax=1.051355  Dlo=0.016387  Dhi=0.542064  err=0.000000  inc=0.055752  bucket 0->0  (mf=1000)
[MF-SEL] tPrev=(  d=0.042235  dMin=0.000000  dAvg=0.032787  dMax=1.051355  Dlo=0.016394  Dhi=0.542071  err=0.000000  inc=0.055752  bucket 0->0  (mf=1000)
[MF-SEL] tPrev=(  d=0.037937  dMin=0.000000  dAvg=0.032794  dMax=1.051355  Dlo=0.016397  Dhi=0.542074  err=0.000000  inc=0.055752  bucket 0->0  (mf=1000)
[MF-SEL] tPrev=(  d=0.039280  dMin=0.000000  dAvg=0.032803  dMax=1.051355  Dlo=0.016402  Dhi=0.542079  err=0.000000  inc=0.055752  bucket 0->0  (mf=1000)
[MF-SEL] tPrev=(  d=0.035641  dMin=0.000000  dAvg=0.032807  dMax=1.051355  Dlo=0.016404  Dhi=0.542081  err=0.000000  inc=0.055752  bucket 0->0  (mf=1000)
[MF-SEL] tPrev=(  d=0.029026  dMin=0.000000  dAvg=0.032802  dMax=1.051355  Dlo=0.016401  Dhi=0.542078  err=0.000000  inc=0.055752  bucket 0->0  (mf=1000)
[MF-SEL] tPrev=(  d=0.027162  dMin=0.000000  dAvg=0.032794  dMax=1.051355  Dlo=0.016397  Dhi=0.542074  err=0.000000  inc=0.055752  bucket 0->0  (mf=1000)
[MF-SEL] tPrev=(  d=0.022928  dMin=0.000000  dAvg=0.032781  dMax=1.051355  Dlo=0.016390  Dhi=0.542068  err=0.000000  inc=0.055752  bucket 0->0  (mf=1000)
[MF-SEL] tPrev=(  d=0.017887  dMin=0.000000  dAvg=0.032760  dMax=1.051355  Dlo=0.016380  Dhi=0.542057  err=0.000000  inc=0.055752  bucket 0->0  (mf=1000)
[MF-SEL] tPrev=(  d=0.015283  dMin=0.000000  dAvg=0.032736  dMax=1.051355  Dlo=0.016368  Dhi=0.542045  err=-1.000000  inc=-0.893724  bucket 0->0  (mf=1000)
[MF-SEL] tPrev=(  d=0.013812  dMin=0.000000  dAvg=0.032710  dMax=1.051355  Dlo=0.016355  Dhi=0.542032  err=-1.000000  inc=-0.549004  bucket 0->0  (mf=1000)
[MF-SEL] tPrev=(  d=0.011084  dMin=0.000000  dAvg=0.032681  dMax=1.051355  Dlo=0.016340  Dhi=0.542018  err=-1.000000  inc=-0.550901  bucket 0->0  (mf=1000)
[MF-SEL] tPrev=(  d=0.012904  dMin=0.000000  dAvg=0.032654  dMax=1.051355  Dlo=0.016327  Dhi=0.542004  err=-1.000000  inc=-0.553328  bucket 0->0  (mf=1000)
[MF-SEL] tPrev=(  d=0.014593  dMin=0.000000  dAvg=0.032629  dMax=1.051355  Dlo=0.016314  Dhi=0.541992  err=-1.000000  inc=-0.555604  bucket 0->0  (mf=1000)
[MF-SEL] tPrev=(  d=0.022891  dMin=0.000000  dAvg=0.032616  dMax=1.051355  Dlo=0.016308  Dhi=0.541985  err=0.000000  inc=0.385911  bucket 0->0  (mf=1000)
[MF-SEL] tPrev=(  d=0.019849  dMin=0.000000  dAvg=0.032598  dMax=1.051355  Dlo=0.016299  Dhi=0.541976  err=0.000000  inc=0.044396  bucket 0->0  (mf=1000)
Dropping frame 1403715923.284058
[MF-SEL] tPrev=(  d=0.049402  dMin=0.000000  dAvg=0.032621  dMax=1.051355  Dlo=0.016311  Dhi=0.541988  err=0.000000  inc=0.044396  bucket 0->0  (mf=1000)
[MF-SEL] tPrev=(  d=0.027108  dMin=0.000000  dAvg=0.032614  dMax=1.051355  Dlo=0.016307  Dhi=0.541984  err=0.000000  inc=0.044396  bucket 0->0  (mf=1000)
[MF-SEL] tPrev=(  d=0.024785  dMin=0.000000  dAvg=0.032603  dMax=1.051355  Dlo=0.016301  Dhi=0.541979  err=0.000000  inc=0.044396  bucket 0->0  (mf=1000)
[MF-SEL] tPrev=(  d=0.026802  dMin=0.000000  dAvg=0.032595  dMax=1.051355  Dlo=0.016298  Dhi=0.541975  err=0.000000  inc=0.044396  bucket 0->0  (mf=1000)
[MF-SEL] tPrev=(  d=0.019875  dMin=0.000000  dAvg=0.032578  dMax=1.051355  Dlo=0.016289  Dhi=0.541966  err=0.000000  inc=0.044396  bucket 0->0  (mf=1000)
[MF-SEL] tPrev=(  d=0.016151  dMin=0.000000  dAvg=0.032556  dMax=1.051355  Dlo=0.016278  Dhi=0.541955  err=-1.000000  inc=-0.940529  bucket 0->0  (mf=1000)
[MF-SEL] tPrev=(  d=0.012378  dMin=0.000000  dAvg=0.032528  dMax=1.051355  Dlo=0.016264  Dhi=0.541941  err=-1.000000  inc=-0.559868  bucket 0->0  (mf=1000)
[MF-SEL] tPrev=(  d=0.006682  dMin=0.000000  dAvg=0.032494  dMax=1.051355  Dlo=0.016247  Dhi=0.541924  err=-1.000000  inc=-0.562391  bucket 0->0  (mf=1000)
[MF-SEL] tPrev=(  d=0.006791  dMin=0.000000  dAvg=0.032459  dMax=1.051355  Dlo=0.016229  Dhi=0.541907  err=-1.000000  inc=-0.564597  bucket 0->0  (mf=1000)
[MF-SEL] tPrev=(  d=0.011089  dMin=0.000000  dAvg=0.032430  dMax=1.051355  Dlo=0.016215  Dhi=0.541892  err=-1.000000  inc=-0.566652  bucket 0->0  (mf=1000)
[MF-SEL] tPrev=(  d=0.015401  dMin=0.000000  dAvg=0.032407  dMax=1.051355  Dlo=0.016204  Dhi=0.541881  err=-1.000000  inc=-0.568941  bucket 0->0  (mf=1000)
[MF-SEL] tPrev=(  d=0.017032  dMin=0.000000  dAvg=0.032387  dMax=1.051355  Dlo=0.016193  Dhi=0.541871  err=0.000000  inc=0.389213  bucket 0->0  (mf=1000)
[MF-SEL] tPrev=(  d=0.021302  dMin=0.000000  dAvg=0.032372  dMax=1.051355  Dlo=0.016186  Dhi=0.541863  err=0.000000  inc=0.031059  bucket 0->0  (mf=1000)
[MF-SEL] tPrev=(  d=0.024904  dMin=0.000000  dAvg=0.032362  dMax=1.051355  Dlo=0.016181  Dhi=0.541858  err=0.000000  inc=0.031059  bucket 0->0  (mf=1000)
[MF-SEL] tPrev=(  d=0.027327  dMin=0.000000  dAvg=0.032355  dMax=1.051355  Dlo=0.016178  Dhi=0.541855  err=0.000000  inc=0.031059  bucket 0->0  (mf=1000)
[MF-SEL] tPrev=(  d=0.032145  dMin=0.000000  dAvg=0.032355  dMax=1.051355  Dlo=0.016177  Dhi=0.541855  err=0.000000  inc=0.031059  bucket 0->0  (mf=1000)
[MF-SEL] tPrev=(  d=0.034594  dMin=0.000000  dAvg=0.032358  dMax=1.051355  Dlo=0.016179  Dhi=0.541856  err=0.000000  inc=0.031059  bucket 0->0  (mf=1000)
[MF-SEL] tPrev=(  d=0.036278  dMin=0.000000  dAvg=0.032363  dMax=1.051355  Dlo=0.016182  Dhi=0.541859  err=0.000000  inc=0.031059  bucket 0->0  (mf=1000)
Dropping frame 1403715924.234058
[MF-SEL] tPrev=(  d=0.079111  dMin=0.000000  dAvg=0.032425  dMax=1.051355  Dlo=0.016213  Dhi=0.541890  err=0.000000  inc=0.031059  bucket 0->0  (mf=1000)
[MF-SEL] tPrev=(  d=0.046290  dMin=0.000000  dAvg=0.032444  dMax=1.051355  Dlo=0.016222  Dhi=0.541899  err=0.000000  inc=0.031059  bucket 0->0  (mf=1000)
[MF-SEL] tPrev=(  d=0.040410  dMin=0.000000  dAvg=0.032454  dMax=1.051355  Dlo=0.016227  Dhi=0.541904  err=0.000000  inc=0.031059  bucket 0->0  (mf=1000)
[MF-SEL] tPrev=(  d=0.040761  dMin=0.000000  dAvg=0.032465  dMax=1.051355  Dlo=0.016233  Dhi=0.541910  err=0.000000  inc=0.031059  bucket 0->0  (mf=1000)
[MF-SEL] tPrev=(  d=0.045834  dMin=0.000000  dAvg=0.032483  dMax=1.051355  Dlo=0.016241  Dhi=0.541919  err=0.000000  inc=0.031059  bucket 0->0  (mf=1000)
[MF-SEL] tPrev=(  d=0.041689  dMin=0.000000  dAvg=0.032495  dMax=1.051355  Dlo=0.016247  Dhi=0.541925  err=0.000000  inc=0.031059  bucket 0->0  (mf=1000)
[MF-SEL] tPrev=(  d=0.041088  dMin=0.000000  dAvg=0.032506  dMax=1.051355  Dlo=0.016253  Dhi=0.541930  err=0.000000  inc=0.031059  bucket 0->0  (mf=1000)
[MF-SEL] tPrev=(  d=0.034466  dMin=0.000000  dAvg=0.032509  dMax=1.051355  Dlo=0.016254  Dhi=0.541932  err=0.000000  inc=0.031059  bucket 0->0  (mf=1000)
[MF-SEL] tPrev=(  d=0.039705  dMin=0.000000  dAvg=0.032518  dMax=1.051355  Dlo=0.016259  Dhi=0.541936  err=0.000000  inc=0.031059  bucket 0->0  (mf=1000)
[MF-SEL] tPrev=(  d=0.039677  dMin=0.000000  dAvg=0.032528  dMax=1.051355  Dlo=0.016264  Dhi=0.541941  err=0.000000  inc=0.031059  bucket 0->0  (mf=1000)
[MF-SEL] tPrev=(  d=0.038218  dMin=0.000000  dAvg=0.032535  dMax=1.051355  Dlo=0.016268  Dhi=0.541945  err=0.000000  inc=0.031059  bucket 0->0  (mf=1000)
[MF-SEL] tPrev=(  d=0.039992  dMin=0.000000  dAvg=0.032545  dMax=1.051355  Dlo=0.016272  Dhi=0.541950  err=0.000000  inc=0.031059  bucket 0->0  (mf=1000)
[MF-SEL] tPrev=(  d=0.040814  dMin=0.000000  dAvg=0.032556  dMax=1.051355  Dlo=0.016278  Dhi=0.541955  err=0.000000  inc=0.031059  bucket 0->0  (mf=1000)
[MF-SEL] tPrev=(  d=0.042340  dMin=0.000000  dAvg=0.032569  dMax=1.051355  Dlo=0.016284  Dhi=0.541962  err=0.000000  inc=0.031059  bucket 0->0  (mf=1000)
[MF-SEL] tPrev=(  d=0.043261  dMin=0.000000  dAvg=0.032582  dMax=1.051355  Dlo=0.016291  Dhi=0.541968  err=0.000000  inc=0.031059  bucket 0->0  (mf=1000)
[MF-SEL] tPrev=(  d=0.043823  dMin=0.000000  dAvg=0.032597  dMax=1.051355  Dlo=0.016299  Dhi=0.541976  err=0.000000  inc=0.031059  bucket 0->0  (mf=1000)
[MF-SEL] tPrev=(  d=0.044501  dMin=0.000000  dAvg=0.032613  dMax=1.051355  Dlo=0.016306  Dhi=0.541984  err=0.000000  inc=0.031059  bucket 0->0  (mf=1000)
[MF-SEL] tPrev=(  d=0.043601  dMin=0.000000  dAvg=0.032627  dMax=1.051355  Dlo=0.016313  Dhi=0.541991  err=0.000000  inc=0.031059  bucket 0->0  (mf=1000)
[MF-SEL] tPrev=(  d=0.043795  dMin=0.000000  dAvg=0.032641  dMax=1.051355  Dlo=0.016321  Dhi=0.541998  err=0.000000  inc=0.031059  bucket 0->0  (mf=1000)
[MF-SEL] tPrev=(  d=0.042372  dMin=0.000000  dAvg=0.032654  dMax=1.051355  Dlo=0.016327  Dhi=0.542004  err=0.000000  inc=0.031059  bucket 0->0  (mf=1000)
[MF-SEL] tPrev=(  d=0.044048  dMin=0.000000  dAvg=0.032669  dMax=1.051355  Dlo=0.016334  Dhi=0.542012  err=0.000000  inc=0.031059  bucket 0->0  (mf=1000)
[MF-SEL] tPrev=(  d=0.044869  dMin=0.000000  dAvg=0.032684  dMax=1.051355  Dlo=0.016342  Dhi=0.542019  err=0.000000  inc=0.031059  bucket 0->0  (mf=1000)
[MF-SEL] tPrev=(  d=0.044962  dMin=0.000000  dAvg=0.032700  dMax=1.051355  Dlo=0.016350  Dhi=0.542027  err=0.000000  inc=0.031059  bucket 0->0  (mf=1000)
[MF-SEL] tPrev=(  d=0.047250  dMin=0.000000  dAvg=0.032719  dMax=1.051355  Dlo=0.016360  Dhi=0.542037  err=0.000000  inc=0.031059  bucket 0->0  (mf=1000)
[MF-SEL] tPrev=(  d=0.048708  dMin=0.000000  dAvg=0.032740  dMax=1.051355  Dlo=0.016370  Dhi=0.542047  err=0.000000  inc=0.031059  bucket 0->0  (mf=1000)
[MF-SEL] tPrev=(  d=0.051523  dMin=0.000000  dAvg=0.032764  dMax=1.051355  Dlo=0.016382  Dhi=0.542059  err=0.000000  inc=0.031059  bucket 0->0  (mf=1000)
[MF-SEL] tPrev=(  d=0.052259  dMin=0.000000  dAvg=0.032789  dMax=1.051355  Dlo=0.016394  Dhi=0.542072  err=0.000000  inc=0.031059  bucket 0->0  (mf=1000)
[MF-SEL] tPrev=(  d=0.053961  dMin=0.000000  dAvg=0.032816  dMax=1.051355  Dlo=0.016408  Dhi=0.542085  err=0.000000  inc=0.031059  bucket 0->0  (mf=1000)
[MF-SEL] tPrev=(  d=0.046576  dMin=0.000000  dAvg=0.032834  dMax=1.051355  Dlo=0.016417  Dhi=0.542094  err=0.000000  inc=0.031059  bucket 0->0  (mf=1000)
[MF-SEL] tPrev=(  d=0.056493  dMin=0.000000  dAvg=0.032864  dMax=1.051355  Dlo=0.016432  Dhi=0.542109  err=0.000000  inc=0.031059  bucket 0->0  (mf=1000)
[MF-SEL] tPrev=(  d=0.057899  dMin=0.000000  dAvg=0.032896  dMax=1.051355  Dlo=0.016448  Dhi=0.542125  err=0.000000  inc=0.031059  bucket 0->0  (mf=1000)
[MF-SEL] tPrev=(  d=0.059864  dMin=0.000000  dAvg=0.032930  dMax=1.051355  Dlo=0.016465  Dhi=0.542142  err=0.000000  inc=0.031059  bucket 0->0  (mf=1000)
[MF-SEL] tPrev=(  d=0.060881  dMin=0.000000  dAvg=0.032966  dMax=1.051355  Dlo=0.016483  Dhi=0.542160  err=0.000000  inc=0.031059  bucket 0->0  (mf=1000)
[MF-SEL] tPrev=(  d=0.062358  dMin=0.000000  dAvg=0.033003  dMax=1.051355  Dlo=0.016502  Dhi=0.542179  err=0.000000  inc=0.031059  bucket 0->0  (mf=1000)
[MF-SEL] tPrev=(  d=0.058880  dMin=0.000000  dAvg=0.033036  dMax=1.051355  Dlo=0.016518  Dhi=0.542195  err=0.000000  inc=0.031059  bucket 0->0  (mf=1000)
[MF-SEL] tPrev=(  d=0.064349  dMin=0.000000  dAvg=0.033076  dMax=1.051355  Dlo=0.016538  Dhi=0.542215  err=0.000000  inc=0.031059  bucket 0->0  (mf=1000)
[MF-SEL] tPrev=(  d=0.065364  dMin=0.000000  dAvg=0.033117  dMax=1.051355  Dlo=0.016558  Dhi=0.542236  err=0.000000  inc=0.031059  bucket 0->0  (mf=1000)
[MF-SEL] tPrev=(  d=0.068143  dMin=0.000000  dAvg=0.033161  dMax=1.051355  Dlo=0.016581  Dhi=0.542258  err=0.000000  inc=0.031059  bucket 0->0  (mf=1000)
[MF-SEL] tPrev=(  d=0.067645  dMin=0.000000  dAvg=0.033205  dMax=1.051355  Dlo=0.016602  Dhi=0.542280  err=0.000000  inc=0.031059  bucket 0->0  (mf=1000)
[MF-SEL] tPrev=(  d=0.069111  dMin=0.000000  dAvg=0.033250  dMax=1.051355  Dlo=0.016625  Dhi=0.542302  err=0.000000  inc=0.031059  bucket 0->0  (mf=1000)
[MF-SEL] tPrev=(  d=0.069175  dMin=0.000000  dAvg=0.033295  dMax=1.051355  Dlo=0.016648  Dhi=0.542325  err=0.000000  inc=0.031059  bucket 0->0  (mf=1000)
[MF-SEL] tPrev=(  d=0.072246  dMin=0.000000  dAvg=0.033344  dMax=1.051355  Dlo=0.016672  Dhi=0.542349  err=0.000000  inc=0.031059  bucket 0->0  (mf=1000)
[MF-SEL] tPrev=(  d=0.073469  dMin=0.000000  dAvg=0.033395  dMax=1.051355  Dlo=0.016697  Dhi=0.542375  err=0.000000  inc=0.031059  bucket 0->0  (mf=1000)
[MF-SEL] tPrev=(  d=0.076125  dMin=0.000000  dAvg=0.033448  dMax=1.051355  Dlo=0.016724  Dhi=0.542402  err=0.000000  inc=0.031059  bucket 0->0  (mf=1000)
[MF-SEL] tPrev=(  d=0.074665  dMin=0.000000  dAvg=0.033500  dMax=1.051355  Dlo=0.016750  Dhi=0.542427  err=0.000000  inc=0.031059  bucket 0->0  (mf=1000)
[MF-SEL] tPrev=(  d=0.075240  dMin=0.000000  dAvg=0.033553  dMax=1.051355  Dlo=0.016776  Dhi=0.542454  err=0.000000  inc=0.031059  bucket 0->0  (mf=1000)
[MF-SEL] tPrev=(  d=0.073087  dMin=0.000000  dAvg=0.033602  dMax=1.051355  Dlo=0.016801  Dhi=0.542478  err=0.000000  inc=0.031059  bucket 0->0  (mf=1000)
[MF-SEL] tPrev=(  d=0.075260  dMin=0.000000  dAvg=0.033654  dMax=1.051355  Dlo=0.016827  Dhi=0.542504  err=0.000000  inc=0.031059  bucket 0->0  (mf=1000)
[MF-SEL] tPrev=(  d=0.074872  dMin=0.000000  dAvg=0.033706  dMax=1.051355  Dlo=0.016853  Dhi=0.542530  err=0.000000  inc=0.031059  bucket 0->0  (mf=1000)
Dropping frame 1403715926.734058
[MF-SEL] tPrev=(  d=0.147802  dMin=0.000000  dAvg=0.033848  dMax=1.051355  Dlo=0.016924  Dhi=0.542601  err=0.000000  inc=0.031059  bucket 0->0  (mf=1000)
[MF-SEL] tPrev=(  d=0.072994  dMin=0.000000  dAvg=0.033897  dMax=1.051355  Dlo=0.016948  Dhi=0.542626  err=0.000000  inc=0.031059  bucket 0->0  (mf=1000)
[MF-SEL] tPrev=(  d=0.069978  dMin=0.000000  dAvg=0.033941  dMax=1.051355  Dlo=0.016971  Dhi=0.542648  err=0.000000  inc=0.031059  bucket 0->0  (mf=1000)
[MF-SEL] tPrev=(  d=0.068684  dMin=0.000000  dAvg=0.033985  dMax=1.051355  Dlo=0.016992  Dhi=0.542670  err=0.000000  inc=0.031059  bucket 0->0  (mf=1000)
Dropping frame 1403715926.984058
[MF-SEL] tPrev=(  d=0.130232  dMin=0.000000  dAvg=0.034104  dMax=1.051355  Dlo=0.017052  Dhi=0.542729  err=0.000000  inc=0.031059  bucket 0->0  (mf=1000)
[MF-SEL] tPrev=(  d=0.060432  dMin=0.000000  dAvg=0.034137  dMax=1.051355  Dlo=0.017068  Dhi=0.542746  err=0.000000  inc=0.031059  bucket 0->0  (mf=1000)
[MF-SEL] tPrev=(  d=0.062313  dMin=0.000000  dAvg=0.034171  dMax=1.051355  Dlo=0.017086  Dhi=0.542763  err=0.000000  inc=0.031059  bucket 0->0  (mf=1000)
[MF-SEL] tPrev=(  d=0.060858  dMin=0.000000  dAvg=0.034204  dMax=1.051355  Dlo=0.017102  Dhi=0.542779  err=0.000000  inc=0.031059  bucket 0->0  (mf=1000)
Dropping frame 1403715927.234058
[MF-SEL] tPrev=(  d=0.110674  dMin=0.000000  dAvg=0.034299  dMax=1.051355  Dlo=0.017149  Dhi=0.542827  err=0.000000  inc=0.031059  bucket 0->0  (mf=1000)
[MF-SEL] tPrev=(  d=0.052601  dMin=0.000000  dAvg=0.034321  dMax=1.051355  Dlo=0.017161  Dhi=0.542838  err=0.000000  inc=0.031059  bucket 0->0  (mf=1000)
[MF-SEL] tPrev=(  d=0.048696  dMin=0.000000  dAvg=0.034339  dMax=1.051355  Dlo=0.017170  Dhi=0.542847  err=0.000000  inc=0.031059  bucket 0->0  (mf=1000)
[MF-SEL] tPrev=(  d=0.046271  dMin=0.000000  dAvg=0.034354  dMax=1.051355  Dlo=0.017177  Dhi=0.542854  err=0.000000  inc=0.031059  bucket 0->0  (mf=1000)
[MF-SEL] tPrev=(  d=0.039400  dMin=0.000000  dAvg=0.034360  dMax=1.051355  Dlo=0.017180  Dhi=0.542857  err=0.000000  inc=0.031059  bucket 0->0  (mf=1000)
[MF-SEL] tPrev=(  d=0.035240  dMin=0.000000  dAvg=0.034361  dMax=1.051355  Dlo=0.017181  Dhi=0.542858  err=0.000000  inc=0.031059  bucket 0->0  (mf=1000)
[MF-SEL] tPrev=(  d=0.031466  dMin=0.000000  dAvg=0.034358  dMax=1.051355  Dlo=0.017179  Dhi=0.542856  err=0.000000  inc=0.031059  bucket 0->0  (mf=1000)
[MF-SEL] tPrev=(  d=0.029124  dMin=0.000000  dAvg=0.034351  dMax=1.051355  Dlo=0.017176  Dhi=0.542853  err=0.000000  inc=0.031059  bucket 0->0  (mf=1000)
[MF-SEL] tPrev=(  d=0.044737  dMin=0.000000  dAvg=0.034364  dMax=1.051355  Dlo=0.017182  Dhi=0.542859  err=0.000000  inc=0.031059  bucket 0->0  (mf=1000)
[MF-SEL] tPrev=(  d=0.027517  dMin=0.000000  dAvg=0.034355  dMax=1.051355  Dlo=0.017178  Dhi=0.542855  err=0.000000  inc=0.031059  bucket 0->0  (mf=1000)
[MF-SEL] tPrev=(  d=0.028363  dMin=0.000000  dAvg=0.034348  dMax=1.051355  Dlo=0.017174  Dhi=0.542851  err=0.000000  inc=0.031059  bucket 0->0  (mf=1000)
Dropping frame 1403715927.834058
[MF-SEL] tPrev=(  d=0.034584  dMin=0.000000  dAvg=0.034348  dMax=1.051355  Dlo=0.017174  Dhi=0.542851  err=0.000000  inc=0.031059  bucket 0->0  (mf=1000)
[MF-SEL] tPrev=(  d=0.030426  dMin=0.000000  dAvg=0.034344  dMax=1.051355  Dlo=0.017172  Dhi=0.542849  err=0.000000  inc=0.031059  bucket 0->0  (mf=1000)
[MF-SEL] tPrev=(  d=0.032458  dMin=0.000000  dAvg=0.034341  dMax=1.051355  Dlo=0.017171  Dhi=0.542848  err=0.000000  inc=0.031059  bucket 0->0  (mf=1000)
[MF-SEL] tPrev=(  d=0.025950  dMin=0.000000  dAvg=0.034331  dMax=1.051355  Dlo=0.017166  Dhi=0.542843  err=0.000000  inc=0.031059  bucket 0->0  (mf=1000)
Dropping frame 1403715928.084058
[MF-SEL] tPrev=(  d=0.081285  dMin=0.000000  dAvg=0.034388  dMax=1.051355  Dlo=0.017194  Dhi=0.542871  err=0.000000  inc=0.031059  bucket 0->0  (mf=1000)
[MF-SEL] tPrev=(  d=0.045186  dMin=0.000000  dAvg=0.034401  dMax=1.051355  Dlo=0.017201  Dhi=0.542878  err=0.000000  inc=0.031059  bucket 0->0  (mf=1000)
[MF-SEL] tPrev=(  d=0.046407  dMin=0.000000  dAvg=0.034416  dMax=1.051355  Dlo=0.017208  Dhi=0.542885  err=0.000000  inc=0.031059  bucket 0->0  (mf=1000)
[MF-SEL] tPrev=(  d=0.049937  dMin=0.000000  dAvg=0.034434  dMax=1.051355  Dlo=0.017217  Dhi=0.542894  err=0.000000  inc=0.031059  bucket 0->0  (mf=1000)
[MF-SEL] tPrev=(  d=0.048222  dMin=0.000000  dAvg=0.034451  dMax=1.051355  Dlo=0.017226  Dhi=0.542903  err=0.000000  inc=0.031059  bucket 0->0  (mf=1000)
[MF-SEL] tPrev=(  d=0.055388  dMin=0.000000  dAvg=0.034476  dMax=1.051355  Dlo=0.017238  Dhi=0.542915  err=0.000000  inc=0.031059  bucket 0->0  (mf=1000)
[MF-SEL] tPrev=(  d=0.056299  dMin=0.000000  dAvg=0.034503  dMax=1.051355  Dlo=0.017251  Dhi=0.542929  err=0.000000  inc=0.031059  bucket 0->0  (mf=1000)
[MF-SEL] tPrev=(  d=0.063153  dMin=0.000000  dAvg=0.034537  dMax=1.051355  Dlo=0.017269  Dhi=0.542946  err=0.000000  inc=0.031059  bucket 0->0  (mf=1000)
[MF-SEL] tPrev=(  d=0.064692  dMin=0.000000  dAvg=0.034573  dMax=1.051355  Dlo=0.017287  Dhi=0.542964  err=0.000000  inc=0.031059  bucket 0->0  (mf=1000)
Dropping frame 1403715928.584058
[MF-SEL] tPrev=(  d=0.135509  dMin=0.000000  dAvg=0.034694  dMax=1.051355  Dlo=0.017347  Dhi=0.543024  err=0.000000  inc=0.031059  bucket 0->0  (mf=1000)
[MF-SEL] tPrev=(  d=0.066397  dMin=0.000000  dAvg=0.034732  dMax=1.051355  Dlo=0.017366  Dhi=0.543043  err=0.000000  inc=0.031059  bucket 0->0  (mf=1000)
[MF-SEL] tPrev=(  d=0.066245  dMin=0.000000  dAvg=0.034770  dMax=1.051355  Dlo=0.017385  Dhi=0.543062  err=0.000000  inc=0.031059  bucket 0->0  (mf=1000)
[MF-SEL] tPrev=(  d=0.065830  dMin=0.000000  dAvg=0.034807  dMax=1.051355  Dlo=0.017404  Dhi=0.543081  err=0.000000  inc=0.031059  bucket 0->0  (mf=1000)
[MF-SEL] tPrev=(  d=0.068231  dMin=0.000000  dAvg=0.034847  dMax=1.051355  Dlo=0.017423  Dhi=0.543101  err=0.000000  inc=0.031059  bucket 0->0  (mf=1000)
[MF-SEL] tPrev=(  d=0.062116  dMin=0.000000  dAvg=0.034879  dMax=1.051355  Dlo=0.017440  Dhi=0.543117  err=0.000000  inc=0.031059  bucket 0->0  (mf=1000)
Dropping frame 1403715928.934058
[MF-SEL] tPrev=(  d=0.122101  dMin=0.000000  dAvg=0.034983  dMax=1.051355  Dlo=0.017492  Dhi=0.543169  err=0.000000  inc=0.031059  bucket 0->0  (mf=1000)
[MF-SEL] tPrev=(  d=0.054078  dMin=0.000000  dAvg=0.035006  dMax=1.051355  Dlo=0.017503  Dhi=0.543180  err=0.000000  inc=0.031059  bucket 0->0  (mf=1000)
[MF-SEL] tPrev=(  d=0.049795  dMin=0.000000  dAvg=0.035024  dMax=1.051355  Dlo=0.017512  Dhi=0.543189  err=0.000000  inc=0.031059  bucket 0->0  (mf=1000)
[MF-SEL] tPrev=(  d=0.053083  dMin=0.000000  dAvg=0.035045  dMax=1.051355  Dlo=0.017522  Dhi=0.543200  err=0.000000  inc=0.031059  bucket 0->0  (mf=1000)
[MF-SEL] tPrev=(  d=0.045556  dMin=0.000000  dAvg=0.035057  dMax=1.051355  Dlo=0.017529  Dhi=0.543206  err=0.000000  inc=0.031059  bucket 0->0  (mf=1000)
[MF-SEL] tPrev=(  d=0.069194  dMin=0.000000  dAvg=0.035098  dMax=1.051355  Dlo=0.017549  Dhi=0.543226  err=0.000000  inc=0.031059  bucket 0->0  (mf=1000)
[MF-SEL] tPrev=(  d=0.038369  dMin=0.000000  dAvg=0.035102  dMax=1.051355  Dlo=0.017551  Dhi=0.543228  err=0.000000  inc=0.031059  bucket 0->0  (mf=1000)
[MF-SEL] tPrev=(  d=0.036468  dMin=0.000000  dAvg=0.035103  dMax=1.051355  Dlo=0.017552  Dhi=0.543229  err=0.000000  inc=0.031059  bucket 0->0  (mf=1000)
[MF-SEL] tPrev=(  d=0.064734  dMin=0.000000  dAvg=0.035138  dMax=1.051355  Dlo=0.017569  Dhi=0.543246  err=0.000000  inc=0.031059  bucket 0->0  (mf=1000)
[MF-SEL] tPrev=(  d=0.031826  dMin=0.000000  dAvg=0.035134  dMax=1.051355  Dlo=0.017567  Dhi=0.543244  err=0.000000  inc=0.031059  bucket 0->0  (mf=1000)
[MF-SEL] tPrev=(  d=0.028618  dMin=0.000000  dAvg=0.035127  dMax=1.051355  Dlo=0.017563  Dhi=0.543241  err=0.000000  inc=0.031059  bucket 0->0  (mf=1000)
Dropping frame 1403715929.534058
[MF-SEL] tPrev=(  d=0.079035  dMin=0.000000  dAvg=0.035178  dMax=1.051355  Dlo=0.017589  Dhi=0.543266  err=0.000000  inc=0.031059  bucket 0->0  (mf=1000)
[MF-SEL] tPrev=(  d=0.021438  dMin=0.000000  dAvg=0.035162  dMax=1.051355  Dlo=0.017581  Dhi=0.543258  err=0.000000  inc=0.031059  bucket 0->0  (mf=1000)
Dropping frame 1403715929.684058
[MF-SEL] tPrev=(  d=0.046005  dMin=0.000000  dAvg=0.035175  dMax=1.051355  Dlo=0.017587  Dhi=0.543265  err=0.000000  inc=0.031059  bucket 0->0  (mf=1000)
[MF-SEL] tPrev=(  d=0.031265  dMin=0.000000  dAvg=0.035170  dMax=1.051355  Dlo=0.017585  Dhi=0.543262  err=0.000000  inc=0.031059  bucket 0->0  (mf=1000)
[MF-SEL] tPrev=(  d=0.034847  dMin=0.000000  dAvg=0.035170  dMax=1.051355  Dlo=0.017585  Dhi=0.543262  err=0.000000  inc=0.031059  bucket 0->0  (mf=1000)
Dropping frame 1403715929.884058
[MF-SEL] tPrev=(  d=0.073240  dMin=0.000000  dAvg=0.035214  dMax=1.051355  Dlo=0.017607  Dhi=0.543284  err=0.000000  inc=0.031059  bucket 0->0  (mf=1000)
[MF-SEL] tPrev=(  d=0.040750  dMin=0.000000  dAvg=0.035221  dMax=1.051355  Dlo=0.017610  Dhi=0.543288  err=0.000000  inc=0.031059  bucket 0->0  (mf=1000)
[MF-SEL] tPrev=(  d=0.040095  dMin=0.000000  dAvg=0.035226  dMax=1.051355  Dlo=0.017613  Dhi=0.543291  err=0.000000  inc=0.031059  bucket 0->0  (mf=1000)
[MF-SEL] tPrev=(  d=0.038386  dMin=0.000000  dAvg=0.035230  dMax=1.051355  Dlo=0.017615  Dhi=0.543292  err=0.000000  inc=0.031059  bucket 0->0  (mf=1000)
[MF-SEL] tPrev=(  d=0.035661  dMin=0.000000  dAvg=0.035231  dMax=1.051355  Dlo=0.017615  Dhi=0.543293  err=0.000000  inc=0.031059  bucket 0->0  (mf=1000)
[MF-SEL] tPrev=(  d=0.032683  dMin=0.000000  dAvg=0.035228  dMax=1.051355  Dlo=0.017614  Dhi=0.543291  err=0.000000  inc=0.031059  bucket 0->0  (mf=1000)
[MF-SEL] tPrev=(  d=0.028800  dMin=0.000000  dAvg=0.035220  dMax=1.051355  Dlo=0.017610  Dhi=0.543287  err=0.000000  inc=0.031059  bucket 0->0  (mf=1000)
[MF-SEL] tPrev=(  d=0.023932  dMin=0.000000  dAvg=0.035207  dMax=1.051355  Dlo=0.017604  Dhi=0.543281  err=0.000000  inc=0.031059  bucket 0->0  (mf=1000)
[MF-SEL] tPrev=(  d=0.018918  dMin=0.000000  dAvg=0.035188  dMax=1.051355  Dlo=0.017594  Dhi=0.543271  err=0.000000  inc=0.031059  bucket 0->0  (mf=1000)
[MF-SEL] tPrev=(  d=0.014002  dMin=0.000000  dAvg=0.035164  dMax=1.051355  Dlo=0.017582  Dhi=0.543259  err=-1.000000  inc=-0.910557  bucket 0->0  (mf=1000)
[MF-SEL] tPrev=(  d=0.015483  dMin=0.000000  dAvg=0.035141  dMax=1.051355  Dlo=0.017571  Dhi=0.543248  err=-1.000000  inc=-0.573457  bucket 0->0  (mf=1000)
[MF-SEL] tPrev=(  d=0.007162  dMin=0.000000  dAvg=0.035109  dMax=1.051355  Dlo=0.017554  Dhi=0.543232  err=-1.000000  inc=-0.576105  bucket 0->0  (mf=1000)
Dropping frame 1403715930.534058
[MF-SEL] tPrev=(  d=0.008028  dMin=0.000000  dAvg=0.035078  dMax=1.051355  Dlo=0.017539  Dhi=0.543216  err=-1.000000  inc=-0.580733  bucket 0->0  (mf=1000)
[MF-SEL] tPrev=(  d=0.012097  dMin=0.000000  dAvg=0.035051  dMax=1.051355  Dlo=0.017526  Dhi=0.543203  err=-1.000000  inc=-0.582960  bucket 0->0  (mf=1000)
[MF-SEL] tPrev=(  d=0.011466  dMin=0.000000  dAvg=0.035024  dMax=1.051355  Dlo=0.017512  Dhi=0.543189  err=-1.000000  inc=-0.585430  bucket 0->0  (mf=1000)
[MF-SEL] tPrev=(  d=0.011758  dMin=0.000000  dAvg=0.034997  dMax=1.051355  Dlo=0.017499  Dhi=0.543176  err=-1.000000  inc=-0.587618  bucket 0->0  (mf=1000)
Dropping frame 1403715930.784058
[MF-SEL] tPrev=(  d=0.027858  dMin=0.000000  dAvg=0.034989  dMax=1.051355  Dlo=0.017495  Dhi=0.543172  err=0.000000  inc=0.178597  bucket 0->0  (mf=1000)
[MF-SEL] tPrev=(  d=0.020621  dMin=0.000000  dAvg=0.034973  dMax=1.051355  Dlo=0.017486  Dhi=0.543164  err=0.000000  inc=0.012382  bucket 0->0  (mf=1000)
[MF-SEL] tPrev=(  d=0.047168  dMin=0.000000  dAvg=0.034987  dMax=1.051355  Dlo=0.017493  Dhi=0.543171  err=0.000000  inc=0.012382  bucket 0->0  (mf=1000)
[MF-SEL] tPrev=(  d=0.029129  dMin=0.000000  dAvg=0.034980  dMax=1.051355  Dlo=0.017490  Dhi=0.543167  err=0.000000  inc=0.012382  bucket 0->0  (mf=1000)
Dropping frame 1403715931.034058
[MF-SEL] tPrev=(  d=0.055059  dMin=0.000000  dAvg=0.035003  dMax=1.051355  Dlo=0.017501  Dhi=0.543179  err=0.000000  inc=0.012382  bucket 0->0  (mf=1000)
Dropping frame 1403715931.134058
[MF-SEL] tPrev=(  d=0.064321  dMin=0.000000  dAvg=0.035036  dMax=1.051355  Dlo=0.017518  Dhi=0.543195  err=0.000000  inc=0.012382  bucket 0->0  (mf=1000)
[MF-SEL] tPrev=(  d=0.033603  dMin=0.000000  dAvg=0.035035  dMax=1.051355  Dlo=0.017517  Dhi=0.543195  err=0.000000  inc=0.012382  bucket 0->0  (mf=1000)
[MF-SEL] tPrev=(  d=0.042082  dMin=0.000000  dAvg=0.035043  dMax=1.051355  Dlo=0.017521  Dhi=0.543199  err=0.000000  inc=0.012382  bucket 0->0  (mf=1000)
[MF-SEL] tPrev=(  d=0.047469  dMin=0.000000  dAvg=0.035057  dMax=1.051355  Dlo=0.017528  Dhi=0.543206  err=0.000000  inc=0.012382  bucket 0->0  (mf=1000)
[MF-SEL] tPrev=(  d=0.043221  dMin=0.000000  dAvg=0.035066  dMax=1.051355  Dlo=0.017533  Dhi=0.543210  err=0.000000  inc=0.012382  bucket 0->0  (mf=1000)
[MF-SEL] tPrev=(  d=0.054313  dMin=0.000000  dAvg=0.035088  dMax=1.051355  Dlo=0.017544  Dhi=0.543221  err=0.000000  inc=0.012382  bucket 0->0  (mf=1000)
[MF-SEL] tPrev=(  d=0.056545  dMin=0.000000  dAvg=0.035112  dMax=1.051355  Dlo=0.017556  Dhi=0.543233  err=0.000000  inc=0.012382  bucket 0->0  (mf=1000)
[MF-SEL] tPrev=(  d=0.065145  dMin=0.000000  dAvg=0.035146  dMax=1.051355  Dlo=0.017573  Dhi=0.543250  err=0.000000  inc=0.012382  bucket 0->0  (mf=1000)
[MF-SEL] tPrev=(  d=0.060004  dMin=0.000000  dAvg=0.035174  dMax=1.051355  Dlo=0.017587  Dhi=0.543264  err=0.000000  inc=0.012382  bucket 0->0  (mf=1000)
[MF-SEL] tPrev=(  d=0.060978  dMin=0.000000  dAvg=0.035203  dMax=1.051355  Dlo=0.017602  Dhi=0.543279  err=0.000000  inc=0.012382  bucket 0->0  (mf=1000)
[MF-SEL] tPrev=(  d=0.067738  dMin=0.000000  dAvg=0.035240  dMax=1.051355  Dlo=0.017620  Dhi=0.543297  err=0.000000  inc=0.012382  bucket 0->0  (mf=1000)
Dropping frame 1403715931.734058
[MF-SEL] tPrev=(  d=0.129441  dMin=0.000000  dAvg=0.035346  dMax=1.051355  Dlo=0.017673  Dhi=0.543350  err=0.000000  inc=0.012382  bucket 0->0  (mf=1000)
[MF-SEL] tPrev=(  d=0.065471  dMin=0.000000  dAvg=0.035380  dMax=1.051355  Dlo=0.017690  Dhi=0.543367  err=0.000000  inc=0.012382  bucket 0->0  (mf=1000)
[MF-SEL] tPrev=(  d=0.067411  dMin=0.000000  dAvg=0.035416  dMax=1.051355  Dlo=0.017708  Dhi=0.543385  err=0.000000  inc=0.012382  bucket 0->0  (mf=1000)
[MF-SEL] tPrev=(  d=0.067741  dMin=0.000000  dAvg=0.035452  dMax=1.051355  Dlo=0.017726  Dhi=0.543403  err=0.000000  inc=0.012382  bucket 0->0  (mf=1000)
Dropping frame 1403715931.984058
[MF-SEL] tPrev=(  d=0.142984  dMin=0.000000  dAvg=0.035573  dMax=1.051355  Dlo=0.017786  Dhi=0.543464  err=0.000000  inc=0.012382  bucket 0->0  (mf=1000)
[MF-SEL] tPrev=(  d=0.069323  dMin=0.000000  dAvg=0.035611  dMax=1.051355  Dlo=0.017805  Dhi=0.543483  err=0.000000  inc=0.012382  bucket 0->0  (mf=1000)
[MF-SEL] tPrev=(  d=0.067923  dMin=0.000000  dAvg=0.035647  dMax=1.051355  Dlo=0.017823  Dhi=0.543501  err=0.000000  inc=0.012382  bucket 0->0  (mf=1000)
Dropping frame 1403715932.184058
[MF-SEL] tPrev=(  d=0.132218  dMin=0.000000  dAvg=0.035755  dMax=1.051355  Dlo=0.017877  Dhi=0.543555  err=0.000000  inc=0.012382  bucket 0->0  (mf=1000)
[MF-SEL] tPrev=(  d=0.060365  dMin=0.000000  dAvg=0.035782  dMax=1.051355  Dlo=0.017891  Dhi=0.543568  err=0.000000  inc=0.012382  bucket 0->0  (mf=1000)
Dropping frame 1403715932.334058
[MF-SEL] tPrev=(  d=0.105111  dMin=0.000000  dAvg=0.035859  dMax=1.051355  Dlo=0.017930  Dhi=0.543607  err=0.000000  inc=0.012382  bucket 0->0  (mf=1000)
[MF-SEL] tPrev=(  d=0.043127  dMin=0.000000  dAvg=0.035868  dMax=1.051355  Dlo=0.017934  Dhi=0.543611  err=0.000000  inc=0.012382  bucket 0->0  (mf=1000)
[MF-SEL] tPrev=(  d=0.037329  dMin=0.000000  dAvg=0.035869  dMax=1.051355  Dlo=0.017935  Dhi=0.543612  err=0.000000  inc=0.012382  bucket 0->0  (mf=1000)
[MF-SEL] tPrev=(  d=0.028414  dMin=0.000000  dAvg=0.035861  dMax=1.051355  Dlo=0.017930  Dhi=0.543608  err=0.000000  inc=0.012382  bucket 0->0  (mf=1000)
Dropping frame 1403715932.584058
[MF-SEL] tPrev=(  d=0.071804  dMin=0.000000  dAvg=0.035901  dMax=1.051355  Dlo=0.017950  Dhi=0.543628  err=0.000000  inc=0.012382  bucket 0->0  (mf=1000)
[MF-SEL] tPrev=(  d=0.016111  dMin=0.000000  dAvg=0.035879  dMax=1.051355  Dlo=0.017939  Dhi=0.543617  err=-1.000000  inc=-0.915651  bucket 0->0  (mf=1000)
[MF-SEL] tPrev=(  d=0.020979  dMin=0.000000  dAvg=0.035862  dMax=1.051355  Dlo=0.017931  Dhi=0.543608  err=0.000000  inc=0.353653  bucket 0->0  (mf=1000)
[MF-SEL] tPrev=(  d=0.031314  dMin=0.000000  dAvg=0.035857  dMax=1.051355  Dlo=0.017929  Dhi=0.543606  err=0.000000  inc=0.009925  bucket 0->0  (mf=1000)
[MF-SEL] tPrev=(  d=0.040699  dMin=0.000000  dAvg=0.035863  dMax=1.051355  Dlo=0.017931  Dhi=0.543609  err=0.000000  inc=0.009925  bucket 0->0  (mf=1000)
[MF-SEL] tPrev=(  d=0.049449  dMin=0.000000  dAvg=0.035878  dMax=1.051355  Dlo=0.017939  Dhi=0.543616  err=0.000000  inc=0.009925  bucket 0->0  (mf=1000)
Dropping frame 1403715932.934058
[MF-SEL] tPrev=(  d=0.120022  dMin=0.000000  dAvg=0.035970  dMax=1.051355  Dlo=0.017985  Dhi=0.543662  err=0.000000  inc=0.009925  bucket 0->0  (mf=1000)
[MF-SEL] tPrev=(  d=0.073069  dMin=0.000000  dAvg=0.036011  dMax=1.051355  Dlo=0.018006  Dhi=0.543683  err=0.000000  inc=0.009925  bucket 0->0  (mf=1000)
[MF-SEL] tPrev=(  d=0.076810  dMin=0.000000  dAvg=0.036056  dMax=1.051355  Dlo=0.018028  Dhi=0.543705  err=0.000000  inc=0.009925  bucket 0->0  (mf=1000)
Dropping frame 1403715933.134058
[MF-SEL] tPrev=(  d=0.182230  dMin=0.000000  dAvg=0.036217  dMax=1.051355  Dlo=0.018108  Dhi=0.543786  err=0.000000  inc=0.009925  bucket 0->0  (mf=1000)
[MF-SEL] tPrev=(  d=0.079957  dMin=0.000000  dAvg=0.036265  dMax=1.051355  Dlo=0.018132  Dhi=0.543810  err=0.000000  inc=0.009925  bucket 0->0  (mf=1000)
[MF-SEL] tPrev=(  d=0.079137  dMin=0.000000  dAvg=0.036312  dMax=1.051355  Dlo=0.018156  Dhi=0.543833  err=0.000000  inc=0.009925  bucket 0->0  (mf=1000)
[MF-SEL] tPrev=(  d=0.086977  dMin=0.000000  dAvg=0.036367  dMax=1.051355  Dlo=0.018184  Dhi=0.543861  err=0.000000  inc=0.009925  bucket 0->0  (mf=1000)
[MF-SEL] tPrev=(  d=0.072118  dMin=0.000000  dAvg=0.036406  dMax=1.051355  Dlo=0.018203  Dhi=0.543880  err=0.000000  inc=0.009925  bucket 0->0  (mf=1000)
[MF-SEL] tPrev=(  d=0.067006  dMin=0.000000  dAvg=0.036440  dMax=1.051355  Dlo=0.018220  Dhi=0.543897  err=0.000000  inc=0.009925  bucket 0->0  (mf=1000)
[MF-SEL] tPrev=(  d=0.064561  dMin=0.000000  dAvg=0.036471  dMax=1.051355  Dlo=0.018235  Dhi=0.543913  err=0.000000  inc=0.009925  bucket 0->0  (mf=1000)
[MF-SEL] tPrev=(  d=0.051987  dMin=0.000000  dAvg=0.036487  dMax=1.051355  Dlo=0.018244  Dhi=0.543921  err=0.000000  inc=0.009925  bucket 0->0  (mf=1000)
[MF-SEL] tPrev=(  d=0.042827  dMin=0.000000  dAvg=0.036494  dMax=1.051355  Dlo=0.018247  Dhi=0.543924  err=0.000000  inc=0.009925  bucket 0->0  (mf=1000)
[MF-SEL] tPrev=(  d=0.042753  dMin=0.000000  dAvg=0.036501  dMax=1.051355  Dlo=0.018251  Dhi=0.543928  err=0.000000  inc=0.009925  bucket 0->0  (mf=1000)
[MF-SEL] tPrev=(  d=0.021758  dMin=0.000000  dAvg=0.036485  dMax=1.051355  Dlo=0.018243  Dhi=0.543920  err=0.000000  inc=0.009925  bucket 0->0  (mf=1000)
[MF-SEL] tPrev=(  d=0.015342  dMin=0.000000  dAvg=0.036462  dMax=1.051355  Dlo=0.018231  Dhi=0.543908  err=-1.000000  inc=-0.960291  bucket 0->0  (mf=1000)
[MF-SEL] tPrev=(  d=0.047046  dMin=0.000000  dAvg=0.036474  dMax=1.051355  Dlo=0.018237  Dhi=0.543914  err=0.000000  inc=0.365838  bucket 0->0  (mf=1000)
[MF-SEL] tPrev=(  d=0.032123  dMin=0.000000  dAvg=0.036469  dMax=1.051355  Dlo=0.018234  Dhi=0.543912  err=0.000000  inc=0.007752  bucket 0->0  (mf=1000)
[MF-SEL] tPrev=(  d=0.045312  dMin=0.000000  dAvg=0.036479  dMax=1.051355  Dlo=0.018239  Dhi=0.543917  err=0.000000  inc=0.007752  bucket 0->0  (mf=1000)
[MF-SEL] tPrev=(  d=0.059296  dMin=0.000000  dAvg=0.036503  dMax=1.051355  Dlo=0.018252  Dhi=0.543929  err=0.000000  inc=0.007752  bucket 0->0  (mf=1000)
[MF-SEL] tPrev=(  d=0.071366  dMin=0.000000  dAvg=0.036541  dMax=1.051355  Dlo=0.018270  Dhi=0.543948  err=0.000000  inc=0.007752  bucket 0->0  (mf=1000)
[MF-SEL] tPrev=(  d=0.079919  dMin=0.000000  dAvg=0.036588  dMax=1.051355  Dlo=0.018294  Dhi=0.543971  err=0.000000  inc=0.007752  bucket 0->0  (mf=1000)
[MF-SEL] tPrev=(  d=0.082398  dMin=0.000000  dAvg=0.036637  dMax=1.051355  Dlo=0.018319  Dhi=0.543996  err=0.000000  inc=0.007752  bucket 0->0  (mf=1000)
[MF-SEL] tPrev=(  d=0.085151  dMin=0.000000  dAvg=0.036689  dMax=1.051355  Dlo=0.018345  Dhi=0.544022  err=0.000000  inc=0.007752  bucket 0->0  (mf=1000)
Dropping frame 1403715934.184058
[MF-SEL] tPrev=(  d=0.154795  dMin=0.000000  dAvg=0.036816  dMax=1.051355  Dlo=0.018408  Dhi=0.544085  err=0.000000  inc=0.007752  bucket 0->0  (mf=1000)
[MF-SEL] tPrev=(  d=0.075027  dMin=0.000000  dAvg=0.036857  dMax=1.051355  Dlo=0.018429  Dhi=0.544106  err=0.000000  inc=0.007752  bucket 0->0  (mf=1000)
[MF-SEL] tPrev=(  d=0.068674  dMin=0.000000  dAvg=0.036891  dMax=1.051355  Dlo=0.018446  Dhi=0.544123  err=0.000000  inc=0.007752  bucket 0->0  (mf=1000)
[MF-SEL] tPrev=(  d=0.061128  dMin=0.000000  dAvg=0.036917  dMax=1.051355  Dlo=0.018459  Dhi=0.544136  err=0.000000  inc=0.007752  bucket 0->0  (mf=1000)
[MF-SEL] tPrev=(  d=0.053193  dMin=0.000000  dAvg=0.036935  dMax=1.051355  Dlo=0.018467  Dhi=0.544145  err=0.000000  inc=0.007752  bucket 0->0  (mf=1000)
[MF-SEL] tPrev=(  d=0.038476  dMin=0.000000  dAvg=0.036936  dMax=1.051355  Dlo=0.018468  Dhi=0.544146  err=0.000000  inc=0.007752  bucket 0->0  (mf=1000)
[MF-SEL] tPrev=(  d=0.034078  dMin=0.000000  dAvg=0.036933  dMax=1.051355  Dlo=0.018467  Dhi=0.544144  err=0.000000  inc=0.007752  bucket 0->0  (mf=1000)
[MF-SEL] tPrev=(  d=0.021707  dMin=0.000000  dAvg=0.036917  dMax=1.051355  Dlo=0.018459  Dhi=0.544136  err=0.000000  inc=0.007752  bucket 0->0  (mf=1000)
[MF-SEL] tPrev=(  d=0.012233  dMin=0.000000  dAvg=0.036891  dMax=1.051355  Dlo=0.018445  Dhi=0.544123  err=-1.000000  inc=-0.942594  bucket 0->0  (mf=1000)
[MF-SEL] tPrev=(  d=0.010147  dMin=0.000000  dAvg=0.036862  dMax=1.051355  Dlo=0.018431  Dhi=0.544108  err=-1.000000  inc=-0.596746  bucket 0->0  (mf=1000)
[MF-SEL] tPrev=(  d=0.019798  dMin=0.000000  dAvg=0.036844  dMax=1.051355  Dlo=0.018422  Dhi=0.544099  err=0.000000  inc=0.339665  bucket 0->0  (mf=1000)
[MF-SEL] tPrev=(  d=0.034089  dMin=0.000000  dAvg=0.036841  dMax=1.051355  Dlo=0.018421  Dhi=0.544098  err=0.000000  inc=0.003254  bucket 0->0  (mf=1000)
[MF-SEL] tPrev=(  d=0.047589  dMin=0.000000  dAvg=0.036853  dMax=1.051355  Dlo=0.018426  Dhi=0.544104  err=0.000000  inc=0.003254  bucket 0->0  (mf=1000)
[MF-SEL] tPrev=(  d=0.059849  dMin=0.000000  dAvg=0.036877  dMax=1.051355  Dlo=0.018439  Dhi=0.544116  err=0.000000  inc=0.003254  bucket 0->0  (mf=1000)
[MF-SEL] tPrev=(  d=0.073027  dMin=0.000000  dAvg=0.036915  dMax=1.051355  Dlo=0.018458  Dhi=0.544135  err=0.000000  inc=0.003254  bucket 0->0  (mf=1000)
[MF-SEL] tPrev=(  d=0.082986  dMin=0.000000  dAvg=0.036964  dMax=1.051355  Dlo=0.018482  Dhi=0.544159  err=0.000000  inc=0.003254  bucket 0->0  (mf=1000)
[MF-SEL] tPrev=(  d=0.090109  dMin=0.000000  dAvg=0.037020  dMax=1.051355  Dlo=0.018510  Dhi=0.544187  err=0.000000  inc=0.003254  bucket 0->0  (mf=1000)
[MF-SEL] tPrev=(  d=0.094856  dMin=0.000000  dAvg=0.037081  dMax=1.051355  Dlo=0.018541  Dhi=0.544218  err=0.000000  inc=0.003254  bucket 0->0  (mf=1000)
[MF-SEL] tPrev=(  d=0.098442  dMin=0.000000  dAvg=0.037146  dMax=1.051355  Dlo=0.018573  Dhi=0.544250  err=0.000000  inc=0.003254  bucket 0->0  (mf=1000)
[MF-SEL] tPrev=(  d=0.115101  dMin=0.000000  dAvg=0.037228  dMax=1.051355  Dlo=0.018614  Dhi=0.544291  err=0.000000  inc=0.003254  bucket 0->0  (mf=1000)
[MF-SEL] tPrev=(  d=0.104115  dMin=0.000000  dAvg=0.037299  dMax=1.051355  Dlo=0.018649  Dhi=0.544327  err=0.000000  inc=0.003254  bucket 0->0  (mf=1000)
[MF-SEL] tPrev=(  d=0.102888  dMin=0.000000  dAvg=0.037368  dMax=1.051355  Dlo=0.018684  Dhi=0.544361  err=0.000000  inc=0.003254  bucket 0->0  (mf=1000)
[MF-SEL] tPrev=(  d=0.082649  dMin=0.000000  dAvg=0.037415  dMax=1.051355  Dlo=0.018708  Dhi=0.544385  err=0.000000  inc=0.003254  bucket 0->0  (mf=1000)
Dropping frame 1403715935.384058
[MF-SEL] tPrev=(  d=0.190291  dMin=0.000000  dAvg=0.037576  dMax=1.051355  Dlo=0.018788  Dhi=0.544465  err=0.000000  inc=0.003254  bucket 0->0  (mf=1000)
[MF-SEL] tPrev=(  d=0.088129  dMin=0.000000  dAvg=0.037629  dMax=1.051355  Dlo=0.018814  Dhi=0.544492  err=0.000000  inc=0.003254  bucket 0->0  (mf=1000)
[MF-SEL] tPrev=(  d=0.077534  dMin=0.000000  dAvg=0.037670  dMax=1.051355  Dlo=0.018835  Dhi=0.544512  err=0.000000  inc=0.003254  bucket 0->0  (mf=1000)
[MF-SEL] tPrev=(  d=0.063400  dMin=0.000000  dAvg=0.037697  dMax=1.051355  Dlo=0.018849  Dhi=0.544526  err=0.000000  inc=0.003254  bucket 0->0  (mf=1000)
[MF-SEL] tPrev=(  d=0.051193  dMin=0.000000  dAvg=0.037711  dMax=1.051355  Dlo=0.018856  Dhi=0.544533  err=0.000000  inc=0.003254  bucket 0->0  (mf=1000)
Dropping frame 1403715935.684058
[MF-SEL] tPrev=(  d=0.115055  dMin=0.000000  dAvg=0.037792  dMax=1.051355  Dlo=0.018896  Dhi=0.544573  err=0.000000  inc=0.003254  bucket 0->0  (mf=1000)
[MF-SEL] tPrev=(  d=0.024384  dMin=0.000000  dAvg=0.037778  dMax=1.051355  Dlo=0.018889  Dhi=0.544566  err=0.000000  inc=0.003254  bucket 0->0  (mf=1000)
[MF-SEL] tPrev=(  d=0.032274  dMin=0.000000  dAvg=0.037772  dMax=1.051355  Dlo=0.018886  Dhi=0.544563  err=0.000000  inc=0.003254  bucket 0->0  (mf=1000)
[MF-SEL] tPrev=(  d=0.022083  dMin=0.000000  dAvg=0.037756  dMax=1.051355  Dlo=0.018878  Dhi=0.544555  err=0.000000  inc=0.003254  bucket 0->0  (mf=1000)
[MF-SEL] tPrev=(  d=0.023423  dMin=0.000000  dAvg=0.037741  dMax=1.051355  Dlo=0.018871  Dhi=0.544548  err=0.000000  inc=0.003254  bucket 0->0  (mf=1000)
[MF-SEL] tPrev=(  d=0.014850  dMin=0.000000  dAvg=0.037717  dMax=1.051355  Dlo=0.018859  Dhi=0.544536  err=-1.000000  inc=-0.915051  bucket 0->0  (mf=1000)
[MF-SEL] tPrev=(  d=0.019518  dMin=0.000000  dAvg=0.037699  dMax=1.051355  Dlo=0.018849  Dhi=0.544527  err=0.000000  inc=0.373835  bucket 0->0  (mf=1000)
[MF-SEL] tPrev=(  d=0.047773  dMin=0.000000  dAvg=0.037709  dMax=1.051355  Dlo=0.018855  Dhi=0.544532  err=0.000000  inc=0.000720  bucket 0->0  (mf=1000)
[MF-SEL] tPrev=(  d=0.033998  dMin=0.000000  dAvg=0.037705  dMax=1.051355  Dlo=0.018853  Dhi=0.544530  err=0.000000  inc=0.000720  bucket 0->0  (mf=1000)
[MF-SEL] tPrev=(  d=0.038400  dMin=0.000000  dAvg=0.037706  dMax=1.051355  Dlo=0.018853  Dhi=0.544530  err=0.000000  inc=0.000720  bucket 0->0  (mf=1000)
[MF-SEL] tPrev=(  d=0.062960  dMin=0.000000  dAvg=0.037732  dMax=1.051355  Dlo=0.018866  Dhi=0.544543  err=0.000000  inc=0.000720  bucket 0->0  (mf=1000)
[MF-SEL] tPrev=(  d=0.044239  dMin=0.000000  dAvg=0.037739  dMax=1.051355  Dlo=0.018869  Dhi=0.544547  err=0.000000  inc=0.000720  bucket 0->0  (mf=1000)
[MF-SEL] tPrev=(  d=0.044275  dMin=0.000000  dAvg=0.037745  dMax=1.051355  Dlo=0.018873  Dhi=0.544550  err=0.000000  inc=0.000720  bucket 0->0  (mf=1000)
[MF-SEL] tPrev=(  d=0.055721  dMin=0.000000  dAvg=0.037764  dMax=1.051355  Dlo=0.018882  Dhi=0.544559  err=0.000000  inc=0.000720  bucket 0->0  (mf=1000)
[MF-SEL] tPrev=(  d=0.039762  dMin=0.000000  dAvg=0.037766  dMax=1.051355  Dlo=0.018883  Dhi=0.544560  err=0.000000  inc=0.000720  bucket 0->0  (mf=1000)
[MF-SEL] tPrev=(  d=0.035645  dMin=0.000000  dAvg=0.037764  dMax=1.051355  Dlo=0.018882  Dhi=0.544559  err=0.000000  inc=0.000720  bucket 0->0  (mf=1000)
[MF-SEL] tPrev=(  d=0.043435  dMin=0.000000  dAvg=0.037770  dMax=1.051355  Dlo=0.018885  Dhi=0.544562  err=0.000000  inc=0.000720  bucket 0->0  (mf=1000)
[MF-SEL] tPrev=(  d=0.027378  dMin=0.000000  dAvg=0.037759  dMax=1.051355  Dlo=0.018879  Dhi=0.544557  err=0.000000  inc=0.000720  bucket 0->0  (mf=1000)
[MF-SEL] tPrev=(  d=0.022328  dMin=0.000000  dAvg=0.037743  dMax=1.051355  Dlo=0.018872  Dhi=0.544549  err=0.000000  inc=0.000720  bucket 0->0  (mf=1000)
[MF-SEL] tPrev=(  d=0.017148  dMin=0.000000  dAvg=0.037722  dMax=1.051355  Dlo=0.018861  Dhi=0.544538  err=-1.000000  inc=-0.948126  bucket 0->0  (mf=1000)
[MF-SEL] tPrev=(  d=0.012766  dMin=0.000000  dAvg=0.037697  dMax=1.051355  Dlo=0.018848  Dhi=0.544526  err=-1.000000  inc=-0.603924  bucket 0->0  (mf=1000)
[MF-SEL] tPrev=(  d=0.010843  dMin=0.000000  dAvg=0.037669  dMax=1.051355  Dlo=0.018835  Dhi=0.544512  err=-1.000000  inc=-0.606272  bucket 0->0  (mf=1000)
[MF-SEL] tPrev=(  d=0.011049  dMin=0.000000  dAvg=0.037642  dMax=1.051355  Dlo=0.018821  Dhi=0.544498  err=-1.000000  inc=-0.608244  bucket 0->0  (mf=1000)
[MF-SEL] tPrev=(  d=0.011775  dMin=0.000000  dAvg=0.037616  dMax=1.051355  Dlo=0.018808  Dhi=0.544485  err=-1.000000  inc=-0.610549  bucket 0->0  (mf=1000)
[MF-SEL] tPrev=(  d=0.015347  dMin=0.000000  dAvg=0.037593  dMax=1.051355  Dlo=0.018796  Dhi=0.544474  err=-1.000000  inc=-0.612800  bucket 0->0  (mf=1000)
[MF-SEL] tPrev=(  d=0.018013  dMin=0.000000  dAvg=0.037573  dMax=1.051355  Dlo=0.018787  Dhi=0.544464  err=-1.000000  inc=-0.615134  bucket 0->0  (mf=1000)
[MF-SEL] tPrev=(  d=0.020742  dMin=0.000000  dAvg=0.037556  dMax=1.051355  Dlo=0.018778  Dhi=0.544455  err=0.000000  inc=0.345274  bucket 0->0  (mf=1000)
[MF-SEL] tPrev=(  d=0.023800  dMin=0.000000  dAvg=0.037542  dMax=1.051355  Dlo=0.018771  Dhi=0.544448  err=0.000000  inc=-0.015134  bucket 0->0  (mf=1000)
[MF-SEL] tPrev=(  d=0.026415  dMin=0.000000  dAvg=0.037531  dMax=1.051355  Dlo=0.018765  Dhi=0.544443  err=0.000000  inc=-0.015134  bucket 0->0  (mf=1000)
[MF-SEL] tPrev=(  d=0.027670  dMin=0.000000  dAvg=0.037521  dMax=1.051355  Dlo=0.018760  Dhi=0.544438  err=0.000000  inc=-0.015134  bucket 0->0  (mf=1000)
[MF-SEL] tPrev=(  d=0.030076  dMin=0.000000  dAvg=0.037513  dMax=1.051355  Dlo=0.018757  Dhi=0.544434  err=0.000000  inc=-0.015134  bucket 0->0  (mf=1000)
[MF-SEL] tPrev=(  d=0.031223  dMin=0.000000  dAvg=0.037507  dMax=1.051355  Dlo=0.018753  Dhi=0.544431  err=0.000000  inc=-0.015134  bucket 0->0  (mf=1000)
[MF-SEL] tPrev=(  d=0.033542  dMin=0.000000  dAvg=0.037503  dMax=1.051355  Dlo=0.018751  Dhi=0.544429  err=0.000000  inc=-0.015134  bucket 0->0  (mf=1000)
[MF-SEL] tPrev=(  d=0.031143  dMin=0.000000  dAvg=0.037496  dMax=1.051355  Dlo=0.018748  Dhi=0.544425  err=0.000000  inc=-0.015134  bucket 0->0  (mf=1000)
[MF-SEL] tPrev=(  d=0.034484  dMin=0.000000  dAvg=0.037493  dMax=1.051355  Dlo=0.018747  Dhi=0.544424  err=0.000000  inc=-0.015134  bucket 0->0  (mf=1000)
[MF-SEL] tPrev=(  d=0.036624  dMin=0.000000  dAvg=0.037492  dMax=1.051355  Dlo=0.018746  Dhi=0.544423  err=0.000000  inc=-0.015134  bucket 0->0  (mf=1000)
[MF-SEL] tPrev=(  d=0.045948  dMin=0.000000  dAvg=0.037501  dMax=1.051355  Dlo=0.018750  Dhi=0.544428  err=0.000000  inc=-0.015134  bucket 0->0  (mf=1000)
[MF-SEL] tPrev=(  d=0.040970  dMin=0.000000  dAvg=0.037504  dMax=1.051355  Dlo=0.018752  Dhi=0.544429  err=0.000000  inc=-0.015134  bucket 0->0  (mf=1000)
[MF-SEL] tPrev=(  d=0.039593  dMin=0.000000  dAvg=0.037507  dMax=1.051355  Dlo=0.018753  Dhi=0.544431  err=0.000000  inc=-0.015134  bucket 0->0  (mf=1000)
[MF-SEL] tPrev=(  d=0.038107  dMin=0.000000  dAvg=0.037507  dMax=1.051355  Dlo=0.018754  Dhi=0.544431  err=0.000000  inc=-0.015134  bucket 0->0  (mf=1000)
[MF-SEL] tPrev=(  d=0.036361  dMin=0.000000  dAvg=0.037506  dMax=1.051355  Dlo=0.018753  Dhi=0.544430  err=0.000000  inc=-0.015134  bucket 0->0  (mf=1000)
[MF-SEL] tPrev=(  d=0.036078  dMin=0.000000  dAvg=0.037505  dMax=1.051355  Dlo=0.018752  Dhi=0.544430  err=0.000000  inc=-0.015134  bucket 0->0  (mf=1000)
[MF-SEL] tPrev=(  d=0.032118  dMin=0.000000  dAvg=0.037499  dMax=1.051355  Dlo=0.018750  Dhi=0.544427  err=0.000000  inc=-0.015134  bucket 0->0  (mf=1000)
[MF-SEL] tPrev=(  d=0.029656  dMin=0.000000  dAvg=0.037491  dMax=1.051355  Dlo=0.018746  Dhi=0.544423  err=0.000000  inc=-0.015134  bucket 0->0  (mf=1000)
[MF-SEL] tPrev=(  d=0.031901  dMin=0.000000  dAvg=0.037486  dMax=1.051355  Dlo=0.018743  Dhi=0.544420  err=0.000000  inc=-0.015134  bucket 0->0  (mf=1000)
[MF-SEL] tPrev=(  d=0.027459  dMin=0.000000  dAvg=0.037476  dMax=1.051355  Dlo=0.018738  Dhi=0.544415  err=0.000000  inc=-0.015134  bucket 0->0  (mf=1000)
Dropping frame 1403715938.034058
[MF-SEL] tPrev=(  d=0.051159  dMin=0.000000  dAvg=0.037489  dMax=1.051355  Dlo=0.018745  Dhi=0.544422  err=0.000000  inc=-0.015134  bucket 0->0  (mf=1000)
Dropping frame 1403715938.134058
[MF-SEL] tPrev=(  d=0.045126  dMin=0.000000  dAvg=0.037497  dMax=1.051355  Dlo=0.018748  Dhi=0.544426  err=0.000000  inc=-0.015134  bucket 0->0  (mf=1000)
[MF-SEL] tPrev=(  d=0.025075  dMin=0.000000  dAvg=0.037485  dMax=1.051355  Dlo=0.018742  Dhi=0.544420  err=0.000000  inc=-0.015134  bucket 0->0  (mf=1000)
[MF-SEL] tPrev=(  d=0.028182  dMin=0.000000  dAvg=0.037475  dMax=1.051355  Dlo=0.018738  Dhi=0.544415  err=0.000000  inc=-0.015134  bucket 0->0  (mf=1000)
[MF-SEL] tPrev=(  d=0.034219  dMin=0.000000  dAvg=0.037472  dMax=1.051355  Dlo=0.018736  Dhi=0.544413  err=0.000000  inc=-0.015134  bucket 0->0  (mf=1000)
[MF-SEL] tPrev=(  d=0.038860  dMin=0.000000  dAvg=0.037474  dMax=1.051355  Dlo=0.018737  Dhi=0.544414  err=0.000000  inc=-0.015134  bucket 0->0  (mf=1000)
[MF-SEL] tPrev=(  d=0.041156  dMin=0.000000  dAvg=0.037477  dMax=1.051355  Dlo=0.018739  Dhi=0.544416  err=0.000000  inc=-0.015134  bucket 0->0  (mf=1000)
[MF-SEL] tPrev=(  d=0.043300  dMin=0.000000  dAvg=0.037483  dMax=1.051355  Dlo=0.018741  Dhi=0.544419  err=0.000000  inc=-0.015134  bucket 0->0  (mf=1000)
Dropping frame 1403715938.534058
[MF-SEL] tPrev=(  d=0.090416  dMin=0.000000  dAvg=0.037535  dMax=1.051355  Dlo=0.018768  Dhi=0.544445  err=0.000000  inc=-0.015134  bucket 0->0  (mf=1000)
[MF-SEL] tPrev=(  d=0.045426  dMin=0.000000  dAvg=0.037543  dMax=1.051355  Dlo=0.018772  Dhi=0.544449  err=0.000000  inc=-0.015134  bucket 0->0  (mf=1000)
Dropping frame 1403715938.684058
[MF-SEL] tPrev=(  d=0.090620  dMin=0.000000  dAvg=0.037595  dMax=1.051355  Dlo=0.018798  Dhi=0.544475  err=0.000000  inc=-0.015134  bucket 0->0  (mf=1000)
[MF-SEL] tPrev=(  d=0.047516  dMin=0.000000  dAvg=0.037605  dMax=1.051355  Dlo=0.018803  Dhi=0.544480  err=0.000000  inc=-0.015134  bucket 0->0  (mf=1000)
[MF-SEL] tPrev=(  d=0.047317  dMin=0.000000  dAvg=0.037615  dMax=1.051355  Dlo=0.018807  Dhi=0.544485  err=0.000000  inc=-0.015134  bucket 0->0  (mf=1000)
[MF-SEL] tPrev=(  d=0.049217  dMin=0.000000  dAvg=0.037626  dMax=1.051355  Dlo=0.018813  Dhi=0.544490  err=0.000000  inc=-0.015134  bucket 0->0  (mf=1000)
[MF-SEL] tPrev=(  d=0.060769  dMin=0.000000  dAvg=0.037649  dMax=1.051355  Dlo=0.018824  Dhi=0.544502  err=0.000000  inc=-0.015134  bucket 0->0  (mf=1000)
[MF-SEL] tPrev=(  d=0.054369  dMin=0.000000  dAvg=0.037665  dMax=1.051355  Dlo=0.018833  Dhi=0.544510  err=0.000000  inc=-0.015134  bucket 0->0  (mf=1000)
[MF-SEL] tPrev=(  d=0.057826  dMin=0.000000  dAvg=0.037685  dMax=1.051355  Dlo=0.018843  Dhi=0.544520  err=0.000000  inc=-0.015134  bucket 0->0  (mf=1000)
[MF-SEL] tPrev=(  d=0.074646  dMin=0.000000  dAvg=0.037721  dMax=1.051355  Dlo=0.018861  Dhi=0.544538  err=0.000000  inc=-0.015134  bucket 0->0  (mf=1000)
[MF-SEL] tPrev=(  d=0.067498  dMin=0.000000  dAvg=0.037750  dMax=1.051355  Dlo=0.018875  Dhi=0.544552  err=0.000000  inc=-0.015134  bucket 0->0  (mf=1000)
[MF-SEL] tPrev=(  d=0.072772  dMin=0.000000  dAvg=0.037785  dMax=1.051355  Dlo=0.018892  Dhi=0.544570  err=0.000000  inc=-0.015134  bucket 0->0  (mf=1000)
[MF-SEL] tPrev=(  d=0.077388  dMin=0.000000  dAvg=0.037823  dMax=1.051355  Dlo=0.018912  Dhi=0.544589  err=0.000000  inc=-0.015134  bucket 0->0  (mf=1000)
[MF-SEL] tPrev=(  d=0.085465  dMin=0.000000  dAvg=0.037870  dMax=1.051355  Dlo=0.018935  Dhi=0.544612  err=0.000000  inc=-0.015134  bucket 0->0  (mf=1000)
[MF-SEL] tPrev=(  d=0.081271  dMin=0.000000  dAvg=0.037912  dMax=1.051355  Dlo=0.018956  Dhi=0.544633  err=0.000000  inc=-0.015134  bucket 0->0  (mf=1000)
[MF-SEL] tPrev=(  d=0.081746  dMin=0.000000  dAvg=0.037955  dMax=1.051355  Dlo=0.018977  Dhi=0.544655  err=0.000000  inc=-0.015134  bucket 0->0  (mf=1000)
[MF-SEL] tPrev=(  d=0.080372  dMin=0.000000  dAvg=0.037996  dMax=1.051355  Dlo=0.018998  Dhi=0.544675  err=0.000000  inc=-0.015134  bucket 0->0  (mf=1000)
[MF-SEL] tPrev=(  d=0.077838  dMin=0.000000  dAvg=0.038035  dMax=1.051355  Dlo=0.019017  Dhi=0.544695  err=0.000000  inc=-0.015134  bucket 0->0  (mf=1000)
[MF-SEL] tPrev=(  d=0.073886  dMin=0.000000  dAvg=0.038070  dMax=1.051355  Dlo=0.019035  Dhi=0.544712  err=0.000000  inc=-0.015134  bucket 0->0  (mf=1000)
[MF-SEL] tPrev=(  d=0.070577  dMin=0.000000  dAvg=0.038101  dMax=1.051355  Dlo=0.019051  Dhi=0.544728  err=0.000000  inc=-0.015134  bucket 0->0  (mf=1000)
Dropping frame 1403715939.634058
[MF-SEL] tPrev=(  d=0.117765  dMin=0.000000  dAvg=0.038178  dMax=1.051355  Dlo=0.019089  Dhi=0.544766  err=0.000000  inc=-0.015134  bucket 0->0  (mf=1000)
[MF-SEL] tPrev=(  d=0.050848  dMin=0.000000  dAvg=0.038191  dMax=1.051355  Dlo=0.019095  Dhi=0.544773  err=0.000000  inc=-0.015134  bucket 0->0  (mf=1000)
[MF-SEL] tPrev=(  d=0.043018  dMin=0.000000  dAvg=0.038195  dMax=1.051355  Dlo=0.019098  Dhi=0.544775  err=0.000000  inc=-0.015134  bucket 0->0  (mf=1000)
[MF-SEL] tPrev=(  d=0.034697  dMin=0.000000  dAvg=0.038192  dMax=1.051355  Dlo=0.019096  Dhi=0.544773  err=0.000000  inc=-0.015134  bucket 0->0  (mf=1000)
[MF-SEL] tPrev=(  d=0.023899  dMin=0.000000  dAvg=0.038178  dMax=1.051355  Dlo=0.019089  Dhi=0.544766  err=0.000000  inc=-0.015134  bucket 0->0  (mf=1000)
[MF-SEL] tPrev=(  d=0.019498  dMin=0.000000  dAvg=0.038160  dMax=1.051355  Dlo=0.019080  Dhi=0.544757  err=0.000000  inc=-0.015134  bucket 0->0  (mf=1000)
[MF-SEL] tPrev=(  d=0.038179  dMin=0.000000  dAvg=0.038160  dMax=1.051355  Dlo=0.019080  Dhi=0.544757  err=0.000000  inc=-0.015134  bucket 0->0  (mf=1000)
Dropping frame 1403715940.034058
[MF-SEL] tPrev=(  d=0.053114  dMin=0.000000  dAvg=0.038174  dMax=1.051355  Dlo=0.019087  Dhi=0.544764  err=0.000000  inc=-0.015134  bucket 0->0  (mf=1000)
Dropping frame 1403715940.134058
[MF-SEL] tPrev=(  d=0.078179  dMin=0.000000  dAvg=0.038213  dMax=1.051355  Dlo=0.019106  Dhi=0.544784  err=0.000000  inc=-0.015134  bucket 0->0  (mf=1000)
[MF-SEL] tPrev=(  d=0.052668  dMin=0.000000  dAvg=0.038227  dMax=1.051355  Dlo=0.019113  Dhi=0.544791  err=0.000000  inc=-0.015134  bucket 0->0  (mf=1000)
[MF-SEL] tPrev=(  d=0.051567  dMin=0.000000  dAvg=0.038240  dMax=1.051355  Dlo=0.019120  Dhi=0.544797  err=0.000000  inc=-0.015134  bucket 0->0  (mf=1000)
[MF-SEL] tPrev=(  d=0.052809  dMin=0.000000  dAvg=0.038254  dMax=1.051355  Dlo=0.019127  Dhi=0.544804  err=0.000000  inc=-0.015134  bucket 0->0  (mf=1000)
[MF-SEL] tPrev=(  d=0.051967  dMin=0.000000  dAvg=0.038267  dMax=1.051355  Dlo=0.019133  Dhi=0.544811  err=0.000000  inc=-0.015134  bucket 0->0  (mf=1000)
[MF-SEL] tPrev=(  d=0.067036  dMin=0.000000  dAvg=0.038294  dMax=1.051355  Dlo=0.019147  Dhi=0.544824  err=0.000000  inc=-0.015134  bucket 0->0  (mf=1000)
[MF-SEL] tPrev=(  d=0.045251  dMin=0.000000  dAvg=0.038301  dMax=1.051355  Dlo=0.019150  Dhi=0.544828  err=0.000000  inc=-0.015134  bucket 0->0  (mf=1000)
[MF-SEL] tPrev=(  d=0.041610  dMin=0.000000  dAvg=0.038304  dMax=1.051355  Dlo=0.019152  Dhi=0.544829  err=0.000000  inc=-0.015134  bucket 0->0  (mf=1000)
[MF-SEL] tPrev=(  d=0.036812  dMin=0.000000  dAvg=0.038303  dMax=1.051355  Dlo=0.019151  Dhi=0.544829  err=0.000000  inc=-0.015134  bucket 0->0  (mf=1000)
Dropping frame 1403715940.634058
[MF-SEL] tPrev=(  d=0.066458  dMin=0.000000  dAvg=0.038329  dMax=1.051355  Dlo=0.019165  Dhi=0.544842  err=0.000000  inc=-0.015134  bucket 0->0  (mf=1000)
[MF-SEL] tPrev=(  d=0.019639  dMin=0.000000  dAvg=0.038312  dMax=1.051355  Dlo=0.019156  Dhi=0.544833  err=0.000000  inc=-0.015134  bucket 0->0  (mf=1000)
[MF-SEL] tPrev=(  d=0.022053  dMin=0.000000  dAvg=0.038296  dMax=1.051355  Dlo=0.019148  Dhi=0.544825  err=0.000000  inc=-0.015134  bucket 0->0  (mf=1000)
[MF-SEL] tPrev=(  d=0.030727  dMin=0.000000  dAvg=0.038289  dMax=1.051355  Dlo=0.019144  Dhi=0.544822  err=0.000000  inc=-0.015134  bucket 0->0  (mf=1000)
[MF-SEL] tPrev=(  d=0.042032  dMin=0.000000  dAvg=0.038293  dMax=1.051355  Dlo=0.019146  Dhi=0.544824  err=0.000000  inc=-0.015134  bucket 0->0  (mf=1000)
[MF-SEL] tPrev=(  d=0.057453  dMin=0.000000  dAvg=0.038311  dMax=1.051355  Dlo=0.019155  Dhi=0.544833  err=0.000000  inc=-0.015134  bucket 0->0  (mf=1000)
[MF-SEL] tPrev=(  d=0.071076  dMin=0.000000  dAvg=0.038342  dMax=1.051355  Dlo=0.019171  Dhi=0.544848  err=0.000000  inc=-0.015134  bucket 0->0  (mf=1000)
[MF-SEL] tPrev=(  d=0.080954  dMin=0.000000  dAvg=0.038382  dMax=1.051355  Dlo=0.019191  Dhi=0.544868  err=0.000000  inc=-0.015134  bucket 0->0  (mf=1000)
[MF-SEL] tPrev=(  d=0.088854  dMin=0.000000  dAvg=0.038430  dMax=1.051355  Dlo=0.019215  Dhi=0.544892  err=0.000000  inc=-0.015134  bucket 0->0  (mf=1000)
[MF-SEL] tPrev=(  d=0.092797  dMin=0.000000  dAvg=0.038481  dMax=1.051355  Dlo=0.019241  Dhi=0.544918  err=0.000000  inc=-0.015134  bucket 0->0  (mf=1000)
[MF-SEL] tPrev=(  d=0.090209  dMin=0.000000  dAvg=0.038530  dMax=1.051355  Dlo=0.019265  Dhi=0.544942  err=0.000000  inc=-0.015134  bucket 0->0  (mf=1000)
[MF-SEL] tPrev=(  d=0.091119  dMin=0.000000  dAvg=0.038580  dMax=1.051355  Dlo=0.019290  Dhi=0.544967  err=0.000000  inc=-0.015134  bucket 0->0  (mf=1000)
[MF-SEL] tPrev=(  d=0.087145  dMin=0.000000  dAvg=0.038625  dMax=1.051355  Dlo=0.019313  Dhi=0.544990  err=0.000000  inc=-0.015134  bucket 0->0  (mf=1000)
Dropping frame 1403715941.334058
[MF-SEL] tPrev=(  d=0.161901  dMin=0.000000  dAvg=0.038742  dMax=1.051355  Dlo=0.019371  Dhi=0.545048  err=0.000000  inc=-0.015134  bucket 0->0  (mf=1000)
Dropping frame 1403715941.434058
[MF-SEL] tPrev=(  d=0.133417  dMin=0.000000  dAvg=0.038831  dMax=1.051355  Dlo=0.019415  Dhi=0.545093  err=0.000000  inc=-0.015134  bucket 0->0  (mf=1000)
Dropping frame 1403715941.534058
[MF-SEL] tPrev=(  d=0.092505  dMin=0.000000  dAvg=0.038881  dMax=1.051355  Dlo=0.019441  Dhi=0.545118  err=0.000000  inc=-0.015134  bucket 0->0  (mf=1000)
[MF-SEL] tPrev=(  d=0.033236  dMin=0.000000  dAvg=0.038876  dMax=1.051355  Dlo=0.019438  Dhi=0.545115  err=0.000000  inc=-0.015134  bucket 0->0  (mf=1000)
[MF-SEL] tPrev=(  d=0.022565  dMin=0.000000  dAvg=0.038860  dMax=1.051355  Dlo=0.019430  Dhi=0.545107  err=0.000000  inc=-0.015134  bucket 0->0  (mf=1000)
[MF-SEL] tPrev=(  d=0.013589  dMin=0.000000  dAvg=0.038837  dMax=1.051355  Dlo=0.019418  Dhi=0.545096  err=-1.000000  inc=-1.068529  bucket 0->0  (mf=1000)
[MF-SEL] tPrev=(  d=0.010657  dMin=0.000000  dAvg=0.038810  dMax=1.051355  Dlo=0.019405  Dhi=0.545082  err=-1.000000  inc=-0.619361  bucket 0->0  (mf=1000)
[MF-SEL] tPrev=(  d=0.014569  dMin=0.000000  dAvg=0.038788  dMax=1.051355  Dlo=0.019394  Dhi=0.545071  err=-1.000000  inc=-0.621647  bucket 0->0  (mf=1000)
[MF-SEL] tPrev=(  d=0.049216  dMin=0.000000  dAvg=0.038797  dMax=1.051355  Dlo=0.019399  Dhi=0.545076  err=0.000000  inc=0.375303  bucket 0->0  (mf=1000)
[MF-SEL] tPrev=(  d=0.039291  dMin=0.000000  dAvg=0.038798  dMax=1.051355  Dlo=0.019399  Dhi=0.545076  err=0.000000  inc=-0.021647  bucket 0->0  (mf=1000)
Dropping frame 1403715941.984058
[MF-SEL] tPrev=(  d=0.117585  dMin=0.000000  dAvg=0.038871  dMax=1.051355  Dlo=0.019436  Dhi=0.545113  err=0.000000  inc=-0.021647  bucket 0->0  (mf=1000)
[MF-SEL] tPrev=(  d=0.075182  dMin=0.000000  dAvg=0.038905  dMax=1.051355  Dlo=0.019453  Dhi=0.545130  err=0.000000  inc=-0.021647  bucket 0->0  (mf=1000)
[MF-SEL] tPrev=(  d=0.081124  dMin=0.000000  dAvg=0.038945  dMax=1.051355  Dlo=0.019472  Dhi=0.545150  err=0.000000  inc=-0.021647  bucket 0->0  (mf=1000)
Dropping frame 1403715942.184058
[MF-SEL] tPrev=(  d=0.181467  dMin=0.000000  dAvg=0.039077  dMax=1.051355  Dlo=0.019539  Dhi=0.545216  err=0.000000  inc=-0.021647  bucket 0->0  (mf=1000)
[MF-SEL] tPrev=(  d=0.100658  dMin=0.000000  dAvg=0.039134  dMax=1.051355  Dlo=0.019567  Dhi=0.545244  err=0.000000  inc=-0.021647  bucket 0->0  (mf=1000)
Dropping frame 1403715942.334058
[MF-SEL] tPrev=(  d=0.194806  dMin=0.000000  dAvg=0.039279  dMax=1.051355  Dlo=0.019639  Dhi=0.545317  err=0.000000  inc=-0.021647  bucket 0->0  (mf=1000)
[MF-SEL] tPrev=(  d=0.101964  dMin=0.000000  dAvg=0.039337  dMax=1.051355  Dlo=0.019669  Dhi=0.545346  err=0.000000  inc=-0.021647  bucket 0->0  (mf=1000)
[MF-SEL] tPrev=(  d=0.099575  dMin=0.000000  dAvg=0.039393  dMax=1.051355  Dlo=0.019696  Dhi=0.545374  err=0.000000  inc=-0.021647  bucket 0->0  (mf=1000)
Dropping frame 1403715942.534058
[MF-SEL] tPrev=(  d=0.177702  dMin=0.000000  dAvg=0.039521  dMax=1.051355  Dlo=0.019760  Dhi=0.545438  err=0.000000  inc=-0.021647  bucket 0->0  (mf=1000)
[MF-SEL] tPrev=(  d=0.087751  dMin=0.000000  dAvg=0.039566  dMax=1.051355  Dlo=0.019783  Dhi=0.545460  err=0.000000  inc=-0.021647  bucket 0->0  (mf=1000)
[MF-SEL] tPrev=(  d=0.078664  dMin=0.000000  dAvg=0.039602  dMax=1.051355  Dlo=0.019801  Dhi=0.545478  err=0.000000  inc=-0.021647  bucket 0->0  (mf=1000)
Dropping frame 1403715942.734058
[MF-SEL] tPrev=(  d=0.137609  dMin=0.000000  dAvg=0.039692  dMax=1.051355  Dlo=0.019846  Dhi=0.545523  err=0.000000  inc=-0.021647  bucket 0->0  (mf=1000)
[MF-SEL] tPrev=(  d=0.059143  dMin=0.000000  dAvg=0.039710  dMax=1.051355  Dlo=0.019855  Dhi=0.545532  err=0.000000  inc=-0.021647  bucket 0->0  (mf=1000)
[MF-SEL] tPrev=(  d=0.052857  dMin=0.000000  dAvg=0.039722  dMax=1.051355  Dlo=0.019861  Dhi=0.545538  err=0.000000  inc=-0.021647  bucket 0->0  (mf=1000)
[MF-SEL] tPrev=(  d=0.046887  dMin=0.000000  dAvg=0.039729  dMax=1.051355  Dlo=0.019864  Dhi=0.545542  err=0.000000  inc=-0.021647  bucket 0->0  (mf=1000)
[MF-SEL] tPrev=(  d=0.055833  dMin=0.000000  dAvg=0.039744  dMax=1.051355  Dlo=0.019872  Dhi=0.545549  err=0.000000  inc=-0.021647  bucket 0->0  (mf=1000)
[MF-SEL] tPrev=(  d=0.043981  dMin=0.000000  dAvg=0.039748  dMax=1.051355  Dlo=0.019874  Dhi=0.545551  err=0.000000  inc=-0.021647  bucket 0->0  (mf=1000)
[MF-SEL] tPrev=(  d=0.043679  dMin=0.000000  dAvg=0.039751  dMax=1.051355  Dlo=0.019876  Dhi=0.545553  err=0.000000  inc=-0.021647  bucket 0->0  (mf=1000)
[MF-SEL] tPrev=(  d=0.041526  dMin=0.000000  dAvg=0.039753  dMax=1.051355  Dlo=0.019876  Dhi=0.545554  err=0.000000  inc=-0.021647  bucket 0->0  (mf=1000)
[MF-SEL] tPrev=(  d=0.052282  dMin=0.000000  dAvg=0.039764  dMax=1.051355  Dlo=0.019882  Dhi=0.545559  err=0.000000  inc=-0.021647  bucket 0->0  (mf=1000)
[MF-SEL] tPrev=(  d=0.057035  dMin=0.000000  dAvg=0.039780  dMax=1.051355  Dlo=0.019890  Dhi=0.545567  err=0.000000  inc=-0.021647  bucket 0->0  (mf=1000)
[MF-SEL] tPrev=(  d=0.061907  dMin=0.000000  dAvg=0.039800  dMax=1.051355  Dlo=0.019900  Dhi=0.545577  err=0.000000  inc=-0.021647  bucket 0->0  (mf=1000)
[MF-SEL] tPrev=(  d=0.050917  dMin=0.000000  dAvg=0.039811  dMax=1.051355  Dlo=0.019905  Dhi=0.545583  err=0.000000  inc=-0.021647  bucket 0->0  (mf=1000)
[MF-SEL] tPrev=(  d=0.064730  dMin=0.000000  dAvg=0.039833  dMax=1.051355  Dlo=0.019917  Dhi=0.545594  err=0.000000  inc=-0.021647  bucket 0->0  (mf=1000)
Dropping frame 1403715943.434058
[MF-SEL] tPrev=(  d=0.126324  dMin=0.000000  dAvg=0.039912  dMax=1.051355  Dlo=0.019956  Dhi=0.545633  err=0.000000  inc=-0.021647  bucket 0->0  (mf=1000)
[MF-SEL] tPrev=(  d=0.052216  dMin=0.000000  dAvg=0.039923  dMax=1.051355  Dlo=0.019962  Dhi=0.545639  err=0.000000  inc=-0.021647  bucket 0->0  (mf=1000)
Dropping frame 1403715943.584058
[MF-SEL] tPrev=(  d=0.095583  dMin=0.000000  dAvg=0.039974  dMax=1.051355  Dlo=0.019987  Dhi=0.545664  err=0.000000  inc=-0.021647  bucket 0->0  (mf=1000)
[MF-SEL] tPrev=(  d=0.038056  dMin=0.000000  dAvg=0.039972  dMax=1.051355  Dlo=0.019986  Dhi=0.545663  err=0.000000  inc=-0.021647  bucket 0->0  (mf=1000)
[MF-SEL] tPrev=(  d=0.027750  dMin=0.000000  dAvg=0.039961  dMax=1.051355  Dlo=0.019981  Dhi=0.545658  err=0.000000  inc=-0.021647  bucket 0->0  (mf=1000)
[MF-SEL] tPrev=(  d=0.020849  dMin=0.000000  dAvg=0.039944  dMax=1.051355  Dlo=0.019972  Dhi=0.545649  err=0.000000  inc=-0.021647  bucket 0->0  (mf=1000)
[MF-SEL] tPrev=(  d=0.028800  dMin=0.000000  dAvg=0.039934  dMax=1.051355  Dlo=0.019967  Dhi=0.545644  err=0.000000  inc=-0.021647  bucket 0->0  (mf=1000)
[MF-SEL] tPrev=(  d=0.014442  dMin=0.000000  dAvg=0.039911  dMax=1.051355  Dlo=0.019955  Dhi=0.545633  err=-1.000000  inc=-0.969460  bucket 0->0  (mf=1000)
Dropping frame 1403715943.934058
[MF-SEL] tPrev=(  d=0.042808  dMin=0.000000  dAvg=0.039913  dMax=1.051355  Dlo=0.019957  Dhi=0.545634  err=0.000000  inc=0.168490  bucket 0->0  (mf=1000)
[MF-SEL] tPrev=(  d=0.031248  dMin=0.000000  dAvg=0.039905  dMax=1.051355  Dlo=0.019953  Dhi=0.545630  err=0.000000  inc=-0.023963  bucket 0->0  (mf=1000)
[MF-SEL] tPrev=(  d=0.039789  dMin=0.000000  dAvg=0.039905  dMax=1.051355  Dlo=0.019953  Dhi=0.545630  err=0.000000  inc=-0.023963  bucket 0->0  (mf=1000)
Dropping frame 1403715944.134058
[MF-SEL] tPrev=(  d=0.097398  dMin=0.000000  dAvg=0.039957  dMax=1.051355  Dlo=0.019979  Dhi=0.545656  err=0.000000  inc=-0.023963  bucket 0->0  (mf=1000)
Dropping frame 1403715944.234058
[MF-SEL] tPrev=(  d=0.131384  dMin=0.000000  dAvg=0.040040  dMax=1.051355  Dlo=0.020020  Dhi=0.545697  err=0.000000  inc=-0.023963  bucket 0->0  (mf=1000)
[MF-SEL] tPrev=(  d=0.052902  dMin=0.000000  dAvg=0.040051  dMax=1.051355  Dlo=0.020026  Dhi=0.545703  err=0.000000  inc=-0.023963  bucket 0->0  (mf=1000)
[MF-SEL] tPrev=(  d=0.050391  dMin=0.000000  dAvg=0.040061  dMax=1.051355  Dlo=0.020030  Dhi=0.545708  err=0.000000  inc=-0.023963  bucket 0->0  (mf=1000)
[MF-SEL] tPrev=(  d=0.045813  dMin=0.000000  dAvg=0.040066  dMax=1.051355  Dlo=0.020033  Dhi=0.545710  err=0.000000  inc=-0.023963  bucket 0->0  (mf=1000)
[MF-SEL] tPrev=(  d=0.080516  dMin=0.000000  dAvg=0.040102  dMax=1.051355  Dlo=0.020051  Dhi=0.545728  err=0.000000  inc=-0.023963  bucket 0->0  (mf=1000)
[MF-SEL] tPrev=(  d=0.035751  dMin=0.000000  dAvg=0.040098  dMax=1.051355  Dlo=0.020049  Dhi=0.545726  err=0.000000  inc=-0.023963  bucket 0->0  (mf=1000)
[MF-SEL] tPrev=(  d=0.028686  dMin=0.000000  dAvg=0.040088  dMax=1.051355  Dlo=0.020044  Dhi=0.545721  err=0.000000  inc=-0.023963  bucket 0->0  (mf=1000)
[MF-SEL] tPrev=(  d=0.020657  dMin=0.000000  dAvg=0.040071  dMax=1.051355  Dlo=0.020035  Dhi=0.545713  err=0.000000  inc=-0.023963  bucket 0->0  (mf=1000)
[MF-SEL] tPrev=(  d=0.013288  dMin=0.000000  dAvg=0.040047  dMax=1.051355  Dlo=0.020023  Dhi=0.545701  err=-1.000000  inc=-0.982536  bucket 0->0  (mf=1000)
[MF-SEL] tPrev=(  d=0.052364  dMin=0.000000  dAvg=0.040058  dMax=1.051355  Dlo=0.020029  Dhi=0.545706  err=0.000000  inc=0.309239  bucket 0->0  (mf=1000)
Dropping frame 1403715944.784058
[MF-SEL] tPrev=(  d=0.031906  dMin=0.000000  dAvg=0.040050  dMax=1.051355  Dlo=0.020025  Dhi=0.545702  err=0.000000  inc=-0.026208  bucket 0->0  (mf=1000)
[MF-SEL] tPrev=(  d=0.029793  dMin=0.000000  dAvg=0.040041  dMax=1.051355  Dlo=0.020021  Dhi=0.545698  err=0.000000  inc=-0.026208  bucket 0->0  (mf=1000)
[MF-SEL] tPrev=(  d=0.037908  dMin=0.000000  dAvg=0.040039  dMax=1.051355  Dlo=0.020020  Dhi=0.545697  err=0.000000  inc=-0.026208  bucket 0->0  (mf=1000)
[MF-SEL] tPrev=(  d=0.042898  dMin=0.000000  dAvg=0.040042  dMax=1.051355  Dlo=0.020021  Dhi=0.545698  err=0.000000  inc=-0.026208  bucket 0->0  (mf=1000)
[MF-SEL] tPrev=(  d=0.046515  dMin=0.000000  dAvg=0.040048  dMax=1.051355  Dlo=0.020024  Dhi=0.545701  err=0.000000  inc=-0.026208  bucket 0->0  (mf=1000)
[MF-SEL] tPrev=(  d=0.048366  dMin=0.000000  dAvg=0.040055  dMax=1.051355  Dlo=0.020028  Dhi=0.545705  err=0.000000  inc=-0.026208  bucket 0->0  (mf=1000)
[MF-SEL] tPrev=(  d=0.058857  dMin=0.000000  dAvg=0.040072  dMax=1.051355  Dlo=0.020036  Dhi=0.545713  err=0.000000  inc=-0.026208  bucket 0->0  (mf=1000)
[MF-SEL] tPrev=(  d=0.044640  dMin=0.000000  dAvg=0.040076  dMax=1.051355  Dlo=0.020038  Dhi=0.545715  err=0.000000  inc=-0.026208  bucket 0->0  (mf=1000)
[MF-SEL] tPrev=(  d=0.040750  dMin=0.000000  dAvg=0.040076  dMax=1.051355  Dlo=0.020038  Dhi=0.545715  err=0.000000  inc=-0.026208  bucket 0->0  (mf=1000)
[MF-SEL] tPrev=(  d=0.051142  dMin=0.000000  dAvg=0.040086  dMax=1.051355  Dlo=0.020043  Dhi=0.545720  err=0.000000  inc=-0.026208  bucket 0->0  (mf=1000)
[MF-SEL] tPrev=(  d=0.031987  dMin=0.000000  dAvg=0.040079  dMax=1.051355  Dlo=0.020040  Dhi=0.545717  err=0.000000  inc=-0.026208  bucket 0->0  (mf=1000)
[MF-SEL] tPrev=(  d=0.026246  dMin=0.000000  dAvg=0.040067  dMax=1.051355  Dlo=0.020033  Dhi=0.545711  err=0.000000  inc=-0.026208  bucket 0->0  (mf=1000)
[MF-SEL] tPrev=(  d=0.036501  dMin=0.000000  dAvg=0.040064  dMax=1.051355  Dlo=0.020032  Dhi=0.545709  err=0.000000  inc=-0.026208  bucket 0->0  (mf=1000)
[MF-SEL] tPrev=(  d=0.015977  dMin=0.000000  dAvg=0.040042  dMax=1.051355  Dlo=0.020021  Dhi=0.545698  err=-1.000000  inc=-0.975292  bucket 0->0  (mf=1000)
[MF-SEL] tPrev=(  d=0.013532  dMin=0.000000  dAvg=0.040019  dMax=1.051355  Dlo=0.020009  Dhi=0.545687  err=-1.000000  inc=-0.630784  bucket 0->0  (mf=1000)
[MF-SEL] tPrev=(  d=0.021988  dMin=0.000000  dAvg=0.040003  dMax=1.051355  Dlo=0.020002  Dhi=0.545679  err=0.000000  inc=0.315839  bucket 0->0  (mf=1000)
[MF-SEL] tPrev=(  d=0.022347  dMin=0.000000  dAvg=0.039987  dMax=1.051355  Dlo=0.019994  Dhi=0.545671  err=0.000000  inc=-0.030784  bucket 0->0  (mf=1000)
[MF-SEL] tPrev=(  d=0.029626  dMin=0.000000  dAvg=0.039978  dMax=1.051355  Dlo=0.019989  Dhi=0.545666  err=0.000000  inc=-0.030784  bucket 0->0  (mf=1000)
[MF-SEL] tPrev=(  d=0.036284  dMin=0.000000  dAvg=0.039975  dMax=1.051355  Dlo=0.019988  Dhi=0.545665  err=0.000000  inc=-0.030784  bucket 0->0  (mf=1000)
[MF-SEL] tPrev=(  d=0.039543  dMin=0.000000  dAvg=0.039975  dMax=1.051355  Dlo=0.019987  Dhi=0.545665  err=0.000000  inc=-0.030784  bucket 0->0  (mf=1000)
[MF-SEL] tPrev=(  d=0.042778  dMin=0.000000  dAvg=0.039977  dMax=1.051355  Dlo=0.019989  Dhi=0.545666  err=0.000000  inc=-0.030784  bucket 0->0  (mf=1000)
[MF-SEL] tPrev=(  d=0.035532  dMin=0.000000  dAvg=0.039973  dMax=1.051355  Dlo=0.019987  Dhi=0.545664  err=0.000000  inc=-0.030784  bucket 0->0  (mf=1000)
[MF-SEL] tPrev=(  d=0.042172  dMin=0.000000  dAvg=0.039975  dMax=1.051355  Dlo=0.019988  Dhi=0.545665  err=0.000000  inc=-0.030784  bucket 0->0  (mf=1000)
[MF-SEL] tPrev=(  d=0.040046  dMin=0.000000  dAvg=0.039975  dMax=1.051355  Dlo=0.019988  Dhi=0.545665  err=0.000000  inc=-0.030784  bucket 0->0  (mf=1000)
[MF-SEL] tPrev=(  d=0.034369  dMin=0.000000  dAvg=0.039970  dMax=1.051355  Dlo=0.019985  Dhi=0.545662  err=0.000000  inc=-0.030784  bucket 0->0  (mf=1000)
[MF-SEL] tPrev=(  d=0.031910  dMin=0.000000  dAvg=0.039963  dMax=1.051355  Dlo=0.019982  Dhi=0.545659  err=0.000000  inc=-0.030784  bucket 0->0  (mf=1000)
[MF-SEL] tPrev=(  d=0.027499  dMin=0.000000  dAvg=0.039952  dMax=1.051355  Dlo=0.019976  Dhi=0.545653  err=0.000000  inc=-0.030784  bucket 0->0  (mf=1000)
[MF-SEL] tPrev=(  d=0.031410  dMin=0.000000  dAvg=0.039945  dMax=1.051355  Dlo=0.019972  Dhi=0.545650  err=0.000000  inc=-0.030784  bucket 0->0  (mf=1000)
[MF-SEL] tPrev=(  d=0.019241  dMin=0.000000  dAvg=0.039927  dMax=1.051355  Dlo=0.019963  Dhi=0.545641  err=-1.000000  inc=-1.003487  bucket 0->0  (mf=1000)
[MF-SEL] tPrev=(  d=0.018942  dMin=0.000000  dAvg=0.039909  dMax=1.051355  Dlo=0.019954  Dhi=0.545632  err=-1.000000  inc=-0.635160  bucket 0->0  (mf=1000)
[MF-SEL] tPrev=(  d=0.022872  dMin=0.000000  dAvg=0.039894  dMax=1.051355  Dlo=0.019947  Dhi=0.545624  err=0.000000  inc=0.357997  bucket 0->0  (mf=1000)
Dropping frame 1403715946.384058
[MF-SEL] tPrev=(  d=0.096830  dMin=0.000000  dAvg=0.039943  dMax=1.051355  Dlo=0.019972  Dhi=0.545649  err=0.000000  inc=-0.035160  bucket 0->0  (mf=1000)
[MF-SEL] tPrev=(  d=0.049584  dMin=0.000000  dAvg=0.039952  dMax=1.051355  Dlo=0.019976  Dhi=0.545653  err=0.000000  inc=-0.035160  bucket 0->0  (mf=1000)
[MF-SEL] tPrev=(  d=0.054549  dMin=0.000000  dAvg=0.039964  dMax=1.051355  Dlo=0.019982  Dhi=0.545659  err=0.000000  inc=-0.035160  bucket 0->0  (mf=1000)
[MF-SEL] tPrev=(  d=0.056220  dMin=0.000000  dAvg=0.039978  dMax=1.051355  Dlo=0.019989  Dhi=0.545667  err=0.000000  inc=-0.035160  bucket 0->0  (mf=1000)
[MF-SEL] tPrev=(  d=0.060005  dMin=0.000000  dAvg=0.039996  dMax=1.051355  Dlo=0.019998  Dhi=0.545675  err=0.000000  inc=-0.035160  bucket 0->0  (mf=1000)
[MF-SEL] tPrev=(  d=0.059902  dMin=0.000000  dAvg=0.040013  dMax=1.051355  Dlo=0.020007  Dhi=0.545684  err=0.000000  inc=-0.035160  bucket 0->0  (mf=1000)
[MF-SEL] tPrev=(  d=0.050921  dMin=0.000000  dAvg=0.040023  dMax=1.051355  Dlo=0.020011  Dhi=0.545689  err=0.000000  inc=-0.035160  bucket 0->0  (mf=1000)
[MF-SEL] tPrev=(  d=0.054003  dMin=0.000000  dAvg=0.040035  dMax=1.051355  Dlo=0.020017  Dhi=0.545695  err=0.000000  inc=-0.035160  bucket 0->0  (mf=1000)
[MF-SEL] tPrev=(  d=0.050262  dMin=0.000000  dAvg=0.040043  dMax=1.051355  Dlo=0.020022  Dhi=0.545699  err=0.000000  inc=-0.035160  bucket 0->0  (mf=1000)
[MF-SEL] tPrev=(  d=0.041396  dMin=0.000000  dAvg=0.040045  dMax=1.051355  Dlo=0.020022  Dhi=0.545700  err=0.000000  inc=-0.035160  bucket 0->0  (mf=1000)
[MF-SEL] tPrev=(  d=0.041147  dMin=0.000000  dAvg=0.040046  dMax=1.051355  Dlo=0.020023  Dhi=0.545700  err=0.000000  inc=-0.035160  bucket 0->0  (mf=1000)
[MF-SEL] tPrev=(  d=0.035903  dMin=0.000000  dAvg=0.040042  dMax=1.051355  Dlo=0.020021  Dhi=0.545698  err=0.000000  inc=-0.035160  bucket 0->0  (mf=1000)
[MF-SEL] tPrev=(  d=0.031589  dMin=0.000000  dAvg=0.040035  dMax=1.051355  Dlo=0.020017  Dhi=0.545695  err=0.000000  inc=-0.035160  bucket 0->0  (mf=1000)
[MF-SEL] tPrev=(  d=0.017929  dMin=0.000000  dAvg=0.040016  dMax=1.051355  Dlo=0.020008  Dhi=0.545685  err=-1.000000  inc=-0.974577  bucket 0->0  (mf=1000)
[MF-SEL] tPrev=(  d=0.022335  dMin=0.000000  dAvg=0.040001  dMax=1.051355  Dlo=0.020000  Dhi=0.545678  err=0.000000  inc=0.355926  bucket 0->0  (mf=1000)
[MF-SEL] tPrev=(  d=0.018615  dMin=0.000000  dAvg=0.039982  dMax=1.051355  Dlo=0.019991  Dhi=0.545668  err=-1.000000  inc=-0.942355  bucket 0->0  (mf=1000)
[MF-SEL] tPrev=(  d=0.017106  dMin=0.000000  dAvg=0.039963  dMax=1.051355  Dlo=0.019981  Dhi=0.545659  err=-1.000000  inc=-0.642411  bucket 0->0  (mf=1000)
[MF-SEL] tPrev=(  d=0.024092  dMin=0.000000  dAvg=0.039949  dMax=1.051355  Dlo=0.019974  Dhi=0.545652  err=0.000000  inc=0.360246  bucket 0->0  (mf=1000)
[MF-SEL] tPrev=(  d=0.026389  dMin=0.000000  dAvg=0.039937  dMax=1.051355  Dlo=0.019969  Dhi=0.545646  err=0.000000  inc=-0.042411  bucket 0->0  (mf=1000)
[MF-SEL] tPrev=(  d=0.033925  dMin=0.000000  dAvg=0.039932  dMax=1.051355  Dlo=0.019966  Dhi=0.545643  err=0.000000  inc=-0.042411  bucket 0->0  (mf=1000)
[MF-SEL] tPrev=(  d=0.042083  dMin=0.000000  dAvg=0.039934  dMax=1.051355  Dlo=0.019967  Dhi=0.545644  err=0.000000  inc=-0.042411  bucket 0->0  (mf=1000)
Dropping frame 1403715947.484058
[MF-SEL] tPrev=(  d=0.104841  dMin=0.000000  dAvg=0.039989  dMax=1.051355  Dlo=0.019995  Dhi=0.545672  err=0.000000  inc=-0.042411  bucket 0->0  (mf=1000)
[MF-SEL] tPrev=(  d=0.060002  dMin=0.000000  dAvg=0.040007  dMax=1.051355  Dlo=0.020003  Dhi=0.545681  err=0.000000  inc=-0.042411  bucket 0->0  (mf=1000)
[MF-SEL] tPrev=(  d=0.063921  dMin=0.000000  dAvg=0.040027  dMax=1.051355  Dlo=0.020013  Dhi=0.545691  err=0.000000  inc=-0.042411  bucket 0->0  (mf=1000)
[MF-SEL] tPrev=(  d=0.065352  dMin=0.000000  dAvg=0.040049  dMax=1.051355  Dlo=0.020024  Dhi=0.545702  err=0.000000  inc=-0.042411  bucket 0->0  (mf=1000)
[MF-SEL] tPrev=(  d=0.064657  dMin=0.000000  dAvg=0.040069  dMax=1.051355  Dlo=0.020035  Dhi=0.545712  err=0.000000  inc=-0.042411  bucket 0->0  (mf=1000)
[MF-SEL] tPrev=(  d=0.062411  dMin=0.000000  dAvg=0.040089  dMax=1.051355  Dlo=0.020044  Dhi=0.545722  err=0.000000  inc=-0.042411  bucket 0->0  (mf=1000)
[MF-SEL] tPrev=(  d=0.064405  dMin=0.000000  dAvg=0.040109  dMax=1.051355  Dlo=0.020055  Dhi=0.545732  err=0.000000  inc=-0.042411  bucket 0->0  (mf=1000)
[MF-SEL] tPrev=(  d=0.060548  dMin=0.000000  dAvg=0.040127  dMax=1.051355  Dlo=0.020063  Dhi=0.545741  err=0.000000  inc=-0.042411  bucket 0->0  (mf=1000)
[MF-SEL] tPrev=(  d=0.057459  dMin=0.000000  dAvg=0.040141  dMax=1.051355  Dlo=0.020071  Dhi=0.545748  err=0.000000  inc=-0.042411  bucket 0->0  (mf=1000)
[MF-SEL] tPrev=(  d=0.051528  dMin=0.000000  dAvg=0.040151  dMax=1.051355  Dlo=0.020075  Dhi=0.545753  err=0.000000  inc=-0.042411  bucket 0->0  (mf=1000)
[MF-SEL] tPrev=(  d=0.036802  dMin=0.000000  dAvg=0.040148  dMax=1.051355  Dlo=0.020074  Dhi=0.545751  err=0.000000  inc=-0.042411  bucket 0->0  (mf=1000)
[MF-SEL] tPrev=(  d=0.039314  dMin=0.000000  dAvg=0.040147  dMax=1.051355  Dlo=0.020074  Dhi=0.545751  err=0.000000  inc=-0.042411  bucket 0->0  (mf=1000)
[MF-SEL] tPrev=(  d=0.032576  dMin=0.000000  dAvg=0.040141  dMax=1.051355  Dlo=0.020070  Dhi=0.545748  err=0.000000  inc=-0.042411  bucket 0->0  (mf=1000)
[MF-SEL] tPrev=(  d=0.014653  dMin=0.000000  dAvg=0.040119  dMax=1.051355  Dlo=0.020060  Dhi=0.545737  err=-1.000000  inc=-1.026460  bucket 0->0  (mf=1000)
[MF-SEL] tPrev=(  d=0.026800  dMin=0.000000  dAvg=0.040108  dMax=1.051355  Dlo=0.020054  Dhi=0.545731  err=0.000000  inc=0.262990  bucket 0->0  (mf=1000)
[MF-SEL] tPrev=(  d=0.027816  dMin=0.000000  dAvg=0.040098  dMax=1.051355  Dlo=0.020049  Dhi=0.545726  err=0.000000  inc=-0.044505  bucket 0->0  (mf=1000)
[MF-SEL] tPrev=(  d=0.040694  dMin=0.000000  dAvg=0.040098  dMax=1.051355  Dlo=0.020049  Dhi=0.545726  err=0.000000  inc=-0.044505  bucket 0->0  (mf=1000)
Dropping frame 1403715948.384058
[MF-SEL] tPrev=(  d=0.090968  dMin=0.000000  dAvg=0.040141  dMax=1.051355  Dlo=0.020071  Dhi=0.545748  err=0.000000  inc=-0.044505  bucket 0->0  (mf=1000)
[MF-SEL] tPrev=(  d=0.050646  dMin=0.000000  dAvg=0.040150  dMax=1.051355  Dlo=0.020075  Dhi=0.545752  err=0.000000  inc=-0.044505  bucket 0->0  (mf=1000)
[MF-SEL] tPrev=(  d=0.055109  dMin=0.000000  dAvg=0.040163  dMax=1.051355  Dlo=0.020081  Dhi=0.545759  err=0.000000  inc=-0.044505  bucket 0->0  (mf=1000)
[MF-SEL] tPrev=(  d=0.056347  dMin=0.000000  dAvg=0.040176  dMax=1.051355  Dlo=0.020088  Dhi=0.545765  err=0.000000  inc=-0.044505  bucket 0->0  (mf=1000)
[MF-SEL] tPrev=(  d=0.048891  dMin=0.000000  dAvg=0.040184  dMax=1.051355  Dlo=0.020092  Dhi=0.545769  err=0.000000  inc=-0.044505  bucket 0->0  (mf=1000)
[MF-SEL] tPrev=(  d=0.055634  dMin=0.000000  dAvg=0.040196  dMax=1.051355  Dlo=0.020098  Dhi=0.545775  err=0.000000  inc=-0.044505  bucket 0->0  (mf=1000)
[MF-SEL] tPrev=(  d=0.053604  dMin=0.000000  dAvg=0.040208  dMax=1.051355  Dlo=0.020104  Dhi=0.545781  err=0.000000  inc=-0.044505  bucket 0->0  (mf=1000)
[MF-SEL] tPrev=(  d=0.042983  dMin=0.000000  dAvg=0.040210  dMax=1.051355  Dlo=0.020105  Dhi=0.545782  err=0.000000  inc=-0.044505  bucket 0->0  (mf=1000)
[MF-SEL] tPrev=(  d=0.045704  dMin=0.000000  dAvg=0.040215  dMax=1.051355  Dlo=0.020107  Dhi=0.545785  err=0.000000  inc=-0.044505  bucket 0->0  (mf=1000)
Dropping frame 1403715948.884058
[MF-SEL] tPrev=(  d=0.081340  dMin=0.000000  dAvg=0.040249  dMax=1.051355  Dlo=0.020125  Dhi=0.545802  err=0.000000  inc=-0.044505  bucket 0->0  (mf=1000)
[MF-SEL] tPrev=(  d=0.032986  dMin=0.000000  dAvg=0.040243  dMax=1.051355  Dlo=0.020121  Dhi=0.545799  err=0.000000  inc=-0.044505  bucket 0->0  (mf=1000)
[MF-SEL] tPrev=(  d=0.030579  dMin=0.000000  dAvg=0.040235  dMax=1.051355  Dlo=0.020117  Dhi=0.545795  err=0.000000  inc=-0.044505  bucket 0->0  (mf=1000)
[MF-SEL] tPrev=(  d=0.021075  dMin=0.000000  dAvg=0.040219  dMax=1.051355  Dlo=0.020109  Dhi=0.545787  err=0.000000  inc=-0.044505  bucket 0->0  (mf=1000)
[MF-SEL] tPrev=(  d=0.015550  dMin=0.000000  dAvg=0.040198  dMax=1.051355  Dlo=0.020099  Dhi=0.545776  err=-1.000000  inc=-1.070108  bucket 0->0  (mf=1000)
[MF-SEL] tPrev=(  d=0.012951  dMin=0.000000  dAvg=0.040176  dMax=1.051355  Dlo=0.020088  Dhi=0.545765  err=-1.000000  inc=-0.648514  bucket 0->0  (mf=1000)
[MF-SEL] tPrev=(  d=0.015330  dMin=0.000000  dAvg=0.040155  dMax=1.051355  Dlo=0.020077  Dhi=0.545755  err=-1.000000  inc=-0.650985  bucket 0->0  (mf=1000)
Dropping frame 1403715949.284058
[MF-SEL] tPrev=(  d=0.035584  dMin=0.000000  dAvg=0.040151  dMax=1.051355  Dlo=0.020076  Dhi=0.545753  err=0.000000  inc=0.134824  bucket 0->0  (mf=1000)
Dropping frame 1403715949.384058
[MF-SEL] tPrev=(  d=0.049263  dMin=0.000000  dAvg=0.040159  dMax=1.051355  Dlo=0.020079  Dhi=0.545757  err=0.000000  inc=-0.050985  bucket 0->0  (mf=1000)
[MF-SEL] tPrev=(  d=0.024701  dMin=0.000000  dAvg=0.040146  dMax=1.051355  Dlo=0.020073  Dhi=0.545750  err=0.000000  inc=-0.050985  bucket 0->0  (mf=1000)
[MF-SEL] tPrev=(  d=0.021802  dMin=0.000000  dAvg=0.040131  dMax=1.051355  Dlo=0.020065  Dhi=0.545743  err=0.000000  inc=-0.050985  bucket 0->0  (mf=1000)
[MF-SEL] tPrev=(  d=0.021030  dMin=0.000000  dAvg=0.040115  dMax=1.051355  Dlo=0.020057  Dhi=0.545735  err=0.000000  inc=-0.050985  bucket 0->0  (mf=1000)
Dropping frame 1403715949.634058
[MF-SEL] tPrev=(  d=0.033364  dMin=0.000000  dAvg=0.040109  dMax=1.051355  Dlo=0.020055  Dhi=0.545732  err=0.000000  inc=-0.050985  bucket 0->0  (mf=1000)
[MF-SEL] tPrev=(  d=0.006711  dMin=0.000000  dAvg=0.040082  dMax=1.051355  Dlo=0.020041  Dhi=0.545718  err=-1.000000  inc=-1.012458  bucket 0->0  (mf=1000)
[MF-SEL] tPrev=(  d=0.008747  dMin=0.000000  dAvg=0.040056  dMax=1.051355  Dlo=0.020028  Dhi=0.545705  err=-1.000000  inc=-0.655555  bucket 0->0  (mf=1000)
[MF-SEL] tPrev=(  d=0.014383  dMin=0.000000  dAvg=0.040035  dMax=1.051355  Dlo=0.020017  Dhi=0.545695  err=-1.000000  inc=-0.657848  bucket 0->0  (mf=1000)
[MF-SEL] tPrev=(  d=0.022923  dMin=0.000000  dAvg=0.040020  dMax=1.051355  Dlo=0.020010  Dhi=0.545687  err=0.000000  inc=0.274903  bucket 0->0  (mf=1000)
[MF-SEL] tPrev=(  d=0.027328  dMin=0.000000  dAvg=0.040010  dMax=1.051355  Dlo=0.020005  Dhi=0.545682  err=0.000000  inc=-0.057848  bucket 0->0  (mf=1000)
[MF-SEL] tPrev=(  d=0.034893  dMin=0.000000  dAvg=0.040006  dMax=1.051355  Dlo=0.020003  Dhi=0.545680  err=0.000000  inc=-0.057848  bucket 0->0  (mf=1000)
Dropping frame 1403715950.034058
[MF-SEL] tPrev=(  d=0.101996  dMin=0.000000  dAvg=0.040057  dMax=1.051355  Dlo=0.020028  Dhi=0.545706  err=0.000000  inc=-0.057848  bucket 0->0  (mf=1000)
Dropping frame 1403715950.134058
[MF-SEL] tPrev=(  d=0.113174  dMin=0.000000  dAvg=0.040117  dMax=1.051355  Dlo=0.020058  Dhi=0.545736  err=0.000000  inc=-0.057848  bucket 0->0  (mf=1000)
[MF-SEL] tPrev=(  d=0.062833  dMin=0.000000  dAvg=0.040136  dMax=1.051355  Dlo=0.020068  Dhi=0.545745  err=0.000000  inc=-0.057848  bucket 0->0  (mf=1000)
Dropping frame 1403715950.284058
[MF-SEL] tPrev=(  d=0.137768  dMin=0.000000  dAvg=0.040216  dMax=1.051355  Dlo=0.020108  Dhi=0.545785  err=0.000000  inc=-0.057848  bucket 0->0  (mf=1000)
[MF-SEL] tPrev=(  d=0.061276  dMin=0.000000  dAvg=0.040233  dMax=1.051355  Dlo=0.020117  Dhi=0.545794  err=0.000000  inc=-0.057848  bucket 0->0  (mf=1000)
[MF-SEL] tPrev=(  d=0.057663  dMin=0.000000  dAvg=0.040247  dMax=1.051355  Dlo=0.020124  Dhi=0.545801  err=0.000000  inc=-0.057848  bucket 0->0  (mf=1000)
[MF-SEL] tPrev=(  d=0.053804  dMin=0.000000  dAvg=0.040258  dMax=1.051355  Dlo=0.020129  Dhi=0.545806  err=0.000000  inc=-0.057848  bucket 0->0  (mf=1000)
[MF-SEL] tPrev=(  d=0.050820  dMin=0.000000  dAvg=0.040267  dMax=1.051355  Dlo=0.020134  Dhi=0.545811  err=0.000000  inc=-0.057848  bucket 0->0  (mf=1000)
[MF-SEL] tPrev=(  d=0.042250  dMin=0.000000  dAvg=0.040269  dMax=1.051355  Dlo=0.020134  Dhi=0.545812  err=0.000000  inc=-0.057848  bucket 0->0  (mf=1000)
[MF-SEL] tPrev=(  d=0.043360  dMin=0.000000  dAvg=0.040271  dMax=1.051355  Dlo=0.020136  Dhi=0.545813  err=0.000000  inc=-0.057848  bucket 0->0  (mf=1000)
[MF-SEL] tPrev=(  d=0.030118  dMin=0.000000  dAvg=0.040263  dMax=1.051355  Dlo=0.020131  Dhi=0.545809  err=0.000000  inc=-0.057848  bucket 0->0  (mf=1000)
[MF-SEL] tPrev=(  d=0.024495  dMin=0.000000  dAvg=0.040250  dMax=1.051355  Dlo=0.020125  Dhi=0.545802  err=0.000000  inc=-0.057848  bucket 0->0  (mf=1000)
[MF-SEL] tPrev=(  d=0.020508  dMin=0.000000  dAvg=0.040234  dMax=1.051355  Dlo=0.020117  Dhi=0.545794  err=0.000000  inc=-0.057848  bucket 0->0  (mf=1000)
[MF-SEL] tPrev=(  d=0.015881  dMin=0.000000  dAvg=0.040214  dMax=1.051355  Dlo=0.020107  Dhi=0.545784  err=-1.000000  inc=-1.030821  bucket 0->0  (mf=1000)
[MF-SEL] tPrev=(  d=0.022930  dMin=0.000000  dAvg=0.040200  dMax=1.051355  Dlo=0.020100  Dhi=0.545777  err=0.000000  inc=0.237644  bucket 0->0  (mf=1000)
[MF-SEL] tPrev=(  d=0.028915  dMin=0.000000  dAvg=0.040191  dMax=1.051355  Dlo=0.020095  Dhi=0.545773  err=0.000000  inc=-0.060005  bucket 0->0  (mf=1000)
[MF-SEL] tPrev=(  d=0.036183  dMin=0.000000  dAvg=0.040188  dMax=1.051355  Dlo=0.020094  Dhi=0.545771  err=0.000000  inc=-0.060005  bucket 0->0  (mf=1000)
[MF-SEL] tPrev=(  d=0.038112  dMin=0.000000  dAvg=0.040186  dMax=1.051355  Dlo=0.020093  Dhi=0.545770  err=0.000000  inc=-0.060005  bucket 0->0  (mf=1000)
[MF-SEL] tPrev=(  d=0.049649  dMin=0.000000  dAvg=0.040194  dMax=1.051355  Dlo=0.020097  Dhi=0.545774  err=0.000000  inc=-0.060005  bucket 0->0  (mf=1000)
[MF-SEL] tPrev=(  d=0.054751  dMin=0.000000  dAvg=0.040205  dMax=1.051355  Dlo=0.020103  Dhi=0.545780  err=0.000000  inc=-0.060005  bucket 0->0  (mf=1000)
[MF-SEL] tPrev=(  d=0.058238  dMin=0.000000  dAvg=0.040220  dMax=1.051355  Dlo=0.020110  Dhi=0.545787  err=0.000000  inc=-0.060005  bucket 0->0  (mf=1000)
[MF-SEL] tPrev=(  d=0.054700  dMin=0.000000  dAvg=0.040232  dMax=1.051355  Dlo=0.020116  Dhi=0.545793  err=0.000000  inc=-0.060005  bucket 0->0  (mf=1000)
[MF-SEL] tPrev=(  d=0.059564  dMin=0.000000  dAvg=0.040247  dMax=1.051355  Dlo=0.020124  Dhi=0.545801  err=0.000000  inc=-0.060005  bucket 0->0  (mf=1000)
[MF-SEL] tPrev=(  d=0.058438  dMin=0.000000  dAvg=0.040262  dMax=1.051355  Dlo=0.020131  Dhi=0.545808  err=0.000000  inc=-0.060005  bucket 0->0  (mf=1000)
[MF-SEL] tPrev=(  d=0.055607  dMin=0.000000  dAvg=0.040274  dMax=1.051355  Dlo=0.020137  Dhi=0.545814  err=0.000000  inc=-0.060005  bucket 0->0  (mf=1000)
Dropping frame 1403715951.434058
[MF-SEL] tPrev=(  d=0.101031  dMin=0.000000  dAvg=0.040323  dMax=1.051355  Dlo=0.020162  Dhi=0.545839  err=0.000000  inc=-0.060005  bucket 0->0  (mf=1000)
[MF-SEL] tPrev=(  d=0.042887  dMin=0.000000  dAvg=0.040326  dMax=1.051355  Dlo=0.020163  Dhi=0.545840  err=0.000000  inc=-0.060005  bucket 0->0  (mf=1000)
Dropping frame 1403715951.584058
[MF-SEL] tPrev=(  d=0.050892  dMin=0.000000  dAvg=0.040334  dMax=1.051355  Dlo=0.020167  Dhi=0.545844  err=0.000000  inc=-0.060005  bucket 0->0  (mf=1000)
[MF-SEL] tPrev=(  d=0.027083  dMin=0.000000  dAvg=0.040323  dMax=1.051355  Dlo=0.020162  Dhi=0.545839  err=0.000000  inc=-0.060005  bucket 0->0  (mf=1000)
[MF-SEL] tPrev=(  d=0.024456  dMin=0.000000  dAvg=0.040311  dMax=1.051355  Dlo=0.020155  Dhi=0.545833  err=0.000000  inc=-0.060005  bucket 0->0  (mf=1000)
[MF-SEL] tPrev=(  d=0.026510  dMin=0.000000  dAvg=0.040300  dMax=1.051355  Dlo=0.020150  Dhi=0.545827  err=0.000000  inc=-0.060005  bucket 0->0  (mf=1000)
[MF-SEL] tPrev=(  d=0.045544  dMin=0.000000  dAvg=0.040304  dMax=1.051355  Dlo=0.020152  Dhi=0.545829  err=0.000000  inc=-0.060005  bucket 0->0  (mf=1000)
[MF-SEL] tPrev=(  d=0.042728  dMin=0.000000  dAvg=0.040306  dMax=1.051355  Dlo=0.020153  Dhi=0.545830  err=0.000000  inc=-0.060005  bucket 0->0  (mf=1000)
[MF-SEL] tPrev=(  d=0.052352  dMin=0.000000  dAvg=0.040315  dMax=1.051355  Dlo=0.020158  Dhi=0.545835  err=0.000000  inc=-0.060005  bucket 0->0  (mf=1000)
Dropping frame 1403715951.984058
[MF-SEL] tPrev=(  d=0.115582  dMin=0.000000  dAvg=0.040376  dMax=1.051355  Dlo=0.020188  Dhi=0.545865  err=0.000000  inc=-0.060005  bucket 0->0  (mf=1000)
[MF-SEL] tPrev=(  d=0.063059  dMin=0.000000  dAvg=0.040394  dMax=1.051355  Dlo=0.020197  Dhi=0.545874  err=0.000000  inc=-0.060005  bucket 0->0  (mf=1000)
[MF-SEL] tPrev=(  d=0.063458  dMin=0.000000  dAvg=0.040412  dMax=1.051355  Dlo=0.020206  Dhi=0.545883  err=0.000000  inc=-0.060005  bucket 0->0  (mf=1000)
[MF-SEL] tPrev=(  d=0.050888  dMin=0.000000  dAvg=0.040421  dMax=1.051355  Dlo=0.020210  Dhi=0.545888  err=0.000000  inc=-0.060005  bucket 0->0  (mf=1000)
[MF-SEL] tPrev=(  d=0.058358  dMin=0.000000  dAvg=0.040435  dMax=1.051355  Dlo=0.020217  Dhi=0.545895  err=0.000000  inc=-0.060005  bucket 0->0  (mf=1000)
[MF-SEL] tPrev=(  d=0.054819  dMin=0.000000  dAvg=0.040446  dMax=1.051355  Dlo=0.020223  Dhi=0.545900  err=0.000000  inc=-0.060005  bucket 0->0  (mf=1000)
[MF-SEL] tPrev=(  d=0.051281  dMin=0.000000  dAvg=0.040455  dMax=1.051355  Dlo=0.020227  Dhi=0.545905  err=0.000000  inc=-0.060005  bucket 0->0  (mf=1000)
[MF-SEL] tPrev=(  d=0.046670  dMin=0.000000  dAvg=0.040460  dMax=1.051355  Dlo=0.020230  Dhi=0.545907  err=0.000000  inc=-0.060005  bucket 0->0  (mf=1000)
[MF-SEL] tPrev=(  d=0.040670  dMin=0.000000  dAvg=0.040460  dMax=1.051355  Dlo=0.020230  Dhi=0.545907  err=0.000000  inc=-0.060005  bucket 0->0  (mf=1000)
[MF-SEL] tPrev=(  d=0.035586  dMin=0.000000  dAvg=0.040456  dMax=1.051355  Dlo=0.020228  Dhi=0.545905  err=0.000000  inc=-0.060005  bucket 0->0  (mf=1000)
[MF-SEL] tPrev=(  d=0.029549  dMin=0.000000  dAvg=0.040448  dMax=1.051355  Dlo=0.020224  Dhi=0.545901  err=0.000000  inc=-0.060005  bucket 0->0  (mf=1000)
[MF-SEL] tPrev=(  d=0.025181  dMin=0.000000  dAvg=0.040435  dMax=1.051355  Dlo=0.020218  Dhi=0.545895  err=0.000000  inc=-0.060005  bucket 0->0  (mf=1000)
[MF-SEL] tPrev=(  d=0.020368  dMin=0.000000  dAvg=0.040420  dMax=1.051355  Dlo=0.020210  Dhi=0.545887  err=0.000000  inc=-0.060005  bucket 0->0  (mf=1000)
[MF-SEL] tPrev=(  d=0.017643  dMin=0.000000  dAvg=0.040401  dMax=1.051355  Dlo=0.020201  Dhi=0.545878  err=-1.000000  inc=-1.027041  bucket 0->0  (mf=1000)
[MF-SEL] tPrev=(  d=0.019976  dMin=0.000000  dAvg=0.040385  dMax=1.051355  Dlo=0.020193  Dhi=0.545870  err=-1.000000  inc=-0.664390  bucket 0->0  (mf=1000)
[MF-SEL] tPrev=(  d=0.022601  dMin=0.000000  dAvg=0.040371  dMax=1.051355  Dlo=0.020186  Dhi=0.545863  err=0.000000  inc=0.277095  bucket 0->0  (mf=1000)
[MF-SEL] tPrev=(  d=0.029414  dMin=0.000000  dAvg=0.040363  dMax=1.051355  Dlo=0.020181  Dhi=0.545859  err=0.000000  inc=-0.064390  bucket 0->0  (mf=1000)
[MF-SEL] tPrev=(  d=0.036211  dMin=0.000000  dAvg=0.040359  dMax=1.051355  Dlo=0.020180  Dhi=0.545857  err=0.000000  inc=-0.064390  bucket 0->0  (mf=1000)
[MF-SEL] tPrev=(  d=0.046459  dMin=0.000000  dAvg=0.040364  dMax=1.051355  Dlo=0.020182  Dhi=0.545859  err=0.000000  inc=-0.064390  bucket 0->0  (mf=1000)
[MF-SEL] tPrev=(  d=0.054578  dMin=0.000000  dAvg=0.040375  dMax=1.051355  Dlo=0.020188  Dhi=0.545865  err=0.000000  inc=-0.064390  bucket 0->0  (mf=1000)
[MF-SEL] tPrev=(  d=0.061496  dMin=0.000000  dAvg=0.040392  dMax=1.051355  Dlo=0.020196  Dhi=0.545873  err=0.000000  inc=-0.064390  bucket 0->0  (mf=1000)
[MF-SEL] tPrev=(  d=0.065918  dMin=0.000000  dAvg=0.040412  dMax=1.051355  Dlo=0.020206  Dhi=0.545883  err=0.000000  inc=-0.064390  bucket 0->0  (mf=1000)
Dropping frame 1403715953.134058
[MF-SEL] tPrev=(  d=0.145348  dMin=0.000000  dAvg=0.040495  dMax=1.051355  Dlo=0.020247  Dhi=0.545925  err=0.000000  inc=-0.064390  bucket 0->0  (mf=1000)
[MF-SEL] tPrev=(  d=0.071026  dMin=0.000000  dAvg=0.040519  dMax=1.051355  Dlo=0.020259  Dhi=0.545937  err=0.000000  inc=-0.064390  bucket 0->0  (mf=1000)
[MF-SEL] tPrev=(  d=0.068365  dMin=0.000000  dAvg=0.040540  dMax=1.051355  Dlo=0.020270  Dhi=0.545948  err=0.000000  inc=-0.064390  bucket 0->0  (mf=1000)
[MF-SEL] tPrev=(  d=0.070530  dMin=0.000000  dAvg=0.040564  dMax=1.051355  Dlo=0.020282  Dhi=0.545959  err=0.000000  inc=-0.064390  bucket 0->0  (mf=1000)
[MF-SEL] tPrev=(  d=0.062491  dMin=0.000000  dAvg=0.040581  dMax=1.051355  Dlo=0.020291  Dhi=0.545968  err=0.000000  inc=-0.064390  bucket 0->0  (mf=1000)
[MF-SEL] tPrev=(  d=0.056417  dMin=0.000000  dAvg=0.040594  dMax=1.051355  Dlo=0.020297  Dhi=0.545974  err=0.000000  inc=-0.064390  bucket 0->0  (mf=1000)
[MF-SEL] tPrev=(  d=0.046927  dMin=0.000000  dAvg=0.040599  dMax=1.051355  Dlo=0.020299  Dhi=0.545977  err=0.000000  inc=-0.064390  bucket 0->0  (mf=1000)
[MF-SEL] tPrev=(  d=0.043127  dMin=0.000000  dAvg=0.040601  dMax=1.051355  Dlo=0.020300  Dhi=0.545978  err=0.000000  inc=-0.064390  bucket 0->0  (mf=1000)
[MF-SEL] tPrev=(  d=0.034819  dMin=0.000000  dAvg=0.040596  dMax=1.051355  Dlo=0.020298  Dhi=0.545975  err=0.000000  inc=-0.064390  bucket 0->0  (mf=1000)
[MF-SEL] tPrev=(  d=0.012504  dMin=0.000000  dAvg=0.040574  dMax=1.051355  Dlo=0.020287  Dhi=0.545964  err=-1.000000  inc=-1.028878  bucket 0->0  (mf=1000)
[MF-SEL] tPrev=(  d=0.017467  dMin=0.000000  dAvg=0.040556  dMax=1.051355  Dlo=0.020278  Dhi=0.545955  err=-1.000000  inc=-0.669016  bucket 0->0  (mf=1000)
[MF-SEL] tPrev=(  d=0.013842  dMin=0.000000  dAvg=0.040535  dMax=1.051355  Dlo=0.020268  Dhi=0.545945  err=-1.000000  inc=-0.671240  bucket 0->0  (mf=1000)
Dropping frame 1403715953.784058
[MF-SEL] tPrev=(  d=0.050735  dMin=0.000000  dAvg=0.040543  dMax=1.051355  Dlo=0.020272  Dhi=0.545949  err=0.000000  inc=0.090430  bucket 0->0  (mf=1000)
[MF-SEL] tPrev=(  d=0.038514  dMin=0.000000  dAvg=0.040542  dMax=1.051355  Dlo=0.020271  Dhi=0.545948  err=0.000000  inc=-0.071240  bucket 0->0  (mf=1000)
Dropping frame 1403715953.934058
[MF-SEL] tPrev=(  d=0.104355  dMin=0.000000  dAvg=0.040591  dMax=1.051355  Dlo=0.020296  Dhi=0.545973  err=0.000000  inc=-0.071240  bucket 0->0  (mf=1000)
[MF-SEL] tPrev=(  d=0.066508  dMin=0.000000  dAvg=0.040611  dMax=1.051355  Dlo=0.020306  Dhi=0.545983  err=0.000000  inc=-0.071240  bucket 0->0  (mf=1000)
[MF-SEL] tPrev=(  d=0.067900  dMin=0.000000  dAvg=0.040633  dMax=1.051355  Dlo=0.020316  Dhi=0.545994  err=0.000000  inc=-0.071240  bucket 0->0  (mf=1000)
[MF-SEL] tPrev=(  d=0.070999  dMin=0.000000  dAvg=0.040656  dMax=1.051355  Dlo=0.020328  Dhi=0.546005  err=0.000000  inc=-0.071240  bucket 0->0  (mf=1000)
[MF-SEL] tPrev=(  d=0.064874  dMin=0.000000  dAvg=0.040675  dMax=1.051355  Dlo=0.020337  Dhi=0.546015  err=0.000000  inc=-0.071240  bucket 0->0  (mf=1000)
Dropping frame 1403715954.234058
[MF-SEL] tPrev=(  d=0.145860  dMin=0.000000  dAvg=0.040757  dMax=1.051355  Dlo=0.020378  Dhi=0.546056  err=0.000000  inc=-0.071240  bucket 0->0  (mf=1000)
[MF-SEL] tPrev=(  d=0.069502  dMin=0.000000  dAvg=0.040779  dMax=1.051355  Dlo=0.020389  Dhi=0.546067  err=0.000000  inc=-0.071240  bucket 0->0  (mf=1000)
[MF-SEL] tPrev=(  d=0.067317  dMin=0.000000  dAvg=0.040799  dMax=1.051355  Dlo=0.020400  Dhi=0.546077  err=0.000000  inc=-0.071240  bucket 0->0  (mf=1000)
[MF-SEL] tPrev=(  d=0.063462  dMin=0.000000  dAvg=0.040817  dMax=1.051355  Dlo=0.020408  Dhi=0.546086  err=0.000000  inc=-0.071240  bucket 0->0  (mf=1000)
[MF-SEL] tPrev=(  d=0.064007  dMin=0.000000  dAvg=0.040835  dMax=1.051355  Dlo=0.020417  Dhi=0.546095  err=0.000000  inc=-0.071240  bucket 0->0  (mf=1000)
[MF-SEL] tPrev=(  d=0.053093  dMin=0.000000  dAvg=0.040844  dMax=1.051355  Dlo=0.020422  Dhi=0.546099  err=0.000000  inc=-0.071240  bucket 0->0  (mf=1000)
[MF-SEL] tPrev=(  d=0.046270  dMin=0.000000  dAvg=0.040848  dMax=1.051355  Dlo=0.020424  Dhi=0.546101  err=0.000000  inc=-0.071240  bucket 0->0  (mf=1000)
[MF-SEL] tPrev=(  d=0.033972  dMin=0.000000  dAvg=0.040843  dMax=1.051355  Dlo=0.020422  Dhi=0.546099  err=0.000000  inc=-0.071240  bucket 0->0  (mf=1000)
[MF-SEL] tPrev=(  d=0.031266  dMin=0.000000  dAvg=0.040836  dMax=1.051355  Dlo=0.020418  Dhi=0.546095  err=0.000000  inc=-0.071240  bucket 0->0  (mf=1000)
[MF-SEL] tPrev=(  d=0.025848  dMin=0.000000  dAvg=0.040824  dMax=1.051355  Dlo=0.020412  Dhi=0.546089  err=0.000000  inc=-0.071240  bucket 0->0  (mf=1000)
[MF-SEL] tPrev=(  d=0.025057  dMin=0.000000  dAvg=0.040812  dMax=1.051355  Dlo=0.020406  Dhi=0.546083  err=0.000000  inc=-0.071240  bucket 0->0  (mf=1000)
Dropping frame 1403715954.834058
[MF-SEL] tPrev=(  d=0.058673  dMin=0.000000  dAvg=0.040826  dMax=1.051355  Dlo=0.020413  Dhi=0.546090  err=0.000000  inc=-0.071240  bucket 0->0  (mf=1000)
[MF-SEL] tPrev=(  d=0.048626  dMin=0.000000  dAvg=0.040832  dMax=1.051355  Dlo=0.020416  Dhi=0.546093  err=0.000000  inc=-0.071240  bucket 0->0  (mf=1000)
[MF-SEL] tPrev=(  d=0.046566  dMin=0.000000  dAvg=0.040836  dMax=1.051355  Dlo=0.020418  Dhi=0.546095  err=0.000000  inc=-0.071240  bucket 0->0  (mf=1000)
Dropping frame 1403715955.034058
[MF-SEL] tPrev=(  d=0.119757  dMin=0.000000  dAvg=0.040897  dMax=1.051355  Dlo=0.020448  Dhi=0.546126  err=0.000000  inc=-0.071240  bucket 0->0  (mf=1000)
[MF-SEL] tPrev=(  d=0.061680  dMin=0.000000  dAvg=0.040913  dMax=1.051355  Dlo=0.020456  Dhi=0.546134  err=0.000000  inc=-0.071240  bucket 0->0  (mf=1000)
[MF-SEL] tPrev=(  d=0.061863  dMin=0.000000  dAvg=0.040929  dMax=1.051355  Dlo=0.020464  Dhi=0.546142  err=0.000000  inc=-0.071240  bucket 0->0  (mf=1000)
[MF-SEL] tPrev=(  d=0.076710  dMin=0.000000  dAvg=0.040956  dMax=1.051355  Dlo=0.020478  Dhi=0.546155  err=0.000000  inc=-0.071240  bucket 0->0  (mf=1000)
[MF-SEL] tPrev=(  d=0.062022  dMin=0.000000  dAvg=0.040972  dMax=1.051355  Dlo=0.020486  Dhi=0.546163  err=0.000000  inc=-0.071240  bucket 0->0  (mf=1000)
[MF-SEL] tPrev=(  d=0.058655  dMin=0.000000  dAvg=0.040986  dMax=1.051355  Dlo=0.020493  Dhi=0.546170  err=0.000000  inc=-0.071240  bucket 0->0  (mf=1000)
[MF-SEL] tPrev=(  d=0.054337  dMin=0.000000  dAvg=0.040996  dMax=1.051355  Dlo=0.020498  Dhi=0.546175  err=0.000000  inc=-0.071240  bucket 0->0  (mf=1000)
[MF-SEL] tPrev=(  d=0.050162  dMin=0.000000  dAvg=0.041003  dMax=1.051355  Dlo=0.020501  Dhi=0.546179  err=0.000000  inc=-0.071240  bucket 0->0  (mf=1000)
[MF-SEL] tPrev=(  d=0.035297  dMin=0.000000  dAvg=0.040999  dMax=1.051355  Dlo=0.020499  Dhi=0.546177  err=0.000000  inc=-0.071240  bucket 0->0  (mf=1000)
[MF-SEL] tPrev=(  d=0.038588  dMin=0.000000  dAvg=0.040997  dMax=1.051355  Dlo=0.020498  Dhi=0.546176  err=0.000000  inc=-0.071240  bucket 0->0  (mf=1000)
Dropping frame 1403715955.584058
[MF-SEL] tPrev=(  d=0.045174  dMin=0.000000  dAvg=0.041000  dMax=1.051355  Dlo=0.020500  Dhi=0.546177  err=0.000000  inc=-0.071240  bucket 0->0  (mf=1000)
[MF-SEL] tPrev=(  d=0.016431  dMin=0.000000  dAvg=0.040981  dMax=1.051355  Dlo=0.020491  Dhi=0.546168  err=-1.000000  inc=-0.971626  bucket 0->0  (mf=1000)
[MF-SEL] tPrev=(  d=0.014977  dMin=0.000000  dAvg=0.040961  dMax=1.051355  Dlo=0.020481  Dhi=0.546158  err=-1.000000  inc=-0.676087  bucket 0->0  (mf=1000)
[MF-SEL] tPrev=(  d=0.021471  dMin=0.000000  dAvg=0.040947  dMax=1.051355  Dlo=0.020473  Dhi=0.546151  err=0.000000  inc=0.267319  bucket 0->0  (mf=1000)
[MF-SEL] tPrev=(  d=0.030556  dMin=0.000000  dAvg=0.040939  dMax=1.051355  Dlo=0.020469  Dhi=0.546147  err=0.000000  inc=-0.076087  bucket 0->0  (mf=1000)
Dropping frame 1403715955.884058
[MF-SEL] tPrev=(  d=0.075153  dMin=0.000000  dAvg=0.040965  dMax=1.051355  Dlo=0.020482  Dhi=0.546160  err=0.000000  inc=-0.076087  bucket 0->0  (mf=1000)
[MF-SEL] tPrev=(  d=0.038850  dMin=0.000000  dAvg=0.040963  dMax=1.051355  Dlo=0.020482  Dhi=0.546159  err=0.000000  inc=-0.076087  bucket 0->0  (mf=1000)
[MF-SEL] tPrev=(  d=0.039738  dMin=0.000000  dAvg=0.040962  dMax=1.051355  Dlo=0.020481  Dhi=0.546158  err=0.000000  inc=-0.076087  bucket 0->0  (mf=1000)
[MF-SEL] tPrev=(  d=0.039637  dMin=0.000000  dAvg=0.040961  dMax=1.051355  Dlo=0.020481  Dhi=0.546158  err=0.000000  inc=-0.076087  bucket 0->0  (mf=1000)
[MF-SEL] tPrev=(  d=0.051286  dMin=0.000000  dAvg=0.040969  dMax=1.051355  Dlo=0.020484  Dhi=0.546162  err=0.000000  inc=-0.076087  bucket 0->0  (mf=1000)
Dropping frame 1403715956.184058
[MF-SEL] tPrev=(  d=0.063919  dMin=0.000000  dAvg=0.040986  dMax=1.051355  Dlo=0.020493  Dhi=0.546170  err=0.000000  inc=-0.076087  bucket 0->0  (mf=1000)
[MF-SEL] tPrev=(  d=0.025129  dMin=0.000000  dAvg=0.040974  dMax=1.051355  Dlo=0.020487  Dhi=0.546164  err=0.000000  inc=-0.076087  bucket 0->0  (mf=1000)
[MF-SEL] tPrev=(  d=0.021022  dMin=0.000000  dAvg=0.040959  dMax=1.051355  Dlo=0.020480  Dhi=0.546157  err=0.000000  inc=-0.076087  bucket 0->0  (mf=1000)
[MF-SEL] tPrev=(  d=0.016539  dMin=0.000000  dAvg=0.040941  dMax=1.051355  Dlo=0.020470  Dhi=0.546148  err=-1.000000  inc=-1.031217  bucket 0->0  (mf=1000)
Dropping frame 1403715956.434058
[MF-SEL] tPrev=(  d=0.051326  dMin=0.000000  dAvg=0.040949  dMax=1.051355  Dlo=0.020474  Dhi=0.546152  err=0.000000  inc=0.093911  bucket 0->0  (mf=1000)
[MF-SEL] tPrev=(  d=0.007764  dMin=0.000000  dAvg=0.040924  dMax=1.051355  Dlo=0.020462  Dhi=0.546139  err=-1.000000  inc=-0.982163  bucket 0->0  (mf=1000)
[MF-SEL] tPrev=(  d=0.014268  dMin=0.000000  dAvg=0.040904  dMax=1.051355  Dlo=0.020452  Dhi=0.546129  err=-1.000000  inc=-0.683031  bucket 0->0  (mf=1000)
[MF-SEL] tPrev=(  d=0.022269  dMin=0.000000  dAvg=0.040890  dMax=1.051355  Dlo=0.020445  Dhi=0.546122  err=0.000000  inc=0.287203  bucket 0->0  (mf=1000)
Dropping frame 1403715956.684058
[MF-SEL] tPrev=(  d=0.061656  dMin=0.000000  dAvg=0.040905  dMax=1.051355  Dlo=0.020453  Dhi=0.546130  err=0.000000  inc=-0.083031  bucket 0->0  (mf=1000)
[MF-SEL] tPrev=(  d=0.044889  dMin=0.000000  dAvg=0.040908  dMax=1.051355  Dlo=0.020454  Dhi=0.546131  err=0.000000  inc=-0.083031  bucket 0->0  (mf=1000)
[MF-SEL] tPrev=(  d=0.052922  dMin=0.000000  dAvg=0.040917  dMax=1.051355  Dlo=0.020459  Dhi=0.546136  err=0.000000  inc=-0.083031  bucket 0->0  (mf=1000)
Dropping frame 1403715956.884058
[MF-SEL] tPrev=(  d=0.132678  dMin=0.000000  dAvg=0.040986  dMax=1.051355  Dlo=0.020493  Dhi=0.546170  err=0.000000  inc=-0.083031  bucket 0->0  (mf=1000)
Dropping frame 1403715956.984058
[MF-SEL] tPrev=(  d=0.133782  dMin=0.000000  dAvg=0.041055  dMax=1.051355  Dlo=0.020528  Dhi=0.546205  err=0.000000  inc=-0.083031  bucket 0->0  (mf=1000)
[MF-SEL] tPrev=(  d=0.070277  dMin=0.000000  dAvg=0.041077  dMax=1.051355  Dlo=0.020539  Dhi=0.546216  err=0.000000  inc=-0.083031  bucket 0->0  (mf=1000)
[MF-SEL] tPrev=(  d=0.072336  dMin=0.000000  dAvg=0.041101  dMax=1.051355  Dlo=0.020550  Dhi=0.546228  err=0.000000  inc=-0.083031  bucket 0->0  (mf=1000)
[MF-SEL] tPrev=(  d=0.072932  dMin=0.000000  dAvg=0.041124  dMax=1.051355  Dlo=0.020562  Dhi=0.546239  err=0.000000  inc=-0.083031  bucket 0->0  (mf=1000)
[MF-SEL] tPrev=(  d=0.069639  dMin=0.000000  dAvg=0.041146  dMax=1.051355  Dlo=0.020573  Dhi=0.546250  err=0.000000  inc=-0.083031  bucket 0->0  (mf=1000)
[MF-SEL] tPrev=(  d=0.066398  dMin=0.000000  dAvg=0.041165  dMax=1.051355  Dlo=0.020582  Dhi=0.546260  err=0.000000  inc=-0.083031  bucket 0->0  (mf=1000)
[MF-SEL] tPrev=(  d=0.063302  dMin=0.000000  dAvg=0.041181  dMax=1.051355  Dlo=0.020591  Dhi=0.546268  err=0.000000  inc=-0.083031  bucket 0->0  (mf=1000)
[MF-SEL] tPrev=(  d=0.059326  dMin=0.000000  dAvg=0.041195  dMax=1.051355  Dlo=0.020597  Dhi=0.546275  err=0.000000  inc=-0.083031  bucket 0->0  (mf=1000)
[MF-SEL] tPrev=(  d=0.048339  dMin=0.000000  dAvg=0.041200  dMax=1.051355  Dlo=0.020600  Dhi=0.546277  err=0.000000  inc=-0.083031  bucket 0->0  (mf=1000)
[MF-SEL] tPrev=(  d=0.045878  dMin=0.000000  dAvg=0.041203  dMax=1.051355  Dlo=0.020602  Dhi=0.546279  err=0.000000  inc=-0.083031  bucket 0->0  (mf=1000)
[MF-SEL] tPrev=(  d=0.038978  dMin=0.000000  dAvg=0.041202  dMax=1.051355  Dlo=0.020601  Dhi=0.546278  err=0.000000  inc=-0.083031  bucket 0->0  (mf=1000)
[MF-SEL] tPrev=(  d=0.023016  dMin=0.000000  dAvg=0.041188  dMax=1.051355  Dlo=0.020594  Dhi=0.546271  err=0.000000  inc=-0.083031  bucket 0->0  (mf=1000)
[MF-SEL] tPrev=(  d=0.026408  dMin=0.000000  dAvg=0.041177  dMax=1.051355  Dlo=0.020589  Dhi=0.546266  err=0.000000  inc=-0.083031  bucket 0->0  (mf=1000)
[MF-SEL] tPrev=(  d=0.025464  dMin=0.000000  dAvg=0.041166  dMax=1.051355  Dlo=0.020583  Dhi=0.546260  err=0.000000  inc=-0.083031  bucket 0->0  (mf=1000)
[MF-SEL] tPrev=(  d=0.028515  dMin=0.000000  dAvg=0.041156  dMax=1.051355  Dlo=0.020578  Dhi=0.546255  err=0.000000  inc=-0.083031  bucket 0->0  (mf=1000)
[MF-SEL] tPrev=(  d=0.038109  dMin=0.000000  dAvg=0.041154  dMax=1.051355  Dlo=0.020577  Dhi=0.546254  err=0.000000  inc=-0.083031  bucket 0->0  (mf=1000)
[MF-SEL] tPrev=(  d=0.048223  dMin=0.000000  dAvg=0.041159  dMax=1.051355  Dlo=0.020580  Dhi=0.546257  err=0.000000  inc=-0.083031  bucket 0->0  (mf=1000)
[MF-SEL] tPrev=(  d=0.051979  dMin=0.000000  dAvg=0.041167  dMax=1.051355  Dlo=0.020584  Dhi=0.546261  err=0.000000  inc=-0.083031  bucket 0->0  (mf=1000)
[MF-SEL] tPrev=(  d=0.062170  dMin=0.000000  dAvg=0.041183  dMax=1.051355  Dlo=0.020591  Dhi=0.546269  err=0.000000  inc=-0.083031  bucket 0->0  (mf=1000)
[MF-SEL] tPrev=(  d=0.065716  dMin=0.000000  dAvg=0.041201  dMax=1.051355  Dlo=0.020600  Dhi=0.546278  err=0.000000  inc=-0.083031  bucket 0->0  (mf=1000)
[MF-SEL] tPrev=(  d=0.059476  dMin=0.000000  dAvg=0.041214  dMax=1.051355  Dlo=0.020607  Dhi=0.546284  err=0.000000  inc=-0.083031  bucket 0->0  (mf=1000)
[MF-SEL] tPrev=(  d=0.066832  dMin=0.000000  dAvg=0.041233  dMax=1.051355  Dlo=0.020617  Dhi=0.546294  err=0.000000  inc=-0.083031  bucket 0->0  (mf=1000)
[MF-SEL] tPrev=(  d=0.065408  dMin=0.000000  dAvg=0.041251  dMax=1.051355  Dlo=0.020625  Dhi=0.546303  err=0.000000  inc=-0.083031  bucket 0->0  (mf=1000)
Dropping frame 1403715958.184058
[MF-SEL] tPrev=(  d=0.109738  dMin=0.000000  dAvg=0.041301  dMax=1.051355  Dlo=0.020651  Dhi=0.546328  err=0.000000  inc=-0.083031  bucket 0->0  (mf=1000)
[MF-SEL] tPrev=(  d=0.053714  dMin=0.000000  dAvg=0.041310  dMax=1.051355  Dlo=0.020655  Dhi=0.546333  err=0.000000  inc=-0.083031  bucket 0->0  (mf=1000)
[MF-SEL] tPrev=(  d=0.048075  dMin=0.000000  dAvg=0.041315  dMax=1.051355  Dlo=0.020658  Dhi=0.546335  err=0.000000  inc=-0.083031  bucket 0->0  (mf=1000)
[MF-SEL] tPrev=(  d=0.041812  dMin=0.000000  dAvg=0.041316  dMax=1.051355  Dlo=0.020658  Dhi=0.546335  err=0.000000  inc=-0.083031  bucket 0->0  (mf=1000)
Dropping frame 1403715958.434058
[MF-SEL] tPrev=(  d=0.067297  dMin=0.000000  dAvg=0.041335  dMax=1.051355  Dlo=0.020667  Dhi=0.546345  err=0.000000  inc=-0.083031  bucket 0->0  (mf=1000)
Dropping frame 1403715958.534058
[MF-SEL] tPrev=(  d=0.035752  dMin=0.000000  dAvg=0.041331  dMax=1.051355  Dlo=0.020665  Dhi=0.546343  err=0.000000  inc=-0.083031  bucket 0->0  (mf=1000)
[MF-SEL] tPrev=(  d=0.009332  dMin=0.000000  dAvg=0.041307  dMax=1.051355  Dlo=0.020654  Dhi=0.546331  err=-1.000000  inc=-1.054034  bucket 0->0  (mf=1000)
[MF-SEL] tPrev=(  d=0.026603  dMin=0.000000  dAvg=0.041297  dMax=1.051355  Dlo=0.020648  Dhi=0.546326  err=0.000000  inc=0.252154  bucket 0->0  (mf=1000)
[MF-SEL] tPrev=(  d=0.033918  dMin=0.000000  dAvg=0.041291  dMax=1.051355  Dlo=0.020646  Dhi=0.546323  err=0.000000  inc=-0.085200  bucket 0->0  (mf=1000)
[MF-SEL] tPrev=(  d=0.041479  dMin=0.000000  dAvg=0.041291  dMax=1.051355  Dlo=0.020646  Dhi=0.546323  err=0.000000  inc=-0.085200  bucket 0->0  (mf=1000)
[MF-SEL] tPrev=(  d=0.048532  dMin=0.000000  dAvg=0.041297  dMax=1.051355  Dlo=0.020648  Dhi=0.546326  err=0.000000  inc=-0.085200  bucket 0->0  (mf=1000)
[MF-SEL] tPrev=(  d=0.054179  dMin=0.000000  dAvg=0.041306  dMax=1.051355  Dlo=0.020653  Dhi=0.546330  err=0.000000  inc=-0.085200  bucket 0->0  (mf=1000)
[MF-SEL] tPrev=(  d=0.062313  dMin=0.000000  dAvg=0.041321  dMax=1.051355  Dlo=0.020661  Dhi=0.546338  err=0.000000  inc=-0.085200  bucket 0->0  (mf=1000)
[MF-SEL] tPrev=(  d=0.059605  dMin=0.000000  dAvg=0.041335  dMax=1.051355  Dlo=0.020667  Dhi=0.546345  err=0.000000  inc=-0.085200  bucket 0->0  (mf=1000)
Dropping frame 1403715959.034058
[MF-SEL] tPrev=(  d=0.130031  dMin=0.000000  dAvg=0.041399  dMax=1.051355  Dlo=0.020700  Dhi=0.546377  err=0.000000  inc=-0.085200  bucket 0->0  (mf=1000)
[MF-SEL] tPrev=(  d=0.061315  dMin=0.000000  dAvg=0.041414  dMax=1.051355  Dlo=0.020707  Dhi=0.546384  err=0.000000  inc=-0.085200  bucket 0->0  (mf=1000)
[MF-SEL] tPrev=(  d=0.059259  dMin=0.000000  dAvg=0.041427  dMax=1.051355  Dlo=0.020713  Dhi=0.546391  err=0.000000  inc=-0.085200  bucket 0->0  (mf=1000)
[MF-SEL] tPrev=(  d=0.056506  dMin=0.000000  dAvg=0.041438  dMax=1.051355  Dlo=0.020719  Dhi=0.546396  err=0.000000  inc=-0.085200  bucket 0->0  (mf=1000)
[MF-SEL] tPrev=(  d=0.053874  dMin=0.000000  dAvg=0.041447  dMax=1.051355  Dlo=0.020723  Dhi=0.546401  err=0.000000  inc=-0.085200  bucket 0->0  (mf=1000)
[MF-SEL] tPrev=(  d=0.060935  dMin=0.000000  dAvg=0.041461  dMax=1.051355  Dlo=0.020730  Dhi=0.546408  err=0.000000  inc=-0.085200  bucket 0->0  (mf=1000)
[MF-SEL] tPrev=(  d=0.047345  dMin=0.000000  dAvg=0.041465  dMax=1.051355  Dlo=0.020733  Dhi=0.546410  err=0.000000  inc=-0.085200  bucket 0->0  (mf=1000)
[MF-SEL] tPrev=(  d=0.040704  dMin=0.000000  dAvg=0.041465  dMax=1.051355  Dlo=0.020732  Dhi=0.546410  err=0.000000  inc=-0.085200  bucket 0->0  (mf=1000)
[MF-SEL] tPrev=(  d=0.017687  dMin=0.000000  dAvg=0.041447  dMax=1.051355  Dlo=0.020724  Dhi=0.546401  err=-1.000000  inc=-1.033082  bucket 0->0  (mf=1000)
[MF-SEL] tPrev=(  d=0.024136  dMin=0.000000  dAvg=0.041435  dMax=1.051355  Dlo=0.020717  Dhi=0.546395  err=0.000000  inc=0.256993  bucket 0->0  (mf=1000)
[MF-SEL] tPrev=(  d=0.014323  dMin=0.000000  dAvg=0.041415  dMax=1.051355  Dlo=0.020708  Dhi=0.546385  err=-1.000000  inc=-1.015248  bucket 0->0  (mf=1000)
[MF-SEL] tPrev=(  d=0.010311  dMin=0.000000  dAvg=0.041393  dMax=1.051355  Dlo=0.020696  Dhi=0.546374  err=-1.000000  inc=-0.692254  bucket 0->0  (mf=1000)
[MF-SEL] tPrev=(  d=0.016016  dMin=0.000000  dAvg=0.041374  dMax=1.051355  Dlo=0.020687  Dhi=0.546364  err=-1.000000  inc=-0.694829  bucket 0->0  (mf=1000)
[MF-SEL] tPrev=(  d=0.028629  dMin=0.000000  dAvg=0.041365  dMax=1.051355  Dlo=0.020683  Dhi=0.546360  err=0.000000  inc=0.253309  bucket 0->0  (mf=1000)
[MF-SEL] tPrev=(  d=0.053795  dMin=0.000000  dAvg=0.041374  dMax=1.051355  Dlo=0.020687  Dhi=0.546364  err=0.000000  inc=-0.094829  bucket 0->0  (mf=1000)
[MF-SEL] tPrev=(  d=0.047754  dMin=0.000000  dAvg=0.041379  dMax=1.051355  Dlo=0.020689  Dhi=0.546367  err=0.000000  inc=-0.094829  bucket 0->0  (mf=1000)
[MF-SEL] tPrev=(  d=0.052040  dMin=0.000000  dAvg=0.041386  dMax=1.051355  Dlo=0.020693  Dhi=0.546370  err=0.000000  inc=-0.094829  bucket 0->0  (mf=1000)
[MF-SEL] tPrev=(  d=0.057796  dMin=0.000000  dAvg=0.041398  dMax=1.051355  Dlo=0.020699  Dhi=0.546376  err=0.000000  inc=-0.094829  bucket 0->0  (mf=1000)
[MF-SEL] tPrev=(  d=0.054715  dMin=0.000000  dAvg=0.041408  dMax=1.051355  Dlo=0.020704  Dhi=0.546381  err=0.000000  inc=-0.094829  bucket 0->0  (mf=1000)
[MF-SEL] tPrev=(  d=0.052515  dMin=0.000000  dAvg=0.041416  dMax=1.051355  Dlo=0.020708  Dhi=0.546385  err=0.000000  inc=-0.094829  bucket 0->0  (mf=1000)
[MF-SEL] tPrev=(  d=0.049196  dMin=0.000000  dAvg=0.041421  dMax=1.051355  Dlo=0.020711  Dhi=0.546388  err=0.000000  inc=-0.094829  bucket 0->0  (mf=1000)
[MF-SEL] tPrev=(  d=0.044771  dMin=0.000000  dAvg=0.041424  dMax=1.051355  Dlo=0.020712  Dhi=0.546389  err=0.000000  inc=-0.094829  bucket 0->0  (mf=1000)
[MF-SEL] tPrev=(  d=0.039240  dMin=0.000000  dAvg=0.041422  dMax=1.051355  Dlo=0.020711  Dhi=0.546388  err=0.000000  inc=-0.094829  bucket 0->0  (mf=1000)
[MF-SEL] tPrev=(  d=0.039008  dMin=0.000000  dAvg=0.041421  dMax=1.051355  Dlo=0.020710  Dhi=0.546388  err=0.000000  inc=-0.094829  bucket 0->0  (mf=1000)
[MF-SEL] tPrev=(  d=0.025373  dMin=0.000000  dAvg=0.041409  dMax=1.051355  Dlo=0.020705  Dhi=0.546382  err=0.000000  inc=-0.094829  bucket 0->0  (mf=1000)
[MF-SEL] tPrev=(  d=0.018146  dMin=0.000000  dAvg=0.041392  dMax=1.051355  Dlo=0.020696  Dhi=0.546373  err=-1.000000  inc=-1.039420  bucket 0->0  (mf=1000)
[MF-SEL] tPrev=(  d=0.016045  dMin=0.000000  dAvg=0.041374  dMax=1.051355  Dlo=0.020687  Dhi=0.546364  err=-1.000000  inc=-0.699301  bucket 0->0  (mf=1000)
[MF-SEL] tPrev=(  d=0.010524  dMin=0.000000  dAvg=0.041352  dMax=1.051355  Dlo=0.020676  Dhi=0.546353  err=-1.000000  inc=-0.701762  bucket 0->0  (mf=1000)
[MF-SEL] tPrev=(  d=0.016235  dMin=0.000000  dAvg=0.041334  dMax=1.051355  Dlo=0.020667  Dhi=0.546344  err=-1.000000  inc=-0.704043  bucket 0->0  (mf=1000)
[MF-SEL] tPrev=(  d=0.025112  dMin=0.000000  dAvg=0.041323  dMax=1.051355  Dlo=0.020661  Dhi=0.546339  err=0.000000  inc=0.255797  bucket 0->0  (mf=1000)
[MF-SEL] tPrev=(  d=0.033853  dMin=0.000000  dAvg=0.041317  dMax=1.051355  Dlo=0.020659  Dhi=0.546336  err=0.000000  inc=-0.104043  bucket 0->0  (mf=1000)
[MF-SEL] tPrev=(  d=0.042795  dMin=0.000000  dAvg=0.041318  dMax=1.051355  Dlo=0.020659  Dhi=0.546336  err=0.000000  inc=-0.104043  bucket 0->0  (mf=1000)
[MF-SEL] tPrev=(  d=0.061557  dMin=0.000000  dAvg=0.041333  dMax=1.051355  Dlo=0.020666  Dhi=0.546344  err=0.000000  inc=-0.104043  bucket 0->0  (mf=1000)
[MF-SEL] tPrev=(  d=0.054877  dMin=0.000000  dAvg=0.041343  dMax=1.051355  Dlo=0.020671  Dhi=0.546349  err=0.000000  inc=-0.104043  bucket 0->0  (mf=1000)
[MF-SEL] tPrev=(  d=0.059009  dMin=0.000000  dAvg=0.041355  dMax=1.051355  Dlo=0.020678  Dhi=0.546355  err=0.000000  inc=-0.104043  bucket 0->0  (mf=1000)
[MF-SEL] tPrev=(  d=0.061282  dMin=0.000000  dAvg=0.041369  dMax=1.051355  Dlo=0.020685  Dhi=0.546362  err=0.000000  inc=-0.104043  bucket 0->0  (mf=1000)
[MF-SEL] tPrev=(  d=0.074346  dMin=0.000000  dAvg=0.041393  dMax=1.051355  Dlo=0.020696  Dhi=0.546374  err=0.000000  inc=-0.104043  bucket 0->0  (mf=1000)
[MF-SEL] tPrev=(  d=0.061529  dMin=0.000000  dAvg=0.041407  dMax=1.051355  Dlo=0.020703  Dhi=0.546381  err=0.000000  inc=-0.104043  bucket 0->0  (mf=1000)
Dropping frame 1403715960.984058
[MF-SEL] tPrev=(  d=0.112037  dMin=0.000000  dAvg=0.041457  dMax=1.051355  Dlo=0.020728  Dhi=0.546406  err=0.000000  inc=-0.104043  bucket 0->0  (mf=1000)
[MF-SEL] tPrev=(  d=0.047418  dMin=0.000000  dAvg=0.041461  dMax=1.051355  Dlo=0.020731  Dhi=0.546408  err=0.000000  inc=-0.104043  bucket 0->0  (mf=1000)
[MF-SEL] tPrev=(  d=0.040988  dMin=0.000000  dAvg=0.041461  dMax=1.051355  Dlo=0.020730  Dhi=0.546408  err=0.000000  inc=-0.104043  bucket 0->0  (mf=1000)
[MF-SEL] tPrev=(  d=0.035047  dMin=0.000000  dAvg=0.041456  dMax=1.051355  Dlo=0.020728  Dhi=0.546405  err=0.000000  inc=-0.104043  bucket 0->0  (mf=1000)
[MF-SEL] tPrev=(  d=0.027438  dMin=0.000000  dAvg=0.041446  dMax=1.051355  Dlo=0.020723  Dhi=0.546400  err=0.000000  inc=-0.104043  bucket 0->0  (mf=1000)
Dropping frame 1403715961.284058
[MF-SEL] tPrev=(  d=0.057817  dMin=0.000000  dAvg=0.041458  dMax=1.051355  Dlo=0.020729  Dhi=0.546406  err=0.000000  inc=-0.104043  bucket 0->0  (mf=1000)
[MF-SEL] tPrev=(  d=0.034950  dMin=0.000000  dAvg=0.041453  dMax=1.051355  Dlo=0.020727  Dhi=0.546404  err=0.000000  inc=-0.104043  bucket 0->0  (mf=1000)
[MF-SEL] tPrev=(  d=0.042287  dMin=0.000000  dAvg=0.041454  dMax=1.051355  Dlo=0.020727  Dhi=0.546404  err=0.000000  inc=-0.104043  bucket 0->0  (mf=1000)
[MF-SEL] tPrev=(  d=0.047793  dMin=0.000000  dAvg=0.041458  dMax=1.051355  Dlo=0.020729  Dhi=0.546406  err=0.000000  inc=-0.104043  bucket 0->0  (mf=1000)
[MF-SEL] tPrev=(  d=0.054504  dMin=0.000000  dAvg=0.041468  dMax=1.051355  Dlo=0.020734  Dhi=0.546411  err=0.000000  inc=-0.104043  bucket 0->0  (mf=1000)
[MF-SEL] tPrev=(  d=0.058027  dMin=0.000000  dAvg=0.041479  dMax=1.051355  Dlo=0.020740  Dhi=0.546417  err=0.000000  inc=-0.104043  bucket 0->0  (mf=1000)
[MF-SEL] tPrev=(  d=0.062813  dMin=0.000000  dAvg=0.041494  dMax=1.051355  Dlo=0.020747  Dhi=0.546424  err=0.000000  inc=-0.104043  bucket 0->0  (mf=1000)
[MF-SEL] tPrev=(  d=0.061932  dMin=0.000000  dAvg=0.041509  dMax=1.051355  Dlo=0.020754  Dhi=0.546432  err=0.000000  inc=-0.104043  bucket 0->0  (mf=1000)
[MF-SEL] tPrev=(  d=0.061152  dMin=0.000000  dAvg=0.041522  dMax=1.051355  Dlo=0.020761  Dhi=0.546438  err=0.000000  inc=-0.104043  bucket 0->0  (mf=1000)
[MF-SEL] tPrev=(  d=0.056050  dMin=0.000000  dAvg=0.041533  dMax=1.051355  Dlo=0.020766  Dhi=0.546444  err=0.000000  inc=-0.104043  bucket 0->0  (mf=1000)
[MF-SEL] tPrev=(  d=0.054957  dMin=0.000000  dAvg=0.041542  dMax=1.051355  Dlo=0.020771  Dhi=0.546448  err=0.000000  inc=-0.104043  bucket 0->0  (mf=1000)
[MF-SEL] tPrev=(  d=0.050490  dMin=0.000000  dAvg=0.041548  dMax=1.051355  Dlo=0.020774  Dhi=0.546451  err=0.000000  inc=-0.104043  bucket 0->0  (mf=1000)
[MF-SEL] tPrev=(  d=0.037259  dMin=0.000000  dAvg=0.041545  dMax=1.051355  Dlo=0.020773  Dhi=0.546450  err=0.000000  inc=-0.104043  bucket 0->0  (mf=1000)
[MF-SEL] tPrev=(  d=0.039821  dMin=0.000000  dAvg=0.041544  dMax=1.051355  Dlo=0.020772  Dhi=0.546449  err=0.000000  inc=-0.104043  bucket 0->0  (mf=1000)
[MF-SEL] tPrev=(  d=0.033337  dMin=0.000000  dAvg=0.041538  dMax=1.051355  Dlo=0.020769  Dhi=0.546446  err=0.000000  inc=-0.104043  bucket 0->0  (mf=1000)
[MF-SEL] tPrev=(  d=0.017493  dMin=0.000000  dAvg=0.041522  dMax=1.051355  Dlo=0.020761  Dhi=0.546438  err=-1.000000  inc=-1.033419  bucket 0->0  (mf=1000)
[MF-SEL] tPrev=(  d=0.015163  dMin=0.000000  dAvg=0.041503  dMax=1.051355  Dlo=0.020752  Dhi=0.546429  err=-1.000000  inc=-0.708831  bucket 0->0  (mf=1000)
[MF-SEL] tPrev=(  d=0.006596  dMin=0.000000  dAvg=0.041479  dMax=1.051355  Dlo=0.020739  Dhi=0.546417  err=-1.000000  inc=-0.711190  bucket 0->0  (mf=1000)
Dropping frame 1403715962.234058
[MF-SEL] tPrev=(  d=0.031378  dMin=0.000000  dAvg=0.041472  dMax=1.051355  Dlo=0.020736  Dhi=0.546413  err=0.000000  inc=0.053919  bucket 0->0  (mf=1000)
[MF-SEL] tPrev=(  d=0.029046  dMin=0.000000  dAvg=0.041463  dMax=1.051355  Dlo=0.020732  Dhi=0.546409  err=0.000000  inc=-0.111190  bucket 0->0  (mf=1000)
Dropping frame 1403715962.384058
[MF-SEL] tPrev=(  d=0.096007  dMin=0.000000  dAvg=0.041501  dMax=1.051355  Dlo=0.020751  Dhi=0.546428  err=0.000000  inc=-0.111190  bucket 0->0  (mf=1000)
[MF-SEL] tPrev=(  d=0.058073  dMin=0.000000  dAvg=0.041513  dMax=1.051355  Dlo=0.020756  Dhi=0.546434  err=0.000000  inc=-0.111190  bucket 0->0  (mf=1000)
[MF-SEL] tPrev=(  d=0.065869  dMin=0.000000  dAvg=0.041530  dMax=1.051355  Dlo=0.020765  Dhi=0.546442  err=0.000000  inc=-0.111190  bucket 0->0  (mf=1000)
Dropping frame 1403715962.584058
[MF-SEL] tPrev=(  d=0.160333  dMin=0.000000  dAvg=0.041612  dMax=1.051355  Dlo=0.020806  Dhi=0.546483  err=0.000000  inc=-0.111190  bucket 0->0  (mf=1000)
[MF-SEL] tPrev=(  d=0.082517  dMin=0.000000  dAvg=0.041640  dMax=1.051355  Dlo=0.020820  Dhi=0.546498  err=0.000000  inc=-0.111190  bucket 0->0  (mf=1000)
[MF-SEL] tPrev=(  d=0.085031  dMin=0.000000  dAvg=0.041671  dMax=1.051355  Dlo=0.020835  Dhi=0.546513  err=0.000000  inc=-0.111190  bucket 0->0  (mf=1000)
[MF-SEL] tPrev=(  d=0.087581  dMin=0.000000  dAvg=0.041702  dMax=1.051355  Dlo=0.020851  Dhi=0.546528  err=0.000000  inc=-0.111190  bucket 0->0  (mf=1000)
[MF-SEL] tPrev=(  d=0.088855  dMin=0.000000  dAvg=0.041735  dMax=1.051355  Dlo=0.020868  Dhi=0.546545  err=0.000000  inc=-0.111190  bucket 0->0  (mf=1000)
[MF-SEL] tPrev=(  d=0.084340  dMin=0.000000  dAvg=0.041765  dMax=1.051355  Dlo=0.020882  Dhi=0.546560  err=0.000000  inc=-0.111190  bucket 0->0  (mf=1000)
[MF-SEL] tPrev=(  d=0.091271  dMin=0.000000  dAvg=0.041799  dMax=1.051355  Dlo=0.020899  Dhi=0.546577  err=0.000000  inc=-0.111190  bucket 0->0  (mf=1000)
[MF-SEL] tPrev=(  d=0.091970  dMin=0.000000  dAvg=0.041834  dMax=1.051355  Dlo=0.020917  Dhi=0.546594  err=0.000000  inc=-0.111190  bucket 0->0  (mf=1000)
[MF-SEL] tPrev=(  d=0.090514  dMin=0.000000  dAvg=0.041867  dMax=1.051355  Dlo=0.020934  Dhi=0.546611  err=0.000000  inc=-0.111190  bucket 0->0  (mf=1000)
[MF-SEL] tPrev=(  d=0.088608  dMin=0.000000  dAvg=0.041900  dMax=1.051355  Dlo=0.020950  Dhi=0.546627  err=0.000000  inc=-0.111190  bucket 0->0  (mf=1000)
[MF-SEL] tPrev=(  d=0.067654  dMin=0.000000  dAvg=0.041917  dMax=1.051355  Dlo=0.020959  Dhi=0.546636  err=0.000000  inc=-0.111190  bucket 0->0  (mf=1000)
[MF-SEL] tPrev=(  d=0.083467  dMin=0.000000  dAvg=0.041946  dMax=1.051355  Dlo=0.020973  Dhi=0.546650  err=0.000000  inc=-0.111190  bucket 0->0  (mf=1000)
[MF-SEL] tPrev=(  d=0.079753  dMin=0.000000  dAvg=0.041972  dMax=1.051355  Dlo=0.020986  Dhi=0.546663  err=0.000000  inc=-0.111190  bucket 0->0  (mf=1000)
Dropping frame 1403715963.284058
[MF-SEL] tPrev=(  d=0.124958  dMin=0.000000  dAvg=0.042029  dMax=1.051355  Dlo=0.021015  Dhi=0.546692  err=0.000000  inc=-0.111190  bucket 0->0  (mf=1000)
[MF-SEL] tPrev=(  d=0.063562  dMin=0.000000  dAvg=0.042044  dMax=1.051355  Dlo=0.021022  Dhi=0.546699  err=0.000000  inc=-0.111190  bucket 0->0  (mf=1000)
[MF-SEL] tPrev=(  d=0.057042  dMin=0.000000  dAvg=0.042054  dMax=1.051355  Dlo=0.021027  Dhi=0.546704  err=0.000000  inc=-0.111190  bucket 0->0  (mf=1000)
[MF-SEL] tPrev=(  d=0.053107  dMin=0.000000  dAvg=0.042062  dMax=1.051355  Dlo=0.021031  Dhi=0.546708  err=0.000000  inc=-0.111190  bucket 0->0  (mf=1000)
[MF-SEL] tPrev=(  d=0.049825  dMin=0.000000  dAvg=0.042067  dMax=1.051355  Dlo=0.021034  Dhi=0.546711  err=0.000000  inc=-0.111190  bucket 0->0  (mf=1000)
[MF-SEL] tPrev=(  d=0.051879  dMin=0.000000  dAvg=0.042074  dMax=1.051355  Dlo=0.021037  Dhi=0.546714  err=0.000000  inc=-0.111190  bucket 0->0  (mf=1000)
Dropping frame 1403715963.634058
[MF-SEL] tPrev=(  d=0.097213  dMin=0.000000  dAvg=0.042112  dMax=1.051355  Dlo=0.021056  Dhi=0.546733  err=0.000000  inc=-0.111190  bucket 0->0  (mf=1000)
Dropping frame 1403715963.734058
[MF-SEL] tPrev=(  d=0.083700  dMin=0.000000  dAvg=0.042140  dMax=1.051355  Dlo=0.021070  Dhi=0.546747  err=0.000000  inc=-0.111190  bucket 0->0  (mf=1000)
[MF-SEL] tPrev=(  d=0.037729  dMin=0.000000  dAvg=0.042137  dMax=1.051355  Dlo=0.021069  Dhi=0.546746  err=0.000000  inc=-0.111190  bucket 0->0  (mf=1000)
[MF-SEL] tPrev=(  d=0.028329  dMin=0.000000  dAvg=0.042128  dMax=1.051355  Dlo=0.021064  Dhi=0.546741  err=0.000000  inc=-0.111190  bucket 0->0  (mf=1000)
[MF-SEL] tPrev=(  d=0.024323  dMin=0.000000  dAvg=0.042116  dMax=1.051355  Dlo=0.021058  Dhi=0.546735  err=0.000000  inc=-0.111190  bucket 0->0  (mf=1000)
[MF-SEL] tPrev=(  d=0.018647  dMin=0.000000  dAvg=0.042100  dMax=1.051355  Dlo=0.021050  Dhi=0.546727  err=-1.000000  inc=-1.052435  bucket 0->0  (mf=1000)
[MF-SEL] tPrev=(  d=0.020922  dMin=0.000000  dAvg=0.042085  dMax=1.051355  Dlo=0.021043  Dhi=0.546720  err=-1.000000  inc=-0.715790  bucket 0->0  (mf=1000)
Dropping frame 1403715964.084058
[MF-SEL] tPrev=(  d=0.012728  dMin=0.000000  dAvg=0.042065  dMax=1.051355  Dlo=0.021033  Dhi=0.546710  err=-1.000000  inc=-0.720359  bucket 0->0  (mf=1000)
Dropping frame 1403715964.184058
[MF-SEL] tPrev=(  d=0.008481  dMin=0.000000  dAvg=0.042042  dMax=1.051355  Dlo=0.021021  Dhi=0.546698  err=-1.000000  inc=-0.725110  bucket 0->0  (mf=1000)
[MF-SEL] tPrev=(  d=0.022439  dMin=0.000000  dAvg=0.042029  dMax=1.051355  Dlo=0.021014  Dhi=0.546692  err=0.000000  inc=0.223627  bucket 0->0  (mf=1000)
[MF-SEL] tPrev=(  d=0.017234  dMin=0.000000  dAvg=0.042012  dMax=1.051355  Dlo=0.021006  Dhi=0.546683  err=-1.000000  inc=-1.068641  bucket 0->0  (mf=1000)
[MF-SEL] tPrev=(  d=0.019257  dMin=0.000000  dAvg=0.041996  dMax=1.051355  Dlo=0.020998  Dhi=0.546675  err=-1.000000  inc=-0.729683  bucket 0->0  (mf=1000)
[MF-SEL] tPrev=(  d=0.014245  dMin=0.000000  dAvg=0.041978  dMax=1.051355  Dlo=0.020989  Dhi=0.546666  err=-1.000000  inc=-0.732033  bucket 0->0  (mf=1000)
[MF-SEL] tPrev=(  d=0.018508  dMin=0.000000  dAvg=0.041962  dMax=1.051355  Dlo=0.020981  Dhi=0.546658  err=-1.000000  inc=-0.734421  bucket 0->0  (mf=1000)
Dropping frame 1403715964.534058
[MF-SEL] tPrev=(  d=0.042841  dMin=0.000000  dAvg=0.041962  dMax=1.051355  Dlo=0.020981  Dhi=0.546658  err=0.000000  inc=0.045290  bucket 0->0  (mf=1000)
[MF-SEL] tPrev=(  d=0.022775  dMin=0.000000  dAvg=0.041949  dMax=1.051355  Dlo=0.020975  Dhi=0.546652  err=0.000000  inc=-0.134421  bucket 0->0  (mf=1000)
[MF-SEL] tPrev=(  d=0.024894  dMin=0.000000  dAvg=0.041938  dMax=1.051355  Dlo=0.020969  Dhi=0.546646  err=0.000000  inc=-0.134421  bucket 0->0  (mf=1000)
[MF-SEL] tPrev=(  d=0.027738  dMin=0.000000  dAvg=0.041928  dMax=1.051355  Dlo=0.020964  Dhi=0.546641  err=0.000000  inc=-0.134421  bucket 0->0  (mf=1000)
[MF-SEL] tPrev=(  d=0.027118  dMin=0.000000  dAvg=0.041918  dMax=1.051355  Dlo=0.020959  Dhi=0.546636  err=0.000000  inc=-0.134421  bucket 0->0  (mf=1000)
Dropping frame 1403715964.834058
[MF-SEL] tPrev=(  d=0.058917  dMin=0.000000  dAvg=0.041929  dMax=1.051355  Dlo=0.020965  Dhi=0.546642  err=0.000000  inc=-0.134421  bucket 0->0  (mf=1000)
Dropping frame 1403715964.934058
[MF-SEL] tPrev=(  d=0.043776  dMin=0.000000  dAvg=0.041931  dMax=1.051355  Dlo=0.020965  Dhi=0.546643  err=0.000000  inc=-0.134421  bucket 0->0  (mf=1000)
[MF-SEL] tPrev=(  d=0.017578  dMin=0.000000  dAvg=0.041914  dMax=1.051355  Dlo=0.020957  Dhi=0.546634  err=-1.000000  inc=-1.062498  bucket 0->0  (mf=1000)
[MF-SEL] tPrev=(  d=0.016249  dMin=0.000000  dAvg=0.041897  dMax=1.051355  Dlo=0.020948  Dhi=0.546626  err=-1.000000  inc=-0.738916  bucket 0->0  (mf=1000)
[MF-SEL] tPrev=(  d=0.015364  dMin=0.000000  dAvg=0.041879  dMax=1.051355  Dlo=0.020939  Dhi=0.546617  err=-1.000000  inc=-0.741385  bucket 0->0  (mf=1000)
Dropping frame 1403715965.184058
[MF-SEL] tPrev=(  d=0.028755  dMin=0.000000  dAvg=0.041870  dMax=1.051355  Dlo=0.020935  Dhi=0.546612  err=0.000000  inc=0.023732  bucket 0->0  (mf=1000)
[MF-SEL] tPrev=(  d=0.008746  dMin=0.000000  dAvg=0.041848  dMax=1.051355  Dlo=0.020924  Dhi=0.546601  err=-1.000000  inc=-1.082649  bucket 0->0  (mf=1000)
[MF-SEL] tPrev=(  d=0.007370  dMin=0.000000  dAvg=0.041825  dMax=1.051355  Dlo=0.020912  Dhi=0.546590  err=-1.000000  inc=-0.745853  bucket 0->0  (mf=1000)
Dropping frame 1403715965.384058
[MF-SEL] tPrev=(  d=0.027297  dMin=0.000000  dAvg=0.041815  dMax=1.051355  Dlo=0.020907  Dhi=0.546585  err=0.000000  inc=0.019866  bucket 0->0  (mf=1000)
[MF-SEL] tPrev=(  d=0.004260  dMin=0.000000  dAvg=0.041789  dMax=1.051355  Dlo=0.020895  Dhi=0.546572  err=-1.000000  inc=-1.089622  bucket 0->0  (mf=1000)
Dropping frame 1403715965.534058
[MF-SEL] tPrev=(  d=0.069920  dMin=0.000000  dAvg=0.041808  dMax=1.051355  Dlo=0.020904  Dhi=0.546581  err=0.000000  inc=0.026837  bucket 0->0  (mf=1000)
[MF-SEL] tPrev=(  d=0.026704  dMin=0.000000  dAvg=0.041798  dMax=1.051355  Dlo=0.020899  Dhi=0.546576  err=0.000000  inc=-0.148196  bucket 0->0  (mf=1000)
Dropping frame 1403715965.684058
[MF-SEL] tPrev=(  d=0.078915  dMin=0.000000  dAvg=0.041823  dMax=1.051355  Dlo=0.020912  Dhi=0.546589  err=0.000000  inc=-0.148196  bucket 0->0  (mf=1000)
[MF-SEL] tPrev=(  d=0.070732  dMin=0.000000  dAvg=0.041843  dMax=1.051355  Dlo=0.020921  Dhi=0.546599  err=0.000000  inc=-0.148196  bucket 0->0  (mf=1000)
[MF-SEL] tPrev=(  d=0.050487  dMin=0.000000  dAvg=0.041848  dMax=1.051355  Dlo=0.020924  Dhi=0.546601  err=0.000000  inc=-0.148196  bucket 0->0  (mf=1000)
[MF-SEL] tPrev=(  d=0.049030  dMin=0.000000  dAvg=0.041853  dMax=1.051355  Dlo=0.020927  Dhi=0.546604  err=0.000000  inc=-0.148196  bucket 0->0  (mf=1000)
[MF-SEL] tPrev=(  d=0.045636  dMin=0.000000  dAvg=0.041856  dMax=1.051355  Dlo=0.020928  Dhi=0.546605  err=0.000000  inc=-0.148196  bucket 0->0  (mf=1000)
[MF-SEL] tPrev=(  d=0.042508  dMin=0.000000  dAvg=0.041856  dMax=1.051355  Dlo=0.020928  Dhi=0.546605  err=0.000000  inc=-0.148196  bucket 0->0  (mf=1000)
[MF-SEL] tPrev=(  d=0.037916  dMin=0.000000  dAvg=0.041854  dMax=1.051355  Dlo=0.020927  Dhi=0.546604  err=0.000000  inc=-0.148196  bucket 0->0  (mf=1000)
[MF-SEL] tPrev=(  d=0.033226  dMin=0.000000  dAvg=0.041848  dMax=1.051355  Dlo=0.020924  Dhi=0.546601  err=0.000000  inc=-0.148196  bucket 0->0  (mf=1000)
[MF-SEL] tPrev=(  d=0.028829  dMin=0.000000  dAvg=0.041839  dMax=1.051355  Dlo=0.020920  Dhi=0.546597  err=0.000000  inc=-0.148196  bucket 0->0  (mf=1000)
[MF-SEL] tPrev=(  d=0.002255  dMin=0.000000  dAvg=0.041813  dMax=1.051355  Dlo=0.020906  Dhi=0.546584  err=-1.000000  inc=-1.104622  bucket 0->0  (mf=1000)
[MF-SEL] tPrev=(  d=0.020699  dMin=0.000000  dAvg=0.041799  dMax=1.051355  Dlo=0.020899  Dhi=0.546577  err=-1.000000  inc=-0.752873  bucket 0->0  (mf=1000)
[MF-SEL] tPrev=(  d=0.019772  dMin=0.000000  dAvg=0.041784  dMax=1.051355  Dlo=0.020892  Dhi=0.546569  err=-1.000000  inc=-0.755282  bucket 0->0  (mf=1000)
[MF-SEL] tPrev=(  d=0.017130  dMin=0.000000  dAvg=0.041767  dMax=1.051355  Dlo=0.020884  Dhi=0.546561  err=-1.000000  inc=-0.757419  bucket 0->0  (mf=1000)
*Loop detected
phi = -0.015908 -0.003651 -0.011645
BAD LOOP!!!
[MF-SEL] tPrev=(  d=0.030234  dMin=0.000000  dAvg=0.041760  dMax=1.051355  Dlo=0.020880  Dhi=0.546557  err=0.000000  inc=0.183403  bucket 0->0  (mf=1000)
Dropping frame 1403715966.434058
[MF-SEL] tPrev=(  d=0.060697  dMin=0.000000  dAvg=0.041772  dMax=1.051355  Dlo=0.020886  Dhi=0.546563  err=0.000000  inc=-0.157419  bucket 0->0  (mf=1000)
*Loop detected
phi = -0.009579 -0.001163 -0.005165
BAD LOOP!!!
[MF-SEL] tPrev=(  d=0.035783  dMin=0.000000  dAvg=0.041768  dMax=1.051355  Dlo=0.020884  Dhi=0.546561  err=0.000000  inc=-0.157419  bucket 0->0  (mf=1000)
[MF-SEL] tPrev=(  d=0.033292  dMin=0.000000  dAvg=0.041763  dMax=1.051355  Dlo=0.020881  Dhi=0.546559  err=0.000000  inc=-0.157419  bucket 0->0  (mf=1000)
[MF-SEL] tPrev=(  d=0.030166  dMin=0.000000  dAvg=0.041755  dMax=1.051355  Dlo=0.020878  Dhi=0.546555  err=0.000000  inc=-0.157419  bucket 0->0  (mf=1000)
[MF-SEL] tPrev=(  d=0.029071  dMin=0.000000  dAvg=0.041747  dMax=1.051355  Dlo=0.020873  Dhi=0.546551  err=0.000000  inc=-0.157419  bucket 0->0  (mf=1000)
[MF-SEL] tPrev=(  d=0.024469  dMin=0.000000  dAvg=0.041735  dMax=1.051355  Dlo=0.020868  Dhi=0.546545  err=0.000000  inc=-0.157419  bucket 0->0  (mf=1000)
[MF-SEL] tPrev=(  d=0.019668  dMin=0.000000  dAvg=0.041721  dMax=1.051355  Dlo=0.020860  Dhi=0.546538  err=-1.000000  inc=-1.099973  bucket 0->0  (mf=1000)
Dropping frame 1403715966.834058
[MF-SEL] tPrev=(  d=0.044193  dMin=0.000000  dAvg=0.041722  dMax=1.051355  Dlo=0.020861  Dhi=0.546538  err=0.000000  inc=0.003518  bucket 0->0  (mf=1000)
Dropping frame 1403715966.934058
[MF-SEL] tPrev=(  d=0.069860  dMin=0.000000  dAvg=0.041741  dMax=1.051355  Dlo=0.020870  Dhi=0.546548  err=0.000000  inc=-0.159770  bucket 0->0  (mf=1000)
[MF-SEL] tPrev=(  d=0.043027  dMin=0.000000  dAvg=0.041742  dMax=1.051355  Dlo=0.020871  Dhi=0.546548  err=0.000000  inc=-0.159770  bucket 0->0  (mf=1000)
Dropping frame 1403715967.084058
[MF-SEL] tPrev=(  d=0.080312  dMin=0.000000  dAvg=0.041767  dMax=1.051355  Dlo=0.020884  Dhi=0.546561  err=0.000000  inc=-0.159770  bucket 0->0  (mf=1000)
[MF-SEL] tPrev=(  d=0.052576  dMin=0.000000  dAvg=0.041774  dMax=1.051355  Dlo=0.020887  Dhi=0.546564  err=0.000000  inc=-0.159770  bucket 0->0  (mf=1000)
[MF-SEL] tPrev=(  d=0.039939  dMin=0.000000  dAvg=0.041773  dMax=1.051355  Dlo=0.020887  Dhi=0.546564  err=0.000000  inc=-0.159770  bucket 0->0  (mf=1000)
[MF-SEL] tPrev=(  d=0.037043  dMin=0.000000  dAvg=0.041770  dMax=1.051355  Dlo=0.020885  Dhi=0.546562  err=0.000000  inc=-0.159770  bucket 0->0  (mf=1000)
[MF-SEL] tPrev=(  d=0.033392  dMin=0.000000  dAvg=0.041764  dMax=1.051355  Dlo=0.020882  Dhi=0.546559  err=0.000000  inc=-0.159770  bucket 0->0  (mf=1000)
[MF-SEL] tPrev=(  d=0.018912  dMin=0.000000  dAvg=0.041749  dMax=1.051355  Dlo=0.020875  Dhi=0.546552  err=-1.000000  inc=-1.165929  bucket 0->0  (mf=1000)
Dropping frame 1403715967.434058
[MF-SEL] tPrev=(  d=0.051739  dMin=0.000000  dAvg=0.041756  dMax=1.051355  Dlo=0.020878  Dhi=0.546555  err=0.000000  inc=-0.000568  bucket 0->0  (mf=1000)
[MF-SEL] tPrev=(  d=0.032232  dMin=0.000000  dAvg=0.041750  dMax=1.051355  Dlo=0.020875  Dhi=0.546552  err=0.000000  inc=-0.161750  bucket 0->0  (mf=1000)
[MF-SEL] tPrev=(  d=0.035661  dMin=0.000000  dAvg=0.041746  dMax=1.051355  Dlo=0.020873  Dhi=0.546550  err=0.000000  inc=-0.161750  bucket 0->0  (mf=1000)
[MF-SEL] tPrev=(  d=0.040472  dMin=0.000000  dAvg=0.041745  dMax=1.051355  Dlo=0.020872  Dhi=0.546550  err=0.000000  inc=-0.161750  bucket 0->0  (mf=1000)
Dropping frame 1403715967.684058
[MF-SEL] tPrev=(  d=0.094887  dMin=0.000000  dAvg=0.041780  dMax=1.051355  Dlo=0.020890  Dhi=0.546567  err=0.000000  inc=-0.161750  bucket 0->0  (mf=1000)
[MF-SEL] tPrev=(  d=0.066727  dMin=0.000000  dAvg=0.041796  dMax=1.051355  Dlo=0.020898  Dhi=0.546575  err=0.000000  inc=-0.161750  bucket 0->0  (mf=1000)
[MF-SEL] tPrev=(  d=0.052913  dMin=0.000000  dAvg=0.041803  dMax=1.051355  Dlo=0.020902  Dhi=0.546579  err=0.000000  inc=-0.161750  bucket 0->0  (mf=1000)
[MF-SEL] tPrev=(  d=0.051405  dMin=0.000000  dAvg=0.041810  dMax=1.051355  Dlo=0.020905  Dhi=0.546582  err=0.000000  inc=-0.161750  bucket 0->0  (mf=1000)
[MF-SEL] tPrev=(  d=0.053724  dMin=0.000000  dAvg=0.041818  dMax=1.051355  Dlo=0.020909  Dhi=0.546586  err=0.000000  inc=-0.161750  bucket 0->0  (mf=1000)
[MF-SEL] tPrev=(  d=0.045182  dMin=0.000000  dAvg=0.041820  dMax=1.051355  Dlo=0.020910  Dhi=0.546587  err=0.000000  inc=-0.161750  bucket 0->0  (mf=1000)
[MF-SEL] tPrev=(  d=0.041648  dMin=0.000000  dAvg=0.041820  dMax=1.051355  Dlo=0.020910  Dhi=0.546587  err=0.000000  inc=-0.161750  bucket 0->0  (mf=1000)
[MF-SEL] tPrev=(  d=0.033857  dMin=0.000000  dAvg=0.041814  dMax=1.051355  Dlo=0.020907  Dhi=0.546584  err=0.000000  inc=-0.161750  bucket 0->0  (mf=1000)
[MF-SEL] tPrev=(  d=0.031033  dMin=0.000000  dAvg=0.041807  dMax=1.051355  Dlo=0.020904  Dhi=0.546581  err=0.000000  inc=-0.161750  bucket 0->0  (mf=1000)
Dropping frame 1403715968.184058
[MF-SEL] tPrev=(  d=0.049923  dMin=0.000000  dAvg=0.041813  dMax=1.051355  Dlo=0.020906  Dhi=0.546584  err=0.000000  inc=-0.161750  bucket 0->0  (mf=1000)
[MF-SEL] tPrev=(  d=0.015174  dMin=0.000000  dAvg=0.041795  dMax=1.051355  Dlo=0.020898  Dhi=0.546575  err=-1.000000  inc=-1.075165  bucket 0->0  (mf=1000)
[MF-SEL] tPrev=(  d=0.012395  dMin=0.000000  dAvg=0.041776  dMax=1.051355  Dlo=0.020888  Dhi=0.546565  err=-1.000000  inc=-0.766371  bucket 0->0  (mf=1000)
[MF-SEL] tPrev=(  d=0.011655  dMin=0.000000  dAvg=0.041756  dMax=1.051355  Dlo=0.020878  Dhi=0.546556  err=-1.000000  inc=-0.768512  bucket 0->0  (mf=1000)
[MF-SEL] tPrev=(  d=0.015112  dMin=0.000000  dAvg=0.041739  dMax=1.051355  Dlo=0.020870  Dhi=0.546547  err=-1.000000  inc=-0.770978  bucket 0->0  (mf=1000)
[MF-SEL] tPrev=(  d=0.017958  dMin=0.000000  dAvg=0.041724  dMax=1.051355  Dlo=0.020862  Dhi=0.546539  err=-1.000000  inc=-0.773212  bucket 0->0  (mf=1000)
[MF-SEL] tPrev=(  d=0.009137  dMin=0.000000  dAvg=0.041702  dMax=1.051355  Dlo=0.020851  Dhi=0.546528  err=-1.000000  inc=-0.775426  bucket 0->0  (mf=1000)
[MF-SEL] tPrev=(  d=0.023061  dMin=0.000000  dAvg=0.041690  dMax=1.051355  Dlo=0.020845  Dhi=0.546522  err=0.000000  inc=0.140539  bucket 0->0  (mf=1000)
[MF-SEL] tPrev=(  d=0.025132  dMin=0.000000  dAvg=0.041680  dMax=1.051355  Dlo=0.020840  Dhi=0.546517  err=0.000000  inc=-0.175426  bucket 0->0  (mf=1000)
[MF-SEL] tPrev=(  d=0.012080  dMin=0.000000  dAvg=0.041660  dMax=1.051355  Dlo=0.020830  Dhi=0.546507  err=-1.000000  inc=-1.190745  bucket 0->0  (mf=1000)
[MF-SEL] tPrev=(  d=0.027503  dMin=0.000000  dAvg=0.041651  dMax=1.051355  Dlo=0.020826  Dhi=0.546503  err=0.000000  inc=0.150821  bucket 0->0  (mf=1000)
[MF-SEL] tPrev=(  d=0.029065  dMin=0.000000  dAvg=0.041643  dMax=1.051355  Dlo=0.020822  Dhi=0.546499  err=0.000000  inc=-0.177361  bucket 0->0  (mf=1000)
[MF-SEL] tPrev=(  d=0.032139  dMin=0.000000  dAvg=0.041637  dMax=1.051355  Dlo=0.020818  Dhi=0.546496  err=0.000000  inc=-0.177361  bucket 0->0  (mf=1000)
[MF-SEL] tPrev=(  d=0.036501  dMin=0.000000  dAvg=0.041634  dMax=1.051355  Dlo=0.020817  Dhi=0.546494  err=0.000000  inc=-0.177361  bucket 0->0  (mf=1000)
[MF-SEL] tPrev=(  d=0.038631  dMin=0.000000  dAvg=0.041632  dMax=1.051355  Dlo=0.020816  Dhi=0.546493  err=0.000000  inc=-0.177361  bucket 0->0  (mf=1000)
[MF-SEL] tPrev=(  d=0.047981  dMin=0.000000  dAvg=0.041636  dMax=1.051355  Dlo=0.020818  Dhi=0.546495  err=0.000000  inc=-0.177361  bucket 0->0  (mf=1000)
[MF-SEL] tPrev=(  d=0.054740  dMin=0.000000  dAvg=0.041644  dMax=1.051355  Dlo=0.020822  Dhi=0.546499  err=0.000000  inc=-0.177361  bucket 0->0  (mf=1000)
[MF-SEL] tPrev=(  d=0.060369  dMin=0.000000  dAvg=0.041656  dMax=1.051355  Dlo=0.020828  Dhi=0.546505  err=0.000000  inc=-0.177361  bucket 0->0  (mf=1000)
Dropping frame 1403715969.134058
[MF-SEL] tPrev=(  d=0.141458  dMin=0.000000  dAvg=0.041721  dMax=1.051355  Dlo=0.020860  Dhi=0.546538  err=0.000000  inc=-0.177361  bucket 0->0  (mf=1000)
[MF-SEL] tPrev=(  d=0.068482  dMin=0.000000  dAvg=0.041738  dMax=1.051355  Dlo=0.020869  Dhi=0.546546  err=0.000000  inc=-0.177361  bucket 0->0  (mf=1000)
[MF-SEL] tPrev=(  d=0.065169  dMin=0.000000  dAvg=0.041753  dMax=1.051355  Dlo=0.020877  Dhi=0.546554  err=0.000000  inc=-0.177361  bucket 0->0  (mf=1000)
[MF-SEL] tPrev=(  d=0.072975  dMin=0.000000  dAvg=0.041773  dMax=1.051355  Dlo=0.020887  Dhi=0.546564  err=0.000000  inc=-0.177361  bucket 0->0  (mf=1000)
[MF-SEL] tPrev=(  d=0.053521  dMin=0.000000  dAvg=0.041781  dMax=1.051355  Dlo=0.020890  Dhi=0.546568  err=0.000000  inc=-0.177361  bucket 0->0  (mf=1000)
[MF-SEL] tPrev=(  d=0.045720  dMin=0.000000  dAvg=0.041783  dMax=1.051355  Dlo=0.020892  Dhi=0.546569  err=0.000000  inc=-0.177361  bucket 0->0  (mf=1000)
[MF-SEL] tPrev=(  d=0.036843  dMin=0.000000  dAvg=0.041780  dMax=1.051355  Dlo=0.020890  Dhi=0.546567  err=0.000000  inc=-0.177361  bucket 0->0  (mf=1000)
[MF-SEL] tPrev=(  d=0.028499  dMin=0.000000  dAvg=0.041772  dMax=1.051355  Dlo=0.020886  Dhi=0.546563  err=0.000000  inc=-0.177361  bucket 0->0  (mf=1000)
[MF-SEL] tPrev=(  d=0.012408  dMin=0.000000  dAvg=0.041753  dMax=1.051355  Dlo=0.020876  Dhi=0.546554  err=-1.000000  inc=-1.124502  bucket 0->0  (mf=1000)
[MF-SEL] tPrev=(  d=0.015429  dMin=0.000000  dAvg=0.041736  dMax=1.051355  Dlo=0.020868  Dhi=0.546545  err=-1.000000  inc=-0.782193  bucket 0->0  (mf=1000)
[MF-SEL] tPrev=(  d=0.019168  dMin=0.000000  dAvg=0.041721  dMax=1.051355  Dlo=0.020861  Dhi=0.546538  err=-1.000000  inc=-0.784578  bucket 0->0  (mf=1000)
[MF-SEL] tPrev=(  d=0.021623  dMin=0.000000  dAvg=0.041708  dMax=1.051355  Dlo=0.020854  Dhi=0.546531  err=0.000000  inc=0.170021  bucket 0->0  (mf=1000)
[MF-SEL] tPrev=(  d=0.034988  dMin=0.000000  dAvg=0.041704  dMax=1.051355  Dlo=0.020852  Dhi=0.546529  err=0.000000  inc=-0.184578  bucket 0->0  (mf=1000)
[MF-SEL] tPrev=(  d=0.043297  dMin=0.000000  dAvg=0.041705  dMax=1.051355  Dlo=0.020853  Dhi=0.546530  err=0.000000  inc=-0.184578  bucket 0->0  (mf=1000)
[MF-SEL] tPrev=(  d=0.049616  dMin=0.000000  dAvg=0.041710  dMax=1.051355  Dlo=0.020855  Dhi=0.546532  err=0.000000  inc=-0.184578  bucket 0->0  (mf=1000)
[MF-SEL] tPrev=(  d=0.054087  dMin=0.000000  dAvg=0.041718  dMax=1.051355  Dlo=0.020859  Dhi=0.546536  err=0.000000  inc=-0.184578  bucket 0->0  (mf=1000)
[MF-SEL] tPrev=(  d=0.056690  dMin=0.000000  dAvg=0.041728  dMax=1.051355  Dlo=0.020864  Dhi=0.546541  err=0.000000  inc=-0.184578  bucket 0->0  (mf=1000)
[MF-SEL] tPrev=(  d=0.057344  dMin=0.000000  dAvg=0.041738  dMax=1.051355  Dlo=0.020869  Dhi=0.546546  err=0.000000  inc=-0.184578  bucket 0->0  (mf=1000)
[MF-SEL] tPrev=(  d=0.054089  dMin=0.000000  dAvg=0.041746  dMax=1.051355  Dlo=0.020873  Dhi=0.546550  err=0.000000  inc=-0.184578  bucket 0->0  (mf=1000)
[MF-SEL] tPrev=(  d=0.054452  dMin=0.000000  dAvg=0.041754  dMax=1.051355  Dlo=0.020877  Dhi=0.546554  err=0.000000  inc=-0.184578  bucket 0->0  (mf=1000)
[MF-SEL] tPrev=(  d=0.051800  dMin=0.000000  dAvg=0.041760  dMax=1.051355  Dlo=0.020880  Dhi=0.546557  err=0.000000  inc=-0.184578  bucket 0->0  (mf=1000)
[MF-SEL] tPrev=(  d=0.049650  dMin=0.000000  dAvg=0.041765  dMax=1.051355  Dlo=0.020883  Dhi=0.546560  err=0.000000  inc=-0.184578  bucket 0->0  (mf=1000)
[MF-SEL] tPrev=(  d=0.044366  dMin=0.000000  dAvg=0.041767  dMax=1.051355  Dlo=0.020883  Dhi=0.546561  err=0.000000  inc=-0.184578  bucket 0->0  (mf=1000)
[MF-SEL] tPrev=(  d=0.039893  dMin=0.000000  dAvg=0.041766  dMax=1.051355  Dlo=0.020883  Dhi=0.546560  err=0.000000  inc=-0.184578  bucket 0->0  (mf=1000)
[MF-SEL] tPrev=(  d=0.035877  dMin=0.000000  dAvg=0.041762  dMax=1.051355  Dlo=0.020881  Dhi=0.546558  err=0.000000  inc=-0.184578  bucket 0->0  (mf=1000)
[MF-SEL] tPrev=(  d=0.033574  dMin=0.000000  dAvg=0.041757  dMax=1.051355  Dlo=0.020878  Dhi=0.546556  err=0.000000  inc=-0.184578  bucket 0->0  (mf=1000)
[MF-SEL] tPrev=(  d=0.033003  dMin=0.000000  dAvg=0.041751  dMax=1.051355  Dlo=0.020876  Dhi=0.546553  err=0.000000  inc=-0.184578  bucket 0->0  (mf=1000)
[MF-SEL] tPrev=(  d=0.035610  dMin=0.000000  dAvg=0.041747  dMax=1.051355  Dlo=0.020874  Dhi=0.546551  err=0.000000  inc=-0.184578  bucket 0->0  (mf=1000)
[MF-SEL] tPrev=(  d=0.038968  dMin=0.000000  dAvg=0.041745  dMax=1.051355  Dlo=0.020873  Dhi=0.546550  err=0.000000  inc=-0.184578  bucket 0->0  (mf=1000)
[MF-SEL] tPrev=(  d=0.045785  dMin=0.000000  dAvg=0.041748  dMax=1.051355  Dlo=0.020874  Dhi=0.546551  err=0.000000  inc=-0.184578  bucket 0->0  (mf=1000)
[MF-SEL] tPrev=(  d=0.044835  dMin=0.000000  dAvg=0.041750  dMax=1.051355  Dlo=0.020875  Dhi=0.546552  err=0.000000  inc=-0.184578  bucket 0->0  (mf=1000)
[MF-SEL] tPrev=(  d=0.047091  dMin=0.000000  dAvg=0.041753  dMax=1.051355  Dlo=0.020877  Dhi=0.546554  err=0.000000  inc=-0.184578  bucket 0->0  (mf=1000)
[MF-SEL] tPrev=(  d=0.047944  dMin=0.000000  dAvg=0.041757  dMax=1.051355  Dlo=0.020879  Dhi=0.546556  err=0.000000  inc=-0.184578  bucket 0->0  (mf=1000)
[MF-SEL] tPrev=(  d=0.046356  dMin=0.000000  dAvg=0.041760  dMax=1.051355  Dlo=0.020880  Dhi=0.546557  err=0.000000  inc=-0.184578  bucket 0->0  (mf=1000)
[MF-SEL] tPrev=(  d=0.045829  dMin=0.000000  dAvg=0.041763  dMax=1.051355  Dlo=0.020881  Dhi=0.546559  err=0.000000  inc=-0.184578  bucket 0->0  (mf=1000)
[MF-SEL] tPrev=(  d=0.038018  dMin=0.000000  dAvg=0.041760  dMax=1.051355  Dlo=0.020880  Dhi=0.546557  err=0.000000  inc=-0.184578  bucket 0->0  (mf=1000)
[MF-SEL] tPrev=(  d=0.031399  dMin=0.000000  dAvg=0.041754  dMax=1.051355  Dlo=0.020877  Dhi=0.546554  err=0.000000  inc=-0.184578  bucket 0->0  (mf=1000)
[MF-SEL] tPrev=(  d=0.028115  dMin=0.000000  dAvg=0.041745  dMax=1.051355  Dlo=0.020873  Dhi=0.546550  err=0.000000  inc=-0.184578  bucket 0->0  (mf=1000)
[MF-SEL] tPrev=(  d=0.018236  dMin=0.000000  dAvg=0.041730  dMax=1.051355  Dlo=0.020865  Dhi=0.546542  err=-1.000000  inc=-1.074203  bucket 0->0  (mf=1000)
[MF-SEL] tPrev=(  d=0.017805  dMin=0.000000  dAvg=0.041715  dMax=1.051355  Dlo=0.020858  Dhi=0.546535  err=-1.000000  inc=-0.789716  bucket 0->0  (mf=1000)
[MF-SEL] tPrev=(  d=0.024098  dMin=0.000000  dAvg=0.041704  dMax=1.051355  Dlo=0.020852  Dhi=0.546529  err=0.000000  inc=0.197487  bucket 0->0  (mf=1000)
[MF-SEL] tPrev=(  d=0.033443  dMin=0.000000  dAvg=0.041699  dMax=1.051355  Dlo=0.020850  Dhi=0.546527  err=0.000000  inc=-0.189716  bucket 0->0  (mf=1000)
[MF-SEL] tPrev=(  d=0.051171  dMin=0.000000  dAvg=0.041705  dMax=1.051355  Dlo=0.020852  Dhi=0.546530  err=0.000000  inc=-0.189716  bucket 0->0  (mf=1000)
[MF-SEL] tPrev=(  d=0.051411  dMin=0.000000  dAvg=0.041711  dMax=1.051355  Dlo=0.020856  Dhi=0.546533  err=0.000000  inc=-0.189716  bucket 0->0  (mf=1000)
[MF-SEL] tPrev=(  d=0.056951  dMin=0.000000  dAvg=0.041721  dMax=1.051355  Dlo=0.020860  Dhi=0.546538  err=0.000000  inc=-0.189716  bucket 0->0  (mf=1000)
[MF-SEL] tPrev=(  d=0.061263  dMin=0.000000  dAvg=0.041733  dMax=1.051355  Dlo=0.020866  Dhi=0.546544  err=0.000000  inc=-0.189716  bucket 0->0  (mf=1000)
[MF-SEL] tPrev=(  d=0.062863  dMin=0.000000  dAvg=0.041746  dMax=1.051355  Dlo=0.020873  Dhi=0.546550  err=0.000000  inc=-0.189716  bucket 0->0  (mf=1000)
[MF-SEL] tPrev=(  d=0.063346  dMin=0.000000  dAvg=0.041760  dMax=1.051355  Dlo=0.020880  Dhi=0.546557  err=0.000000  inc=-0.189716  bucket 0->0  (mf=1000)
[MF-SEL] tPrev=(  d=0.069701  dMin=0.000000  dAvg=0.041777  dMax=1.051355  Dlo=0.020889  Dhi=0.546566  err=0.000000  inc=-0.189716  bucket 0->0  (mf=1000)
[MF-SEL] tPrev=(  d=0.060902  dMin=0.000000  dAvg=0.041789  dMax=1.051355  Dlo=0.020895  Dhi=0.546572  err=0.000000  inc=-0.189716  bucket 0->0  (mf=1000)
[MF-SEL] tPrev=(  d=0.058230  dMin=0.000000  dAvg=0.041799  dMax=1.051355  Dlo=0.020900  Dhi=0.546577  err=0.000000  inc=-0.189716  bucket 0->0  (mf=1000)
[MF-SEL] tPrev=(  d=0.064617  dMin=0.000000  dAvg=0.041814  dMax=1.051355  Dlo=0.020907  Dhi=0.546584  err=0.000000  inc=-0.189716  bucket 0->0  (mf=1000)
[MF-SEL] tPrev=(  d=0.052233  dMin=0.000000  dAvg=0.041820  dMax=1.051355  Dlo=0.020910  Dhi=0.546587  err=0.000000  inc=-0.189716  bucket 0->0  (mf=1000)
[MF-SEL] tPrev=(  d=0.048381  dMin=0.000000  dAvg=0.041824  dMax=1.051355  Dlo=0.020912  Dhi=0.546589  err=0.000000  inc=-0.189716  bucket 0->0  (mf=1000)
[MF-SEL] tPrev=(  d=0.052194  dMin=0.000000  dAvg=0.041831  dMax=1.051355  Dlo=0.020915  Dhi=0.546593  err=0.000000  inc=-0.189716  bucket 0->0  (mf=1000)
[MF-SEL] tPrev=(  d=0.039963  dMin=0.000000  dAvg=0.041830  dMax=1.051355  Dlo=0.020915  Dhi=0.546592  err=0.000000  inc=-0.189716  bucket 0->0  (mf=1000)
[MF-SEL] tPrev=(  d=0.036101  dMin=0.000000  dAvg=0.041826  dMax=1.051355  Dlo=0.020913  Dhi=0.546590  err=0.000000  inc=-0.189716  bucket 0->0  (mf=1000)
Dropping frame 1403715972.034058
[MF-SEL] tPrev=(  d=0.059717  dMin=0.000000  dAvg=0.041837  dMax=1.051355  Dlo=0.020919  Dhi=0.546596  err=0.000000  inc=-0.189716  bucket 0->0  (mf=1000)
[MF-SEL] tPrev=(  d=0.025582  dMin=0.000000  dAvg=0.041827  dMax=1.051355  Dlo=0.020913  Dhi=0.546591  err=0.000000  inc=-0.189716  bucket 0->0  (mf=1000)
[MF-SEL] tPrev=(  d=0.023202  dMin=0.000000  dAvg=0.041815  dMax=1.051355  Dlo=0.020908  Dhi=0.546585  err=0.000000  inc=-0.189716  bucket 0->0  (mf=1000)
[MF-SEL] tPrev=(  d=0.021191  dMin=0.000000  dAvg=0.041803  dMax=1.051355  Dlo=0.020901  Dhi=0.546579  err=0.000000  inc=-0.189716  bucket 0->0  (mf=1000)
[MF-SEL] tPrev=(  d=0.019511  dMin=0.000000  dAvg=0.041789  dMax=1.051355  Dlo=0.020894  Dhi=0.546572  err=-1.000000  inc=-1.170437  bucket 0->0  (mf=1000)
Dropping frame 1403715972.334058
[MF-SEL] tPrev=(  d=0.045681  dMin=0.000000  dAvg=0.041791  dMax=1.051355  Dlo=0.020896  Dhi=0.546573  err=0.000000  inc=-0.031553  bucket 0->0  (mf=1000)
Dropping frame 1403715972.434058
[MF-SEL] tPrev=(  d=0.066101  dMin=0.000000  dAvg=0.041806  dMax=1.051355  Dlo=0.020903  Dhi=0.546580  err=0.000000  inc=-0.191829  bucket 0->0  (mf=1000)
[MF-SEL] tPrev=(  d=0.039645  dMin=0.000000  dAvg=0.041805  dMax=1.051355  Dlo=0.020902  Dhi=0.546580  err=0.000000  inc=-0.191829  bucket 0->0  (mf=1000)
[MF-SEL] tPrev=(  d=0.046008  dMin=0.000000  dAvg=0.041808  dMax=1.051355  Dlo=0.020904  Dhi=0.546581  err=0.000000  inc=-0.191829  bucket 0->0  (mf=1000)
[MF-SEL] tPrev=(  d=0.050759  dMin=0.000000  dAvg=0.041813  dMax=1.051355  Dlo=0.020907  Dhi=0.546584  err=0.000000  inc=-0.191829  bucket 0->0  (mf=1000)
[MF-SEL] tPrev=(  d=0.055607  dMin=0.000000  dAvg=0.041822  dMax=1.051355  Dlo=0.020911  Dhi=0.546588  err=0.000000  inc=-0.191829  bucket 0->0  (mf=1000)
[MF-SEL] tPrev=(  d=0.058069  dMin=0.000000  dAvg=0.041832  dMax=1.051355  Dlo=0.020916  Dhi=0.546593  err=0.000000  inc=-0.191829  bucket 0->0  (mf=1000)
[MF-SEL] tPrev=(  d=0.051538  dMin=0.000000  dAvg=0.041838  dMax=1.051355  Dlo=0.020919  Dhi=0.546596  err=0.000000  inc=-0.191829  bucket 0->0  (mf=1000)
[MF-SEL] tPrev=(  d=0.055966  dMin=0.000000  dAvg=0.041846  dMax=1.051355  Dlo=0.020923  Dhi=0.546600  err=0.000000  inc=-0.191829  bucket 0->0  (mf=1000)
[MF-SEL] tPrev=(  d=0.054557  dMin=0.000000  dAvg=0.041854  dMax=1.051355  Dlo=0.020927  Dhi=0.546604  err=0.000000  inc=-0.191829  bucket 0->0  (mf=1000)
[MF-SEL] tPrev=(  d=0.052012  dMin=0.000000  dAvg=0.041860  dMax=1.051355  Dlo=0.020930  Dhi=0.546607  err=0.000000  inc=-0.191829  bucket 0->0  (mf=1000)
[MF-SEL] tPrev=(  d=0.050134  dMin=0.000000  dAvg=0.041866  dMax=1.051355  Dlo=0.020933  Dhi=0.546610  err=0.000000  inc=-0.191829  bucket 0->0  (mf=1000)
[MF-SEL] tPrev=(  d=0.048446  dMin=0.000000  dAvg=0.041870  dMax=1.051355  Dlo=0.020935  Dhi=0.546612  err=0.000000  inc=-0.191829  bucket 0->0  (mf=1000)
[MF-SEL] tPrev=(  d=0.052866  dMin=0.000000  dAvg=0.041876  dMax=1.051355  Dlo=0.020938  Dhi=0.546615  err=0.000000  inc=-0.191829  bucket 0->0  (mf=1000)
[MF-SEL] tPrev=(  d=0.046815  dMin=0.000000  dAvg=0.041879  dMax=1.051355  Dlo=0.020940  Dhi=0.546617  err=0.000000  inc=-0.191829  bucket 0->0  (mf=1000)
[MF-SEL] tPrev=(  d=0.046946  dMin=0.000000  dAvg=0.041883  dMax=1.051355  Dlo=0.020941  Dhi=0.546619  err=0.000000  inc=-0.191829  bucket 0->0  (mf=1000)
[MF-SEL] tPrev=(  d=0.047072  dMin=0.000000  dAvg=0.041886  dMax=1.051355  Dlo=0.020943  Dhi=0.546620  err=0.000000  inc=-0.191829  bucket 0->0  (mf=1000)
[MF-SEL] tPrev=(  d=0.047423  dMin=0.000000  dAvg=0.041889  dMax=1.051355  Dlo=0.020945  Dhi=0.546622  err=0.000000  inc=-0.191829  bucket 0->0  (mf=1000)
[MF-SEL] tPrev=(  d=0.048339  dMin=0.000000  dAvg=0.041893  dMax=1.051355  Dlo=0.020947  Dhi=0.546624  err=0.000000  inc=-0.191829  bucket 0->0  (mf=1000)
[MF-SEL] tPrev=(  d=0.049278  dMin=0.000000  dAvg=0.041898  dMax=1.051355  Dlo=0.020949  Dhi=0.546626  err=0.000000  inc=-0.191829  bucket 0->0  (mf=1000)
Dropping frame 1403715973.434058
[MF-SEL] tPrev=(  d=0.107337  dMin=0.000000  dAvg=0.041938  dMax=1.051355  Dlo=0.020969  Dhi=0.546646  err=0.000000  inc=-0.191829  bucket 0->0  (mf=1000)
[MF-SEL] tPrev=(  d=0.048773  dMin=0.000000  dAvg=0.041942  dMax=1.051355  Dlo=0.020971  Dhi=0.546648  err=0.000000  inc=-0.191829  bucket 0->0  (mf=1000)
Dropping frame 1403715973.584058
[MF-SEL] tPrev=(  d=0.101601  dMin=0.000000  dAvg=0.041978  dMax=1.051355  Dlo=0.020989  Dhi=0.546666  err=0.000000  inc=-0.191829  bucket 0->0  (mf=1000)
[MF-SEL] tPrev=(  d=0.041776  dMin=0.000000  dAvg=0.041978  dMax=1.051355  Dlo=0.020989  Dhi=0.546666  err=0.000000  inc=-0.191829  bucket 0->0  (mf=1000)
[MF-SEL] tPrev=(  d=0.040041  dMin=0.000000  dAvg=0.041977  dMax=1.051355  Dlo=0.020989  Dhi=0.546666  err=0.000000  inc=-0.191829  bucket 0->0  (mf=1000)
[MF-SEL] tPrev=(  d=0.040373  dMin=0.000000  dAvg=0.041976  dMax=1.051355  Dlo=0.020988  Dhi=0.546665  err=0.000000  inc=-0.191829  bucket 0->0  (mf=1000)
[MF-SEL] tPrev=(  d=0.059085  dMin=0.000000  dAvg=0.041987  dMax=1.051355  Dlo=0.020993  Dhi=0.546671  err=0.000000  inc=-0.191829  bucket 0->0  (mf=1000)
[MF-SEL] tPrev=(  d=0.036509  dMin=0.000000  dAvg=0.041983  dMax=1.051355  Dlo=0.020992  Dhi=0.546669  err=0.000000  inc=-0.191829  bucket 0->0  (mf=1000)
[MF-SEL] tPrev=(  d=0.035713  dMin=0.000000  dAvg=0.041979  dMax=1.051355  Dlo=0.020990  Dhi=0.546667  err=0.000000  inc=-0.191829  bucket 0->0  (mf=1000)
[MF-SEL] tPrev=(  d=0.052101  dMin=0.000000  dAvg=0.041986  dMax=1.051355  Dlo=0.020993  Dhi=0.546670  err=0.000000  inc=-0.191829  bucket 0->0  (mf=1000)
[MF-SEL] tPrev=(  d=0.036080  dMin=0.000000  dAvg=0.041982  dMax=1.051355  Dlo=0.020991  Dhi=0.546668  err=0.000000  inc=-0.191829  bucket 0->0  (mf=1000)
[MF-SEL] tPrev=(  d=0.036353  dMin=0.000000  dAvg=0.041979  dMax=1.051355  Dlo=0.020989  Dhi=0.546667  err=0.000000  inc=-0.191829  bucket 0->0  (mf=1000)
[MF-SEL] tPrev=(  d=0.037093  dMin=0.000000  dAvg=0.041976  dMax=1.051355  Dlo=0.020988  Dhi=0.546665  err=0.000000  inc=-0.191829  bucket 0->0  (mf=1000)
[MF-SEL] tPrev=(  d=0.037593  dMin=0.000000  dAvg=0.041973  dMax=1.051355  Dlo=0.020986  Dhi=0.546664  err=0.000000  inc=-0.191829  bucket 0->0  (mf=1000)
[MF-SEL] tPrev=(  d=0.038227  dMin=0.000000  dAvg=0.041971  dMax=1.051355  Dlo=0.020985  Dhi=0.546663  err=0.000000  inc=-0.191829  bucket 0->0  (mf=1000)
[MF-SEL] tPrev=(  d=0.038382  dMin=0.000000  dAvg=0.041968  dMax=1.051355  Dlo=0.020984  Dhi=0.546661  err=0.000000  inc=-0.191829  bucket 0->0  (mf=1000)
Dropping frame 1403715974.334058
[MF-SEL] tPrev=(  d=0.080835  dMin=0.000000  dAvg=0.041992  dMax=1.051355  Dlo=0.020996  Dhi=0.546673  err=0.000000  inc=-0.191829  bucket 0->0  (mf=1000)
[MF-SEL] tPrev=(  d=0.041586  dMin=0.000000  dAvg=0.041992  dMax=1.051355  Dlo=0.020996  Dhi=0.546673  err=0.000000  inc=-0.191829  bucket 0->0  (mf=1000)
[MF-SEL] tPrev=(  d=0.041652  dMin=0.000000  dAvg=0.041992  dMax=1.051355  Dlo=0.020996  Dhi=0.546673  err=0.000000  inc=-0.191829  bucket 0->0  (mf=1000)
[MF-SEL] tPrev=(  d=0.041779  dMin=0.000000  dAvg=0.041991  dMax=1.051355  Dlo=0.020996  Dhi=0.546673  err=0.000000  inc=-0.191829  bucket 0->0  (mf=1000)
Dropping frame 1403715974.584058
[MF-SEL] tPrev=(  d=0.098942  dMin=0.000000  dAvg=0.042026  dMax=1.051355  Dlo=0.021013  Dhi=0.546690  err=0.000000  inc=-0.191829  bucket 0->0  (mf=1000)
[MF-SEL] tPrev=(  d=0.042263  dMin=0.000000  dAvg=0.042026  dMax=1.051355  Dlo=0.021013  Dhi=0.546690  err=0.000000  inc=-0.191829  bucket 0->0  (mf=1000)
[MF-SEL] tPrev=(  d=0.042908  dMin=0.000000  dAvg=0.042027  dMax=1.051355  Dlo=0.021013  Dhi=0.546691  err=0.000000  inc=-0.191829  bucket 0->0  (mf=1000)
[MF-SEL] tPrev=(  d=0.042509  dMin=0.000000  dAvg=0.042027  dMax=1.051355  Dlo=0.021013  Dhi=0.546691  err=0.000000  inc=-0.191829  bucket 0->0  (mf=1000)
[MF-SEL] tPrev=(  d=0.047826  dMin=0.000000  dAvg=0.042030  dMax=1.051355  Dlo=0.021015  Dhi=0.546692  err=0.000000  inc=-0.191829  bucket 0->0  (mf=1000)
[MF-SEL] tPrev=(  d=0.042800  dMin=0.000000  dAvg=0.042031  dMax=1.051355  Dlo=0.021015  Dhi=0.546693  err=0.000000  inc=-0.191829  bucket 0->0  (mf=1000)
[MF-SEL] tPrev=(  d=0.043091  dMin=0.000000  dAvg=0.042031  dMax=1.051355  Dlo=0.021016  Dhi=0.546693  err=0.000000  inc=-0.191829  bucket 0->0  (mf=1000)
[MF-SEL] tPrev=(  d=0.042691  dMin=0.000000  dAvg=0.042032  dMax=1.051355  Dlo=0.021016  Dhi=0.546693  err=0.000000  inc=-0.191829  bucket 0->0  (mf=1000)
*Loop detected
phi = -0.00261091422256050  0.00165494106818568 -0.00009179418049051
[MF-SEL] tPrev=(  d=0.043086  dMin=0.000000  dAvg=0.042033  dMax=1.051355  Dlo=0.021016  Dhi=0.546694  err=0.000000  inc=-0.191829  bucket 0->0  (mf=1000)
Local Mapping STOP
Dropping frame 1403715975.084058
[MF-SEL] tPrev=(  d=0.139085  dMin=0.000000  dAvg=0.042091  dMax=1.051355  Dlo=0.021045  Dhi=0.546723  err=0.000000  inc=-0.191829  bucket 0->0  (mf=1000)
Dropping frame 1403715975.184058
Local Mapping RELEASE
[MF-SEL] tPrev=(  d=0.091835  dMin=0.000000  dAvg=0.042121  dMax=1.051355  Dlo=0.021060  Dhi=0.546738  err=0.000000  inc=-0.191829  bucket 0->0  (mf=1000)
[MF-SEL] tPrev=(  d=0.038811  dMin=0.000000  dAvg=0.042119  dMax=1.051355  Dlo=0.021059  Dhi=0.546737  err=0.000000  inc=-0.191829  bucket 0->0  (mf=1000)
[MF-SEL] tPrev=(  d=0.039488  dMin=0.000000  dAvg=0.042117  dMax=1.051355  Dlo=0.021059  Dhi=0.546736  err=0.000000  inc=-0.191829  bucket 0->0  (mf=1000)
[MF-SEL] tPrev=(  d=0.037351  dMin=0.000000  dAvg=0.042114  dMax=1.051355  Dlo=0.021057  Dhi=0.546734  err=0.000000  inc=-0.191829  bucket 0->0  (mf=1000)
[MF-SEL] tPrev=(  d=0.058120  dMin=0.000000  dAvg=0.042124  dMax=1.051355  Dlo=0.021062  Dhi=0.546739  err=0.000000  inc=-0.191829  bucket 0->0  (mf=1000)
Dropping frame 1403715975.484058
[MF-SEL] tPrev=(  d=0.067926  dMin=0.000000  dAvg=0.042140  dMax=1.051355  Dlo=0.021070  Dhi=0.546747  err=0.000000  inc=-0.191829  bucket 0->0  (mf=1000)
Dropping frame 1403715975.584058
[MF-SEL] tPrev=(  d=0.059266  dMin=0.000000  dAvg=0.042150  dMax=1.051355  Dlo=0.021075  Dhi=0.546752  err=0.000000  inc=-0.191829  bucket 0->0  (mf=1000)
[MF-SEL] tPrev=(  d=0.027514  dMin=0.000000  dAvg=0.042141  dMax=1.051355  Dlo=0.021071  Dhi=0.546748  err=0.000000  inc=-0.191829  bucket 0->0  (mf=1000)
[MF-SEL] tPrev=(  d=0.048942  dMin=0.000000  dAvg=0.042145  dMax=1.051355  Dlo=0.021073  Dhi=0.546750  err=0.000000  inc=-0.191829  bucket 0->0  (mf=1000)
[MF-SEL] tPrev=(  d=0.028197  dMin=0.000000  dAvg=0.042137  dMax=1.051355  Dlo=0.021068  Dhi=0.546746  err=0.000000  inc=-0.191829  bucket 0->0  (mf=1000)
[MF-SEL] tPrev=(  d=0.026048  dMin=0.000000  dAvg=0.042127  dMax=1.051355  Dlo=0.021064  Dhi=0.546741  err=0.000000  inc=-0.191829  bucket 0->0  (mf=1000)
[MF-SEL] tPrev=(  d=0.025156  dMin=0.000000  dAvg=0.042117  dMax=1.051355  Dlo=0.021058  Dhi=0.546736  err=0.000000  inc=-0.191829  bucket 0->0  (mf=1000)
[MF-SEL] tPrev=(  d=0.024523  dMin=0.000000  dAvg=0.042106  dMax=1.051355  Dlo=0.021053  Dhi=0.546730  err=0.000000  inc=-0.191829  bucket 0->0  (mf=1000)
[MF-SEL] tPrev=(  d=0.023798  dMin=0.000000  dAvg=0.042096  dMax=1.051355  Dlo=0.021048  Dhi=0.546725  err=0.000000  inc=-0.191829  bucket 0->0  (mf=1000)
[MF-SEL] tPrev=(  d=0.021970  dMin=0.000000  dAvg=0.042084  dMax=1.051355  Dlo=0.021042  Dhi=0.546719  err=0.000000  inc=-0.191829  bucket 0->0  (mf=1000)
Dropping frame 1403715976.084058
Local Mapping STOP
Local Mapping RELEASE
[MF-SEL] tPrev=(  d=0.150827  dMin=0.000000  dAvg=0.042148  dMax=1.051355  Dlo=0.021074  Dhi=0.546751  err=0.000000  inc=-0.191829  bucket 0->0  (mf=1000)
[MF-SEL] tPrev=(  d=0.023553  dMin=0.000000  dAvg=0.042137  dMax=1.051355  Dlo=0.021069  Dhi=0.546746  err=0.000000  inc=-0.191829  bucket 0->0  (mf=1000)
[MF-SEL] tPrev=(  d=0.023190  dMin=0.000000  dAvg=0.042126  dMax=1.051355  Dlo=0.021063  Dhi=0.546740  err=0.000000  inc=-0.191829  bucket 0->0  (mf=1000)
Dropping frame 1403715976.284058
[MF-SEL] tPrev=(  d=0.033953  dMin=0.000000  dAvg=0.042121  dMax=1.051355  Dlo=0.021061  Dhi=0.546738  err=0.000000  inc=-0.191829  bucket 0->0  (mf=1000)
[MF-SEL] tPrev=(  d=0.019244  dMin=0.000000  dAvg=0.042108  dMax=1.051355  Dlo=0.021054  Dhi=0.546731  err=-1.000000  inc=-1.104606  bucket 0->0  (mf=1000)
[MF-SEL] tPrev=(  d=0.018308  dMin=0.000000  dAvg=0.042093  dMax=1.051355  Dlo=0.021047  Dhi=0.546724  err=-1.000000  inc=-0.796756  bucket 0->0  (mf=1000)
[MF-SEL] tPrev=(  d=0.018331  dMin=0.000000  dAvg=0.042079  dMax=1.051355  Dlo=0.021040  Dhi=0.546717  err=-1.000000  inc=-0.799047  bucket 0->0  (mf=1000)
[MF-SEL] tPrev=(  d=0.020733  dMin=0.000000  dAvg=0.042067  dMax=1.051355  Dlo=0.021033  Dhi=0.546711  err=-1.000000  inc=-0.801295  bucket 0->0  (mf=1000)
[MF-SEL] tPrev=(  d=0.020374  dMin=0.000000  dAvg=0.042054  dMax=1.051355  Dlo=0.021027  Dhi=0.546704  err=-1.000000  inc=-0.803439  bucket 0->0  (mf=1000)
[MF-SEL] tPrev=(  d=0.018959  dMin=0.000000  dAvg=0.042040  dMax=1.051355  Dlo=0.021020  Dhi=0.546697  err=-1.000000  inc=-0.805805  bucket 0->0  (mf=1000)
[MF-SEL] tPrev=(  d=0.019057  dMin=0.000000  dAvg=0.042026  dMax=1.051355  Dlo=0.021013  Dhi=0.546690  err=-1.000000  inc=-0.808021  bucket 0->0  (mf=1000)
[MF-SEL] tPrev=(  d=0.018996  dMin=0.000000  dAvg=0.042013  dMax=1.051355  Dlo=0.021006  Dhi=0.546684  err=-1.000000  inc=-0.810263  bucket 0->0  (mf=1000)
[MF-SEL] tPrev=(  d=0.019157  dMin=0.000000  dAvg=0.041999  dMax=1.051355  Dlo=0.021000  Dhi=0.546677  err=-1.000000  inc=-0.812499  bucket 0->0  (mf=1000)
[MF-SEL] tPrev=(  d=0.019895  dMin=0.000000  dAvg=0.041986  dMax=1.051355  Dlo=0.020993  Dhi=0.546670  err=-1.000000  inc=-0.814691  bucket 0->0  (mf=1000)
[MF-SEL] tPrev=(  d=0.018462  dMin=0.000000  dAvg=0.041972  dMax=1.051355  Dlo=0.020986  Dhi=0.546663  err=-1.000000  inc=-0.816930  bucket 0->0  (mf=1000)
[MF-SEL] tPrev=(  d=0.020537  dMin=0.000000  dAvg=0.041960  dMax=1.051355  Dlo=0.020980  Dhi=0.546657  err=-1.000000  inc=-0.819206  bucket 0->0  (mf=1000)
[MF-SEL] tPrev=(  d=0.021143  dMin=0.000000  dAvg=0.041947  dMax=1.051355  Dlo=0.020974  Dhi=0.546651  err=0.000000  inc=0.101522  bucket 0->0  (mf=1000)
[MF-SEL] tPrev=(  d=0.021909  dMin=0.000000  dAvg=0.041935  dMax=1.051355  Dlo=0.020968  Dhi=0.546645  err=0.000000  inc=-0.219206  bucket 0->0  (mf=1000)
[MF-SEL] tPrev=(  d=0.022761  dMin=0.000000  dAvg=0.041924  dMax=1.051355  Dlo=0.020962  Dhi=0.546639  err=0.000000  inc=-0.219206  bucket 0->0  (mf=1000)
[MF-SEL] tPrev=(  d=0.023367  dMin=0.000000  dAvg=0.041913  dMax=1.051355  Dlo=0.020957  Dhi=0.546634  err=0.000000  inc=-0.219206  bucket 0->0  (mf=1000)
[MF-SEL] tPrev=(  d=0.024166  dMin=0.000000  dAvg=0.041903  dMax=1.051355  Dlo=0.020951  Dhi=0.546629  err=0.000000  inc=-0.219206  bucket 0->0  (mf=1000)
[MF-SEL] tPrev=(  d=0.025027  dMin=0.000000  dAvg=0.041893  dMax=1.051355  Dlo=0.020946  Dhi=0.546624  err=0.000000  inc=-0.219206  bucket 0->0  (mf=1000)
[MF-SEL] tPrev=(  d=0.025465  dMin=0.000000  dAvg=0.041883  dMax=1.051355  Dlo=0.020942  Dhi=0.546619  err=0.000000  inc=-0.219206  bucket 0->0  (mf=1000)
Dropping frame 1403715977.334058
[MF-SEL] tPrev=(  d=0.053986  dMin=0.000000  dAvg=0.041890  dMax=1.051355  Dlo=0.020945  Dhi=0.546622  err=0.000000  inc=-0.219206  bucket 0->0  (mf=1000)
[MF-SEL] tPrev=(  d=0.028739  dMin=0.000000  dAvg=0.041882  dMax=1.051355  Dlo=0.020941  Dhi=0.546619  err=0.000000  inc=-0.219206  bucket 0->0  (mf=1000)
[MF-SEL] tPrev=(  d=0.029454  dMin=0.000000  dAvg=0.041875  dMax=1.051355  Dlo=0.020938  Dhi=0.546615  err=0.000000  inc=-0.219206  bucket 0->0  (mf=1000)
[MF-SEL] tPrev=(  d=0.030055  dMin=0.000000  dAvg=0.041868  dMax=1.051355  Dlo=0.020934  Dhi=0.546611  err=0.000000  inc=-0.219206  bucket 0->0  (mf=1000)
[MF-SEL] tPrev=(  d=0.028793  dMin=0.000000  dAvg=0.041861  dMax=1.051355  Dlo=0.020930  Dhi=0.546608  err=0.000000  inc=-0.219206  bucket 0->0  (mf=1000)
Dropping frame 1403715977.634058
[MF-SEL] tPrev=(  d=0.065427  dMin=0.000000  dAvg=0.041874  dMax=1.051355  Dlo=0.020937  Dhi=0.546614  err=0.000000  inc=-0.219206  bucket 0->0  (mf=1000)
[MF-SEL] tPrev=(  d=0.032535  dMin=0.000000  dAvg=0.041869  dMax=1.051355  Dlo=0.020934  Dhi=0.546612  err=0.000000  inc=-0.219206  bucket 0->0  (mf=1000)
[MF-SEL] tPrev=(  d=0.033640  dMin=0.000000  dAvg=0.041864  dMax=1.051355  Dlo=0.020932  Dhi=0.546609  err=0.000000  inc=-0.219206  bucket 0->0  (mf=1000)
Dropping frame 1403715977.834058
[MF-SEL] tPrev=(  d=0.066995  dMin=0.000000  dAvg=0.041879  dMax=1.051355  Dlo=0.020939  Dhi=0.546617  err=0.000000  inc=-0.219206  bucket 0->0  (mf=1000)
[MF-SEL] tPrev=(  d=0.034542  dMin=0.000000  dAvg=0.041875  dMax=1.051355  Dlo=0.020937  Dhi=0.546615  err=0.000000  inc=-0.219206  bucket 0->0  (mf=1000)
[MF-SEL] tPrev=(  d=0.034404  dMin=0.000000  dAvg=0.041870  dMax=1.051355  Dlo=0.020935  Dhi=0.546612  err=0.000000  inc=-0.219206  bucket 0->0  (mf=1000)
[MF-SEL] tPrev=(  d=0.035161  dMin=0.000000  dAvg=0.041866  dMax=1.051355  Dlo=0.020933  Dhi=0.546610  err=0.000000  inc=-0.219206  bucket 0->0  (mf=1000)
[MF-SEL] tPrev=(  d=0.035246  dMin=0.000000  dAvg=0.041862  dMax=1.051355  Dlo=0.020931  Dhi=0.546608  err=0.000000  inc=-0.219206  bucket 0->0  (mf=1000)
[MF-SEL] tPrev=(  d=0.036109  dMin=0.000000  dAvg=0.041859  dMax=1.051355  Dlo=0.020930  Dhi=0.546607  err=0.000000  inc=-0.219206  bucket 0->0  (mf=1000)
[MF-SEL] tPrev=(  d=0.050964  dMin=0.000000  dAvg=0.041864  dMax=1.051355  Dlo=0.020932  Dhi=0.546609  err=0.000000  inc=-0.219206  bucket 0->0  (mf=1000)
*Loop detected
phi = -0.006937 -0.001213 -0.005378
Local Mapping STOP
[MF-SEL] tPrev=(  d=0.038836  dMin=0.000000  dAvg=0.041863  dMax=1.051355  Dlo=0.020931  Dhi=0.546609  err=0.000000  inc=-0.219206  bucket 0->0  (mf=1000)
[MF-SEL] tPrev=(  d=0.039297  dMin=0.000000  dAvg=0.041861  dMax=1.051355  Dlo=0.020931  Dhi=0.546608  err=0.000000  inc=-0.219206  bucket 0->0  (mf=1000)
[MF-SEL] tPrev=(  d=0.041574  dMin=0.000000  dAvg=0.041861  dMax=1.051355  Dlo=0.020930  Dhi=0.546608  err=0.000000  inc=-0.219206  bucket 0->0  (mf=1000)
[MF-SEL] tPrev=(  d=0.043617  dMin=0.000000  dAvg=0.041862  dMax=1.051355  Dlo=0.020931  Dhi=0.546608  err=0.000000  inc=-0.219206  bucket 0->0  (mf=1000)
Local Mapping RELEASE
[MF-SEL] tPrev=(  d=0.046359  dMin=0.000000  dAvg=0.041865  dMax=1.051355  Dlo=0.020932  Dhi=0.546610  err=0.000000  inc=-0.219206  bucket 0->0  (mf=1000)
[MF-SEL] tPrev=(  d=0.047409  dMin=0.000000  dAvg=0.041868  dMax=1.051355  Dlo=0.020934  Dhi=0.546611  err=0.000000  inc=-0.219206  bucket 0->0  (mf=1000)
[MF-SEL] tPrev=(  d=0.048641  dMin=0.000000  dAvg=0.041872  dMax=1.051355  Dlo=0.020936  Dhi=0.546613  err=0.000000  inc=-0.219206  bucket 0->0  (mf=1000)
[MF-SEL] tPrev=(  d=0.048423  dMin=0.000000  dAvg=0.041875  dMax=1.051355  Dlo=0.020938  Dhi=0.546615  err=0.000000  inc=-0.219206  bucket 0->0  (mf=1000)
[MF-SEL] tPrev=(  d=0.048437  dMin=0.000000  dAvg=0.041879  dMax=1.051355  Dlo=0.020940  Dhi=0.546617  err=0.000000  inc=-0.219206  bucket 0->0  (mf=1000)
[MF-SEL] tPrev=(  d=0.060644  dMin=0.000000  dAvg=0.041890  dMax=1.051355  Dlo=0.020945  Dhi=0.546622  err=0.000000  inc=-0.219206  bucket 0->0  (mf=1000)
[MF-SEL] tPrev=(  d=0.049245  dMin=0.000000  dAvg=0.041894  dMax=1.051355  Dlo=0.020947  Dhi=0.546624  err=0.000000  inc=-0.219206  bucket 0->0  (mf=1000)
[MF-SEL] tPrev=(  d=0.048359  dMin=0.000000  dAvg=0.041898  dMax=1.051355  Dlo=0.020949  Dhi=0.546626  err=0.000000  inc=-0.219206  bucket 0->0  (mf=1000)
[MF-SEL] tPrev=(  d=0.047597  dMin=0.000000  dAvg=0.041901  dMax=1.051355  Dlo=0.020951  Dhi=0.546628  err=0.000000  inc=-0.219206  bucket 0->0  (mf=1000)
[MF-SEL] tPrev=(  d=0.041922  dMin=0.000000  dAvg=0.041902  dMax=1.051355  Dlo=0.020951  Dhi=0.546628  err=0.000000  inc=-0.219206  bucket 0->0  (mf=1000)
[MF-SEL] tPrev=(  d=0.046730  dMin=0.000000  dAvg=0.041904  dMax=1.051355  Dlo=0.020952  Dhi=0.546629  err=0.000000  inc=-0.219206  bucket 0->0  (mf=1000)
[MF-SEL] tPrev=(  d=0.046395  dMin=0.000000  dAvg=0.041907  dMax=1.051355  Dlo=0.020953  Dhi=0.546631  err=0.000000  inc=-0.219206  bucket 0->0  (mf=1000)
[MF-SEL] tPrev=(  d=0.046360  dMin=0.000000  dAvg=0.041909  dMax=1.051355  Dlo=0.020955  Dhi=0.546632  err=0.000000  inc=-0.219206  bucket 0->0  (mf=1000)
[MF-SEL] tPrev=(  d=0.047298  dMin=0.000000  dAvg=0.041913  dMax=1.051355  Dlo=0.020956  Dhi=0.546634  err=0.000000  inc=-0.219206  bucket 0->0  (mf=1000)
[MF-SEL] tPrev=(  d=0.047232  dMin=0.000000  dAvg=0.041916  dMax=1.051355  Dlo=0.020958  Dhi=0.546635  err=0.000000  inc=-0.219206  bucket 0->0  (mf=1000)
[MF-SEL] tPrev=(  d=0.042988  dMin=0.000000  dAvg=0.041916  dMax=1.051355  Dlo=0.020958  Dhi=0.546635  err=0.000000  inc=-0.219206  bucket 0->0  (mf=1000)
[MF-SEL] tPrev=(  d=0.046945  dMin=0.000000  dAvg=0.041919  dMax=1.051355  Dlo=0.020960  Dhi=0.546637  err=0.000000  inc=-0.219206  bucket 0->0  (mf=1000)
[MF-SEL] tPrev=(  d=0.046162  dMin=0.000000  dAvg=0.041922  dMax=1.051355  Dlo=0.020961  Dhi=0.546638  err=0.000000  inc=-0.219206  bucket 0->0  (mf=1000)
[MF-SEL] tPrev=(  d=0.044483  dMin=0.000000  dAvg=0.041923  dMax=1.051355  Dlo=0.020962  Dhi=0.546639  err=0.000000  inc=-0.219206  bucket 0->0  (mf=1000)
Dropping frame 1403715979.384058
[MF-SEL] tPrev=(  d=0.086169  dMin=0.000000  dAvg=0.041949  dMax=1.051355  Dlo=0.020974  Dhi=0.546652  err=0.000000  inc=-0.219206  bucket 0->0  (mf=1000)
Local Mapping STOP
[MF-SEL] tPrev=(  d=0.041676  dMin=0.000000  dAvg=0.041948  dMax=1.051355  Dlo=0.020974  Dhi=0.546651  err=0.000000  inc=-0.219206  bucket 0->0  (mf=1000)
Local Mapping RELEASE
[MF-SEL] tPrev=(  d=0.046840  dMin=0.000000  dAvg=0.041951  dMax=1.051355  Dlo=0.020976  Dhi=0.546653  err=0.000000  inc=-0.219206  bucket 0->0  (mf=1000)
[MF-SEL] tPrev=(  d=0.041863  dMin=0.000000  dAvg=0.041951  dMax=1.051355  Dlo=0.020976  Dhi=0.546653  err=0.000000  inc=-0.219206  bucket 0->0  (mf=1000)
[MF-SEL] tPrev=(  d=0.042353  dMin=0.000000  dAvg=0.041951  dMax=1.051355  Dlo=0.020976  Dhi=0.546653  err=0.000000  inc=-0.219206  bucket 0->0  (mf=1000)
[MF-SEL] tPrev=(  d=0.070327  dMin=0.000000  dAvg=0.041968  dMax=1.051355  Dlo=0.020984  Dhi=0.546661  err=0.000000  inc=-0.219206  bucket 0->0  (mf=1000)
[MF-SEL] tPrev=(  d=0.044974  dMin=0.000000  dAvg=0.041969  dMax=1.051355  Dlo=0.020985  Dhi=0.546662  err=0.000000  inc=-0.219206  bucket 0->0  (mf=1000)
[MF-SEL] tPrev=(  d=0.046515  dMin=0.000000  dAvg=0.041972  dMax=1.051355  Dlo=0.020986  Dhi=0.546663  err=0.000000  inc=-0.219206  bucket 0->0  (mf=1000)
[MF-SEL] tPrev=(  d=0.047729  dMin=0.000000  dAvg=0.041975  dMax=1.051355  Dlo=0.020988  Dhi=0.546665  err=0.000000  inc=-0.219206  bucket 0->0  (mf=1000)
[MF-SEL] tPrev=(  d=0.045195  dMin=0.000000  dAvg=0.041977  dMax=1.051355  Dlo=0.020989  Dhi=0.546666  err=0.000000  inc=-0.219206  bucket 0->0  (mf=1000)
[MF-SEL] tPrev=(  d=0.050204  dMin=0.000000  dAvg=0.041982  dMax=1.051355  Dlo=0.020991  Dhi=0.546668  err=0.000000  inc=-0.219206  bucket 0->0  (mf=1000)
[MF-SEL] tPrev=(  d=0.051600  dMin=0.000000  dAvg=0.041987  dMax=1.051355  Dlo=0.020994  Dhi=0.546671  err=0.000000  inc=-0.219206  bucket 0->0  (mf=1000)
[MF-SEL] tPrev=(  d=0.038802  dMin=0.000000  dAvg=0.041986  dMax=1.051355  Dlo=0.020993  Dhi=0.546670  err=0.000000  inc=-0.219206  bucket 0->0  (mf=1000)
[MF-SEL] tPrev=(  d=0.052594  dMin=0.000000  dAvg=0.041992  dMax=1.051355  Dlo=0.020996  Dhi=0.546673  err=0.000000  inc=-0.219206  bucket 0->0  (mf=1000)
[MF-SEL] tPrev=(  d=0.053796  dMin=0.000000  dAvg=0.041998  dMax=1.051355  Dlo=0.020999  Dhi=0.546676  err=0.000000  inc=-0.219206  bucket 0->0  (mf=1000)
[MF-SEL] tPrev=(  d=0.055103  dMin=0.000000  dAvg=0.042006  dMax=1.051355  Dlo=0.021003  Dhi=0.546680  err=0.000000  inc=-0.219206  bucket 0->0  (mf=1000)
[MF-SEL] tPrev=(  d=0.056350  dMin=0.000000  dAvg=0.042014  dMax=1.051355  Dlo=0.021007  Dhi=0.546684  err=0.000000  inc=-0.219206  bucket 0->0  (mf=1000)
[MF-SEL] tPrev=(  d=0.058238  dMin=0.000000  dAvg=0.042023  dMax=1.051355  Dlo=0.021012  Dhi=0.546689  err=0.000000  inc=-0.219206  bucket 0->0  (mf=1000)
[MF-SEL] tPrev=(  d=0.059167  dMin=0.000000  dAvg=0.042033  dMax=1.051355  Dlo=0.021016  Dhi=0.546694  err=0.000000  inc=-0.219206  bucket 0->0  (mf=1000)
[MF-SEL] tPrev=(  d=0.060200  dMin=0.000000  dAvg=0.042043  dMax=1.051355  Dlo=0.021022  Dhi=0.546699  err=0.000000  inc=-0.219206  bucket 0->0  (mf=1000)
Dropping frame 1403715980.434058
[MF-SEL] tPrev=(  d=0.123021  dMin=0.000000  dAvg=0.042089  dMax=1.051355  Dlo=0.021045  Dhi=0.546722  err=0.000000  inc=-0.219206  bucket 0->0  (mf=1000)
[MF-SEL] tPrev=(  d=0.071545  dMin=0.000000  dAvg=0.042106  dMax=1.051355  Dlo=0.021053  Dhi=0.546730  err=0.000000  inc=-0.219206  bucket 0->0  (mf=1000)
Dropping frame 1403715980.584058
[MF-SEL] tPrev=(  d=0.125469  dMin=0.000000  dAvg=0.042153  dMax=1.051355  Dlo=0.021077  Dhi=0.546754  err=0.000000  inc=-0.219206  bucket 0->0  (mf=1000)
[MF-SEL] tPrev=(  d=0.062388  dMin=0.000000  dAvg=0.042165  dMax=1.051355  Dlo=0.021082  Dhi=0.546760  err=0.000000  inc=-0.219206  bucket 0->0  (mf=1000)
Dropping frame 1403715980.734058
[MF-SEL] tPrev=(  d=0.124684  dMin=0.000000  dAvg=0.042212  dMax=1.051355  Dlo=0.021106  Dhi=0.546783  err=0.000000  inc=-0.219206  bucket 0->0  (mf=1000)
[MF-SEL] tPrev=(  d=0.060999  dMin=0.000000  dAvg=0.042222  dMax=1.051355  Dlo=0.021111  Dhi=0.546788  err=0.000000  inc=-0.219206  bucket 0->0  (mf=1000)
[MF-SEL] tPrev=(  d=0.058585  dMin=0.000000  dAvg=0.042232  dMax=1.051355  Dlo=0.021116  Dhi=0.546793  err=0.000000  inc=-0.219206  bucket 0->0  (mf=1000)
[MF-SEL] tPrev=(  d=0.059293  dMin=0.000000  dAvg=0.042241  dMax=1.051355  Dlo=0.021121  Dhi=0.546798  err=0.000000  inc=-0.219206  bucket 0->0  (mf=1000)
[MF-SEL] tPrev=(  d=0.057370  dMin=0.000000  dAvg=0.042250  dMax=1.051355  Dlo=0.021125  Dhi=0.546802  err=0.000000  inc=-0.219206  bucket 0->0  (mf=1000)
Dropping frame 1403715981.034058
[MF-SEL] tPrev=(  d=0.116693  dMin=0.000000  dAvg=0.042292  dMax=1.051355  Dlo=0.021146  Dhi=0.546823  err=0.000000  inc=-0.219206  bucket 0->0  (mf=1000)
[MF-SEL] tPrev=(  d=0.054155  dMin=0.000000  dAvg=0.042299  dMax=1.051355  Dlo=0.021149  Dhi=0.546827  err=0.000000  inc=-0.219206  bucket 0->0  (mf=1000)
[MF-SEL] tPrev=(  d=0.052842  dMin=0.000000  dAvg=0.042305  dMax=1.051355  Dlo=0.021152  Dhi=0.546830  err=0.000000  inc=-0.219206  bucket 0->0  (mf=1000)
Dropping frame 1403715981.234058
[MF-SEL] tPrev=(  d=0.102568  dMin=0.000000  dAvg=0.042339  dMax=1.051355  Dlo=0.021169  Dhi=0.546847  err=0.000000  inc=-0.219206  bucket 0->0  (mf=1000)
[MF-SEL] tPrev=(  d=0.049767  dMin=0.000000  dAvg=0.042343  dMax=1.051355  Dlo=0.021172  Dhi=0.546849  err=0.000000  inc=-0.219206  bucket 0->0  (mf=1000)
[MF-SEL] tPrev=(  d=0.049334  dMin=0.000000  dAvg=0.042347  dMax=1.051355  Dlo=0.021173  Dhi=0.546851  err=0.000000  inc=-0.219206  bucket 0->0  (mf=1000)
[MF-SEL] tPrev=(  d=0.045474  dMin=0.000000  dAvg=0.042349  dMax=1.051355  Dlo=0.021174  Dhi=0.546852  err=0.000000  inc=-0.219206  bucket 0->0  (mf=1000)
[MF-SEL] tPrev=(  d=0.044328  dMin=0.000000  dAvg=0.042350  dMax=1.051355  Dlo=0.021175  Dhi=0.546852  err=0.000000  inc=-0.219206  bucket 0->0  (mf=1000)
[MF-SEL] tPrev=(  d=0.059132  dMin=0.000000  dAvg=0.042359  dMax=1.051355  Dlo=0.021180  Dhi=0.546857  err=0.000000  inc=-0.219206  bucket 0->0  (mf=1000)
[MF-SEL] tPrev=(  d=0.040394  dMin=0.000000  dAvg=0.042358  dMax=1.051355  Dlo=0.021179  Dhi=0.546856  err=0.000000  inc=-0.219206  bucket 0->0  (mf=1000)
[MF-SEL] tPrev=(  d=0.039458  dMin=0.000000  dAvg=0.042357  dMax=1.051355  Dlo=0.021178  Dhi=0.546856  err=0.000000  inc=-0.219206  bucket 0->0  (mf=1000)
[MF-SEL] tPrev=(  d=0.038961  dMin=0.000000  dAvg=0.042355  dMax=1.051355  Dlo=0.021177  Dhi=0.546855  err=0.000000  inc=-0.219206  bucket 0->0  (mf=1000)
[MF-SEL] tPrev=(  d=0.056259  dMin=0.000000  dAvg=0.042362  dMax=1.051355  Dlo=0.021181  Dhi=0.546858  err=0.000000  inc=-0.219206  bucket 0->0  (mf=1000)
[MF-SEL] tPrev=(  d=0.040581  dMin=0.000000  dAvg=0.042361  dMax=1.051355  Dlo=0.021181  Dhi=0.546858  err=0.000000  inc=-0.219206  bucket 0->0  (mf=1000)
[MF-SEL] tPrev=(  d=0.042148  dMin=0.000000  dAvg=0.042361  dMax=1.051355  Dlo=0.021181  Dhi=0.546858  err=0.000000  inc=-0.219206  bucket 0->0  (mf=1000)
[MF-SEL] tPrev=(  d=0.043500  dMin=0.000000  dAvg=0.042362  dMax=1.051355  Dlo=0.021181  Dhi=0.546858  err=0.000000  inc=-0.219206  bucket 0->0  (mf=1000)
[MF-SEL] tPrev=(  d=0.044712  dMin=0.000000  dAvg=0.042363  dMax=1.051355  Dlo=0.021182  Dhi=0.546859  err=0.000000  inc=-0.219206  bucket 0->0  (mf=1000)
[MF-SEL] tPrev=(  d=0.072707  dMin=0.000000  dAvg=0.042380  dMax=1.051355  Dlo=0.021190  Dhi=0.546867  err=0.000000  inc=-0.219206  bucket 0->0  (mf=1000)
[MF-SEL] tPrev=(  d=0.047430  dMin=0.000000  dAvg=0.042383  dMax=1.051355  Dlo=0.021192  Dhi=0.546869  err=0.000000  inc=-0.219206  bucket 0->0  (mf=1000)
[MF-SEL] tPrev=(  d=0.048574  dMin=0.000000  dAvg=0.042387  dMax=1.051355  Dlo=0.021193  Dhi=0.546871  err=0.000000  inc=-0.219206  bucket 0->0  (mf=1000)
[MF-SEL] tPrev=(  d=0.049778  dMin=0.000000  dAvg=0.042391  dMax=1.051355  Dlo=0.021195  Dhi=0.546873  err=0.000000  inc=-0.219206  bucket 0->0  (mf=1000)
[MF-SEL] tPrev=(  d=0.050944  dMin=0.000000  dAvg=0.042396  dMax=1.051355  Dlo=0.021198  Dhi=0.546875  err=0.000000  inc=-0.219206  bucket 0->0  (mf=1000)
[MF-SEL] tPrev=(  d=0.052161  dMin=0.000000  dAvg=0.042401  dMax=1.051355  Dlo=0.021200  Dhi=0.546878  err=0.000000  inc=-0.219206  bucket 0->0  (mf=1000)
[MF-SEL] tPrev=(  d=0.077279  dMin=0.000000  dAvg=0.042420  dMax=1.051355  Dlo=0.021210  Dhi=0.546887  err=0.000000  inc=-0.219206  bucket 0->0  (mf=1000)
[MF-SEL] tPrev=(  d=0.054892  dMin=0.000000  dAvg=0.042427  dMax=1.051355  Dlo=0.021214  Dhi=0.546891  err=0.000000  inc=-0.219206  bucket 0->0  (mf=1000)
[MF-SEL] tPrev=(  d=0.056053  dMin=0.000000  dAvg=0.042435  dMax=1.051355  Dlo=0.021218  Dhi=0.546895  err=0.000000  inc=-0.219206  bucket 0->0  (mf=1000)
[MF-SEL] tPrev=(  d=0.056470  dMin=0.000000  dAvg=0.042443  dMax=1.051355  Dlo=0.021221  Dhi=0.546899  err=0.000000  inc=-0.219206  bucket 0->0  (mf=1000)
[MF-SEL] tPrev=(  d=0.057706  dMin=0.000000  dAvg=0.042451  dMax=1.051355  Dlo=0.021226  Dhi=0.546903  err=0.000000  inc=-0.219206  bucket 0->0  (mf=1000)
Dropping frame 1403715982.534058
[MF-SEL] tPrev=(  d=0.119745  dMin=0.000000  dAvg=0.042494  dMax=1.051355  Dlo=0.021247  Dhi=0.546924  err=0.000000  inc=-0.219206  bucket 0->0  (mf=1000)
Dropping frame 1403715982.634058
[MF-SEL] tPrev=(  d=0.118162  dMin=0.000000  dAvg=0.042537  dMax=1.051355  Dlo=0.021268  Dhi=0.546946  err=0.000000  inc=-0.219206  bucket 0->0  (mf=1000)
[MF-SEL] tPrev=(  d=0.061801  dMin=0.000000  dAvg=0.042547  dMax=1.051355  Dlo=0.021274  Dhi=0.546951  err=0.000000  inc=-0.219206  bucket 0->0  (mf=1000)
[MF-SEL] tPrev=(  d=0.062598  dMin=0.000000  dAvg=0.042558  dMax=1.051355  Dlo=0.021279  Dhi=0.546956  err=0.000000  inc=-0.219206  bucket 0->0  (mf=1000)
[MF-SEL] tPrev=(  d=0.063140  dMin=0.000000  dAvg=0.042570  dMax=1.051355  Dlo=0.021285  Dhi=0.546962  err=0.000000  inc=-0.219206  bucket 0->0  (mf=1000)
Dropping frame 1403715982.884058
[MF-SEL] tPrev=(  d=0.119006  dMin=0.000000  dAvg=0.042612  dMax=1.051355  Dlo=0.021306  Dhi=0.546983  err=0.000000  inc=-0.219206  bucket 0->0  (mf=1000)
[MF-SEL] tPrev=(  d=0.064594  dMin=0.000000  dAvg=0.042625  dMax=1.051355  Dlo=0.021312  Dhi=0.546990  err=0.000000  inc=-0.219206  bucket 0->0  (mf=1000)
[MF-SEL] tPrev=(  d=0.064938  dMin=0.000000  dAvg=0.042637  dMax=1.051355  Dlo=0.021318  Dhi=0.546996  err=0.000000  inc=-0.219206  bucket 0->0  (mf=1000)
[MF-SEL] tPrev=(  d=0.065581  dMin=0.000000  dAvg=0.042650  dMax=1.051355  Dlo=0.021325  Dhi=0.547002  err=0.000000  inc=-0.219206  bucket 0->0  (mf=1000)
[MF-SEL] tPrev=(  d=0.065815  dMin=0.000000  dAvg=0.042662  dMax=1.051355  Dlo=0.021331  Dhi=0.547009  err=0.000000  inc=-0.219206  bucket 0->0  (mf=1000)
[MF-SEL] tPrev=(  d=0.061272  dMin=0.000000  dAvg=0.042673  dMax=1.051355  Dlo=0.021336  Dhi=0.547014  err=0.000000  inc=-0.219206  bucket 0->0  (mf=1000)
[MF-SEL] tPrev=(  d=0.064834  dMin=0.000000  dAvg=0.042685  dMax=1.051355  Dlo=0.021343  Dhi=0.547020  err=0.000000  inc=-0.219206  bucket 0->0  (mf=1000)
[MF-SEL] tPrev=(  d=0.066653  dMin=0.000000  dAvg=0.042698  dMax=1.051355  Dlo=0.021349  Dhi=0.547026  err=0.000000  inc=-0.219206  bucket 0->0  (mf=1000)
[MF-SEL] tPrev=(  d=0.066495  dMin=0.000000  dAvg=0.042711  dMax=1.051355  Dlo=0.021356  Dhi=0.547033  err=0.000000  inc=-0.219206  bucket 0->0  (mf=1000)
[MF-SEL] tPrev=(  d=0.066076  dMin=0.000000  dAvg=0.042724  dMax=1.051355  Dlo=0.021362  Dhi=0.547039  err=0.000000  inc=-0.219206  bucket 0->0  (mf=1000)
[MF-SEL] tPrev=(  d=0.055603  dMin=0.000000  dAvg=0.042732  dMax=1.051355  Dlo=0.021366  Dhi=0.547043  err=0.000000  inc=-0.219206  bucket 0->0  (mf=1000)
[MF-SEL] tPrev=(  d=0.065532  dMin=0.000000  dAvg=0.042744  dMax=1.051355  Dlo=0.021372  Dhi=0.547049  err=0.000000  inc=-0.219206  bucket 0->0  (mf=1000)
[MF-SEL] tPrev=(  d=0.065122  dMin=0.000000  dAvg=0.042756  dMax=1.051355  Dlo=0.021378  Dhi=0.547055  err=0.000000  inc=-0.219206  bucket 0->0  (mf=1000)
[MF-SEL] tPrev=(  d=0.064557  dMin=0.000000  dAvg=0.042768  dMax=1.051355  Dlo=0.021384  Dhi=0.547062  err=0.000000  inc=-0.219206  bucket 0->0  (mf=1000)
[MF-SEL] tPrev=(  d=0.063487  dMin=0.000000  dAvg=0.042780  dMax=1.051355  Dlo=0.021390  Dhi=0.547067  err=0.000000  inc=-0.219206  bucket 0->0  (mf=1000)
[MF-SEL] tPrev=(  d=0.042639  dMin=0.000000  dAvg=0.042780  dMax=1.051355  Dlo=0.021390  Dhi=0.547067  err=0.000000  inc=-0.219206  bucket 0->0  (mf=1000)
Dropping frame 1403715983.734058
[MF-SEL] tPrev=(  d=0.117584  dMin=0.000000  dAvg=0.042821  dMax=1.051355  Dlo=0.021411  Dhi=0.547088  err=0.000000  inc=-0.219206  bucket 0->0  (mf=1000)
[MF-SEL] tPrev=(  d=0.056759  dMin=0.000000  dAvg=0.042829  dMax=1.051355  Dlo=0.021414  Dhi=0.547092  err=0.000000  inc=-0.219206  bucket 0->0  (mf=1000)
[MF-SEL] tPrev=(  d=0.055520  dMin=0.000000  dAvg=0.042836  dMax=1.051355  Dlo=0.021418  Dhi=0.547095  err=0.000000  inc=-0.219206  bucket 0->0  (mf=1000)
[MF-SEL] tPrev=(  d=0.054329  dMin=0.000000  dAvg=0.042842  dMax=1.051355  Dlo=0.021421  Dhi=0.547098  err=0.000000  inc=-0.219206  bucket 0->0  (mf=1000)
[MF-SEL] tPrev=(  d=0.053491  dMin=0.000000  dAvg=0.042848  dMax=1.051355  Dlo=0.021424  Dhi=0.547101  err=0.000000  inc=-0.219206  bucket 0->0  (mf=1000)
[MF-SEL] tPrev=(  d=0.027849  dMin=0.000000  dAvg=0.042840  dMax=1.051355  Dlo=0.021420  Dhi=0.547097  err=0.000000  inc=-0.219206  bucket 0->0  (mf=1000)
[MF-SEL] tPrev=(  d=0.051121  dMin=0.000000  dAvg=0.042844  dMax=1.051355  Dlo=0.021422  Dhi=0.547099  err=0.000000  inc=-0.219206  bucket 0->0  (mf=1000)
Dropping frame 1403715984.134058
[MF-SEL] tPrev=(  d=0.088868  dMin=0.000000  dAvg=0.042869  dMax=1.051355  Dlo=0.021435  Dhi=0.547112  err=0.000000  inc=-0.219206  bucket 0->0  (mf=1000)
[MF-SEL] tPrev=(  d=0.051408  dMin=0.000000  dAvg=0.042874  dMax=1.051355  Dlo=0.021437  Dhi=0.547114  err=0.000000  inc=-0.219206  bucket 0->0  (mf=1000)
[MF-SEL] tPrev=(  d=0.050207  dMin=0.000000  dAvg=0.042878  dMax=1.051355  Dlo=0.021439  Dhi=0.547116  err=0.000000  inc=-0.219206  bucket 0->0  (mf=1000)
Dropping frame 1403715984.334058
[MF-SEL] tPrev=(  d=0.090287  dMin=0.000000  dAvg=0.042904  dMax=1.051355  Dlo=0.021452  Dhi=0.547129  err=0.000000  inc=-0.219206  bucket 0->0  (mf=1000)
[MF-SEL] tPrev=(  d=0.048763  dMin=0.000000  dAvg=0.042907  dMax=1.051355  Dlo=0.021454  Dhi=0.547131  err=0.000000  inc=-0.219206  bucket 0->0  (mf=1000)
[MF-SEL] tPrev=(  d=0.047993  dMin=0.000000  dAvg=0.042910  dMax=1.051355  Dlo=0.021455  Dhi=0.547132  err=0.000000  inc=-0.219206  bucket 0->0  (mf=1000)
Dropping frame 1403715984.534058
[MF-SEL] tPrev=(  d=0.101878  dMin=0.000000  dAvg=0.042942  dMax=1.051355  Dlo=0.021471  Dhi=0.547148  err=0.000000  inc=-0.219206  bucket 0->0  (mf=1000)
[MF-SEL] tPrev=(  d=0.050618  dMin=0.000000  dAvg=0.042946  dMax=1.051355  Dlo=0.021473  Dhi=0.547151  err=0.000000  inc=-0.219206  bucket 0->0  (mf=1000)
[MF-SEL] tPrev=(  d=0.051693  dMin=0.000000  dAvg=0.042951  dMax=1.051355  Dlo=0.021476  Dhi=0.547153  err=0.000000  inc=-0.219206  bucket 0->0  (mf=1000)
[MF-SEL] tPrev=(  d=0.058343  dMin=0.000000  dAvg=0.042960  dMax=1.051355  Dlo=0.021480  Dhi=0.547157  err=0.000000  inc=-0.219206  bucket 0->0  (mf=1000)
[MF-SEL] tPrev=(  d=0.053532  dMin=0.000000  dAvg=0.042965  dMax=1.051355  Dlo=0.021483  Dhi=0.547160  err=0.000000  inc=-0.219206  bucket 0->0  (mf=1000)
[MF-SEL] tPrev=(  d=0.062438  dMin=0.000000  dAvg=0.042976  dMax=1.051355  Dlo=0.021488  Dhi=0.547165  err=0.000000  inc=-0.219206  bucket 0->0  (mf=1000)
Dropping frame 1403715984.884058
[MF-SEL] tPrev=(  d=0.100021  dMin=0.000000  dAvg=0.043007  dMax=1.051355  Dlo=0.021504  Dhi=0.547181  err=0.000000  inc=-0.219206  bucket 0->0  (mf=1000)
[MF-SEL] tPrev=(  d=0.050927  dMin=0.000000  dAvg=0.043011  dMax=1.051355  Dlo=0.021506  Dhi=0.547183  err=0.000000  inc=-0.219206  bucket 0->0  (mf=1000)
[MF-SEL] tPrev=(  d=0.049530  dMin=0.000000  dAvg=0.043015  dMax=1.051355  Dlo=0.021508  Dhi=0.547185  err=0.000000  inc=-0.219206  bucket 0->0  (mf=1000)
[MF-SEL] tPrev=(  d=0.049833  dMin=0.000000  dAvg=0.043019  dMax=1.051355  Dlo=0.021509  Dhi=0.547187  err=0.000000  inc=-0.219206  bucket 0->0  (mf=1000)
[MF-SEL] tPrev=(  d=0.044310  dMin=0.000000  dAvg=0.043019  dMax=1.051355  Dlo=0.021510  Dhi=0.547187  err=0.000000  inc=-0.219206  bucket 0->0  (mf=1000)
Dropping frame 1403715985.184058
[MF-SEL] tPrev=(  d=0.090690  dMin=0.000000  dAvg=0.043045  dMax=1.051355  Dlo=0.021523  Dhi=0.547200  err=0.000000  inc=-0.219206  bucket 0->0  (mf=1000)
[MF-SEL] tPrev=(  d=0.048873  dMin=0.000000  dAvg=0.043048  dMax=1.051355  Dlo=0.021524  Dhi=0.547202  err=0.000000  inc=-0.219206  bucket 0->0  (mf=1000)
[MF-SEL] tPrev=(  d=0.045542  dMin=0.000000  dAvg=0.043050  dMax=1.051355  Dlo=0.021525  Dhi=0.547202  err=0.000000  inc=-0.219206  bucket 0->0  (mf=1000)
Dropping frame 1403715985.384058
[MF-SEL] tPrev=(  d=0.103051  dMin=0.000000  dAvg=0.043082  dMax=1.051355  Dlo=0.021541  Dhi=0.547218  err=0.000000  inc=-0.219206  bucket 0->0  (mf=1000)
[MF-SEL] tPrev=(  d=0.053396  dMin=0.000000  dAvg=0.043088  dMax=1.051355  Dlo=0.021544  Dhi=0.547221  err=0.000000  inc=-0.219206  bucket 0->0  (mf=1000)
[MF-SEL] tPrev=(  d=0.045147  dMin=0.000000  dAvg=0.043089  dMax=1.051355  Dlo=0.021545  Dhi=0.547222  err=0.000000  inc=-0.219206  bucket 0->0  (mf=1000)
[MF-SEL] tPrev=(  d=0.054512  dMin=0.000000  dAvg=0.043095  dMax=1.051355  Dlo=0.021548  Dhi=0.547225  err=0.000000  inc=-0.219206  bucket 0->0  (mf=1000)
[MF-SEL] tPrev=(  d=0.056542  dMin=0.000000  dAvg=0.043103  dMax=1.051355  Dlo=0.021551  Dhi=0.547229  err=0.000000  inc=-0.219206  bucket 0->0  (mf=1000)
[MF-SEL] tPrev=(  d=0.057900  dMin=0.000000  dAvg=0.043111  dMax=1.051355  Dlo=0.021555  Dhi=0.547233  err=0.000000  inc=-0.219206  bucket 0->0  (mf=1000)
[MF-SEL] tPrev=(  d=0.054904  dMin=0.000000  dAvg=0.043117  dMax=1.051355  Dlo=0.021558  Dhi=0.547236  err=0.000000  inc=-0.219206  bucket 0->0  (mf=1000)
[MF-SEL] tPrev=(  d=0.053964  dMin=0.000000  dAvg=0.043123  dMax=1.051355  Dlo=0.021561  Dhi=0.547239  err=0.000000  inc=-0.219206  bucket 0->0  (mf=1000)
Dropping frame 1403715985.834058
[MF-SEL] tPrev=(  d=0.103735  dMin=0.000000  dAvg=0.043156  dMax=1.051355  Dlo=0.021578  Dhi=0.547255  err=0.000000  inc=-0.219206  bucket 0->0  (mf=1000)
Dropping frame 1403715985.934058
[MF-SEL] tPrev=(  d=0.112940  dMin=0.000000  dAvg=0.043193  dMax=1.051355  Dlo=0.021597  Dhi=0.547274  err=0.000000  inc=-0.219206  bucket 0->0  (mf=1000)
[MF-SEL] tPrev=(  d=0.046369  dMin=0.000000  dAvg=0.043195  dMax=1.051355  Dlo=0.021597  Dhi=0.547275  err=0.000000  inc=-0.219206  bucket 0->0  (mf=1000)
[MF-SEL] tPrev=(  d=0.045207  dMin=0.000000  dAvg=0.043196  dMax=1.051355  Dlo=0.021598  Dhi=0.547275  err=0.000000  inc=-0.219206  bucket 0->0  (mf=1000)
Dropping frame 1403715986.134058
[MF-SEL] tPrev=(  d=0.090192  dMin=0.000000  dAvg=0.043221  dMax=1.051355  Dlo=0.021611  Dhi=0.547288  err=0.000000  inc=-0.219206  bucket 0->0  (mf=1000)
Dropping frame 1403715986.234058
[MF-SEL] tPrev=(  d=0.090191  dMin=0.000000  dAvg=0.043247  dMax=1.051355  Dlo=0.021623  Dhi=0.547301  err=0.000000  inc=-0.219206  bucket 0->0  (mf=1000)
[MF-SEL] tPrev=(  d=0.039406  dMin=0.000000  dAvg=0.043245  dMax=1.051355  Dlo=0.021622  Dhi=0.547300  err=0.000000  inc=-0.219206  bucket 0->0  (mf=1000)
Dropping frame 1403715986.384058
[MF-SEL] tPrev=(  d=0.063136  dMin=0.000000  dAvg=0.043255  dMax=1.051355  Dlo=0.021628  Dhi=0.547305  err=0.000000  inc=-0.219206  bucket 0->0  (mf=1000)
[MF-SEL] tPrev=(  d=0.059273  dMin=0.000000  dAvg=0.043264  dMax=1.051355  Dlo=0.021632  Dhi=0.547309  err=0.000000  inc=-0.219206  bucket 0->0  (mf=1000)
Dropping frame 1403715986.534058
[MF-SEL] tPrev=(  d=0.067276  dMin=0.000000  dAvg=0.043277  dMax=1.051355  Dlo=0.021638  Dhi=0.547316  err=0.000000  inc=-0.219206  bucket 0->0  (mf=1000)
Dropping frame 1403715986.634058
[MF-SEL] tPrev=(  d=0.064434  dMin=0.000000  dAvg=0.043288  dMax=1.051355  Dlo=0.021644  Dhi=0.547321  err=0.000000  inc=-0.219206  bucket 0->0  (mf=1000)
[MF-SEL] tPrev=(  d=0.033068  dMin=0.000000  dAvg=0.043283  dMax=1.051355  Dlo=0.021641  Dhi=0.547319  err=0.000000  inc=-0.219206  bucket 0->0  (mf=1000)
Dropping frame 1403715986.784058
[MF-SEL] tPrev=(  d=0.079396  dMin=0.000000  dAvg=0.043302  dMax=1.051355  Dlo=0.021651  Dhi=0.547328  err=0.000000  inc=-0.219206  bucket 0->0  (mf=1000)
[MF-SEL] tPrev=(  d=0.035462  dMin=0.000000  dAvg=0.043298  dMax=1.051355  Dlo=0.021649  Dhi=0.547326  err=0.000000  inc=-0.219206  bucket 0->0  (mf=1000)
[MF-SEL] tPrev=(  d=0.028136  dMin=0.000000  dAvg=0.043290  dMax=1.051355  Dlo=0.021645  Dhi=0.547322  err=0.000000  inc=-0.219206  bucket 0->0  (mf=1000)
[MF-SEL] tPrev=(  d=0.026234  dMin=0.000000  dAvg=0.043281  dMax=1.051355  Dlo=0.021640  Dhi=0.547318  err=0.000000  inc=-0.219206  bucket 0->0  (mf=1000)
Dropping frame 1403715987.034058
[MF-SEL] tPrev=(  d=0.075861  dMin=0.000000  dAvg=0.043298  dMax=1.051355  Dlo=0.021649  Dhi=0.547326  err=0.000000  inc=-0.219206  bucket 0->0  (mf=1000)
Dropping frame 1403715987.134058
[MF-SEL] tPrev=(  d=0.081690  dMin=0.000000  dAvg=0.043319  dMax=1.051355  Dlo=0.021659  Dhi=0.547337  err=0.000000  inc=-0.219206  bucket 0->0  (mf=1000)
[MF-SEL] tPrev=(  d=0.036608  dMin=0.000000  dAvg=0.043315  dMax=1.051355  Dlo=0.021658  Dhi=0.547335  err=0.000000  inc=-0.219206  bucket 0->0  (mf=1000)
[MF-SEL] tPrev=(  d=0.033429  dMin=0.000000  dAvg=0.043310  dMax=1.051355  Dlo=0.021655  Dhi=0.547332  err=0.000000  inc=-0.219206  bucket 0->0  (mf=1000)
[MF-SEL] tPrev=(  d=0.031482  dMin=0.000000  dAvg=0.043303  dMax=1.051355  Dlo=0.021652  Dhi=0.547329  err=0.000000  inc=-0.219206  bucket 0->0  (mf=1000)
[MF-SEL] tPrev=(  d=0.028349  dMin=0.000000  dAvg=0.043295  dMax=1.051355  Dlo=0.021648  Dhi=0.547325  err=0.000000  inc=-0.219206  bucket 0->0  (mf=1000)
Dropping frame 1403715987.434058
[MF-SEL] tPrev=(  d=0.064676  dMin=0.000000  dAvg=0.043307  dMax=1.051355  Dlo=0.021653  Dhi=0.547331  err=0.000000  inc=-0.219206  bucket 0->0  (mf=1000)
Dropping frame 1403715987.534058
[MF-SEL] tPrev=(  d=0.066758  dMin=0.000000  dAvg=0.043319  dMax=1.051355  Dlo=0.021660  Dhi=0.547337  err=0.000000  inc=-0.219206  bucket 0->0  (mf=1000)
[MF-SEL] tPrev=(  d=0.014806  dMin=0.000000  dAvg=0.043304  dMax=1.051355  Dlo=0.021652  Dhi=0.547329  err=-1.000000  inc=-1.166674  bucket 0->0  (mf=1000)
[MF-SEL] tPrev=(  d=0.029456  dMin=0.000000  dAvg=0.043297  dMax=1.051355  Dlo=0.021648  Dhi=0.547326  err=0.000000  inc=0.122958  bucket 0->0  (mf=1000)
[MF-SEL] tPrev=(  d=0.022692  dMin=0.000000  dAvg=0.043286  dMax=1.051355  Dlo=0.021643  Dhi=0.547320  err=0.000000  inc=-0.221524  bucket 0->0  (mf=1000)
Dropping frame 1403715987.784058
[MF-SEL] tPrev=(  d=0.031987  dMin=0.000000  dAvg=0.043280  dMax=1.051355  Dlo=0.021640  Dhi=0.547317  err=0.000000  inc=-0.221524  bucket 0->0  (mf=1000)
[MF-SEL] tPrev=(  d=0.024279  dMin=0.000000  dAvg=0.043270  dMax=1.051355  Dlo=0.021635  Dhi=0.547312  err=0.000000  inc=-0.221524  bucket 0->0  (mf=1000)
Dropping frame 1403715987.934058
[MF-SEL] tPrev=(  d=0.026392  dMin=0.000000  dAvg=0.043261  dMax=1.051355  Dlo=0.021630  Dhi=0.547308  err=0.000000  inc=-0.221524  bucket 0->0  (mf=1000)
[MF-SEL] tPrev=(  d=0.020910  dMin=0.000000  dAvg=0.043249  dMax=1.051355  Dlo=0.021624  Dhi=0.547302  err=-1.000000  inc=-1.141418  bucket 0->0  (mf=1000)
[MF-SEL] tPrev=(  d=0.017458  dMin=0.000000  dAvg=0.043235  dMax=1.051355  Dlo=0.021618  Dhi=0.547295  err=-1.000000  inc=-0.826214  bucket 0->0  (mf=1000)
[MF-SEL] tPrev=(  d=0.018462  dMin=0.000000  dAvg=0.043222  dMax=1.051355  Dlo=0.021611  Dhi=0.547288  err=-1.000000  inc=-0.828374  bucket 0->0  (mf=1000)
Dropping frame 1403715988.184058
[MF-SEL] tPrev=(  d=0.031742  dMin=0.000000  dAvg=0.043216  dMax=1.051355  Dlo=0.021608  Dhi=0.547285  err=0.000000  inc=-0.049257  bucket 0->0  (mf=1000)
[MF-SEL] tPrev=(  d=0.056939  dMin=0.000000  dAvg=0.043223  dMax=1.051355  Dlo=0.021612  Dhi=0.547289  err=0.000000  inc=-0.228374  bucket 0->0  (mf=1000)
[MF-SEL] tPrev=(  d=0.010059  dMin=0.000000  dAvg=0.043206  dMax=1.051355  Dlo=0.021603  Dhi=0.547280  err=-1.000000  inc=-1.169845  bucket 0->0  (mf=1000)
Dropping frame 1403715988.384058
[MF-SEL] tPrev=(  d=0.020665  dMin=0.000000  dAvg=0.043194  dMax=1.051355  Dlo=0.021597  Dhi=0.547274  err=-1.000000  inc=-0.835450  bucket 0->0  (mf=1000)
Dropping frame 1403715988.484058
[MF-SEL] tPrev=(  d=0.011203  dMin=0.000000  dAvg=0.043177  dMax=1.051355  Dlo=0.021588  Dhi=0.547266  err=-1.000000  inc=-0.840142  bucket 0->0  (mf=1000)
[MF-SEL] tPrev=(  d=0.007614  dMin=0.000000  dAvg=0.043158  dMax=1.051355  Dlo=0.021579  Dhi=0.547256  err=-1.000000  inc=-0.842334  bucket 0->0  (mf=1000)
[MF-SEL] tPrev=(  d=0.006531  dMin=0.000000  dAvg=0.043138  dMax=1.051355  Dlo=0.021569  Dhi=0.547247  err=-1.000000  inc=-0.844628  bucket 0->0  (mf=1000)
[MF-SEL] tPrev=(  d=0.003411  dMin=0.000000  dAvg=0.043117  dMax=1.051355  Dlo=0.021559  Dhi=0.547236  err=-1.000000  inc=-0.846600  bucket 0->0  (mf=1000)
[MF-SEL] tPrev=(  d=0.006139  dMin=0.000000  dAvg=0.043098  dMax=1.051355  Dlo=0.021549  Dhi=0.547226  err=-1.000000  inc=-0.848626  bucket 0->0  (mf=1000)
[MF-SEL] tPrev=(  d=0.046859  dMin=0.000000  dAvg=0.043100  dMax=1.051355  Dlo=0.021550  Dhi=0.547227  err=0.000000  inc=0.060930  bucket 0->0  (mf=1000)
Dropping frame 1403715988.834058
[MF-SEL] tPrev=(  d=0.013621  dMin=0.000000  dAvg=0.043084  dMax=1.051355  Dlo=0.021542  Dhi=0.547219  err=-1.000000  inc=-1.046663  bucket 0->0  (mf=1000)
[MF-SEL] tPrev=(  d=0.056169  dMin=0.000000  dAvg=0.043091  dMax=1.051355  Dlo=0.021546  Dhi=0.547223  err=0.000000  inc=0.096783  bucket 0->0  (mf=1000)
[MF-SEL] tPrev=(  d=0.007756  dMin=0.000000  dAvg=0.043073  dMax=1.051355  Dlo=0.021536  Dhi=0.547214  err=-1.000000  inc=-1.210363  bucket 0->0  (mf=1000)
Dropping frame 1403715989.034058
[MF-SEL] tPrev=(  d=0.024018  dMin=0.000000  dAvg=0.043063  dMax=1.051355  Dlo=0.021531  Dhi=0.547209  err=0.000000  inc=-0.082888  bucket 0->0  (mf=1000)
Dropping frame 1403715989.134058
[MF-SEL] tPrev=(  d=0.054895  dMin=0.000000  dAvg=0.043069  dMax=1.051355  Dlo=0.021534  Dhi=0.547212  err=0.000000  inc=-0.255003  bucket 0->0  (mf=1000)
[MF-SEL] tPrev=(  d=0.014666  dMin=0.000000  dAvg=0.043054  dMax=1.051355  Dlo=0.021527  Dhi=0.547204  err=-1.000000  inc=-1.197914  bucket 0->0  (mf=1000)
[MF-SEL] tPrev=(  d=0.018326  dMin=0.000000  dAvg=0.043041  dMax=1.051355  Dlo=0.021520  Dhi=0.547198  err=-1.000000  inc=-0.859832  bucket 0->0  (mf=1000)
[MF-SEL] tPrev=(  d=0.017935  dMin=0.000000  dAvg=0.043028  dMax=1.051355  Dlo=0.021514  Dhi=0.547191  err=-1.000000  inc=-0.862085  bucket 0->0  (mf=1000)
[MF-SEL] tPrev=(  d=0.018153  dMin=0.000000  dAvg=0.043015  dMax=1.051355  Dlo=0.021507  Dhi=0.547185  err=-1.000000  inc=-0.864253  bucket 0->0  (mf=1000)
Dropping frame 1403715989.434058
[MF-SEL] tPrev=(  d=0.018344  dMin=0.000000  dAvg=0.043002  dMax=1.051355  Dlo=0.021501  Dhi=0.547178  err=-1.000000  inc=-0.869427  bucket 0->0  (mf=1000)
[MF-SEL] tPrev=(  d=0.011310  dMin=0.000000  dAvg=0.042985  dMax=1.051355  Dlo=0.021492  Dhi=0.547170  err=-1.000000  inc=-0.871800  bucket 0->0  (mf=1000)
Dropping frame 1403715989.584058
[MF-SEL] tPrev=(  d=0.027393  dMin=0.000000  dAvg=0.042977  dMax=1.051355  Dlo=0.021488  Dhi=0.547166  err=0.000000  inc=-0.109677  bucket 0->0  (mf=1000)
[MF-SEL] tPrev=(  d=0.008466  dMin=0.000000  dAvg=0.042959  dMax=1.051355  Dlo=0.021479  Dhi=0.547157  err=-1.000000  inc=-1.226720  bucket 0->0  (mf=1000)
[MF-SEL] tPrev=(  d=0.008301  dMin=0.000000  dAvg=0.042940  dMax=1.051355  Dlo=0.021470  Dhi=0.547148  err=-1.000000  inc=-0.876630  bucket 0->0  (mf=1000)
Dropping frame 1403715989.784058
[MF-SEL] tPrev=(  d=0.031304  dMin=0.000000  dAvg=0.042934  dMax=1.051355  Dlo=0.021467  Dhi=0.547144  err=0.000000  inc=-0.098159  bucket 0->0  (mf=1000)
Dropping frame 1403715989.884058
[MF-SEL] tPrev=(  d=0.015663  dMin=0.000000  dAvg=0.042920  dMax=1.051355  Dlo=0.021460  Dhi=0.547137  err=-1.000000  inc=-1.048460  bucket 0->0  (mf=1000)
[MF-SEL] tPrev=(  d=0.034367  dMin=0.000000  dAvg=0.042916  dMax=1.051355  Dlo=0.021458  Dhi=0.547135  err=0.000000  inc=0.061535  bucket 0->0  (mf=1000)
[MF-SEL] tPrev=(  d=0.007169  dMin=0.000000  dAvg=0.042897  dMax=1.051355  Dlo=0.021448  Dhi=0.547126  err=-1.000000  inc=-1.227633  bucket 0->0  (mf=1000)
[MF-SEL] tPrev=(  d=0.006297  dMin=0.000000  dAvg=0.042878  dMax=1.051355  Dlo=0.021439  Dhi=0.547116  err=-1.000000  inc=-0.886150  bucket 0->0  (mf=1000)
[MF-SEL] tPrev=(  d=0.006333  dMin=0.000000  dAvg=0.042859  dMax=1.051355  Dlo=0.021429  Dhi=0.547107  err=-1.000000  inc=-0.888164  bucket 0->0  (mf=1000)
Dropping frame 1403715990.184058
[MF-SEL] tPrev=(  d=0.025592  dMin=0.000000  dAvg=0.042850  dMax=1.051355  Dlo=0.021425  Dhi=0.547102  err=0.000000  inc=-0.115161  bucket 0->0  (mf=1000)
Dropping frame 1403715990.284058
[MF-SEL] tPrev=(  d=0.009123  dMin=0.000000  dAvg=0.042832  dMax=1.051355  Dlo=0.021416  Dhi=0.547093  err=-1.000000  inc=-1.058403  bucket 0->0  (mf=1000)
Dropping frame 1403715990.384058
[MF-SEL] tPrev=(  d=0.017346  dMin=0.000000  dAvg=0.042819  dMax=1.051355  Dlo=0.021409  Dhi=0.547087  err=-1.000000  inc=-0.897976  bucket 0->0  (mf=1000)
Dropping frame 1403715990.484058
[MF-SEL] tPrev=(  d=0.021728  dMin=0.000000  dAvg=0.042808  dMax=1.051355  Dlo=0.021404  Dhi=0.547081  err=0.000000  inc=-0.130106  bucket 0->0  (mf=1000)
[MF-SEL] tPrev=(  d=0.016437  dMin=0.000000  dAvg=0.042794  dMax=1.051355  Dlo=0.021397  Dhi=0.547074  err=-1.000000  inc=-1.271342  bucket 0->0  (mf=1000)
Dropping frame 1403715990.634058
[MF-SEL] tPrev=(  d=0.016540  dMin=0.000000  dAvg=0.042780  dMax=1.051355  Dlo=0.021390  Dhi=0.547067  err=-1.000000  inc=-0.905172  bucket 0->0  (mf=1000)
[MF-SEL] tPrev=(  d=0.008026  dMin=0.000000  dAvg=0.042762  dMax=1.051355  Dlo=0.021381  Dhi=0.547058  err=-1.000000  inc=-0.907564  bucket 0->0  (mf=1000)
[MF-SEL] tPrev=(  d=0.019374  dMin=0.000000  dAvg=0.042750  dMax=1.051355  Dlo=0.021375  Dhi=0.547052  err=-1.000000  inc=-0.909972  bucket 0->0  (mf=1000)
[MF-SEL] tPrev=(  d=0.008880  dMin=0.000000  dAvg=0.042732  dMax=1.051355  Dlo=0.021366  Dhi=0.547043  err=-1.000000  inc=-0.912394  bucket 0->0  (mf=1000)
[MF-SEL] tPrev=(  d=0.021956  dMin=0.000000  dAvg=0.042722  dMax=1.051355  Dlo=0.021361  Dhi=0.547038  err=0.000000  inc=-0.001493  bucket 0->0  (mf=1000)
[MF-SEL] tPrev=(  d=0.009636  dMin=0.000000  dAvg=0.042704  dMax=1.051355  Dlo=0.021352  Dhi=0.547029  err=-1.000000  inc=-1.257972  bucket 0->0  (mf=1000)
[MF-SEL] tPrev=(  d=0.022818  dMin=0.000000  dAvg=0.042694  dMax=1.051355  Dlo=0.021347  Dhi=0.547024  err=0.000000  inc=0.019005  bucket 0->0  (mf=1000)
Dropping frame 1403715991.034058
[MF-SEL] tPrev=(  d=0.022734  dMin=0.000000  dAvg=0.042684  dMax=1.051355  Dlo=0.021342  Dhi=0.547019  err=0.000000  inc=-0.314724  bucket 0->0  (mf=1000)
[MF-SEL] tPrev=(  d=0.011794  dMin=0.000000  dAvg=0.042668  dMax=1.051355  Dlo=0.021334  Dhi=0.547011  err=-1.000000  inc=-1.240088  bucket 0->0  (mf=1000)
Dropping frame 1403715991.184058
[MF-SEL] tPrev=(  d=0.018155  dMin=0.000000  dAvg=0.042655  dMax=1.051355  Dlo=0.021327  Dhi=0.547005  err=-1.000000  inc=-0.921979  bucket 0->0  (mf=1000)
Dropping frame 1403715991.284058
[MF-SEL] tPrev=(  d=0.013829  dMin=0.000000  dAvg=0.042640  dMax=1.051355  Dlo=0.021320  Dhi=0.546997  err=-1.000000  inc=-0.926992  bucket 0->0  (mf=1000)
Dropping frame 1403715991.384058
[MF-SEL] tPrev=(  d=0.030436  dMin=0.000000  dAvg=0.042634  dMax=1.051355  Dlo=0.021317  Dhi=0.546994  err=0.000000  inc=-0.157383  bucket 0->0  (mf=1000)
Dropping frame 1403715991.484058
[MF-SEL] tPrev=(  d=0.019361  dMin=0.000000  dAvg=0.042622  dMax=1.051355  Dlo=0.021311  Dhi=0.546988  err=-1.000000  inc=-1.089926  bucket 0->0  (mf=1000)
[MF-SEL] tPrev=(  d=0.008723  dMin=0.000000  dAvg=0.042604  dMax=1.051355  Dlo=0.021302  Dhi=0.546979  err=-1.000000  inc=-0.934513  bucket 0->0  (mf=1000)
[MF-SEL] tPrev=(  d=0.008602  dMin=0.000000  dAvg=0.042587  dMax=1.051355  Dlo=0.021293  Dhi=0.546971  err=-1.000000  inc=-0.936993  bucket 0->0  (mf=1000)
[MF-SEL] tPrev=(  d=0.009482  dMin=0.000000  dAvg=0.042569  dMax=1.051355  Dlo=0.021285  Dhi=0.546962  err=-1.000000  inc=-0.939594  bucket 0->0  (mf=1000)
Dropping frame 1403715991.734058
[MF-SEL] tPrev=(  d=0.019590  dMin=0.000000  dAvg=0.042558  dMax=1.051355  Dlo=0.021279  Dhi=0.546956  err=-1.000000  inc=-0.944298  bucket 0->0  (mf=1000)
Dropping frame 1403715991.834058
[MF-SEL] tPrev=(  d=0.021850  dMin=0.000000  dAvg=0.042547  dMax=1.051355  Dlo=0.021273  Dhi=0.546951  err=0.000000  inc=-0.186836  bucket 0->0  (mf=1000)
[MF-SEL] tPrev=(  d=0.010577  dMin=0.000000  dAvg=0.042530  dMax=1.051355  Dlo=0.021265  Dhi=0.546942  err=-1.000000  inc=-1.261716  bucket 0->0  (mf=1000)
Dropping frame 1403715991.984058
[MF-SEL] tPrev=(  d=0.032278  dMin=0.000000  dAvg=0.042525  dMax=1.051355  Dlo=0.021263  Dhi=0.546940  err=0.000000  inc=-0.178364  bucket 0->0  (mf=1000)
[MF-SEL] tPrev=(  d=0.010568  dMin=0.000000  dAvg=0.042509  dMax=1.051355  Dlo=0.021254  Dhi=0.546932  err=-1.000000  inc=-1.269051  bucket 0->0  (mf=1000)
[MF-SEL] tPrev=(  d=0.010556  dMin=0.000000  dAvg=0.042492  dMax=1.051355  Dlo=0.021246  Dhi=0.546923  err=-1.000000  inc=-0.951830  bucket 0->0  (mf=1000)
[MF-SEL] tPrev=(  d=0.010684  dMin=0.000000  dAvg=0.042476  dMax=1.051355  Dlo=0.021238  Dhi=0.546915  err=-1.000000  inc=-0.954283  bucket 0->0  (mf=1000)
Dropping frame 1403715992.234058
[MF-SEL] tPrev=(  d=0.021633  dMin=0.000000  dAvg=0.042465  dMax=1.051355  Dlo=0.021232  Dhi=0.546910  err=0.000000  inc=-0.195043  bucket 0->0  (mf=1000)
Dropping frame 1403715992.334058
Fail to track local map!
[MF-SEL] tPrev=(  d=0.021985  dMin=0.000000  dAvg=0.042454  dMax=1.051355  Dlo=0.021227  Dhi=0.546904  err=0.000000  inc=-0.354283  bucket 0->0  (mf=1000)
[MF-SEL] tPrev=(  d=0.003066  dMin=0.000000  dAvg=0.042434  dMax=1.051355  Dlo=0.021217  Dhi=0.546894  err=-1.000000  inc=-1.195917  bucket 0->0  (mf=1000)
[MF-SEL] tPrev=(  d=0.026954  dMin=0.000000  dAvg=0.042426  dMax=1.051355  Dlo=0.021213  Dhi=0.546890  err=0.000000  inc=0.136734  bucket 0->0  (mf=1000)
[MF-SEL] tPrev=(  d=0.010483  dMin=0.000000  dAvg=0.042410  dMax=1.051355  Dlo=0.021205  Dhi=0.546882  err=-1.000000  inc=-1.262389  bucket 0->0  (mf=1000)
Dropping frame 1403715992.584058
[MF-SEL] tPrev=(  d=0.021617  dMin=0.000000  dAvg=0.042399  dMax=1.051355  Dlo=0.021200  Dhi=0.546877  err=0.000000  inc=-0.196225  bucket 0->0  (mf=1000)
Dropping frame 1403715992.684058
[MF-SEL] tPrev=(  d=0.022606  dMin=0.000000  dAvg=0.042389  dMax=1.051355  Dlo=0.021194  Dhi=0.546872  err=0.000000  inc=-0.360289  bucket 0->0  (mf=1000)
[MF-SEL] tPrev=(  d=0.011652  dMin=0.000000  dAvg=0.042373  dMax=1.051355  Dlo=0.021187  Dhi=0.546864  err=-1.000000  inc=-1.297350  bucket 0->0  (mf=1000)
[MF-SEL] tPrev=(  d=0.011984  dMin=0.000000  dAvg=0.042358  dMax=1.051355  Dlo=0.021179  Dhi=0.546856  err=-1.000000  inc=-0.965284  bucket 0->0  (mf=1000)
[MF-SEL] tPrev=(  d=0.012404  dMin=0.000000  dAvg=0.042342  dMax=1.051355  Dlo=0.021171  Dhi=0.546848  err=-1.000000  inc=-0.967614  bucket 0->0  (mf=1000)
[MF-SEL] tPrev=(  d=0.012397  dMin=0.000000  dAvg=0.042327  dMax=1.051355  Dlo=0.021163  Dhi=0.546841  err=-1.000000  inc=-0.969992  bucket 0->0  (mf=1000)
[MF-SEL] tPrev=(  d=0.016056  dMin=0.000000  dAvg=0.042313  dMax=1.051355  Dlo=0.021157  Dhi=0.546834  err=-1.000000  inc=-0.972316  bucket 0->0  (mf=1000)
[MF-SEL] tPrev=(  d=0.013044  dMin=0.000000  dAvg=0.042298  dMax=1.051355  Dlo=0.021149  Dhi=0.546826  err=-1.000000  inc=-0.975091  bucket 0->0  (mf=1000)
Dropping frame 1403715993.084058
[MF-SEL] tPrev=(  d=0.027541  dMin=0.000000  dAvg=0.042291  dMax=1.051355  Dlo=0.021145  Dhi=0.546823  err=0.000000  inc=-0.210497  bucket 0->0  (mf=1000)
[MF-SEL] tPrev=(  d=0.014427  dMin=0.000000  dAvg=0.042277  dMax=1.051355  Dlo=0.021138  Dhi=0.546816  err=-1.000000  inc=-1.303548  bucket 0->0  (mf=1000)
[MF-SEL] tPrev=(  d=0.022717  dMin=0.000000  dAvg=0.042267  dMax=1.051355  Dlo=0.021133  Dhi=0.546811  err=0.000000  inc=-0.047586  bucket 0->0  (mf=1000)
[MF-SEL] tPrev=(  d=0.015365  dMin=0.000000  dAvg=0.042253  dMax=1.051355  Dlo=0.021126  Dhi=0.546804  err=-1.000000  inc=-1.293490  bucket 0->0  (mf=1000)
[MF-SEL] tPrev=(  d=0.015814  dMin=0.000000  dAvg=0.042239  dMax=1.051355  Dlo=0.021120  Dhi=0.546797  err=-1.000000  inc=-0.982615  bucket 0->0  (mf=1000)
[MF-SEL] tPrev=(  d=0.016290  dMin=0.000000  dAvg=0.042226  dMax=1.051355  Dlo=0.021113  Dhi=0.546790  err=-1.000000  inc=-0.985116  bucket 0->0  (mf=1000)
[MF-SEL] tPrev=(  d=0.016761  dMin=0.000000  dAvg=0.042213  dMax=1.051355  Dlo=0.021107  Dhi=0.546784  err=-1.000000  inc=-0.987584  bucket 0->0  (mf=1000)
[MF-SEL] tPrev=(  d=0.017147  dMin=0.000000  dAvg=0.042200  dMax=1.051355  Dlo=0.021100  Dhi=0.546777  err=-1.000000  inc=-0.989906  bucket 0->0  (mf=1000)
[MF-SEL] tPrev=(  d=0.022478  dMin=0.000000  dAvg=0.042190  dMax=1.051355  Dlo=0.021095  Dhi=0.546772  err=0.000000  inc=-0.038037  bucket 0->0  (mf=1000)
[MF-SEL] tPrev=(  d=0.016332  dMin=0.000000  dAvg=0.042177  dMax=1.051355  Dlo=0.021089  Dhi=0.546766  err=-1.000000  inc=-1.286430  bucket 0->0  (mf=1000)
[MF-SEL] tPrev=(  d=0.016726  dMin=0.000000  dAvg=0.042164  dMax=1.051355  Dlo=0.021082  Dhi=0.546759  err=-1.000000  inc=-0.995097  bucket 0->0  (mf=1000)
[MF-SEL] tPrev=(  d=0.017396  dMin=0.000000  dAvg=0.042152  dMax=1.051355  Dlo=0.021076  Dhi=0.546753  err=-1.000000  inc=-0.997548  bucket 0->0  (mf=1000)
[MF-SEL] tPrev=(  d=0.017909  dMin=0.000000  dAvg=0.042139  dMax=1.051355  Dlo=0.021070  Dhi=0.546747  err=-1.000000  inc=-0.999953  bucket 0->0  (mf=1000)
[MF-SEL] tPrev=(  d=0.014310  dMin=0.000000  dAvg=0.042125  dMax=1.051355  Dlo=0.021063  Dhi=0.546740  err=-1.000000  inc=-1.002263  bucket 0->0  (mf=1000)
[MF-SEL] tPrev=(  d=0.017614  dMin=0.000000  dAvg=0.042113  dMax=1.051355  Dlo=0.021056  Dhi=0.546734  err=-1.000000  inc=-1.005046  bucket 0->0  (mf=1000)
[MF-SEL] tPrev=(  d=0.018023  dMin=0.000000  dAvg=0.042101  dMax=1.051355  Dlo=0.021050  Dhi=0.546728  err=-1.000000  inc=-1.007458  bucket 0->0  (mf=1000)
[MF-SEL] tPrev=(  d=0.018435  dMin=0.000000  dAvg=0.042089  dMax=1.051355  Dlo=0.021044  Dhi=0.546722  err=-1.000000  inc=-1.009899  bucket 0->0  (mf=1000)
[MF-SEL] tPrev=(  d=0.019483  dMin=0.000000  dAvg=0.042077  dMax=1.051355  Dlo=0.021039  Dhi=0.546716  err=-1.000000  inc=-1.012370  bucket 0->0  (mf=1000)
Shutdown
SLAM Finished at System Time: 1748952238.005367040634155

 TIME STATS in ms (mean$\pm$std)
OpenCV version: 4.8.1
---------------------------
Tracking

ORB Extraction: 17.48623$\pm$2.29967
Stereo Matching: 5.99471$\pm$1.99245
IMU Preintegration: 0.18174$\pm$0.05099
Pose Prediction: 0.18211$\pm$0.50827
LM Track: 14.09103$\pm$3.53322
New KF decision: 0.40549$\pm$0.44181
Total Tracking: 35.54618$\pm$16.28184



Local Mapping

KF Insertion: 8.99067$\pm$3.26286
MP Culling: 0.54984$\pm$0.25279
MP Creation: 28.35344$\pm$12.59467
LBA: 99.50121$\pm$33.06277
KF Culling: 7.84665$\pm$5.03708
Total Local Mapping: 144.94541$\pm$47.98138
---------------------------

LBA complexity (mean$\pm$std)
LBA Edges: 1176.37500$\pm$423.56137
LBA KF optimized: 6.50000$\pm$2.29129
LBA KF fixed: 1.00000$\pm$0.00000
LBA MP: nan$\pm$nan

LBA executions: 521
LBA aborts: 1
---------------------------

Map complexity
KFs in map: 150
MPs in map: 8548
---------------------------

Place Recognition (mean$\pm$std)
Database Query: 1.07517$\pm$0.57485
SE3 estimation: 12.17015$\pm$8.88329
Total Place Recognition: 10.88746$\pm$9.86756


Loop Closing (mean$\pm$std)
Loop Fusion: 117.99302$\pm$42.73511
Essential Graph: 69.99991$\pm$0.48730
Total Loop Closing: 213.34944$\pm$62.76886

Num exec: 2
Number of KFs: nan$\pm$nan

Map Merging (mean$\pm$std)
Merge Maps: nan$\pm$nan
Welding BA: nan$\pm$nan
Optimization Ess.: nan$\pm$nan
Total Map Merging: nan$\pm$nan

Num exec: 0
Number of KFs: nan$\pm$nan
Number of MPs: nan$\pm$nan

Full GBA (mean$\pm$std)
GBA: 1080.28765$\pm$75.05272
Map Update: 80.60232$\pm$17.50451
Total Full GBA: 1160.88997$\pm$57.54821

Num exec: 2
Num abort: 0
Number of KFs: 161.50000$\pm$0.50000
Number of MPs: 10227.50000$\pm$190.50000

Saving trajectory to f_dataset-V103_stereo_imu.txt ...
There are 1 maps in the atlas
  Map 0 has 150 KFs

End of saving trajectory to f_dataset-V103_stereo_imu.txt ...

Saving keyframe trajectory to kf_dataset-V103_stereo_imu.txt ...
