0,0.0558637,-0.225832,1.89358
0,0.0632938,-0.196226,1.84901
0,0.0580192,-0.198123,1.86688
0,0.0339719,-0.177833,1.83966
0,0.0222622,-0.205828,1.83071
0,0.052445,-0.222993,1.87805
0,0.425134,0.0459931,1.98708
0,0.412867,0.0460225,1.98834
0,0.399009,-0.0103656,1.98179
0,0.398748,-0.0228476,1.9805
0,0.189664,-0.183145,1.72575
0,-0.0250664,-0.23389,1.91887
0,-0.000876754,-0.267375,1.94237
0,0.264399,-0.176771,1.82868
0,0.198507,-0.184204,1.7461
0,-0.0765652,-0.174955,1.45036
0,-0.0720228,-0.237956,1.91264
0,-0.0724502,-0.261206,1.92399
0,-0.227226,-0.246272,1.71822
0,-0.239285,-0.245306,1.71148
0,-0.224566,-0.217487,1.74812
0,-0.217513,-0.230251,1.74461
0,-0.262556,-0.242872,1.6945
0,-0.136529,-0.149734,1.80854
0,-0.150983,-0.171133,1.81779
0,-0.038724,-0.35875,2.06656
0,-0.0314048,-0.226238,1.3944
0,-0.0150583,-0.330702,2.03826
0,0.01535,-0.306513,1.98159
0,0.0311038,-0.344916,2.03114
0,-0.247401,-0.220868,1.7229
0,-0.235308,-0.221759,1.72985
0,-0.249727,-0.196625,1.73911
0,-0.217464,-0.176151,1.7988
0,-0.242595,-0.209308,1.73515
0,0.000346551,-0.262458,1.93322
0,0.000353946,-0.290474,1.97449
0,0.0212034,-0.20792,1.839
0,-0.0654933,-0.27713,1.93352
0,-0.118175,-0.180423,1.84243
0,-0.085647,-0.228455,1.89387
0,-0.266118,0.327165,1.76048
0,-0.296586,0.3331,1.8685
0,0.172175,-0.349989,1.89236
0,0.426039,0.0375606,1.93985
0,0.425498,-0.0140402,1.97135
0,0.0620139,-0.245951,1.81162
0,0.147545,-0.165694,1.69201
0,0.203372,-0.281937,1.91646
0,-0.1476,-0.106786,1.77706
0,0.0556285,-0.400119,1.82702
0,0.476285,-0.417405,1.90596
0,0.416936,0.0380698,1.96615
0,-0.116467,-0.0521257,1.62419
0,-0.130566,-0.04453,1.61614
0,-0.0834154,-0.230547,1.87592
0,-0.0590724,-0.270142,1.91509
0,-0.0539507,-0.38242,2.05093
0,-0.0803684,-0.375333,2.01292
0,-0.0164422,-0.330602,2.01881
0,-0.0241345,-0.24247,1.90264
0,-0.0422547,-0.282665,1.94139
0,0.0363861,-0.363923,1.90533
0,0.00194429,-0.387331,2.07726
0,0.075441,-0.197233,1.80488
0,0.0519381,-0.218163,1.84324
0,0.0772026,-0.436647,1.84703
0,0.05955,-0.463339,1.82012
0,0.163312,-0.366218,1.87283
0,0.154948,-0.383569,1.87451
0,0.401054,-0.508065,1.8324
0,0.442514,-0.441348,1.86692
0,0.411548,-0.443853,1.84213
0,0.474767,-0.51584,1.86045
0,0.461131,-0.536524,1.87368
0,0.486723,-0.460028,1.87396
0,0.486629,-0.493966,1.8736
0,-0.293182,-0.21774,1.70859
0,-0.250301,-0.512639,1.79027
0,-0.307606,0.436291,2.00483
0,-0.294255,0.403164,1.9763
0,-0.28833,0.366292,1.8792
0,-0.179165,-0.173203,1.81067
0,-0.199271,-0.209517,1.7702
0,-0.152194,-0.122027,1.78362
0,-0.131273,-0.158492,1.83066
0,0.0109517,-0.318416,1.99984
0,0.0294057,-0.349152,2.02007
0,0.00190133,-0.341879,2.03136
0,0.0174257,-0.166414,1.73969
0,0.0268653,-0.210058,1.84556
0,0.0321215,-0.443459,1.68202
0,0.0163295,-0.407605,1.63025
0,0.11068,-0.335814,1.84592
0,0.119747,-0.371464,1.85655
0,0.0941544,-0.378668,1.85057
0,-0.0749398,-0.196588,1.87696
0,-0.0582485,-0.214932,1.88838
0,-0.0915564,-0.195675,1.86824
0,-0.116365,-0.186171,1.85805
0,-0.124623,-0.211178,1.8554
0,-0.0446972,-0.47112,1.69916
0,-0.0762375,-0.475372,1.71449
0,-0.0528329,-0.490459,1.71281
0,-0.0764477,-0.5001,1.71922
0,-0.316112,0.308702,1.89228
0,-0.325937,0.284003,1.89947
0,-0.321141,0.220343,1.87152
0,-0.212739,-0.470684,1.81657
0,-0.291501,0.326165,1.84526
0,-0.188765,-0.516213,1.74734
0,-0.0657589,-0.160888,1.85833
0,-0.097045,-0.140448,1.81233
0,0.427733,0.0348828,1.9543
0,0.42513,-0.01863,1.98355
0,0.00915694,-0.44844,1.67212
0,-0.013869,-0.479881,1.70287
0,-0.0373322,-0.506724,1.71522
0,0.0515033,-0.407208,1.82781
0,0.196846,-0.195728,1.7911
0,0.148022,-0.170084,1.69749
0,0.200411,-0.276948,1.90212
0,-0.325215,-0.164011,1.80001
0,-0.357087,-0.159115,1.83786
0,-0.287141,0.493565,2.05377
0,-0.197396,-0.108419,1.82723
0,-0.148085,-0.175339,1.833
0,-0.223184,-0.514471,1.76862
0,-0.239212,-0.52243,1.76838
0,0.480363,-0.419363,1.88238
0,-0.303908,-0.196386,1.72544
0,-0.376269,-0.185377,1.85012
0,-0.370596,-0.259522,1.78244
0,0.00182729,-0.275382,1.95224
0,-0.00566685,-0.364556,1.57228
0,-0.237051,-0.183543,1.75241
0,-0.266286,-0.197534,1.73552
0,-0.235042,-0.221432,1.73756
0,-0.268032,-0.239335,1.6967
0,-0.237124,-0.296957,1.59259
0,0.528227,-0.436598,1.81202
0,0.499409,-0.514362,1.76825
0,-0.374778,-0.0591414,1.84279
0,-0.345896,-0.144301,1.84048
0,-0.330989,-0.161968,1.81374
0,-0.103947,-0.142532,1.81792
0,-0.113565,-0.142173,1.81334
0,-0.360015,-0.291801,1.76233
0,-0.317594,-0.242978,1.68988
0,-0.346381,-0.250479,1.74205
0,-0.353109,-0.254712,2.54211
0,-0.269781,-0.193052,1.73774
0,-0.279492,0.429133,2.09428
0,-0.307293,0.405587,1.97936
0,-0.284139,0.430301,2.04559
0,-0.312445,0.434317,2.01255
0,-0.15061,-0.120436,1.78404
0,-0.143805,-0.152691,1.82095
0,0.0162588,-0.306681,1.98268
0,0.027272,-0.341731,1.99814
0,0.0145281,-0.16786,1.77163
0,0.0250345,-0.203768,1.8342
0,0.0853009,-0.385032,1.84082
0,0.0548136,-0.392204,1.82751
0,0.0805774,-0.183705,1.73889
0,0.0449952,-0.213639,1.83315
0,0.105128,-0.324141,1.83677
0,0.115783,-0.366221,1.84711
0,0.157753,-0.360071,1.86741
0,0.415911,0.0274724,1.93235
0,0.423561,-0.0149091,1.96789
0,-0.374934,-0.183898,1.83536
0,-0.367366,-0.447799,2.14091
0,-0.297134,0.328511,1.84903
0,-0.321877,0.282169,1.87581
0,-0.352634,0.241355,1.87633
0,-0.314316,-0.267806,1.67244
0,-0.0665939,-0.20907,1.88193
0,-0.086009,-0.186201,1.85834
0,-0.0664639,-0.198656,1.43605
0,-0.0645822,-0.153037,1.82508
0,0.0349118,-0.382378,1.82813
0,0.0240127,-0.40633,1.75934
0,-0.0215451,-0.366073,1.58503
0,0.0654933,-0.35631,1.84791
0,0.0750573,-0.433941,1.83558
0,0.191062,-0.282802,1.89505
0,0.471179,-0.419359,1.85962
0,0.44114,-0.429838,1.86112
0,0.406754,-0.435729,1.84315
0,0.436348,-0.0365252,1.97725
0,-0.305451,-0.191671,1.72531
0,-0.290073,-0.224641,1.69046
0,-0.230192,-0.170385,1.79828
0,-0.264619,-0.217218,1.70449
0,0.00530528,-0.266673,1.92773
0,-0.0257848,-0.231409,1.89694
0,0.0362274,-0.355445,1.89702
0,-0.0387954,-0.370658,2.03746
0,-0.201405,-0.102109,1.8037
0,-0.192822,-0.172008,1.81541
0,0.0319987,-0.113114,1.67559
0,-0.373414,-0.0536848,1.82792
0,0.533738,-0.432841,1.83093
0,0.132675,-0.159067,1.67883
0,0.529344,0.617763,1.78254
0,0.447947,0.660861,1.76793
0,-0.309843,0.363571,1.92812
0,-0.295087,-0.454953,1.96987
0,-0.1301,-0.0483832,1.64741
0,-0.338104,-0.158447,1.84173
0,-0.112118,-0.624701,1.70142
0,-0.16406,-0.589248,1.66413
0,-0.139788,-0.117566,1.77009
0,-0.178153,-0.143652,1.80708
0,0.010809,-0.166179,1.79518
0,0.0711885,-0.494859,1.83898
0,0.403426,0.0225629,1.87434
0,0.42436,-0.027007,1.91348
0,0.39897,-0.75462,1.79899
0,0.874307,0.581582,1.85937
0,-0.315982,0.312985,1.92712
0,-0.357557,0.243968,1.88071
0,-0.0789277,-0.503496,1.70534
0,0.0223532,-0.572041,1.77985
0,-0.000890275,-0.519845,1.72257
0,0.0224095,-0.620144,1.78433
0,0.0108639,-0.379361,1.80431
0,-0.000858642,-0.392764,1.66141
0,0.0904996,-0.18462,1.74754
0,0.0466932,-0.204337,1.82146
0,0.194526,-0.28296,1.86882
0,0.245083,-0.657885,1.7918
0,0.263234,-0.662008,1.68315
0,0.208949,-0.678103,1.78336
0,0.548229,-0.453497,1.86668
0,0.476141,-0.430117,1.87116
0,0.488415,-0.491325,1.87131
0,0.526079,-0.528928,1.83205
0,-0.133952,-0.578422,1.69619
0,-0.176901,-0.562846,1.68278
0,0.437574,-0.501379,1.86321
0,0.410793,-0.462114,1.85231
0,0.462898,-0.526836,1.86708
0,0.605118,-0.474664,1.85402
0,0.626045,-0.518319,1.88047
0,0.595114,-0.549348,1.86064
0,-0.192417,-0.520036,1.72321
0,-0.253464,-0.539882,1.67979
0,-0.201356,-0.561025,1.61423
0,-0.235706,-0.556822,1.63285
0,-0.0616688,-0.184055,1.85712
0,-0.0854688,-0.170946,1.84667
0,0.0837072,-0.388953,1.84993
0,0.0711448,-0.434476,1.83785
0,-0.308453,0.343837,1.95933
0,0.1956,-0.753213,1.76808
0,0.0464818,-0.5472,1.81321
0,0.388022,-0.642401,1.74963
0,-0.336514,0.221715,1.90076
0,0.439223,-0.442131,1.87023
0,-0.196027,-0.0936434,1.75554
0,-0.179061,-0.180008,1.81629
0,-0.243605,-0.186743,1.76764
0,0.0363241,-0.325303,1.90208
0,0.0440073,-0.125242,1.71668
0,0.133898,-0.159034,1.718
0,0.313344,-0.630377,1.78028
0,0.302739,-0.706498,1.65843
0,0.578575,-0.569373,1.84668
0,0.0339065,-0.466165,1.77548
0,-0.0345587,-0.518077,1.71671
0,-0.106579,-0.130993,1.79552
0,-0.123203,-0.502182,1.70089
0,0.108107,-0.329121,1.85354
0,0.157977,-0.368735,1.87007
0,0.534474,0.613302,1.74228
0,0.503472,0.617189,1.75332
0,0.0336154,-0.70384,1.76024
0,-0.300162,-0.519764,1.76044
0,-0.111201,-0.0569162,1.68751
0,0.0316483,-0.457796,1.77905
0,0.00364287,-0.460351,1.73605
0,0.405492,0.0178602,1.89546
0,0.427793,-0.0272255,1.92896
0,0.0754309,-0.398086,1.82526
0,-0.585514,0.426311,1.92681
0,-0.321212,0.00284043,1.80103
0,-0.371366,-0.054826,1.83948
0,-0.336501,0.328271,1.97357
0,0.0750957,-0.481856,1.81715
0,0.0457363,-0.54309,1.78414
0,-0.511763,0.579556,1.93373
0,-0.553156,0.560211,1.91943
0,-0.465445,-0.424968,1.75872
0,-0.531823,-0.491543,1.75012
0,-0.3565,0.243365,1.91466
0,-0.116845,-0.626192,1.70548
0,-0.180881,-0.59008,1.67888
0,0.0174877,-0.61811,1.75863
0,-0.0511832,-0.600601,1.74783
0,0.0310919,-0.696569,1.74778
0,0.0452501,-0.191098,1.76517
0,0.302664,-0.62251,1.73248
0,0.265662,-0.652757,1.67073
0,0.390631,-0.729635,1.76139
0,-0.324875,-0.448985,1.74481
0,-0.352249,-0.421603,1.74479
0,-0.349647,-0.520549,1.66712
0,-0.157391,-0.574145,1.70988
0,-0.246388,-0.536626,1.67648
0,0.0188961,-0.339901,1.90026
0,-0.0865519,-0.268735,1.92445
0,0.547996,-0.452881,1.87423
0,0.570144,-0.563343,1.85067
0,-0.133537,-0.120728,1.74885
0,-0.18912,-0.134948,1.75535
0,-0.175839,-0.176757,1.76026
0,-0.246491,-0.191812,1.77176
0,-0.0100533,-0.107033,1.74927
0,-0.106782,-0.135318,1.76016
0,-0.0404023,-0.248383,1.88459
0,0.482734,-0.490447,1.84954
0,0.416694,-0.468753,1.87891
0,0.105601,-0.331284,1.85208
0,0.164655,-0.362395,1.86262
0,-0.340774,-0.155062,1.8302
0,-0.409118,-0.153765,1.8149
0,-0.364535,-0.181314,1.80565
0,-0.328845,-0.260484,1.76613
0,-0.387327,-0.290489,1.78018
0,-0.399749,-0.331109,1.77333
0,-0.078125,-0.487881,1.73708
0,0.0175158,-0.563826,1.76146
0,-0.0374741,-0.53209,1.748
0,-0.303962,0.441376,2.06824
0,0.480468,-0.428822,1.89791
0,0.361422,0.0476735,1.8983
1,0.250327,-0.741065,1.66088
1,-0.0154232,-0.42602,1.71833
1,0.0235486,-0.425808,1.71505
1,0.0234383,-0.116161,1.72717
1,0.343305,-0.61638,1.71811
1,0.199971,-0.188131,1.73131
1,0.137589,-0.168784,1.73794
1,0.30367,-0.729598,1.72637
1,0.00966569,-0.115151,1.75394
1,0.0162724,-0.169589,1.76602
1,0.336749,-0.766001,1.73748
1,0.555665,-0.0838659,1.71525
1,0.60905,-0.105763,1.70998
1,0.558596,-0.0877126,1.71616
1,0.083638,-0.189607,1.76837
1,-0.0612871,-0.608673,1.7909
1,-0.044242,-0.143587,1.78868
1,0.649255,-0.121922,1.71747
1,0.636411,-0.115607,1.71893
1,0.647246,-0.125889,1.71923
1,-0.0467607,-0.14097,1.79853
1,0.216762,-0.687346,1.79649
1,0.544418,-0.546523,1.76353
1,0.40662,-0.672603,1.77883
1,0.0422443,-0.552684,1.81964
1,0.380028,-0.779119,1.79187
1,0.231795,-0.65347,1.8154
1,-0.115859,-0.216471,1.85282
1,0.577868,-0.484433,1.79695
1,0.397911,-0.477399,1.81636
1,0.562777,-0.517381,1.80087
1,-0.0626542,-0.218193,1.87118
1,0.0792352,-0.469631,1.86203
1,0.539585,-0.424769,1.81496
1,0.456599,-0.508232,1.82427
1,0.595969,-0.464904,1.81026
1,0.0640882,-0.358404,1.86773
1,0.396814,-0.505212,1.8346
1,0.560204,-0.515326,1.8178
1,0.542378,-0.537242,1.82211
1,1.13147,-0.808856,1.77486
1,0.616445,-0.51202,1.82855
1,0.120555,-0.360886,1.87956
1,0.0813592,-0.372325,1.88394
1,0.617522,-0.46029,1.82959
1,0.00676542,-0.291151,1.89196
1,0.932597,0.48619,1.79316
1,0.176733,-0.304168,1.87799
1,0.0541307,-0.380656,1.89345
1,0.906132,0.501437,1.80015
1,0.0818435,-0.47984,1.89526
1,0.103913,-0.32501,1.89312
1,0.532033,-0.453887,1.85006
1,0.624447,-0.471194,1.84069
1,0.435545,-0.498117,1.86129
1,0.617538,-0.49697,1.84511
1,-0.0281456,-0.207953,1.91485
1,0.486315,-0.457979,1.87104
1,0.116827,-0.376292,1.91324
1,0.599059,-0.577302,1.86667
1,0.141164,-0.400681,1.91365
1,0.499844,-0.462959,1.88496
1,0.61805,-0.554387,1.87332
1,0.165193,-0.35384,1.92104
1,0.500686,-0.497133,1.88719
1,0.46631,-0.411848,1.89048
1,-0.0893358,-0.199708,1.94737
1,1.21584,0.38788,1.82068
1,0.426708,0.00879491,1.92765
1,0.421487,-0.00526286,1.95178
1,0.425624,-0.00476956,1.97386
1,0.0273736,-0.3493,2.03986
1,0.00852538,-0.355441,2.08078
2,0.352145,-0.209234,0.468667
2,0.759765,-0.170318,1.34231
2,0.752935,0.393895,1.48447
2,0.79878,0.386934,1.48857
2,1.27302,-0.269391,1.26393
2,1.01393,0.320062,1.45032
2,1.14583,0.289887,1.39686
2,1.0567,0.326249,1.44034
2,1.02824,0.343558,1.4634
2,1.15493,0.295381,1.41022
2,1.0554,0.33373,1.46021
2,1.17437,0.293102,1.41596
2,1.17731,0.278374,1.42469
2,1.44165,0.185097,1.31437
2,1.44762,0.190091,1.31902
2,1.36521,0.213503,1.36717
2,1.24053,0.269892,1.43275
2,1.27062,0.276239,1.42728
2,1.26364,0.257988,1.42897
2,1.43552,0.207179,1.35306
2,1.30591,0.262697,1.42013
2,1.28411,0.259499,1.43214
2,1.30814,0.267464,1.43185
2,1.26632,0.272208,1.4515
2,0.513793,-0.524288,1.71036
2,0.512588,-0.508958,1.77467
2,1.06494,-0.699475,1.52546
2,0.526976,-0.541257,1.77351
2,0.635852,-0.86259,1.69803
2,0.634421,-0.863175,1.70061
2,0.795048,-0.619903,1.67113
2,1.37299,-0.743017,1.42002
2,0.537725,-0.435599,1.82559
2,0.570735,-0.527648,1.83821
2,1.42431,-0.707775,1.46271
2,1.19508,-0.760686,1.57108
2,0.481965,-0.520036,1.90403
2,0.572856,-0.575214,1.86598
2,1.13839,-0.749769,1.62044
2,0.62686,-0.506888,1.86891
2,0.632179,-0.574382,1.90184
2,0.60693,-0.598238,1.91812
2,0.73246,-0.993912,1.84375
2,1.69692,-0.797339,1.48594
2,1.69348,-0.508932,1.58005
2,1.7337,-0.454633,1.60823
2,1.76224,-0.552345,1.60226
2,1.7754,-0.500644,1.60744
2,1.75868,-0.457452,1.62028
2,1.74782,-0.830584,1.62131
2,1.85722,-0.516944,1.61306
2,1.85398,-0.58698,1.6179
3,-0.195269,0.481124,1.39235
3,0.794288,0.501261,1.60291
3,0.93947,0.587597,1.29563
3,0.993418,0.647641,1.09115
3,0.714124,-0.473604,1.35889
3,0.757509,-0.433844,1.21132
3,0.711112,-0.561179,1.45085
3,0.787571,-0.462555,1.19514
3,1.17711,0.0933984,0.800075
3,1.16656,0.076603,0.789892
3,0.797676,-0.559562,1.31581
3,0.820078,-0.538721,1.23018
3,1.18793,0.0818864,0.803057
3,0.880797,-0.475605,0.958794
3,1.20467,0.0552884,0.760427
3,0.892646,-0.471626,1.01871
3,1.21862,0.0520658,0.768809
3,0.962887,-0.376782,0.805849
3,0.896816,-0.494646,0.948235
3,0.985349,-0.349927,0.812383
3,0.857857,-0.594126,1.31143
3,0.987066,-0.37613,0.843807
3,1.25917,0.057498,0.783184
3,1.00212,-0.377868,0.842982
3,1.23525,-0.00972736,0.738429
3,1.01404,-0.380863,0.84873
3,0.996426,-0.413373,0.745381
3,1.27772,0.00408304,0.817435
3,1.04866,-0.373021,0.811416
3,1.06949,-0.353164,0.867671
3,1.27474,-0.029177,0.724647
3,1.29994,-0.00313705,0.799612
3,1.08035,-0.371546,0.865422
3,1.24805,-0.103893,0.875534
3,1.3105,-0.00783455,0.795951
3,1.26122,-0.0967184,0.865232
3,1.31816,0.00231355,0.741712
3,1.25057,-0.123569,0.859408
3,1.30587,-0.0382134,0.801915
3,1.11351,-0.349358,0.785776
3,1.06048,-0.415288,0.229299
3,1.26916,-0.118991,0.830474
3,1.30855,-0.0665396,0.771014
3,1.3158,-0.0621492,0.76067
3,1.10423,-0.403981,0.753305
3,1.29435,-0.105,0.849277
3,1.28629,-0.124113,0.914152
3,1.3221,-0.063074,0.808786
3,1.28983,-0.11527,0.800498
3,1.10719,-0.408252,0.749998
3,1.30081,-0.108821,0.897964
3,1.31332,-0.0864383,0.847633
3,1.32138,-0.0732707,0.817234
3,1.31744,-0.0857905,0.886856
3,1.32337,-0.0709535,0.748388
3,1.16013,-0.33573,0.741553
3,1.29538,-0.121885,0.800472
3,1.32895,-0.0649719,0.696381
3,1.31388,-0.104143,0.817429
3,1.31001,-0.126726,0.900175
3,1.34718,-0.0747262,0.841313
3,1.19467,-0.288787,0.326826
3,1.3388,-0.0994412,0.890958
3,1.3686,-0.051347,0.855306
3,1.44024,0.0754207,0.670336
3,1.24479,-0.226528,0.378339
3,1.33087,-0.120604,0.891501
3,1.35375,-0.0858854,0.806061
3,1.3391,-0.121311,0.799576
3,1.38693,-0.050167,0.838197
3,1.44148,0.0492766,0.652173
3,1.39372,-0.101593,0.916277
3,1.20208,-0.427954,0.774564
3,1.47033,0.0052762,0.602015
3,1.41111,-0.118008,0.946809
3,1.42284,-0.120636,0.938896
3,1.50965,0.0189531,0.619164
3,1.51156,-0.0306659,0.584706
3,1.52533,-0.0750365,0.952662
3,1.41014,-0.340015,1.21836
3,1.53615,-0.14099,1.0152
3,1.62625,-0.114179,0.935037
3,1.54211,-0.41145,1.20079
4,0.0343974,-0.0384208,1.59105
4,0.0345149,-0.0435857,1.59648
4,-0.120639,0.151609,1.5848
4,-0.120779,0.146783,1.58665
4,0.230162,0.0970756,1.59188
4,0.226307,0.0975779,1.60012
4,0.0471172,0.183755,1.37644
4,0.0426758,0.183318,1.37318
4,0.214012,0.230273,1.48019
4,0.206098,0.222854,1.52523
4,0.144483,0.255913,1.645
4,0.146505,0.227392,1.55629
4,0.101453,0.0932983,1.70639
4,0.0843042,0.102829,1.68622
4,0.345982,0.212095,1.39155
4,0.345757,0.196314,1.37322
4,-0.0141595,-0.0836352,2.09545
4,-0.115215,0.121179,1.57895
4,-0.11855,0.0949703,1.55736
4,0.0342487,-0.0282651,1.58417
4,0.00470633,-0.0585452,1.74206
4,0.125792,0.101982,1.67234
4,0.119428,0.122074,1.73301
4,0.196062,0.0975905,1.60033
4,0.134454,0.235771,1.64923
4,0.167094,0.217353,1.52039
4,0.0663736,0.189789,1.32758
4,0.0802145,0.184367,1.34917
4,0.0770635,0.175282,1.44996
4,0.207762,0.233163,1.46899
4,0.251198,0.229737,1.50729
4,0.228769,0.216743,1.51613
4,0.0349569,0.194743,1.2518
4,0.0563417,0.0899919,1.64592
4,0.0406918,0.0794538,1.64263
4,-0.0879593,0.0937672,1.53763
4,0.0363002,0.107686,1.67906
4,0.0118525,-0.0871865,2.0245
4,-0.112415,0.234811,1.54058
4,0.0624913,-0.192382,1.43034
4,0.309841,0.0909953,1.49218
4,0.217806,0.20559,1.54001
4,0.22478,-0.130768,1.23221
4,0.404676,-0.1655,1.60723
4,0.180852,0.210386,1.53957
4,0.16963,0.199239,1.54347
4,0.0562312,0.0939588,1.64269
4,0.043351,0.0868424,1.62582
4,0.0557392,0.0808151,1.62832
4,0.0433071,0.0806093,1.62417
4,-0.119796,0.138798,1.58687
4,-0.131225,0.138189,1.57991
4,-0.551631,-0.426397,3.64926
4,-0.119017,0.120001,1.57656
4,-0.286345,0.0567592,1.84803
4,0.0377784,0.106935,1.65111
4,0.0363703,-0.0293638,1.58957
4,0.00642137,-0.0544568,1.62041
4,-0.11967,0.150648,1.58521
4,-0.073118,0.257647,1.61683
4,-0.05605,0.244905,1.65473
4,0.339578,0.214653,1.37979
4,0.340852,0.196714,1.36399
4,0.146995,0.122974,1.61561
4,0.127552,0.108911,1.68163
4,0.232004,0.0982814,1.61166
4,0.1942,0.103729,1.60161
4,0.146091,0.228157,1.54157
4,0.121198,0.236489,1.59786
4,0.0848096,0.193223,1.24203
4,0.0659252,0.192599,1.33546
4,0.0772266,0.185364,1.35646
4,0.0771321,0.176353,1.45124
4,0.215783,0.233196,1.49897
4,0.207833,0.22604,1.56733
4,0.250663,0.23399,1.50408
4,0.230886,0.21976,1.52379
4,0.0419406,0.183022,1.37747
4,0.0339647,0.198165,1.2738
4,0.17491,0.237276,1.48899
4,0.0834581,0.109493,1.69062
4,0.162109,0.102594,1.5841
4,0.396968,0.0825929,1.66414
4,0.0407752,-0.0861075,1.52922
4,-0.11052,0.239772,1.54125
4,-0.154555,0.1997,1.46137
4,-0.1746,0.247443,1.35917
4,-0.181267,0.230197,1.41106
4,-0.0322444,-0.0643026,2.15612
4,-0.0667774,0.078873,1.47662
4,-0.0871176,0.0939051,1.53989
4,0.0249397,0.0685057,1.62861
4,-0.271373,-0.0444007,1.99498
4,0.0129913,-0.0753979,1.67709
4,-0.0340629,-0.111018,2.27771
4,-0.151613,0.260986,1.43356
4,-0.18662,0.135019,1.54367
4,-0.0766874,0.213839,1.56484
4,0.0598543,-0.19441,1.43198
4,0.311133,0.0967501,1.49386
4,0.218775,0.207379,1.56078
4,0.254124,-0.147471,1.3979
4,0.415449,-0.169095,1.66251
4,-0.261121,0.108926,1.60677
4,-0.141414,0.106675,1.57356
4,-0.140871,0.0991485,1.56752
4,-0.0579696,0.0720603,1.45192
4,-0.066538,0.0742661,1.49636
4,0.0314288,0.111568,1.64574
4,0.0388015,0.10383,1.64154
4,0.161997,0.108926,1.60677
4,0.162027,0.10165,1.60707
4,0.311307,0.100598,1.48392
4,0.311307,0.0938602,1.48392
4,0.419893,0.115661,1.70612
4,0.420546,0.108083,1.70877
4,0.446039,0.112488,1.65931
4,0.446446,0.10505,1.66082
4,0.487247,0.113311,1.67145
4,0.490967,0.106529,1.68421
4,-0.119014,0.16251,1.56088
4,0.136366,0.111837,1.64971
4,0.131808,0.106721,1.68724
4,-0.360625,0.0235997,1.7732
4,-0.351505,-0.00898777,1.85242
4,-0.288248,0.0856376,1.72548
4,-0.31536,0.0945542,1.74547
4,-0.217926,0.218813,1.42034
4,-0.110608,0.23763,1.54248
4,-0.133869,0.229483,1.4896
4,-0.064119,0.247406,1.60594
4,-0.057248,0.234545,1.61782
4,0.0163122,-0.0744468,1.62853
4,0.0361045,-0.0906305,1.52744
4,0.089023,0.198648,1.28944
4,0.0683263,0.188595,1.34292
4,0.0937602,0.114693,1.69184
4,0.0858381,0.0990528,1.68711
4,0.170044,0.217287,1.54723
4,0.156458,0.217933,1.55183
4,0.224634,0.208259,1.58546
4,0.181752,0.200653,1.52755
4,0.182651,0.234515,1.47869
4,0.205212,0.217333,1.54756
4,0.197349,0.0938017,1.59767
4,0.221714,0.233591,1.51626
4,0.236409,0.213776,1.52223
4,-0.117388,0.0903896,1.53955
4,0.164471,0.0678276,1.00053
4,0.237078,0.0951909,1.62133
4,0.362673,0.221456,1.39635
4,0.333096,0.208507,1.35344
4,0.353957,0.197572,1.36279
4,0.429065,0.0910811,1.68136
4,0.411693,0.156806,1.5061
4,0.460775,0.125414,1.63146
4,0.448261,0.126061,1.63987
4,0.453477,0.0883994,1.63185
4,-0.113211,0.121365,1.57878
4,-0.134506,0.128333,1.57632
4,0.0818812,0.173952,1.47749
4,0.0448665,0.18013,1.37132
4,0.0939739,0.130353,1.6957
4,0.0368124,0.201267,1.30644
4,0.107313,0.199152,1.37368
4,0.0456603,0.0804245,1.62045
4,0.373533,0.179247,1.41345
4,0.427081,0.0678645,1.67358
4,-0.317468,0.0162234,1.85012
4,-0.356418,0.0695137,1.71425
4,-0.0764589,0.212021,1.56017
4,-0.162457,0.127801,1.56979
4,-0.17343,0.249167,1.37435
4,-0.178954,0.22491,1.41812
4,-0.156961,0.263415,1.45294
4,-0.156524,0.196899,1.44889
4,0.0304374,-0.0366788,1.59383
4,-0.0241929,-0.0612102,1.90725
4,-0.0893931,0.0973411,1.53895
4,0.0236553,0.058518,1.62504
4,-0.0438291,0.0908003,2.01372
4,-0.0386555,-0.112778,2.24415
4,-0.269951,-0.0459252,1.99563
4,-0.0677058,0.00809072,1.91335
4,-0.180074,0.132165,1.53764
4,0.385569,0.198089,1.41053
4,0.253989,0.224807,1.50356
4,-0.530723,-0.227682,3.56448
4,0.0596894,-0.194954,1.42803
4,-0.114615,0.132575,1.55888
4,-0.114425,0.115397,1.5563
4,0.0301771,-0.0205811,1.5802
4,0.0216185,-0.0292593,1.58392
4,0.197179,0.214832,1.5397
4,0.179912,0.205883,1.53553
4,0.542732,-0.0198066,1.52072
4,0.53984,-0.0279422,1.51262
4,-0.275365,-0.0258197,1.98242
4,-0.266057,-0.0476889,1.9936
4,-0.140405,0.124357,1.56233
4,-0.164667,0.123401,1.55033
4,-0.136428,0.228356,1.51808
4,-0.1573,0.206637,1.48097
4,-0.113536,0.232285,1.5442
4,-0.0433218,0.0829785,1.769
4,-0.0609437,0.0781384,1.49247
4,0.0218963,0.0577702,1.60427
4,0.00441687,0.0577928,1.6049
4,0.0405852,0.104586,1.65348
4,0.0393894,0.0752744,1.60476
4,0.0875576,0.106942,1.69073
4,0.104704,0.0874518,1.67036
4,0.238947,0.223056,1.53857
4,0.233622,0.226014,1.55898
4,0.440263,0.105375,1.66596
4,0.45857,0.0872506,1.66651
4,0.574356,0.179622,1.7716
4,0.518601,0.179975,1.68455
4,-0.176057,0.231739,1.43651
4,-0.199798,0.216369,1.43839
4,-0.122077,0.0977757,1.54582
4,-0.140104,0.107103,1.55899
4,0.021787,-0.0729722,1.59627
4,-0.0386368,-0.103815,2.02913
4,0.0358753,-0.146448,1.4616
4,0.0588061,-0.198946,1.43815
4,0.158831,0.219808,1.57537
4,0.105642,0.208148,1.43574
4,0.147709,0.0979608,1.54874
4,0.133353,0.106731,1.68741
4,0.243871,0.102934,1.62737
4,0.185212,0.0999858,1.58076
4,0.429401,0.197501,1.47301
4,0.363133,0.203405,1.40302
4,-0.318292,0.0162655,1.85492
4,-0.356093,-0.00391797,1.84135
4,-0.266231,0.110085,1.6024
4,-0.33187,0.102072,1.76585
4,-0.0883635,0.097748,1.54538
4,-0.0728343,0.245295,1.57369
4,-0.0561403,0.230007,1.58651
4,-0.0810361,0.210035,1.5665
4,-0.0234923,-0.0601749,1.72829
4,0.0887656,0.182594,1.55089
4,0.0961541,0.133721,1.67998
4,0.0778527,0.133729,1.68008
4,0.0326965,0.207636,1.33209
4,0.0708004,0.190756,1.36715
4,0.0342928,0.187325,1.39712
4,0.412677,0.107649,1.70192
4,0.311479,0.0939122,1.48474
4,0.419141,0.0685822,1.65424
4,0.5113,0.174571,1.72178
4,0.367829,0.175063,1.42116
4,0.452149,0.130792,1.64318
4,0.485359,0.114384,1.66497
4,-0.349205,0.0988102,1.70942
4,-0.364505,0.0720534,1.73796
4,0.592977,0.189057,1.76956
4,0.596027,0.160957,1.77866
4,0.532784,0.14718,1.73062
4,0.223541,0.241289,1.54798
4,0.176108,0.242475,1.50306
4,-0.122735,0.166043,1.55415
4,-0.13874,0.181759,1.5438
4,-0.0697991,0.00654967,1.97251
4,-0.18732,0.138311,1.52841
4,-0.367345,0.0249013,1.7515
4,-0.230552,0.215814,1.4347
4,0.0375835,-0.0950241,1.53119
4,0.513696,0.0829564,1.58449
4,0.328794,0.203972,1.35598
4,0.404886,0.138886,1.6331
4,0.248601,0.225002,1.49578
4,-0.493174,-0.204311,3.29221
4,-0.155588,0.255149,1.39338
4,0.0860023,0.106852,1.6607
4,0.0744639,0.105883,1.64565
4,0.0742853,-0.198434,1.43444
4,0.0650419,-0.189449,1.43742
4,0.173413,0.182844,1.56752
4,0.141139,0.180884,1.55072
4,0.412416,0.109929,1.70852
4,0.333556,0.0997115,1.54972
4,0.517751,0.0813245,1.58634
4,0.477998,0.102439,1.59211
4,0.628561,0.256739,1.71922
4,0.612472,0.221267,1.70571
4,0.664558,0.251806,1.61546
4,0.652269,0.259523,1.66497
4,0.944252,0.285249,1.83001
4,0.897063,0.277188,1.85615
4,-0.169785,0.23329,1.43642
4,-0.198348,0.21493,1.43925
4,-0.167482,0.214181,1.4999
4,-0.120607,0.228065,1.5272
4,-0.111559,0.189719,1.54014
4,-0.141004,0.188698,1.53185
4,-0.0719885,0.242447,1.55541
4,-0.0522226,0.224571,1.57266
4,-0.0722451,0.212695,1.56096
4,0.0814574,0.183475,1.57294
4,0.0700316,0.180531,1.5477
4,0.0966866,0.139175,1.65773
4,0.307573,-1.08613,3.37938
4,0.368901,-1.11533,3.33459
4,0.295648,-1.12897,3.24836
4,0.435495,0.202049,1.48283
4,0.375734,0.200545,1.4044
4,0.235506,0.244961,1.57154
4,0.180087,0.249629,1.53702
4,0.236828,0.225672,1.58037
4,0.181635,0.211233,1.55023
4,-0.111706,0.179887,1.54217
4,-0.141343,0.179112,1.53553
4,-0.111967,0.129776,1.54577
4,-0.163765,0.120603,1.55783
4,0.0349547,0.21254,1.36355
4,0.0730922,0.201544,1.4114
4,0.0463799,0.187003,1.44158
4,0.469491,0.155113,1.59859
4,0.411346,0.155441,1.50084
4,0.455981,0.136421,1.62493
4,0.414792,0.126195,1.63006
4,0.584603,0.181867,1.75599
4,0.529829,0.178878,1.72714
4,0.580267,0.157727,1.74297
4,0.519945,0.153378,1.69492
4,-0.478733,-1.18565,3.17273
4,0.117797,-1.29633,3.043
4,0.258975,0.102268,1.58946
4,0.188017,0.103249,1.6047
4,-0.227074,0.215401,1.4424
4,-0.270325,0.112376,1.58545
4,-0.131949,0.0891957,1.54308
4,-0.277085,0.082135,1.83634
4,-0.256673,-0.0403791,1.95522
4,0.0198107,-0.0738281,1.57739
4,-0.0541562,-0.0950449,2.03071
4,0.139746,0.106437,1.65426
4,0.039931,-0.0932731,1.55767
4,0.435922,0.107462,1.67019
4,0.544056,-0.0213853,1.51518
4,0.935592,0.264086,1.76841
4,0.0272564,0.194476,1.42725
4,0.0099814,0.117498,1.65772
4,0.260534,0.22958,1.53735
4,0.0200041,0.0608281,1.59279
4,-0.0611872,0.078924,1.53951
4,0.0300921,-0.0222401,1.57574
4,0.60184,0.191525,1.73945
4,0.150784,0.220717,1.54567
4,-0.180784,0.138408,1.52948
4,-0.317709,0.0685329,1.79454
4,-0.498376,-1.01836,3.30291
4,-0.175648,0.256316,1.40814
4,0.560179,-0.16595,1.47928
4,0.404878,0.163031,1.46328
4,0.43862,0.12687,1.58523
4,0.628472,0.260816,1.73136
4,0.597517,0.213848,1.68244
4,0.612196,0.192054,1.72378
4,0.56129,-0.0332374,1.51357
4,0.539822,-0.0214533,1.51999
4,0.676716,0.248599,1.65026
4,0.66808,0.268482,1.69402
4,-0.479175,0.096566,1.70925
4,-0.543934,0.0317288,1.83741
4,-0.456732,0.070421,1.7258
4,-0.460757,0.030064,1.741
4,0.238896,0.225673,1.58038
4,0.186789,0.210445,1.55941
4,0.387098,0.10153,1.57799
4,0.343241,0.0995817,1.54771
4,-0.12936,0.231432,1.5363
4,-0.106261,0.197141,1.551
4,-0.141526,0.195428,1.53752
4,0.517512,0.173978,1.67983
4,0.561184,0.148716,1.69229
4,0.476892,0.102202,1.58842
4,0.335494,-1.08844,3.48584
4,0.0592434,-0.188939,1.43356
4,-0.492217,-0.843096,3.17943
4,-0.510515,-1.0038,3.29763
4,-0.76753,-1.00158,3.29033
4,0.0275368,-0.106858,1.54793
4,0.513115,0.0771026,1.58483
4,-0.301847,0.0861271,1.77033
4,-0.330561,0.0962449,1.70357
4,-0.334487,0.0176719,1.87546
4,-0.234649,0.217315,1.44259
4,-0.245729,0.144611,1.51071
4,-0.13208,0.0886194,1.5686
4,-0.259967,-0.0434866,1.98031
4,0.0158055,0.0523871,1.58945
4,-0.0578926,0.0758563,1.55921
4,0.0282104,-0.0223819,1.58579
4,-0.53417,0.244697,1.7136
4,-0.440543,0.110377,1.71548
4,-0.51428,0.157925,1.64979
4,0.0261043,0.198027,1.4674
4,-0.0465403,0.226945,1.58929
4,0.0034702,0.119377,1.65371
4,0.148248,0.207868,1.54031
4,0.0851797,0.201608,1.49393
4,0.143618,0.104532,1.62464
4,0.103275,0.13992,1.59221
4,0.374508,0.198918,1.39301
4,0.339828,0.208684,1.3853
4,-0.201387,0.206708,1.44756
4,-0.118507,0.172917,1.55201
4,-0.168299,0.125019,1.5621
4,0.90051,0.271957,1.9045
4,0.25049,0.0889989,1.57531
4,0.0533421,0.0650112,1.59322
4,-0.573049,0.244078,1.70927
4,-0.767604,-1.15657,3.29065
4,-0.289079,-0.135785,1.96696
4,-0.457531,-1.16746,3.11315
4,-0.174948,0.257999,1.41738
4,0.557448,-0.170916,1.47206
5,-0.235764,0.0691947,1.21078
5,0.163891,0.235084,1.40093
5,0.365426,0.195159,1.45045
5,0.383319,0.169652,1.46559
5,0.0279556,0.10322,1.47386
5,0.0451519,-0.130461,1.44721
5,0.0340091,-0.130495,1.44869
5,0.0343681,-0.129721,1.45939
5,0.0207219,0.101169,1.49567
5,-0.0246932,-0.665377,1.42365
5,-0.0494938,0.0786266,1.56319
5,-0.119488,0.20903,1.58607
5,-0.151317,0.185859,1.58306
5,0.582523,-0.172294,1.55351
5,-0.151997,0.131275,1.57844
5,-0.144532,0.115753,1.57885
5,0.114572,0.1246,1.58765
5,0.515499,0.0643616,1.59403
5,0.228832,0.113892,1.59458
5,0.260597,0.0820492,1.5913
5,0.188875,0.0826119,1.59036
5,0.167749,0.0922057,1.5935
5,0.194586,0.0857432,1.59714
5,0.518147,0.072984,1.60458
5,0.237699,0.0831651,1.60227
5,-0.0521813,0.0857767,1.60255
5,0.0358702,0.0782988,1.61822
5,0.0394894,0.0763842,1.62853
5,0.437588,0.0944795,1.64639
5,-0.236386,0.120259,1.63983
5,0.107944,0.0843665,1.65189
5,0.433893,0.127406,1.66475
5,0.406259,0.102952,1.66197
5,-0.0493103,0.0735466,1.65282
5,-0.247244,0.107157,1.71899
5,-0.262175,0.0787967,1.82551
5,0.625636,0.156398,2.03906
5,0.667293,0.172763,2.23575
5,0.436327,-1.04727,2.16878
5,0.425598,-1.0797,2.22908
5,0.454437,-1.10211,2.38381
5,0.269673,-0.802322,2.5893
5,0.31287,-0.890407,2.58168
5,-0.253612,-1.40364,2.65824
5,0.23641,-1.59496,2.70255
5,0.474359,-1.32717,2.74505
5,-0.273819,-1.34605,2.73954
5,-0.256953,-1.53014,2.72079
5,-0.26512,-1.53348,2.72661
5,0.312046,-0.970023,2.83463
5,0.3264,-0.971203,2.8539
5,0.491098,-1.58919,2.78905
5,-0.292741,-1.69194,2.8261
5,0.316314,-1.00893,2.94931
5,0.173959,-1.60569,3.13404
5,-0.736276,-1.14151,3.19685
5,-0.762827,-0.996883,3.32136
5,0.139704,-1.67086,3.44027
5,0.74089,-1.57088,3.5008
5,-0.784824,-1.90997,4.78859
5,-0.806196,-1.86621,5.04726
5,-0.929805,-1.66731,5.61511
5,-0.37906,-5.70735,12.6125
6,0.524296,-1.41502,1.74541
6,0.597201,-1.59067,1.96061
6,0.626794,-1.67004,2.06235
6,0.663809,-1.79455,2.19053
6,0.536019,-1.40412,2.51988
6,0.860052,-1.53269,2.47674
6,0.536152,-1.43372,2.54347
6,0.51412,-1.42817,2.56416
6,0.851679,-1.58185,2.48788
6,1.25752,-1.57956,2.5087
6,0.649544,-1.21277,2.71714
6,0.641619,-1.23287,2.73177
6,0.655094,-1.22917,2.73701
6,0.0425297,-1.23365,2.75276
6,0.631217,-1.3262,2.70568
6,0.669093,-1.26259,2.74621
6,0.595939,-1.24329,2.75701
6,0.556278,-1.5012,2.61629
6,0.674057,-1.26869,2.74829
6,0.554102,-1.52814,2.60618
6,0.612326,-1.25238,2.75872
6,0.601771,-1.24677,2.76475
6,0.67166,-1.23494,2.7721
6,0.119443,-1.34641,2.71134
6,0.673935,-1.26654,2.75929
6,0.589312,-1.24974,2.77729
6,0.841445,-1.66524,2.55014
6,0.641955,-1.33715,2.73688
6,0.676711,-1.32042,2.74711
6,0.679269,-1.31335,2.75239
6,0.679638,-1.32579,2.74823
6,0.566098,-1.54115,2.63259
6,0.641098,-1.31006,2.76451
6,0.547535,-1.54817,2.6356
6,0.574682,-1.54972,2.63628
6,0.676912,-1.33049,2.75829
6,0.548153,-1.5413,2.64252
6,0.646861,-1.26199,2.79801
6,0.64567,-1.34469,2.75253
6,0.608741,-2.10351,2.33754
6,0.679398,-1.33058,2.76439
6,0.549239,-1.54777,2.64614
6,0.549681,-1.52831,2.65782
6,0.548558,-1.62868,2.60459
6,0.616821,-1.30712,2.78444
6,0.565256,-2.10995,2.34536
6,0.600159,-1.26956,2.8086
6,0.493204,-1.61529,2.62028
6,0.0255971,-1.66624,2.5914
6,0.212148,-1.36942,2.75568
6,0.640331,-1.31443,2.78704
6,0.482354,-1.61346,2.62481
6,0.557884,-1.72862,2.56165
6,0.569405,-1.5683,2.6501
6,0.55099,-1.63586,2.61607
6,0.619535,-2.15313,2.33135
6,-0.0201018,-1.67097,2.5998
6,0.621959,-1.35286,2.77647
6,0.037602,-1.63209,2.62232
6,0.62003,-1.34745,2.78051
6,0.140817,-1.6144,2.63465
6,0.85682,-1.63538,2.62498
6,0.620667,-1.3488,2.78335
6,0.682058,-2.18361,2.32492
6,0.716746,-2.16068,2.33768
6,0.557001,-1.32467,2.79868
6,0.603244,-2.10993,2.36665
6,-0.415698,-2.09138,2.37549
6,0.549158,-1.75587,2.56288
6,0.490227,-1.60878,2.64624
6,0.481631,-1.34156,2.79515
6,0.0714653,-1.6785,2.60935
6,0.0604776,-1.60673,2.65339
6,0.545131,-1.38216,2.77853
6,0.117908,-1.38964,2.77365
6,0.552395,-1.65445,2.62948
6,0.154528,-1.50793,2.70962
6,0.639657,-1.32629,2.81283
6,0.540197,-1.37858,2.78397
6,0.464495,-1.56701,2.68146
6,0.545798,-1.65506,2.6341
6,0.49074,-1.3843,2.78451
6,0.535532,-1.36562,2.79551
6,-0.320017,-1.68071,2.6219
6,0.682687,-2.19081,2.34318
6,0.0271275,-1.34486,2.80839
6,0.465509,-1.54925,2.69676
6,0.513437,-1.38587,2.78706
6,0.529102,-1.35222,2.80886
6,0.514087,-1.37748,2.79519
6,0.540673,-1.66128,2.63899
6,0.492161,-1.34946,2.81164
6,0.577543,-1.62262,2.66182
6,0.505247,-1.36671,2.80298
6,0.486549,-1.383,2.79465
6,0.575906,-1.62828,2.66047
6,0.523402,-1.35103,2.81402
6,-0.412015,-2.11593,2.39148
6,0.0495593,-1.27881,2.85552
6,0.516457,-1.2874,2.85183
6,0.515106,-1.29888,2.84653
6,0.0440292,-1.65911,2.64736
6,0.52114,-1.62197,2.6693
6,0.673714,-1.38004,2.8043
6,0.549054,-1.63937,2.66147
6,-0.00133522,-1.68525,2.63574
6,0.153993,-1.61982,2.67274
6,0.545683,-1.63697,2.66475
6,0.483171,-1.35349,2.82341
6,0.175162,-1.5032,2.74047
6,0.482812,-1.38305,2.80763
6,0.600903,-2.13548,2.39492
6,0.633495,-2.12236,2.40321
6,0.0759317,-1.68972,2.64091
6,0.518291,-1.29696,2.85967
6,0.174893,-1.53924,2.72575
6,0.564874,-1.34924,2.83295
6,0.514019,-1.62189,2.68377
6,0.480817,-1.35046,2.83458
6,0.145583,-1.35799,2.83268
6,0.175057,-1.55702,2.72442
6,0.496995,-1.3199,2.85691
6,0.481703,-1.60398,2.70096
6,0.500851,-1.32875,2.85371
6,0.174659,-1.59524,2.70655
6,0.689792,-2.14583,2.40476
6,0.17586,-1.51632,2.75103
6,0.174682,-1.60198,2.70526
6,0.193938,-1.63285,2.69331
6,0.528045,-1.30849,2.87434
6,0.36396,-1.7993,2.60388
6,0.610339,-2.16236,2.40484
6,0.591004,-1.65368,2.68667
6,0.650888,-2.20011,2.38693
6,0.487328,-1.35678,2.85149
6,0.55441,-1.4053,2.82568
6,0.501397,-1.33375,2.8656
6,0.487436,-1.36941,2.84661
6,0.487096,-1.39314,2.83358
6,0.191093,-1.63655,2.6995
6,0.356902,-1.81927,2.6
6,0.0282235,-1.65058,2.6924
6,0.65788,-2.11095,2.44215
6,0.346075,-1.83232,2.59925
6,0.734632,-2.20878,2.39473
6,0.358365,-1.79491,2.62405
6,0.34652,-1.83296,2.6034
6,0.6554,-2.14035,2.43878
6,0.237438,-1.69937,2.68117
6,0.566962,-1.68696,2.68954
6,0.0661537,-1.65021,2.70895
6,0.708889,-2.25026,2.38154
6,0.0765897,-1.71552,2.67511
6,-0.420157,-2.15349,2.43312
6,0.191379,-1.63921,2.72058
6,0.0429912,-1.68742,2.69423
6,0.0767835,-1.70776,2.68315
6,0.179425,-1.40349,2.85158
6,0.181188,-1.58226,2.75855
6,0.253287,-1.71496,2.68913
6,0.0144981,-1.30497,2.9163
6,0.163773,-1.39101,2.87016
6,0.162988,-1.45181,2.83891
6,0.466497,-1.62335,2.74646
6,0.472908,-1.62319,2.74668
6,0.243185,-1.71819,2.69445
6,0.377227,-1.81632,2.64279
6,0.0278722,-1.69465,2.70972
6,0.332159,-1.83828,2.63292
6,0.174511,-1.62278,2.75132
6,0.0500106,-1.69366,2.71263
6,0.0225687,-1.69438,2.71444
6,0.241952,-1.71634,2.70294
6,0.0769746,-1.73172,2.69525
6,0.237505,-1.72264,2.70273
6,0.339317,-1.84971,2.6342
6,0.18914,-1.59048,2.77739
6,0.350121,-1.86958,2.62421
6,-0.188634,-1.75313,2.68745
6,0.35043,-1.85827,2.63187
6,-0.0936397,-1.75502,2.68816
6,-0.0192568,-1.73401,2.70105
6,0.200678,-1.65297,2.74697
6,-0.00548176,-1.7329,2.70408
6,0.202116,-1.66543,2.74168
6,0.247616,-1.73069,2.70801
6,0.242799,-1.72811,2.71119
6,0.169024,-1.44174,2.8702
6,0.0290457,-1.7344,2.71007
6,0.236536,-1.71896,2.71954
6,0.0469318,-1.71464,2.72315
6,0.470492,-1.62846,2.77402
6,0.149448,-1.5378,2.82563
6,-0.427247,-2.1862,2.46938
6,0.0197266,-1.74118,2.71554
6,-0.341424,-1.75194,2.7109
6,0.0557289,-1.33357,2.94583
6,-0.0884579,-1.70987,2.74189
6,-0.0466764,-1.6985,2.74885
6,0.48148,-1.64418,2.78004
6,0.193365,-1.60694,2.80152
6,0.472683,-1.64138,2.78465
6,0.113082,-1.69898,2.75457
6,0.0854572,-1.74371,2.73221
6,0.0273897,-1.752,2.72864
6,0.00806112,-1.75238,2.72896
6,0.146767,-1.53634,2.85481
6,0.480975,-1.64169,2.79785
6,-0.17349,-1.76657,2.72953
6,0.128748,-1.4507,2.90471
6,-0.272247,-1.82782,2.69829
6,-0.00134161,-1.7332,2.75376
6,0.138146,-1.48936,2.89074
6,-0.184156,-1.77142,2.73723
6,0.165193,-1.64451,2.80927
6,0.172916,-1.64994,2.80682
6,0.163403,-1.50745,2.887
6,-0.0270672,-1.76149,2.74823
6,-0.131652,-1.72561,2.76813
6,0.165291,-1.65554,2.80887
6,0.167372,-1.52005,2.8858
6,0.164376,-1.47036,2.91714
6,0.359506,-1.89086,2.68631
6,-0.104118,-1.77935,2.74758
6,-0.191896,-1.77924,2.74944
6,0.159527,-1.4216,2.95078
6,0.168555,-1.47312,2.92257
6,-0.117933,-1.7085,2.79347
6,-0.344627,-1.79319,2.74866
6,-0.49681,-2.2254,2.51394
6,0.0847846,-1.33084,3.00801
6,0.154171,-1.42686,2.96204
6,0.225854,-1.35553,3.00147
6,0.0530304,-1.36562,2.99595
6,0.014286,-1.33104,3.01567
6,-0.493828,-2.2201,2.52854
6,-0.0995204,-1.37052,2.99923
6,-0.0218225,-1.7829,2.77781
6,0.0142183,-1.3369,3.02428
6,-0.346939,-1.79219,2.77296
6,-0.108783,-1.79554,2.7726
6,0.472484,-1.63936,2.8617
6,-0.124892,-1.72522,2.81444
6,0.492983,-1.61823,2.87573
6,0.636167,-2.1512,2.58476
6,0.049423,-1.3616,3.02082
6,-0.0616578,-1.7975,2.78321
6,-0.182469,-1.79822,2.78712
6,-0.0919762,-1.77508,2.80337
6,-0.290819,-1.71545,2.83633
6,-0.319383,-1.692,2.85338
6,-0.471485,-1.17358,3.14008
6,-0.0815415,-1.77908,2.80988
6,-0.306575,-1.7691,2.81499
6,-0.306422,-1.74511,2.8305
6,0.326601,-1.05489,3.21477
6,-0.105695,-1.38078,3.03483
6,-0.131288,-1.76498,2.82591
6,-0.291475,-1.66072,2.8842
6,-0.166239,-1.41753,3.02163
6,-0.340283,-1.85172,2.78555
6,-0.115805,-1.38973,3.04251
6,-0.101702,-1.76169,2.83872
6,0.649758,-2.18307,2.61362
6,-0.487022,-1.14855,3.18285
6,-0.264718,-1.69928,2.88123
6,-0.291464,-1.72132,2.86918
6,0.124082,-1.35657,3.07114
6,-0.284831,-1.88178,2.78273
6,-0.145154,-1.39405,3.05303
6,0.0227539,-1.44553,3.02875
6,0.114775,-1.32402,3.09677
6,-0.157139,-1.40031,3.05564
6,-0.354045,-1.83043,2.81873
6,-0.217746,-1.40189,3.06103
6,-0.119415,-1.39505,3.0721
6,-0.249222,-1.75533,2.87451
6,-0.318665,-1.76581,2.87347
6,0.655543,-2.20252,2.63656
6,-0.269707,-1.71458,2.90443
6,-0.320907,-1.79013,2.86499
6,-0.583685,-2.24017,2.61684
6,-0.520258,-2.27804,2.59783
6,-0.484598,-1.02458,3.28894
6,0.0847024,-1.37025,3.10406
6,0.475504,-1.65996,2.94858
6,-0.309004,-1.50911,3.03052
6,-0.306771,-1.68808,2.93216
6,-0.318585,-1.78739,2.88032
6,-0.156926,-1.40369,3.09262
6,-0.306574,-1.64748,2.95919
6,0.496705,-1.6578,2.95664
6,-0.316914,-1.50957,3.03718
6,-0.495075,-1.15685,3.23586
6,-0.330354,-1.55472,3.01891
6,-0.194826,-1.45069,3.0797
6,-0.496019,-1.12761,3.26192
6,-0.29562,-1.61366,2.99884
6,-0.306166,-1.76142,2.91825
6,0.663059,-2.19404,2.68221
6,-0.219662,-1.42312,3.10816
6,-0.27856,-1.73766,2.94386
6,1.06253,-1.50525,3.07612
6,-0.307783,-1.71185,2.97352
6,-0.308272,-1.69973,2.98815
6,-0.322727,-1.70347,2.9879
6,-0.344342,-1.59858,3.06467
6,-0.344412,-1.54564,3.10287
6,-0.643187,-2.20281,2.75266
6,-0.284715,-1.76384,3.00539
6,-0.147277,-1.46059,3.18652
6,-0.559454,-2.33954,2.70693
6,-0.199501,-1.49683,3.17316
6,-0.578233,-2.33417,2.71459
6,-0.129805,-1.47199,3.19361
6,-0.230251,-1.47479,3.19849
6,-0.200846,-1.51729,3.18121
6,0.332481,-1.07938,3.43531
6,0.629666,-2.01184,2.92315
6,-0.605407,-2.34404,2.74261
6,-0.315167,-1.66369,3.13192
6,1.54598,-1.54795,3.2022
6,0.371187,-1.08594,3.4555
6,-0.245684,-1.5422,3.24414
6,-0.208993,-1.53393,3.26047
6,-0.233296,-1.53497,3.35396
6,0.751253,-2.42442,2.97223
6,0.97451,-3.16181,3.8586
7,0.577382,-0.196044,0.470398
7,-0.190208,-1.11469,2.22428
7,0.214126,-1.42494,2.59208
7,0.456861,-2.11777,2.47281
7,0.470332,-1.99954,2.54337
7,0.485283,-2.16981,2.48075
7,0.452888,-2.13703,2.48769
7,0.178729,-1.59684,2.61864
7,0.227572,-1.50962,2.68536
7,0.237797,-1.25177,2.82222
7,0.218482,-1.24454,2.81863
7,0.178168,-1.603,2.64866
7,0.138739,-1.51076,2.69354
7,0.231706,-1.32564,2.81833
7,0.152938,-1.34704,2.81334
7,0.133479,-1.33066,2.81712
7,0.0971752,-1.57917,2.69529
7,0.220726,-1.68467,2.71632
7,-0.229127,-1.41121,2.65497
7,0.0974296,-1.54723,2.74095
7,-0.400206,-1.35671,2.66723
7,-0.224265,-1.45448,2.77015
7,-0.573585,-1.83773,2.50412
7,-0.173524,-1.0414,3.07766
7,-0.706538,-1.54508,2.66802
7,-0.184386,-1.05003,3.11099
7,-0.580559,-1.43924,2.79757
7,-0.21077,-1.07436,3.10739
7,-0.233906,-1.05901,3.17486
7,-0.938496,-1.20855,2.829
7,-0.954027,-1.21362,2.85198
7,-0.972233,-1.0356,2.92206
7,-0.240726,-1.05052,3.23493
7,-0.250164,-1.08393,3.23395
7,-1.00448,-1.0691,2.96869
7,-1.27769,-1.03186,2.87904
7,-1.2555,-1.18525,2.8415
7,-0.234629,-1.06671,3.3223
7,-0.215585,-1.08857,3.33149
7,-1.26452,-1.20212,2.86481
7,-0.264129,-1.08007,3.32769
7,-0.278192,-1.08898,3.33164
7,-1.21578,-0.31044,3.30227
7,-1.16583,-0.300196,3.32778
7,-0.23043,-1.08738,3.37517
7,-1.2048,-0.311077,3.42541
8,0.231878,-0.060724,1.09083
8,-0.000747144,-0.0696229,1.42008
8,0.495907,-0.0548612,1.45797
8,0.465142,-0.0361006,1.46029
8,0.476355,-0.0344748,1.46119
8,0.510096,-0.0295458,1.46441
8,0.508494,-0.0291212,1.46469
8,0.507608,-0.0271848,1.46502
8,0.506629,-0.0234273,1.46844
8,-0.00209954,-0.051217,1.44489
8,0.00457749,-0.0467634,1.44615
8,-0.00171539,-0.0370464,1.45861
8,-0.0379026,-0.0248696,1.46902
8,-0.0228052,-0.0279568,1.47037
8,-0.022528,-0.0223829,1.47218
8,-0.0479778,-0.0247658,1.48085
8,-0.0299171,1.10865e-05,1.48777
8,-0.0774936,0.140343,1.51949
8,-0.0497437,0.0398833,1.52584
8,-0.0591384,0.0453759,1.52698
8,-0.024232,0.187698,1.55783
8,-0.0468419,0.118486,1.56285
8,-0.177621,0.161976,1.56722
8,-0.0235868,0.218434,1.58063
8,0.478935,0.213284,1.64696
8,0.427118,0.304122,1.68596
8,0.501478,0.246499,1.68994
8,0.437449,0.266474,1.72031
8,0.448474,0.331418,1.74449
8,0.470643,0.318516,1.78138
8,0.479181,0.290427,1.78268
8,0.528066,0.330047,1.79756
8,0.552284,0.322267,1.79848
8,0.466921,0.320216,1.7971
8,0.537812,0.328069,1.82909
8,-0.396851,0.102466,1.77267
8,-0.360538,0.157773,1.81521
8,0.776446,0.375786,1.89683
8,0.773345,0.378074,1.90756
8,-0.427958,0.0533483,1.83201
8,-0.406312,0.1216,1.87428
8,-0.507396,0.0573866,1.91796
8,-0.381481,0.108256,1.94111
8,-0.375561,0.0710071,1.98511
8,-0.343299,0.0603739,1.98819
8,1.08804,0.128852,2.11076
8,1.09287,0.131235,2.1306
8,1.11583,0.0374106,2.13732
8,1.20663,0.177233,2.16555
8,1.15396,0.184291,2.17215
8,1.16754,0.146458,2.18721
8,1.29702,0.0561095,2.25181
8,1.26763,0.0540747,2.31291
8,0.550627,-0.332378,2.49592
8,1.61577,-0.819612,2.81007
8,0.399707,-1.50971,2.70497
8,0.104362,-1.64922,2.69314
8,-0.0248528,-1.24331,2.73562
8,0.465816,-1.57914,2.72446
8,0.118936,-1.61,2.71358
8,0.040805,-1.39909,2.74083
8,1.74769,-0.859807,2.8827
8,0.0397263,-1.41086,2.75842
8,0.420849,-1.28038,2.78888
8,0.0784788,-1.6795,2.74113
8,0.437307,-1.26324,2.80239
8,0.0295722,-1.6671,2.74716
8,0.0533087,-1.53315,2.77737
8,0.392988,-1.35538,2.81412
8,0.125371,-1.42033,2.8228
8,1.67926,-0.79793,2.969
8,0.122965,-1.43441,2.89271
8,-0.232219,-1.33668,2.89385
8,0.183488,-0.981169,3.10325
8,0.243802,-1.04864,3.10179
8,1.76264,-0.758301,3.31341
8,1.78322,-0.816411,3.41257
8,-0.02829,-1.58561,2.50647
6,-0.02829,-1.58561,2.50647
8,1.23513,-1.31831,2.85254
6,1.23513,-1.31831,2.85254
9,0.853934,-0.382121,1.52689
9,1.00651,-0.825767,1.66177
9,1.24258,-0.805574,1.65392
9,0.89499,-0.865997,1.67767
9,1.05605,0.1572,2.39941
9,1.22087,0.169494,2.46159
9,1.12766,0.121767,2.57763
9,1.20424,0.143412,2.58006
9,1.17315,0.110807,2.62744
9,1.21149,0.119868,2.63964
9,0.460888,-1.52307,2.5227
9,1.21028,-1.47472,2.44028
9,0.483268,-1.48759,2.57222
9,1.167,-1.51567,2.46393
9,2.18178,-1.33629,2.42441
9,2.23883,-1.37414,2.40519
9,2.23995,-1.37729,2.4033
9,1.90696,-0.669167,2.88274
9,0.461175,-1.5119,2.605
9,1.79528,-0.770889,2.89963
9,1.33952,-1.24736,2.68344
9,0.523865,-1.5319,2.63657
9,0.56205,-1.58784,2.60498
9,0.561294,-1.52558,2.64391
9,1.88456,-0.771731,2.90936
9,1.36901,-1.24857,2.70324
9,1.96608,-0.698999,2.95087
9,1.80801,-0.788319,2.92435
9,1.27308,-1.29062,2.73433
9,1.85793,-0.831859,2.92574
9,1.69266,-1.24191,2.7163
9,0.64591,-1.40507,2.78427
9,1.75734,-0.878802,2.94387
9,0.60744,-1.40334,2.82021
9,1.87918,-0.843187,2.97357
9,0.125465,-1.51862,2.86918
9,1.94279,-0.863988,2.99735
9,1.72334,-1.28393,2.79096
9,1.68278,-1.18537,2.86378
9,0.623015,-1.40028,2.90192
9,1.80853,-0.927928,3.02318
9,1.73025,-0.880029,3.1042
10,1.15379,-1.01601,0.434217
10,1.11468,-1.1769,1.10024
10,1.81647,-0.809675,2.35886
10,1.86291,-0.832109,2.47961
10,1.86336,-0.802689,2.51617
10,1.08761,-1.58867,2.43112
10,1.1416,-1.29242,2.52257
10,1.90136,-0.830946,2.60869
10,1.26532,-1.29498,2.61331
10,0.368565,-1.8271,2.58451
10,1.65726,-1.21754,2.63586
10,1.92582,-0.887197,2.70673
10,1.27905,-1.30655,2.65749
10,1.38764,-1.31259,2.65942
10,1.88488,-0.830447,2.74804
10,1.47222,-1.30267,2.66996
10,1.89898,-0.825863,2.8046
10,1.37115,-1.63261,2.63609
10,1.37894,-1.32639,2.7245
10,1.70955,-0.903456,2.82428
10,1.95071,-0.883477,2.81875
10,0.707858,-2.27582,2.55919
10,1.31455,-1.32492,2.77085
10,0.853384,-1.66283,2.73457
10,0.847633,-1.66636,2.7443
10,1.15504,-1.34557,2.80329
10,0.853934,-1.72433,2.73016
10,1.74928,-0.901055,2.87869
10,1.9361,-0.883781,2.87104
10,1.19521,-1.66603,2.73018
10,1.75706,-0.897828,2.88931
10,1.37766,-1.3142,2.81431
10,1.38108,-1.33369,2.81527
10,1.80546,-0.918453,2.89214
10,1.18949,-1.61663,2.76789
10,2.08183,-0.813348,2.90502
10,0.625713,-2.11214,2.69269
10,1.24864,-1.70135,2.74877
10,1.24971,-1.68926,2.75814
10,1.19848,-1.63342,2.78107
10,1.21047,-1.64906,2.77563
10,1.85692,-0.926402,2.9142
10,1.80889,-0.865767,2.94652
10,1.3181,-1.34201,2.86509
10,1.84742,-0.927204,2.93178
10,0.592785,-1.34659,2.94242
10,1.93606,-0.877273,2.94064
10,1.24854,-1.68742,2.78417
10,1.87068,-0.857481,2.96358
10,0.648669,-1.3897,2.93737
10,0.74661,-2.30256,2.67509
10,0.670297,-1.31737,2.95648
10,0.288902,-0.985773,3.10123
10,1.86631,-0.93972,2.95774
10,0.841956,-1.78125,2.82954
10,1.88754,-0.923949,2.96703
10,2.14974,-0.747368,3.01545
10,2.14165,-0.816546,3.00677
10,1.79939,-0.835845,3.05777
10,2.33612,-1.6862,2.80934
10,0.628127,-1.41548,3.10462
10,1.36497,-1.43414,3.45859
10,0.63239,-3.02696,4.83078
10,2.00288,-1.79009,5.6622
10,1.80712,-2.27102,8.21472
10,0.786434,-2.01768,2.5445
6,0.786434,-2.01768,2.5445
10,0.723422,-2.14342,2.4419
6,0.723422,-2.14342,2.4419
10,0.642064,-2.14711,2.43833
6,0.642064,-2.14711,2.43833
10,0.720312,-2.13657,2.43745
6,0.720312,-2.13657,2.43745
10,0.639511,-2.00535,2.46185
6,0.639511,-2.00535,2.46185
10,0.138166,-1.69431,2.77809
6,0.138166,-1.69431,2.77809
10,0.992702,-1.28004,2.33994
6,0.992702,-1.28004,2.33994
10,0.76142,-2.01956,2.52062
7,0.76142,-2.01956,2.52062
10,1.15646,-1.34586,2.84138
8,1.15646,-1.34586,2.84138
11,0.994631,-0.827441,0.108329
11,1.7202,0.0590249,1.60542
11,1.2906,0.0705314,1.87684
11,1.20472,0.0426233,1.93708
11,1.19865,0.0157315,1.94084
11,1.24408,0.0460309,1.93487
11,1.21533,-0.00725943,1.96123
11,1.2315,-0.00212646,1.96918
11,1.25494,-0.0910148,1.97114
11,1.22716,-0.00319731,1.97772
11,1.25895,0.000734389,1.98006
11,1.3053,0.0467848,1.98173
11,1.37835,0.0688285,1.97322
11,1.40797,0.0646939,1.98424
11,1.3292,0.0437296,2.0154
11,1.32595,0.0258726,2.01917
11,1.38663,0.0826698,2.0109
11,1.33272,-0.0284161,2.01981
11,1.37936,0.0596028,2.02297
11,1.42192,0.0762374,2.02056
11,1.38114,0.060289,2.04048
11,1.42023,0.0404652,2.05699
11,1.41676,0.0510169,2.05897
11,1.34731,0.00085479,2.06974
11,1.3617,0.0274231,2.09807
11,1.41255,-0.0585674,2.09517
11,1.36333,0.0182825,2.15807
11,2.27733,-1.58284,2.64983
11,2.25623,-1.59019,2.66813
11,1.71157,-1.28948,2.83625
11,2.07172,-0.719846,2.794
11,1.91647,-0.788592,2.83746
11,1.7816,-0.879253,2.86112
11,1.91974,-0.844364,2.84589
11,1.97976,-0.844292,2.85197
11,2.09291,-0.756062,2.83695
11,1.91956,-0.851641,2.86226
11,1.7064,-1.23853,2.89263
11,1.65931,-1.02145,2.9136
11,1.75614,-0.860739,2.91674
11,2.09533,-0.729816,2.87882
11,1.9497,-0.854764,2.92287
11,1.81119,-0.818278,2.94644
11,1.87938,-0.881332,2.94063
11,1.84756,-0.894059,2.95678
11,1.81189,-0.81683,2.97136
11,2.03361,-0.846796,2.95454
11,2.14074,-0.773001,2.94095
11,1.82638,-0.820622,3.02087
11,1.83529,-0.822626,3.04482
11,1.80674,-0.799098,3.08238
11,1.97971,-0.698501,3.63108
11,2.08302,-0.704365,4.71258
11,1.39904,-1.65496,2.74666
9,1.39904,-1.65496,2.74666
11,1.85791,-0.716697,3.36416
8,1.85791,-0.716697,3.36416
12,1.23397,-0.0480203,0.843075
12,1.25612,-0.0312085,0.875475
12,1.22556,-0.00679505,0.902768
12,1.27697,-0.0192119,0.943914
12,1.26053,-0.00809115,0.960263
12,1.5484,-0.00279087,1.042
12,1.54849,-0.000941992,1.06078
12,1.24357,0.0406738,1.06948
12,1.92932,-0.0337376,1.1297
12,1.10923,0.08786,1.09007
12,1.47069,0.04778,1.11111
12,1.94685,-0.00954783,1.19208
12,1.89116,-0.00136286,1.2012
12,1.66981,0.0357054,1.18811
12,1.88934,0.0388233,1.28835
12,1.97619,0.0384918,1.37775
12,1.94189,0.0700557,1.39885
12,1.68491,0.119969,1.40599
12,1.96023,0.0865847,1.43692
12,1.47007,0.197025,1.4345
12,1.72197,0.14206,1.45525
12,0.748077,0.12914,1.42047
12,0.791776,-0.124874,1.48533
12,0.83,-0.104492,1.4928
12,1.68506,0.140854,1.50048
12,1.77423,0.122325,1.51008
12,2.02998,0.100143,1.53875
12,1.68333,0.179594,1.53496
12,1.78809,0.145008,1.54876
12,1.99249,0.0944423,1.57138
12,1.71163,0.120198,1.56386
12,1.64481,0.204705,1.55612
12,1.75756,0.128182,1.5748
12,1.70108,0.13585,1.58272
12,1.83256,0.17757,1.59157
12,1.38772,0.234855,1.5702
12,1.80213,0.113911,1.60544
12,1.70034,0.146654,1.5976
12,1.83366,-0.208731,1.65437
12,1.79939,0.183593,1.60418
12,1.92638,0.167354,1.61285
12,1.83363,0.184713,1.6088
12,1.91715,0.142529,1.62007
12,1.99896,0.110834,1.6282
12,1.8321,0.189052,1.61094
12,1.69841,0.144575,1.61346
12,1.8023,0.177043,1.61583
12,1.46396,0.259325,1.59076
12,1.76977,0.184657,1.61436
12,1.77722,0.156632,1.62102
12,1.72487,0.143032,1.62331
12,1.72099,0.150485,1.62444
12,1.82273,0.0975443,1.63753
12,1.87383,0.158886,1.6328
12,1.83995,0.165511,1.63105
12,1.70236,0.152437,1.62848
12,1.78415,0.196738,1.6284
12,0.876955,0.32576,1.57745
12,1.84914,0.189685,1.63895
12,0.727459,0.155784,1.59971
12,0.762306,0.113486,1.60817
12,1.9912,0.13435,1.65542
12,1.84079,0.0992443,1.65536
12,1.99148,0.131916,1.66448
12,1.83859,0.101537,1.66407
12,1.88718,0.165894,1.65734
12,1.84773,0.148223,1.66019
12,1.80763,0.189157,1.6531
12,1.68795,0.214089,1.64766
12,1.89193,0.17221,1.66346
12,1.97904,0.146162,1.67441
12,1.84737,0.154693,1.66828
12,1.83266,0.161124,1.66677
12,1.83006,0.16786,1.6672
12,1.80686,0.130176,1.67386
12,1.93093,0.162533,1.67555
12,1.85421,0.141923,1.67568
12,1.74885,0.170491,1.66881
12,0.778755,0.158925,1.63689
12,1.42398,0.248405,1.65457
12,1.42412,0.248155,1.65956
12,1.6864,0.189857,1.68551
12,1.89249,0.165929,1.70056
12,0.866239,0.349233,1.63337
12,1.88719,0.169868,1.7023
12,1.81923,0.169217,1.7017
12,1.82356,0.134354,1.71134
12,1.83971,0.150793,1.71293
12,1.84423,0.131919,1.72793
12,1.42228,0.258098,1.6977
12,1.84941,0.131549,1.73376
12,1.68847,0.204076,1.7189
12,1.90877,0.139291,1.73733
12,1.98815,0.146308,1.74378
12,0.702405,0.269288,1.67498
12,0.759066,0.355567,1.66518
12,1.95191,0.189473,1.74266
12,1.8284,0.183891,1.74216
12,0.755739,0.317524,1.69465
12,0.888398,0.37178,1.69278
12,1.66132,0.25741,1.74146
12,1.83471,0.159007,1.76421
12,0.740724,0.242392,1.72433
12,2.00225,0.164056,1.78835
12,1.62195,0.233517,1.76501
12,1.62221,0.238598,1.77081
12,1.65673,0.24928,1.77377
12,1.04731,0.27981,1.74805
12,1.85337,0.179274,1.79551
12,1.69504,0.222438,1.78795
12,1.84127,0.203639,1.80882
12,1.84452,0.178283,1.81632
12,1.93206,0.126244,1.82742
12,1.65009,0.254641,1.80046
12,1.63088,0.258995,1.80578
12,1.65486,0.242106,1.81185
12,0.717231,0.298199,1.77636
12,1.0534,0.310139,1.79478
12,1.61988,0.256322,1.84568
12,1.62632,0.253499,1.84776
12,1.97832,0.189735,1.88428
12,0.749203,0.371624,1.81167
12,1.61111,0.253012,1.87322
12,1.95105,0.17514,1.89915
12,1.66955,0.245023,1.88273
12,1.60326,0.225535,1.89315
12,1.96584,0.162639,1.92279
12,1.60311,0.23665,1.90069
12,1.58744,0.201409,1.92043
12,1.59572,0.229807,1.91982
12,1.58358,0.205316,1.9268
12,1.58431,0.207716,1.92951
12,1.58914,0.21889,1.93497
12,1.96747,0.163645,1.96169
12,1.58582,0.210107,1.95623
12,1.34549,0.0357144,1.9847
12,1.57692,0.194205,1.97739
12,1.56613,0.183576,2.00026
12,0.815191,0.455361,1.93668
12,0.961452,0.327402,1.96999
12,1.56305,0.180558,2.01872
12,1.3686,0.0952659,2.02837
12,1.36736,0.0300127,2.04397
12,1.37611,0.0167878,2.0494
12,1.36618,0.0226732,2.0521
12,1.38685,0.0822566,2.04552
12,1.45009,0.107408,2.0447
12,1.4448,0.107855,2.05141
12,1.49764,0.124735,2.05413
12,1.42907,0.0931006,2.05621
12,1.36873,0.107259,2.05455
12,1.49154,0.138614,2.0622
12,1.53837,0.143933,2.06556
12,1.38534,0.0976715,2.06707
12,1.38683,0.0822285,2.06938
12,1.49733,0.135359,2.06783
12,1.49495,0.124565,2.07435
12,1.45962,0.113674,2.08089
12,1.4341,0.0937739,2.08585
12,1.54189,0.137359,2.08415
12,1.39598,0.108245,2.08269
12,1.38214,0.103112,2.08796
12,1.53736,0.146979,2.09542
12,1.3844,0.0375504,2.10583
12,1.53203,0.135139,2.0997
12,1.43683,0.0898222,2.11277
12,1.38081,0.042114,2.11936
12,1.50456,0.12413,2.11503
12,1.52415,0.110888,2.11823
12,1.47164,0.0968015,2.11964
12,1.52521,0.121054,2.12007
12,1.39123,0.0623738,2.12654
12,1.54659,0.115416,2.12727
12,1.4711,0.0857778,2.12889
12,1.40452,0.0795168,2.12878
12,1.47704,0.0959145,2.13862
12,1.40768,0.0863718,2.13921
12,1.52807,0.131004,2.13996
12,1.53716,0.110825,2.14945
12,1.5223,0.118766,2.14815
12,1.55369,-0.0288643,2.17099
12,1.48308,0.087976,2.15545
12,1.51028,0.100886,2.15804
12,1.50616,0.0861498,2.16258
12,1.50944,0.098901,2.1694
12,1.5044,0.0875878,2.17439
12,1.46515,0.0918683,2.17257
12,1.54015,0.110823,2.17295
12,1.52315,-0.0391072,2.19741
12,1.40771,-0.021441,2.19045
12,1.50126,0.0885655,2.1794
12,1.49766,0.0699791,2.19474
12,1.50624,0.100904,2.19272
12,1.52565,-0.0404662,2.21384
12,1.49514,0.0829917,2.20855
12,1.53373,-0.0283456,2.23546
12,1.54344,0.092002,2.22653
12,1.47871,-0.03218,2.24245
12,1.52574,-0.0244386,2.24494
12,1.53756,0.086418,2.23676
12,1.51593,0.0829706,2.24076
12,1.44841,-0.00482249,2.25072
12,1.49704,-0.0133584,2.25629
12,1.46046,0.0163737,2.25069
12,1.48797,0.0715997,2.2459
12,1.51748,-0.0139244,2.26081
12,1.47722,0.0524603,2.26101
12,1.41438,-0.0137826,2.28065
12,1.44693,-0.012437,2.28387
12,1.41858,-0.0160457,2.28725
12,1.47176,0.0500963,2.28943
12,1.47093,0.0422485,2.29243
12,1.47743,-0.00767004,2.3008
12,1.47928,0.0554492,2.29197
12,1.45495,0.0197498,2.29687
12,1.447,-0.000689983,2.29959
12,1.46951,-0.0275334,2.3064
12,1.41821,-0.0106969,2.30524
12,1.46777,-0.00805026,2.30892
12,1.4675,-0.0053243,2.30858
12,1.43901,-0.0195714,2.31007
12,1.45911,0.0201656,2.30634
12,1.49262,0.0460312,2.30763
12,1.48626,-0.0117824,2.31633
12,1.49375,0.0385565,2.31944
12,1.45698,0.0221799,2.32288
12,1.46344,-0.00492764,2.33195
12,1.44277,-0.00169003,2.33763
12,0.698962,0.481166,2.24489
12,2.84637,-0.0981729,2.61271
12,0.618398,0.713316,2.54541
12,1.74742,-0.867121,3.01381
12,2.05402,-0.73633,3.07204
12,1.79087,-0.90556,3.1374
12,0.461285,0.8197,2.84126
12,2.12787,-0.738069,3.19119
12,0.513549,-1.32064,3.21027
12,2.11465,-0.759228,3.23011
12,1.76511,-0.831713,3.26448
12,1.70679,-0.751317,3.2758
12,1.88817,-0.874529,3.35584
12,1.77796,-0.736245,3.35546
12,1.76578,-0.725828,3.38108
12,0.621781,0.367779,2.08122
8,0.621781,0.367779,2.08122
13,1.61348,-0.131787,1.79974
13,1.7487,-0.72797,2.27142
13,1.82925,-0.811148,2.50905
13,1.83117,-0.791783,2.52527
13,1.66286,-0.806174,2.67287
13,1.71131,-0.849662,2.70155
13,1.07204,-1.67694,2.70158
13,1.72161,-0.843596,2.74082
13,1.90771,-0.840756,2.7124
13,1.72613,-0.810585,2.90885
13,1.80182,-0.895133,2.88139
13,1.82035,-0.887285,2.91922
13,2.30263,-1.60432,2.71969
13,2.3597,-1.66108,2.75933
13,2.36366,-1.66679,2.76047
13,2.37534,-1.67309,2.7762
13,2.25965,-0.796351,3.26847
13,2.32549,-0.762356,3.48875
13,2.1542,-0.871621,3.54566
13,2.36352,-0.839675,3.54027
13,2.17666,-0.941016,3.60535
13,2.38023,-0.790203,3.66784
13,2.0754,-0.990704,3.72577
13,2.22042,-0.884629,3.80082
13,2.23162,-0.976535,3.78082
13,2.21299,-1.03908,3.96762
13,2.29898,-0.90592,4.03998
13,2.23485,-1.05326,4.04836
13,2.62563,-0.795922,4.11303
13,2.2868,-1.05782,4.24073
13,1.64484,-1.20392,2.68706
11,1.64484,-1.20392,2.68706
13,1.71634,-1.29843,2.86789
11,1.71634,-1.29843,2.86789
13,2.09643,-1.44721,2.32207
11,2.09643,-1.44721,2.32207
13,1.12386,-1.38899,2.07826
11,1.12386,-1.38899,2.07826
13,2.26332,-1.58164,2.67828
11,2.26332,-1.58164,2.67828
13,1.59453,-1.11791,2.60669
9,1.59453,-1.11791,2.60669
13,1.08015,-1.45213,2.21275
9,1.08015,-1.45213,2.21275
13,0.639995,-1.33918,2.73694
9,0.639995,-1.33918,2.73694
13,1.7305,-1.29249,2.8353
9,1.7305,-1.29249,2.8353
13,1.07999,-0.974248,1.62764
8,1.07999,-0.974248,1.62764
13,1.08242,-1.62664,2.6701
6,1.08242,-1.62664,2.6701
14,-0.257478,-0.304425,5.72898
14,-0.26947,-0.30918,5.7709
14,0.0703923,0.111439,2.90316
14,0.554182,0.378881,2.71006
14,0.521414,0.35123,2.63095
14,0.600867,0.392637,2.80845
14,0.569918,0.347217,2.6638
14,0.472226,0.341052,2.68136
14,0.462806,0.309392,2.62788
14,0.0740587,0.135179,2.98958
14,0.249218,0.186417,3.05693
14,0.23073,0.187056,3.06742
14,0.653539,0.405781,2.6623
14,0.666518,0.395128,2.64718
14,-0.130181,-0.0584928,5.07034
14,-0.169091,-0.0443249,5.28727
14,-0.338571,-0.422839,5.91861
14,-0.374573,-0.458545,5.89782
14,-0.279159,-0.325535,5.84679
14,-0.351005,-0.360461,5.81544
14,1.15663,-0.363817,5.32757
14,1.02296,-0.35739,5.00249
14,1.17342,-0.335017,5.40493
14,1.0538,-0.530643,5.15328
14,1.06162,-0.632797,5.19156
14,0.690396,0.362838,2.92516
14,0.221808,0.23687,3.21864
14,0.189422,0.226382,3.3644
14,0.558231,0.257071,3.34962
14,0.522441,0.237948,3.53628
14,0.821545,-0.0843486,4.01752
14,0.582061,0.314492,3.08416
14,0.552372,0.323913,3.08128
14,0.592494,0.280535,3.13944
14,0.548163,0.293194,3.16929
14,0.582836,0.238351,2.76492
14,0.561188,0.335117,2.9247
14,0.457658,0.283322,2.69515
14,0.502367,0.283017,2.95844
14,0.442736,0.335881,2.70783
14,0.424806,0.309645,2.70239
14,0.410612,0.312579,3.26747
14,0.494607,0.224288,3.49715
14,0.573537,0.0861352,2.64178
14,0.358079,-0.200164,5.44518
14,0.329403,0.0655679,3.2795
14,0.311531,0.0418743,3.97501
14,0.400182,0.176127,3.64127
14,0.619862,0.422139,2.55797
14,-0.185549,0.0204926,4.8463
14,-0.283482,-0.0274315,5.24466
14,0.0419089,0.123234,3.44633
14,1.03281,0.234874,4.55865
14,0.563477,-0.1255,3.73435
14,0.599396,0.418176,2.80158
14,0.317059,0.292021,3.15661
14,1.31009,-0.289702,5.2032
14,0.392708,0.171442,3.45434
14,0.385521,0.174099,3.50787
14,0.540404,0.367937,2.6925
14,0.515398,0.36466,2.66852
14,0.546997,0.292853,3.20935
14,0.573549,0.269633,3.22208
14,0.0813025,0.139795,3.04914
14,0.0811619,0.11652,3.04386
14,0.400175,0.181964,3.40664
14,0.392629,0.190825,3.57253
14,0.377187,0.13956,3.31781
14,-0.451194,0.249522,3.85272
14,-0.549519,0.259006,4.84897
14,-0.31138,-0.399081,5.89843
14,-0.38535,-0.497408,6.00786
14,-0.307703,-0.306155,5.82879
14,-0.371398,-0.347951,5.79033
14,-0.158893,-0.0376101,5.28076
14,-0.175842,0.0197457,4.66967
14,1.06075,-0.890339,4.91452
14,1.07907,-1.03812,4.99939
14,1.06242,-0.528435,5.19547
14,1.06995,-0.580823,5.13724
14,1.06106,0.231793,4.67032
14,0.568633,0.080914,2.6345
14,0.611258,0.0441197,2.83198
14,0.698133,0.366716,2.92666
14,0.588943,0.362545,2.72859
14,0.226754,0.215685,3.14645
14,0.286597,0.180172,3.14996
14,0.231656,0.186246,3.05413
14,0.227184,0.0353298,2.99517
14,0.290133,0.0140689,3.32718
14,0.543599,0.254043,3.33759
14,0.52338,0.242843,3.54263
14,0.561899,0.310666,3.02791
14,0.568968,0.274183,3.00475
14,0.48213,0.349629,2.70851
14,0.538171,0.330465,2.90006
14,0.495222,0.327544,2.78205
14,0.465763,0.297319,2.79477
14,0.397719,0.31432,3.18083
14,0.322457,-0.186929,4.99938
14,0.327178,0.0642817,3.31988
14,0.155385,0.191949,3.14766
14,0.13522,0.158456,2.96653
14,0.650104,0.427509,2.68277
14,0.603606,0.424476,2.79653
14,0.939738,-0.515061,5.06398
14,1.04819,-0.637718,5.12586
14,1.04157,-0.383162,5.09348
14,1.30266,-0.273805,5.21288
14,1.12767,-0.333718,5.22452
14,-0.135883,-0.0563339,5.16558
14,-0.202546,-1.11691,5.37883
14,-0.260264,-1.02241,5.31079
14,-0.517013,-1.11643,5.4763
14,-0.532906,-1.04481,5.42713
14,-0.26761,-1.19589,5.46067
14,0.0146484,0.127516,3.69646
14,0.31151,0.288431,3.16089
14,1.04861,-0.802303,4.94493
14,-0.55286,-0.295732,5.63035
14,-0.225459,-1.36059,5.64689
14,-0.25337,-1.37291,5.69801
14,0.508336,0.228576,3.37173
14,0.49733,0.215129,3.40115
14,-0.243102,-1.21798,5.46708
14,-0.198853,-1.30297,5.61952
14,0.160073,0.184716,3.14616
14,0.155259,0.151452,3.05155
14,0.243157,0.0555577,3.1126
14,0.251697,0.0282523,3.22191
14,0.396719,0.294399,3.09784
14,0.384378,0.295725,3.1118
14,-0.337254,0.176974,1.77732
14,-0.358333,0.183442,1.76193
14,-0.488173,-1.29284,5.17081
14,-0.552385,-1.27845,5.11326
14,-0.325055,-1.37373,5.59598
14,-0.375962,-1.47572,5.59735
14,-0.293107,-0.354879,5.98094
14,-0.394467,-0.37513,5.87286
14,0.174317,0.0727804,2.7026
14,0.365812,0.119861,3.32853
14,0.345614,0.0767508,3.42797
14,0.481865,0.343291,2.70702
14,0.533415,0.317497,2.92208
14,0.571503,0.226691,2.78446
14,0.60491,0.363042,2.76381
14,0.662358,0.328913,2.90573
14,0.605466,0.159116,2.71013
14,1.08089,-0.920854,4.93856
14,1.06739,-1.01905,4.98015
14,0.695209,0.407325,2.72428
14,0.657081,0.419042,2.72005
14,0.0783472,0.149456,3.31456
14,0.0494657,0.106939,3.39813
14,0.0200045,0.114958,3.65293
14,0.214497,0.196514,3.10686
14,0.232819,0.214504,3.16415
14,0.288636,0.170434,3.14621
14,0.238879,0.17953,3.05783
14,0.28362,-0.0010139,3.25249
14,0.549259,0.292335,2.93586
14,0.491618,0.303,2.91027
14,0.546159,0.250922,2.91929
14,0.542943,0.283242,3.12998
14,0.444686,0.324111,2.86331
14,0.511985,0.350954,2.67178
14,0.0976954,0.0804124,2.98601
14,0.378967,0.164349,3.31143
14,0.661047,0.438316,2.54513
14,0.588448,0.410505,2.74555
14,0.91111,-0.020198,4.16283
14,1.02293,-0.107556,4.67372
14,0.395385,-1.36967,4.78324
14,1.56378,-1.51172,5.36436
14,1.47765,-1.52336,5.40568
14,1.62645,-1.70129,5.75874
14,1.08455,-0.517996,5.16976
14,0.948174,-0.530822,5.06811
14,1.06865,-0.649167,5.09396
14,1.03875,-0.392206,5.06098
14,1.29792,-0.283739,5.17821
14,1.0908,-0.325086,5.08939
14,1.30688,-0.396872,5.12119
14,-0.361349,0.402793,1.77676
14,-0.471247,-1.40629,5.24371
14,-0.543974,-1.4574,5.25631
14,-0.347807,-0.436834,5.98766
14,-0.469883,-0.351744,5.50674
14,-0.535805,-0.370465,5.41493
14,-0.345921,-1.2807,5.52347
14,-0.207293,-1.06238,5.1919
14,-0.257851,-1.02885,5.26153
14,-0.470952,-1.19128,5.24042
14,-0.551468,-1.18361,5.10477
14,-0.410272,-1.29646,5.38074
14,-0.515712,-1.11776,5.46251
14,-0.607718,-1.46237,5.18927
14,1.08567,-1.15013,4.96037
14,1.458,-0.582867,5.33381
14,0.293276,-0.187216,4.54694
14,1.08166,-1.39271,4.94207
14,0.119594,0.0510708,2.86123
14,0.299722,0.26757,3.11298
14,1.64714,-3.93945,13.3347
14,-0.347758,0.0192859,4.56087
14,-0.356044,-1.57629,5.68511
14,0.515795,0.317272,2.82556
14,0.519764,0.288688,2.8473
14,-0.354734,-0.45261,6.20391
14,-0.386341,-0.450054,6.16887
14,-0.4636,-1.16331,5.15862
14,-0.242779,-0.925705,5.24558
14,-0.269113,-1.03142,5.20218
14,0.977392,-0.21866,4.78318
14,0.861824,-0.209568,4.58431
14,1.05675,-0.489997,5.17153
14,1.05109,-0.571448,5.14383
14,0.628988,0.335564,2.85017
14,0.605238,0.308229,2.88501
14,0.353002,0.119617,3.32175
14,0.323102,0.0666216,3.38776
14,0.118477,0.0569791,2.89743
14,0.0800414,0.0996617,3.26097
14,0.499489,0.220953,3.21619
14,0.484038,0.221902,3.23001
14,0.525803,0.28629,3.16366
14,0.538996,0.249941,3.1401
14,0.53541,0.257726,2.84801
14,0.582025,0.226717,2.84833
14,0.527467,0.3656,2.72674
14,0.49029,0.356112,2.76847
14,0.162275,0.164056,3.13351
14,0.0846434,0.161756,3.44845
14,0.232623,0.217195,3.1615
14,0.643286,0.423032,2.71396
14,0.695998,0.413204,2.74692
14,0.590665,0.412806,2.74427
14,0.68528,0.498,2.30765
14,0.680756,0.47466,2.37973
14,1.02922,-0.394908,5.03683
14,1.34526,-0.277612,5.42608
14,1.06939,-0.316346,5.09749
14,1.31947,-0.408298,5.20761
14,-0.306841,0.227498,1.84683
14,-0.364082,0.404036,1.78224
14,-0.368406,0.369532,1.80341
14,-0.318155,-0.348168,6.15019
14,-0.507691,-0.272508,5.32633
14,-0.527502,-0.353398,5.23495
14,-0.328962,-1.1559,5.25267
14,-0.189884,-1.23933,5.36606
14,-0.396841,-1.24657,5.39742
14,-0.54741,-1.19031,5.15384
14,-0.520639,1.14048,3.23989
14,-0.512703,1.07094,3.1905
14,0.010319,0.114592,3.74949
14,-0.136065,-0.00967078,4.54496
14,-0.364488,0.190624,1.78423
14,1.0726,-0.933733,4.98336
14,1.11797,-1.19761,5.06595
14,1.40284,-0.577814,5.20113
14,1.07363,-0.652196,5.11772
14,0.429416,-0.206738,4.04081
14,0.258586,-0.166108,4.12527
14,0.664815,0.442361,2.56862
14,0.239777,0.0285751,3.25872
14,0.433307,0.324674,2.89148
14,0.29854,0.26621,3.13023
14,-0.347454,0.0385802,4.39969
14,0.0864964,0.106797,3.37414
14,0.138142,0.0567106,3.05294
14,0.147985,0.167662,3.27046
14,0.0865668,0.15104,3.37689
14,0.283484,0.241132,3.1147
14,0.246732,0.224384,3.16572
14,0.490941,0.325359,2.78931
14,0.492771,0.271659,2.7997
14,0.527879,0.252636,2.79177
14,0.572506,0.219242,2.83195
14,1.05354,-0.401295,5.04814
14,0.629494,0.331091,2.83845
14,0.614435,0.276996,2.85471
14,1.6594,-1.55737,5.65017
14,1.62318,-1.59502,5.65267
14,2.06528,-0.986081,3.95254
14,2.037,-1.03608,3.85024
14,-0.297778,0.215135,1.74646
14,-0.590151,-1.31854,5.28515
14,-0.594359,-1.46715,5.32283
14,-0.440648,-1.50149,5.57978
14,-0.400491,-0.443395,6.07759
14,-0.512205,-0.345073,5.1955
14,-0.262785,-1.41651,5.67784
14,-0.344828,-1.60122,5.80924
14,-0.220327,-1.20179,5.54356
14,0.333623,0.143357,3.20512
14,0.319526,0.0608433,3.27542
14,0.428102,0.333226,2.85675
14,0.507954,0.23021,3.24791
14,0.888885,-0.00416098,4.00807
14,1.65335,-1.73572,5.62956
14,1.55355,-1.7106,5.66828
14,1.70863,-1.68087,5.56978
14,1.62236,-1.73431,5.28856
14,0.867457,0.560699,1.87082
14,0.859487,0.550223,1.96442
14,1.05048,0.474492,2.14457
14,-0.520162,-1.07484,5.27621
14,-0.397661,-1.26196,5.48995
14,-0.557476,-1.21899,5.30303
14,1.52691,-1.5731,5.70723
14,1.01125,-0.226789,4.84551
14,0.56985,0.273513,2.81881
14,0.167179,0.165496,3.22822
14,0.153181,0.0549453,2.95791
14,-0.531558,1.14118,3.24188
14,-0.512527,1.06088,3.25563
14,0.0213896,0.158891,3.55241
14,-0.114798,-0.00446862,4.30459
14,-0.252549,-0.968903,5.45667
14,0.632812,0.183592,2.85341
14,0.968101,0.482569,1.90031
14,0.702196,0.412092,2.75951
14,0.62824,0.348953,2.8328
14,2.06128,-0.266196,4.4455
14,1.81655,-0.293288,4.4158
14,2.04793,-0.466605,4.4167
14,1.81416,-0.430227,4.341
14,2.10386,-0.714936,4.02638
14,2.08622,-0.941328,4.0951
14,2.05508,-1.13827,4.03397
14,2.08049,-1.24846,4.13693
14,1.09313,-0.587601,5.23786
14,1.14848,-1.42739,5.1786
14,0.504084,0.358213,2.76141
14,0.229126,0.0386293,3.20901
14,1.54288,0.457444,3.52637
14,0.703827,0.503355,2.3443
14,0.685785,0.481557,2.38822
14,2.02594,-1.6587,4.08152
14,0.782678,-0.166673,4.13931
14,0.24222,-0.167222,4.15294
14,1.13187,-0.972969,5.10372
14,-0.327739,0.0499574,4.15004
14,-0.323542,-0.366782,6.12531
14,0.501967,-1.5923,5.51524
14,-0.252561,-1.40098,5.61559
14,-0.358514,-1.61343,5.90963
14,-0.279961,-1.0728,5.30023
14,-0.200692,-1.22127,5.4052
14,0.00752576,0.146342,3.58639
14,0.0624701,0.08819,3.51163
14,0.185627,0.158387,3.25562
14,0.181237,0.054889,3.17863
14,0.339034,0.158459,3.2571
14,0.311625,0.0559113,3.23783
14,0.527848,0.243636,2.77243
14,0.963806,-0.0954342,4.34589
14,0.612382,0.394304,2.76129
14,0.602445,0.33585,2.81611
14,1.62575,-1.60475,5.71366
14,1.55821,-1.67678,5.97011
14,0.877901,0.545431,1.92042
14,0.858891,0.547046,1.98082
14,-0.373511,-1.36012,5.45179
14,-0.467076,-1.22612,5.07425
14,-0.456164,-1.47906,5.41744
14,0.584283,0.271394,2.83519
14,0.647075,0.187731,2.91772
14,1.26356,-0.234345,5.15086
14,1.01937,-0.419079,4.9464
14,-0.480417,0.487293,1.87075
14,-0.335345,0.287462,1.72823
14,-0.491015,-0.994906,4.91537
14,0.503405,-0.204608,4.49725
14,0.230359,-0.183812,4.04015
14,-2.12664,-2.41504,6.05963
14,-2.10588,-2.33418,5.74368
14,-0.514542,1.07435,3.32365
14,-0.0887958,0.00653218,4.14194
14,-0.235646,-0.937191,5.23949
14,1.27751,0.193897,4.75181
14,2.15594,-0.288568,4.71614
14,1.87387,-0.315458,4.56967
14,1.88803,-0.453652,4.51777
14,-1.86916,0.0646341,6.8594
14,0.529693,0.353624,2.78212
14,0.466525,0.211793,2.93394
14,1.13076,-1.43204,5.0987
14,1.50484,-1.70384,5.59737
14,-0.526812,-1.33497,4.88969
14,1.32819,-0.485668,5.24652
14,0.883635,0.569549,1.90035
14,0.986419,0.461576,2.0862
14,0.702536,0.499371,2.34
14,0.676566,0.470123,2.37777
14,2.17388,-0.506136,4.67516
14,1.63189,-1.74274,5.58133
14,1.53205,-1.81166,4.73196
14,1.06739,-0.747621,4.81299
14,-0.364795,0.193789,1.73935
14,-0.482641,-0.333535,4.83154
14,0.459326,-1.50014,5.19603
14,1.80683,-1.49298,3.8213
14,1.60113,0.489467,3.62699
15,-0.472295,0.00732348,1.61996
15,-0.343826,0.28667,1.64753
15,-0.381738,0.103715,1.66258
15,-0.342361,0.273165,1.66538
15,-0.341097,0.289289,1.67075
15,-0.370851,0.111328,1.6752
15,-0.373943,0.112961,1.67512
15,-0.343055,0.289731,1.67396
15,-0.330206,0.278767,1.68478
15,-0.373684,0.116771,1.68697
15,-0.49173,0.0122831,1.68436
15,-0.379253,0.115945,1.69508
15,-0.378725,0.11163,1.70879
15,-0.36982,0.103823,1.71262
15,-0.376454,0.18081,1.72029
15,-0.393646,0.0983775,1.72967
15,-0.377777,0.184938,1.73695
15,-0.370219,0.18495,1.74127
15,-0.372903,0.189557,1.74178
15,-0.483757,-0.000136852,1.7397
15,-0.336046,0.193135,1.75447
15,-0.373871,0.182562,1.75577
15,-0.368256,0.185752,1.75738
15,-0.361947,0.182967,1.76557
15,-0.365035,0.179308,1.76662
15,-0.363652,0.180177,1.77214
15,-0.510314,0.448847,1.75953
15,-0.373841,0.352502,1.77599
15,-0.348448,0.183631,1.79075
15,-0.496756,0.00312419,1.7946
15,-0.391103,0.579523,1.79959
15,-0.346533,0.179853,1.81666
15,-0.395674,0.57839,1.80732
15,-0.466242,0.462013,1.80509
15,-0.395712,0.578141,1.81678
15,-0.472515,0.470935,1.81761
15,0.622013,-0.639924,2.15054
15,-0.797293,0.260739,2.31765
15,-0.790974,0.16797,2.34911
15,-0.814315,0.265902,2.354
15,-0.844954,0.264463,2.44099
15,-0.9114,1.12923,2.45016
15,0.159378,0.0996692,2.6177
15,0.717463,0.444851,2.67275
15,0.168474,0.0578008,2.71053
15,0.1869,0.0743277,2.7209
15,-1.29147,1.03469,2.61654
15,-1.2417,1.0686,2.6597
15,-1.03648,1.03127,2.68725
15,-0.933711,1.08688,2.82355
15,-0.97762,1.0176,2.82581
15,0.124034,0.157417,2.95988
15,0.302714,0.161701,2.9794
15,0.290357,0.157344,2.99588
15,-0.338182,0.12613,2.96214
15,0.243474,0.115548,3.02317
15,-0.961433,1.1272,2.89931
15,-0.97349,1.0488,2.90103
15,0.254181,0.112829,3.04492
15,0.326151,-0.16866,3.09725
15,0.379518,0.302036,3.09547
15,0.477501,0.207764,3.11124
15,0.0860718,0.0764678,3.07851
15,0.165006,0.129716,3.09744
15,-0.256044,-0.090396,3.06936
15,0.105096,0.0695257,3.13204
15,-0.483782,1.08925,3.04768
15,0.224967,0.0836659,3.15221
15,0.188325,0.196393,3.14987
15,-0.996572,1.08685,3.01807
15,-0.494203,1.09153,3.06591
15,0.472311,0.211337,3.18744
15,0.233753,0.0486849,3.23884
15,0.329325,0.0908032,3.24983
15,-0.497544,1.01583,3.14714
15,0.41634,0.307402,3.25725
15,-0.340363,0.115021,3.19578
15,0.329657,0.0990236,3.26454
15,0.0883469,0.129532,3.2599
15,0.156358,0.163348,3.3049
15,-0.363203,0.134273,3.27782
15,-0.354689,0.131715,3.3304
15,0.0934673,0.143548,3.43602
15,1.10202,-1.11575,3.57906
15,-0.970103,1.19343,3.48226
15,0.432919,-0.214881,3.66331
15,0.0283588,0.148966,3.63413
15,0.0232815,0.143159,3.67231
15,-0.0679846,0.0997785,3.77325
15,0.0102158,0.13799,3.83029
15,0.18774,-0.137208,4.066
15,-0.147942,-0.0149118,4.1869
15,-0.150655,0.00663083,4.22471
15,0.855897,-0.454575,4.71331
15,0.399248,-0.00505379,4.67286
15,0.269983,-0.155177,4.75989
15,0.896621,-0.476715,4.90802
15,-0.345561,-0.00334295,4.80674
15,-0.474374,-0.227827,4.82451
15,0.285749,-0.159651,4.90936
15,1.54467,-1.53878,5.07487
15,1.21918,-0.208841,5.05543
15,-0.496769,-0.254102,4.99543
15,-0.471187,-0.29386,5.11613
15,-0.244771,-0.928789,5.19538
15,-0.472966,-0.305982,5.19111
15,-0.258922,-0.933338,5.32194
15,-0.529172,-0.260273,5.30028
15,-0.484047,-0.400425,5.32989
15,1.38576,-0.451691,5.57802
15,1.55191,-0.628798,5.74227
15,-0.336841,-1.37476,5.60989
15,-0.345769,-0.422486,5.91369
15,-0.390064,-0.53299,6.17709
15,-0.346715,-0.412375,6.79345
15,0.129371,0.0746272,3.71631
14,0.129371,0.0746272,3.71631
15,0.294568,0.128556,3.62026
14,0.294568,0.128556,3.62026
15,0.348472,0.136481,4.00977
14,0.348472,0.136481,4.00977
15,-0.393648,0.545737,1.96203
14,-0.393648,0.545737,1.96203
15,-0.270267,-0.303066,5.23513
14,-0.270267,-0.303066,5.23513
15,-0.389399,0.547272,1.953
14,-0.389399,0.547272,1.953
15,-0.948293,0.255391,2.72749
14,-0.948293,0.255391,2.72749
16,-0.506173,-0.0806436,0.502599
16,-0.964197,0.480506,1.21809
16,-0.999683,0.348853,1.22505
16,-1.01512,0.251059,1.31154
16,-1.00647,0.214591,1.31662
16,-0.442086,0.00934532,1.54199
16,-0.374279,0.197802,1.56622
16,-0.328987,0.285329,1.5868
16,-0.441735,0.0361727,1.62168
16,-0.450977,0.00242515,1.62954
16,-0.464792,0.0473688,1.63254
16,-0.478001,0.00308016,1.63072
16,-0.456326,0.00192559,1.63679
16,-0.463084,0.0558162,1.64032
16,-0.441242,0.00411125,1.67134
16,-0.46051,-0.0047013,1.66953
16,-1.07861,0.442728,1.52465
16,-0.344225,0.347723,1.71962
16,-0.347633,0.351866,1.72446
16,-0.362313,0.355357,1.74658
16,-0.464434,-0.0115818,1.72782
16,-0.4685,-0.00983553,1.73989
16,-0.540214,0.156218,1.73506
16,-1.10528,0.383253,1.5995
16,-1.09836,0.432676,1.65329
16,-0.47507,-0.0161064,1.82383
16,-1.10837,0.840022,1.71361
16,-1.08352,0.662208,1.74772
16,-0.626559,0.157017,1.86913
16,-1.1138,0.678957,1.82222
16,-1.12603,0.728236,1.819
16,-1.12872,0.829546,1.82387
16,-0.409724,0.900144,2.00293
16,-0.398148,0.93899,2.02035
16,-0.529213,0.678797,2.1647
16,-0.557974,0.720366,2.34993
16,-1.17765,1.00379,2.25233
16,-0.355049,1.04538,2.47804
16,-0.35538,1.07075,2.55151
16,-1.24132,1.17815,2.43908
16,-0.950442,1.16276,2.5392
16,-1.11294,1.18799,2.51526
16,-1.17003,1.12514,2.57655
16,-0.170989,1.13779,2.81642
16,-1.29955,1.12023,2.54875
16,-1.01544,0.965658,2.62029
16,-1.03188,0.968014,2.62209
16,-1.30849,1.13611,2.55627
16,-1.17232,1.13437,2.59654
16,-1.03338,1.0182,2.6351
16,-0.170001,1.15064,2.85405
16,-1.21451,1.00858,2.63703
16,-1.20484,1.00695,2.64663
16,-1.23285,1.06131,2.64843
16,-1.06192,1.15001,2.69582
16,-1.24827,1.07411,2.66419
16,-1.27527,1.02366,2.66641
16,0.405727,0.284104,3.07974
16,0.313768,0.219875,3.06177
16,-1.32946,1.06407,2.66248
16,-0.720135,0.91924,2.87637
16,-0.725331,0.934321,2.94988
16,-0.985687,1.08553,2.89022
16,-1.26357,0.985566,2.92316
16,-0.283102,0.0512165,3.16932
16,-0.763124,0.963187,3.08619
16,0.247316,0.101608,3.45031
16,-0.905932,1.12269,3.24836
16,0.217755,0.079975,3.54692
16,-1.3562,1.0628,3.18559
16,0.120788,0.138571,3.56779
16,0.0680831,0.086371,3.58745
16,-1.3508,0.967458,3.27164
16,-1.34554,1.07204,3.28127
16,0.153348,0.0534228,3.66969
16,-1.39753,0.917724,3.46378
16,-0.0676104,0.0110511,3.97089
16,-1.48114,0.875691,3.69735
16,-1.46051,0.715528,3.79648
16,0.173829,-0.119252,4.21966
16,-1.21785,0.24892,3.89056
16,-1.4955,0.731892,3.8656
16,-1.59946,1.24158,3.87583
16,-0.186866,0.00645614,4.26642
16,0.983755,-0.557006,4.81368
16,0.962718,-0.499658,4.82489
16,-1.83052,-1.78419,4.56158
16,-1.85523,-1.79255,4.59549
16,-1.48376,0.47721,4.69792
16,-1.48556,0.458774,4.70132
16,-0.557383,-1.14187,4.96174
16,-1.48824,0.437397,4.72231
16,-1.49418,0.454582,4.73339
16,-0.200407,-1.02961,5.06848
16,-1.46219,0.24902,4.75877
16,-1.51032,0.449275,4.75514
16,-1.47381,0.271817,4.77057
16,-0.259751,-0.901666,5.10635
16,-0.204141,-1.04789,5.14816
16,-0.473379,-1.1503,5.08824
16,-1.5999,0.298013,4.80449
16,0.558161,-1.55567,5.35527
16,-0.248891,-1.14607,5.17258
16,-1.59031,0.240253,4.86821
16,-0.519858,-1.05443,5.16966
16,-1.69125,0.127224,4.9345
16,-1.62724,0.242568,4.96653
16,-1.69821,0.155611,4.96355
16,-0.517377,-0.252253,5.25732
16,-1.88108,-1.8856,4.9977
16,-3.15868,-1.87081,4.72874
16,-1.75845,0.109839,5.03902
16,-0.520166,-0.256179,5.34307
16,-1.81508,-0.576742,5.045
16,-1.79512,0.158594,5.08858
16,-0.472787,-0.450421,5.41148
16,-1.71128,0.0425928,5.11696
16,-1.70985,0.124761,5.12271
16,-0.486243,-0.230393,5.41956
16,-1.71392,-0.0230129,5.16744
16,-1.8773,0.130071,5.25257
16,-1.79001,0.125036,5.31396
16,-1.78161,0.0392556,5.33159
16,-1.79195,0.123912,5.38301
16,-1.79341,0.19907,5.40131
16,-1.7986,0.109473,5.404
16,-1.80159,0.0735646,5.4083
16,-1.91846,0.16062,5.39217
16,-1.87944,-2.24751,5.4507
16,-1.92507,0.0779453,5.44513
16,-1.88342,0.0565908,5.49314
16,-1.848,0.212189,5.51585
16,-2.0556,-2.12909,5.50923
16,-1.95133,0.113632,5.53758
16,-1.95482,0.106175,5.54788
16,-1.94655,0.100971,5.56575
16,-1.90647,0.166419,5.59041
16,-1.94304,0.216581,5.60421
16,-1.95205,0.205731,5.61947
16,-1.96013,0.181332,5.62414
16,-2.08642,-0.679519,5.62069
16,-2.1013,0.231254,5.77377
16,-2.16738,-0.706074,5.7785
16,-2.16914,-0.711346,5.84053
16,-2.11317,0.242986,5.85012
16,-2.18013,-0.652523,5.89575
16,-2.19707,-0.671718,5.89411
16,-2.23771,0.210366,6.13926
16,-3.74067,0.438657,7.74089
16,-3.2615,0.427241,7.45405
15,-3.2615,0.427241,7.45405
16,-2.37886,0.468827,5.56532
15,-2.37886,0.468827,5.56532
16,-2.62199,0.347713,5.91311
15,-2.62199,0.347713,5.91311
17,-1.05742,0.48627,0.220295
17,-1.37745,0.303265,0.952494
17,-1.38588,0.304685,0.978906
17,-1.55706,0.273618,0.991316
17,-1.40839,0.298915,1.03735
17,-1.32511,0.388801,1.07276
17,-1.33496,0.38996,1.08658
17,-1.35941,0.287128,1.09209
17,-1.45607,0.296627,1.07279
17,-1.33625,0.420295,1.10279
17,-1.46261,0.297237,1.09142
17,-1.37128,0.29917,1.13003
17,-1.47183,0.299681,1.11354
17,-1.32006,0.572564,1.13473
17,-1.32016,0.570539,1.14874
17,-1.63924,0.51744,1.088
17,-1.49035,0.592785,1.1328
17,-1.3305,0.580332,1.17171
17,-1.35496,0.537174,1.18583
17,-1.42833,0.6185,1.17803
17,-1.35788,0.600542,1.19842
17,-1.36882,0.587823,1.19833
17,-1.35792,0.602877,1.20011
17,-1.37727,0.615544,1.20343
17,-1.3888,0.592853,1.20628
17,-1.3958,0.28649,1.22146
17,-1.37451,0.613911,1.21299
17,-1.3951,0.590855,1.20965
17,-1.37661,0.610508,1.21642
17,-1.34431,0.589315,1.23242
17,-1.4102,0.690132,1.22332
17,-1.41166,0.685963,1.22667
17,-1.38417,0.25742,1.26211
17,-1.33186,0.531466,1.26417
17,-1.38166,0.256779,1.26769
17,-1.37366,0.206878,1.27351
17,-1.42351,0.685756,1.23763
17,-1.34062,0.339873,1.28133
17,-1.37266,0.207931,1.28463
17,-1.38245,0.253021,1.28072
17,-1.38932,0.241394,1.29169
17,-1.34332,0.507852,1.302
17,-1.29858,0.794284,1.30231
17,-1.42116,0.851982,1.28002
17,-1.30057,0.776571,1.32931
17,-1.35167,0.545043,1.34576
17,-1.30937,0.813407,1.35087
17,-1.32713,1.04254,1.33558
17,-0.699617,0.22107,1.51856
17,-1.53329,0.912514,1.29921
17,-1.35856,0.511481,1.36045
17,-1.74789,0.921041,1.26509
17,-1.54924,0.989716,1.32427
17,-1.36736,0.508952,1.39958
17,-1.36185,0.519267,1.40364
17,-1.55651,0.999959,1.35478
17,-1.5634,0.942636,1.3785
17,-0.817255,0.151247,1.61838
17,-0.912146,0.276246,1.61606
17,-0.794523,0.334465,1.66057
17,-0.903809,0.27691,1.64574
17,-1.36957,0.527141,1.53885
17,-1.32845,0.659693,1.54552
17,-1.39143,0.390369,1.54854
17,-1.36877,0.523447,1.55645
17,-1.41221,0.392545,1.56225
17,-1.4322,0.893224,1.54311
17,-1.39147,0.507508,1.57386
17,-0.812323,0.454993,1.71539
17,-1.37619,0.518734,1.59112
17,-1.62264,0.992924,1.52187
17,-1.39049,0.504075,1.60616
17,-1.41064,0.458231,1.609
17,-0.687296,1.01003,1.76676
17,-1.4255,0.430548,1.63411
17,-0.651209,0.967159,1.79074
17,-0.689858,1.05977,1.78393
17,-0.689208,1.06287,1.7867
17,-1.4054,0.478228,1.67673
17,-1.39418,0.50343,1.69434
17,-0.756152,0.937214,1.81812
17,-1.40083,0.439386,1.70479
17,-1.41554,0.477097,1.70493
17,-1.40617,0.493443,1.71521
17,-1.41329,0.48078,1.72409
17,-1.41609,0.477268,1.72828
17,-1.41329,0.47641,1.7356
17,-1.38025,0.898645,1.7221
17,-1.44335,0.463294,1.73838
17,-1.422,0.477852,1.75006
17,-1.30775,1.04953,1.75
17,-1.37035,0.842003,1.74989
17,-1.41607,0.445669,1.76825
17,-1.3738,0.771109,1.76893
17,-1.37468,0.747925,1.7786
17,-1.32178,1.07063,1.78542
17,-1.37269,0.884478,1.8172
17,-1.37434,0.873715,1.81984
17,-1.3752,0.776733,1.82705
17,-0.70156,1.1762,1.95771
17,-0.771836,0.515017,1.97927
17,-0.742607,0.989475,1.97486
17,-1.37749,0.889407,1.85138
17,-1.37583,0.898391,1.85568
17,-1.17394,1.22891,1.89302
17,-1.66893,1.28714,1.80209
17,-1.34491,1.29221,1.93778
17,-0.940118,1.20089,2.05987
17,-1.34994,1.20279,1.99244
17,-1.2995,1.247,2.00482
17,-0.746981,1.25554,2.16202
17,-1.30742,1.26338,2.04393
17,-1.21239,1.2384,2.21608
17,-1.10342,1.2115,2.30452
17,-1.22229,1.27582,2.30602
17,-1.21759,1.28232,2.31867
17,-0.865497,1.14526,2.44916
17,-1.11058,1.23591,2.39058
17,-0.261061,1.143,2.66794
17,-0.254374,1.13903,2.67041
17,-1.24968,1.081,2.47954
17,-1.0813,1.21807,2.53995
17,-1.26914,1.23564,2.51912
17,-1.14484,1.03825,2.55959
17,-1.28284,1.0752,2.5365
17,-1.14636,1.03977,2.58029
17,-1.09342,1.02723,2.61274
17,-1.15792,1.01176,2.62099
17,-0.754617,0.867579,2.72137
17,-1.14888,1.02248,2.63396
17,-1.33209,1.05116,2.6113
17,-1.29692,1.07001,2.62223
17,-1.14726,1.05504,2.65626
17,-1.27399,1.03199,2.63579
17,-1.28278,1.0965,2.63253
17,-1.16605,1.17985,2.65507
17,-1.15759,1.1825,2.66941
17,-1.012,1.10196,2.75918
17,-1.16389,1.17848,2.74929
17,-1.27592,0.983488,2.75622
17,-1.44086,1.10889,2.71664
17,-1.44435,1.07641,2.71771
17,-1.44149,1.10356,2.71713
17,-1.04547,1.07638,2.85987
17,-0.896136,1.06108,2.92584
17,-0.914056,1.07191,2.96049
17,-1.04983,1.08725,2.98072
17,-1.04768,1.10435,2.98193
17,-0.777495,0.749926,3.10893
17,-1.01689,1.18314,3.04437
17,-0.764305,0.750349,3.12521
17,-1.35182,0.988297,3.22
17,-0.898267,1.16293,3.32793
17,-2.56787,0.0551904,3.05649
17,-1.35311,0.919072,3.31536
17,-1.35344,0.921083,3.36228
17,-2.54686,0.0579649,3.15573
17,-1.37592,0.860181,3.40182
17,-1.39448,1.13111,3.40179
17,-1.36593,0.782504,3.44641
17,-1.35394,0.714305,3.48594
17,-1.39124,0.730849,3.62142
17,-1.43645,0.781309,4.24237
17,-3.36199,0.0103666,3.87197
17,-0.285859,-1.29869,4.67351
17,-0.378527,-1.31047,4.69813
17,-1.23411,0.467703,4.42011
17,-0.288179,-1.20843,4.76181
17,-0.391706,-1.35167,4.75108
17,-0.333954,-1.39338,4.78184
17,0.0157306,-1.17249,5.04279
17,0.0328246,-1.21615,5.06198
17,0.00370818,-1.33021,5.06876
17,-1.23326,0.262515,4.75474
17,-1.23536,0.285034,4.7558
17,-1.36078,0.319559,4.76009
17,-0.0422629,-1.52652,5.15067
17,-0.0701281,-1.50696,5.15121
17,0.0426451,-1.38092,5.18716
17,-1.35147,0.249192,4.84201
17,-1.29143,0.196675,4.88188
17,-1.28076,0.425254,4.87665
17,-1.31515,0.451134,4.89276
17,-1.30176,0.451309,4.99645
17,-1.37247,0.436215,5.02136
17,-2.60486,-0.387248,4.92529
17,-2.65707,-0.394002,5.08012
17,-1.46616,-0.401475,5.51847
17,-1.4978,-0.387963,5.54935
17,-1.49758,-0.382415,5.55417
17,-1.64576,-0.859608,5.55492
17,-1.66198,0.228028,5.77865
17,-1.7297,0.23838,6.24522
17,-1.85472,-0.824596,6.71615
17,-1.91471,0.477963,5.63733
16,-1.91471,0.477963,5.63733
17,-2.31889,-1.1926,5.45228
16,-2.31889,-1.1926,5.45228
17,-0.913308,1.00684,2.69323
16,-0.913308,1.00684,2.69323
17,-2.46727,-1.35294,6.03817
16,-2.46727,-1.35294,6.03817
18,-2.09001,1.195,0.703268
18,-2.24042,1.01718,0.709253
18,-2.01336,0.725016,0.813657
18,-2.18449,0.745638,0.875886
18,-1.85606,1.10857,0.936286
18,-2.18538,0.736588,0.900484
18,-2.32007,0.759776,0.916932
18,-2.02287,0.961122,0.965515
18,-2.19836,0.989141,0.96162
18,-2.29927,1.01184,0.958971
18,-2.02849,0.95866,0.978546
18,-2.03193,0.956432,0.97907
18,-2.18825,0.993714,0.983618
18,-2.1903,0.990936,0.98621
18,-2.03672,0.957982,0.997894
18,-2.33153,0.742911,0.963198
18,-2.04731,0.951109,1.00376
18,-2.30519,1.0109,0.993873
18,-2.30371,1.00866,1.00055
18,-2.20436,0.986957,1.0085
18,-2.2103,1.10622,1.03382
18,-2.20783,1.10663,1.0378
18,-2.21128,1.10372,1.03932
18,-1.92357,0.749544,1.03373
18,-1.94187,0.724271,1.03755
18,-1.92275,0.748695,1.0442
18,-2.20648,0.694053,1.06087
18,-2.22665,0.710267,1.08253
18,-1.94965,0.59982,1.09598
18,-2.17785,1.42157,1.14418
18,-2.22864,0.704888,1.0979
18,-1.94762,0.59137,1.11959
18,-1.51725,1.26586,1.22694
18,-2.05886,0.623696,1.1421
18,-2.39931,1.28131,1.17555
18,-2.41282,0.702724,1.14186
18,-2.26419,1.27544,1.20064
18,-2.09881,1.23128,1.20867
18,-2.08779,1.24829,1.2144
18,-2.11981,1.24596,1.21289
18,-2.00976,0.614545,1.1733
18,-1.88737,0.916209,1.20677
18,-2.216,0.87973,1.184
18,-2.10332,1.23444,1.22181
18,-2.20487,1.31758,1.22441
18,-1.89097,0.878606,1.21461
18,-1.89185,0.873737,1.21647
18,-1.73339,1.19724,1.2523
18,-2.10532,1.24037,1.23162
18,-2.10586,1.25432,1.23426
18,-1.88815,0.880144,1.22109
18,-2.06293,1.24492,1.23806
18,-1.88871,0.872063,1.22138
18,-1.90389,0.912305,1.226
18,-2.21448,1.23518,1.23022
18,-2.21053,1.27188,1.23361
18,-2.10778,1.24858,1.23948
18,-1.82813,1.36977,1.26833
18,-1.90731,0.909978,1.23379
18,-2.06663,1.23311,1.25011
18,-1.90743,0.846097,1.23846
18,-2.05872,0.604499,1.21109
18,-2.22123,1.2411,1.25156
18,-2.12818,1.25952,1.26002
18,-2.24083,1.28093,1.25436
18,-1.32693,0.66919,1.27775
18,-2.02797,1.24546,1.27705
18,-2.25252,1.24231,1.26595
18,-2.12801,1.25691,1.27683
18,-2.04141,1.25447,1.28616
18,-1.87433,0.902906,1.27592
18,-2.24608,1.28919,1.28279
18,-1.92802,0.907778,1.28085
18,-1.93723,1.14916,1.30017
18,-1.93848,1.14348,1.30088
18,-2.28496,1.2474,1.29363
18,-1.78011,1.15906,1.32451
18,-1.31776,0.576573,1.31125
18,-2.27396,1.2791,1.3056
18,-1.94101,1.1437,1.32213
18,-2.09792,0.591568,1.27899
18,-1.93519,1.16934,1.34037
18,-1.93208,1.169,1.3461
18,-2.26504,1.25443,1.33441
18,-2.28911,1.24857,1.34111
18,-2.06964,1.45367,1.37375
18,-2.47173,0.662907,1.2884
18,-1.33528,0.440221,1.34808
18,-1.81291,1.40771,1.39136
18,-1.17106,1.09678,1.42373
18,-1.9425,1.17424,1.38099
18,-2.16445,1.47886,1.39223
18,-2.24543,1.25632,1.39738
18,-1.22869,0.722522,1.4439
18,-1.79986,1.47419,1.46574
18,-1.38938,0.632552,1.4412
18,-1.74039,1.24026,1.46689
18,-1.41386,0.89918,1.46728
18,-1.12623,1.16601,1.51556
18,-2.08172,1.47873,1.48204
18,-2.01878,1.23652,1.47598
18,-1.27324,0.712115,1.52307
18,-2.17548,1.51342,1.54953
18,-2.22605,1.26343,1.53649
18,-1.7299,1.52561,1.6152
18,-2.22594,1.27275,1.57099
18,-1.71115,1.55709,1.63657
18,-1.67205,1.54158,1.65066
18,-2.18891,1.54992,1.68379
18,-1.56568,1.42582,1.75589
18,-1.54685,1.4323,1.78164
18,-1.67714,1.48898,1.81075
18,-1.67589,1.49219,1.81626
18,-1.63949,1.48036,1.86055
18,-1.63972,1.47241,1.8612
18,-1.1483,1.41092,1.89123
18,-1.62734,1.48537,1.89502
18,-1.98611,1.46316,1.91677
18,-1.16839,0.963334,1.99363
18,-1.2728,1.38214,2.02535
18,-0.940088,1.02964,2.19832
18,-1.36008,1.26809,2.20075
18,-1.57299,1.06502,2.25615
18,-1.53956,1.1336,2.29184
18,-1.52584,1.21333,2.33947
18,-1.5325,1.17321,2.34985
18,-1.54621,1.21679,2.3554
18,-1.53449,1.13453,2.35071
18,-1.52495,1.21254,2.36353
18,-1.5742,1.18763,2.36356
18,-1.34628,1.3401,2.40038
18,-1.53603,1.18805,2.39551
18,-1.53659,1.21612,2.40805
18,-1.57285,1.18831,2.41854
18,-1.57611,1.18882,2.42057
18,-1.39049,1.14915,2.43123
18,-1.56409,1.1398,2.42307
18,-1.51522,1.24883,2.4472
18,-1.56588,1.1781,2.43953
18,-1.54839,1.18519,2.45093
18,-1.5448,1.17987,2.45948
18,-1.55472,1.14627,2.46302
18,-1.50523,1.05815,2.58527
18,-1.53502,1.12502,2.60019
18,-1.5795,1.17314,2.6247
18,-1.47877,1.26528,2.64324
18,-1.57204,1.17333,2.65329
18,-1.51095,1.06347,2.70579
18,-1.47638,1.06518,2.72214
18,-1.26961,1.26462,2.95832
18,-1.47432,1.07539,3.01602
18,-1.5563,1.14241,3.24098
18,-1.21466,0.252687,3.53029
18,-1.51044,1.15098,3.64079
18,-1.33903,0.874521,3.74131
18,-1.21097,0.389937,3.82922
18,-1.32081,0.96093,3.86576
18,-1.20899,0.389255,3.92532
18,-1.12212,1.64318,4.12748
18,-1.17729,0.363163,4.16326
18,-1.23112,0.120866,4.43275
18,-1.22828,0.838067,4.61944
18,-2.50013,1.62943,4.81771
18,-0.992103,-0.164967,4.80184
18,-1.23173,-0.205105,4.90909
18,-1.24337,-0.260164,5.1869
18,-1.19068,-0.231039,5.33072
18,-1.17544,-0.204058,5.53948
18,-1.17818,-0.231088,5.9213
18,-0.94648,-1.30516,6.83452
18,-1.87965,0.904671,1.19975
17,-1.87965,0.904671,1.19975
18,-1.63091,1.25812,2.50756
17,-1.63091,1.25812,2.50756
18,-1.15787,0.0131555,3.99509
17,-1.15787,0.0131555,3.99509
18,-1.17403,1.11538,2.95225
17,-1.17403,1.11538,2.95225
18,-2.20964,1.10925,1.4241
17,-2.20964,1.10925,1.4241
18,-2.07691,1.42092,1.57427
17,-2.07691,1.42092,1.57427
18,-2.27437,1.1183,1.44321
17,-2.27437,1.1183,1.44321
18,-2.07844,1.42888,1.59883
17,-2.07844,1.42888,1.59883
18,-1.28033,0.118815,3.95278
17,-1.28033,0.118815,3.95278
18,-1.3714,1.23458,2.54018
17,-1.3714,1.23458,2.54018
18,-2.21052,1.09032,1.21319
17,-2.21052,1.09032,1.21319
18,-1.35267,0.0828228,3.7928
16,-1.35267,0.0828228,3.7928
19,-2.51694,1.40882,0.34025
19,-2.61386,1.2945,0.518226
19,-2.6171,1.54186,0.622512
19,-2.42221,1.13331,0.957794
19,-2.31171,1.60711,1.05139
19,-2.7913,1.20378,1.05267
19,-2.28914,1.33842,1.12545
19,-2.61317,1.62979,1.22026
19,-2.61944,1.40932,1.1858
19,-2.28062,1.31121,1.16181
19,-2.46135,0.985861,1.13679
19,-2.70466,1.59375,1.29503
19,-2.24033,1.41647,1.2416
19,-2.68946,1.52818,1.3062
19,-2.63568,0.99472,1.21156
19,-2.23912,1.4471,1.26404
19,-2.60031,1.28195,1.27181
19,-2.70807,1.31096,1.28659
19,-2.26569,1.36498,1.26651
19,-2.75896,1.56224,1.34518
19,-2.59428,1.28224,1.28347
19,-2.62407,0.984932,1.23444
19,-2.45286,1.22404,1.29088
19,-2.75187,1.56803,1.39175
19,-2.15868,1.46205,1.3255
19,-2.4512,1.21671,1.31659
19,-2.60168,0.977778,1.3097
19,-2.84378,1.12245,1.35805
19,-2.61856,0.973034,1.32644
19,-2.62003,0.941159,1.32766
19,-2.43033,1.21925,1.36759
19,-2.83998,1.3074,1.4585
19,-2.79474,0.995328,1.40058
19,-2.81635,1.30645,1.46681
19,-2.8455,1.29842,1.47303
19,-2.64304,1.30392,1.47069
19,-2.64183,1.30433,1.47192
19,-2.81307,1.30564,1.4885
19,-2.59013,1.52119,1.50867
19,-2.56401,1.49912,1.50917
19,-2.56638,1.50272,1.51325
19,-2.64158,1.29985,1.48737
19,-2.84193,1.304,1.51009
19,-2.59061,1.53317,1.52948
19,-2.43694,1.50436,1.51192
19,-2.41684,1.47524,1.5069
19,-2.43611,1.49938,1.51365
19,-2.32427,1.26745,1.4692
19,-2.58352,1.51981,1.54703
19,-2.58503,1.53005,1.55044
19,-2.56148,1.49681,1.5446
19,-2.54395,1.52558,1.54835
19,-2.42023,1.49039,1.53221
19,-2.45304,1.49537,1.53628
19,-2.51766,1.51202,1.55247
19,-2.51949,1.51553,1.55336
19,-2.08934,1.47417,1.51058
19,-2.46217,1.5134,1.55775
19,-2.52002,1.53624,1.58017
19,-2.56697,1.51307,1.58553
19,-2.40756,1.50371,1.57128
19,-2.59508,1.51898,1.59519
19,-2.40846,1.49237,1.58335
19,-2.50229,1.50245,1.59845
19,-2.50123,1.50132,1.60881
19,-2.33862,1.46196,1.59297
19,-2.52468,1.52184,1.62163
19,-2.8618,1.17728,1.59972
19,-2.66047,0.880629,1.53259
19,-2.85481,1.1831,1.61158
19,-2.12696,1.65585,1.64014
19,-2.36786,1.70033,1.69745
19,-2.1069,1.41607,1.62697
19,-2.5922,1.55663,1.69649
19,-2.6506,1.60881,1.71205
19,-2.69742,1.60773,1.7209
19,-2.60453,1.50917,1.70093
19,-2.63791,1.38328,1.68941
19,-2.59486,1.55809,1.71627
19,-2.60017,1.52737,1.71462
19,-2.58172,1.6753,1.7424
19,-2.24298,1.3644,1.66299
19,-2.42137,1.56201,1.73298
19,-2.14153,1.72481,1.74614
19,-2.63454,1.37798,1.72981
19,-2.63933,1.36268,1.72929
19,-2.0913,1.64379,1.74193
19,-2.57537,1.68074,1.8432
19,-2.39833,0.717115,1.69561
19,-2.59703,1.50524,1.8728
19,-2.38362,0.699407,1.72484
19,-2.63033,1.36447,1.86388
19,-2.47684,1.52628,1.93265
19,-2.49005,1.50583,1.96284
19,-2.59521,1.53918,2.06844
19,-1.58647,1.21813,1.92732
19,-2.96206,0.945526,2.09575
19,-2.38519,1.48719,2.18167
19,-1.44473,1.12408,2.09644
19,-2.69072,2.09473,2.46705
19,-2.98331,0.874121,2.2939
19,-2.55455,0.259879,2.34156
19,-1.70403,1.19559,2.55027
19,-1.73688,1.20542,2.55736
19,-2.27806,1.50682,3.24365
19,-3.58556,0.0220901,3.78223
19,-1.05641,0.114913,3.98753
19,-1.00804,-0.0972074,4.34356
19,-2.80018,1.79383,4.83576
19,-3.19719,2.14886,5.38108
19,-2.48763,1.59095,5.35511
19,-2.59668,1.18997,1.22395
18,-2.59668,1.18997,1.22395
19,-2.59642,1.18819,1.23275
18,-2.59642,1.18819,1.23275
19,-2.59816,1.18343,1.24653
18,-2.59816,1.18343,1.24653
19,-2.32724,1.4984,1.77909
18,-2.32724,1.4984,1.77909
19,-2.36896,1.49207,1.52156
18,-2.36896,1.49207,1.52156
19,-2.29528,1.49917,2.0092
18,-2.29528,1.49917,2.0092
19,-2.65155,1.29941,1.38254
18,-2.65155,1.29941,1.38254
19,-2.37938,1.48821,1.47108
18,-2.37938,1.48821,1.47108
19,-2.33277,1.49497,1.76262
18,-2.33277,1.49497,1.76262
19,-1.89915,1.45256,1.90297
18,-1.89915,1.45256,1.90297
19,-1.64578,1.45563,2.56166
18,-1.64578,1.45563,2.56166
19,-2.02799,1.31334,1.86738
18,-2.02799,1.31334,1.86738
19,-2.54692,1.37351,1.39174
18,-2.54692,1.37351,1.39174
19,-2.634,1.10045,1.24847
18,-2.634,1.10045,1.24847
19,-2.6834,1.39775,1.57313
18,-2.6834,1.39775,1.57313
19,-2.38007,1.28324,1.27146
18,-2.38007,1.28324,1.27146
19,-2.59735,1.18604,1.23823
18,-2.59735,1.18604,1.23823
19,-2.71058,1.69315,1.65436
18,-2.71058,1.69315,1.65436
19,-1.09989,0.0238649,4.14355
18,-1.09989,0.0238649,4.14355
19,-2.71078,1.69714,1.67557
18,-2.71078,1.69714,1.67557
19,-2.68496,1.40232,1.52007
18,-2.68496,1.40232,1.52007
19,-2.43529,1.50968,1.50196
18,-2.43529,1.50968,1.50196
19,-2.59743,1.38556,1.39339
18,-2.59743,1.38556,1.39339
19,-2.64298,1.29942,1.49563
18,-2.64298,1.29942,1.49563
19,-1.64375,-0.819327,3.43933
18,-1.64375,-0.819327,3.43933
19,-2.68196,1.40454,1.47065
18,-2.68196,1.40454,1.47065
19,-1.41483,1.21314,2.65602
18,-1.41483,1.21314,2.65602
19,-2.59796,1.38949,1.31839
18,-2.59796,1.38949,1.31839
19,-2.33916,1.53267,1.62696
17,-2.33916,1.53267,1.62696
19,-2.53472,1.36067,1.53531
17,-2.53472,1.36067,1.53531
19,-1.51437,1.43727,3.05337
16,-1.51437,1.43727,3.05337
20,-3.20853,2.07467,1.26868
20,-3.2045,2.06852,1.27489
20,-3.24977,2.04258,1.3608
20,-3.11621,2.23775,1.52056
20,-3.12696,1.75248,1.68844
20,-2.95599,1.69236,1.66388
20,-3.23205,1.83137,1.83499
20,-3.21877,1.82599,1.87368
20,-3.06086,2.12978,1.98501
20,-3.1791,1.73402,1.83012
20,-3.22194,1.79715,1.88613
20,-3.25733,1.9413,1.97036
20,-2.92812,1.63946,1.71784
20,-3.05867,2.12538,2.03639
20,-3.17966,1.70509,1.87004
20,-3.06337,1.65987,1.82912
20,-3.08831,1.63737,1.8464
20,-3.03454,2.10618,2.06613
20,-3.0643,2.1772,2.11679
20,-3.11106,2.14411,2.12004
20,-2.66855,1.97214,1.91572
20,-3.08123,1.61585,1.87826
20,-2.98474,1.97508,2.04695
20,-2.65152,1.95741,1.94332
20,-3.03295,1.56971,1.89946
20,-3.03379,1.58275,1.92048
20,-3.2264,1.70652,2.05125
20,-3.22389,1.69541,2.0623
20,-2.85353,2.24213,2.22758
20,-3.01017,1.55123,1.95805
20,-3.01379,1.56038,1.97924
20,-3.15853,1.58783,2.04597
20,-3.04417,1.5389,1.98939
20,-2.7346,1.78728,2.01299
20,-3.03204,1.56304,2.00673
20,-3.01751,1.5133,1.97835
20,-2.9786,1.85806,2.15493
20,-3.0249,1.55232,2.01825
20,-2.96618,1.84629,2.15306
20,-2.71202,1.76177,2.05614
20,-3.15629,1.54677,2.09814
20,-2.79203,2.02041,2.22135
20,-2.98893,2.20039,2.38297
20,-2.8578,2.04976,2.2653
20,-3.18829,1.74319,2.22182
20,-2.73961,1.99865,2.2067
20,-2.76246,2.01917,2.2256
20,-2.61874,1.91159,2.12586
20,-2.7018,1.99128,2.19777
20,-2.79053,2.02177,2.24405
20,-2.93774,1.90587,2.2354
20,-2.87279,2.0627,2.29526
20,-2.92145,1.66453,2.11122
20,-2.83098,2.04247,2.27212
20,-2.80886,2.017,2.25384
20,-2.44838,2.00107,2.13356
20,-2.83838,2.03887,2.28163
20,-3.18358,1.65262,2.21461
20,-2.82685,2.01945,2.28274
20,-2.64624,1.77205,2.10065
20,-3.19132,1.64632,2.22412
20,-2.59375,1.69606,2.05781
20,-2.8283,2.00756,2.2981
20,-2.9593,2.07549,2.37944
20,-2.88812,2.05034,2.34418
20,-2.61343,1.68589,2.07371
20,-2.64916,1.75412,2.12917
20,-2.98318,1.48226,2.12044
20,-2.6257,1.95446,2.26764
20,-2.96301,2.06908,2.44042
20,-3.20967,1.59601,2.28497
20,-2.42573,1.89349,2.20325
20,-3.19045,1.59203,2.31732
20,-2.94446,2.17147,2.55665
20,-2.51165,1.86329,2.29487
20,-3.22021,1.50752,2.37134
20,-2.20302,2.05576,2.35132
20,-2.47285,1.83937,2.3644
20,-3.12927,1.37653,2.37152
20,-2.42707,1.81746,2.44921
20,-2.66932,1.15529,2.24954
20,-3.23785,1.38957,2.56432
20,-2.76367,1.95738,2.76552
20,-2.76854,1.91447,2.81124
20,-2.73235,1.87877,2.9535
20,-2.45919,1.81751,2.86913
20,-2.44716,1.83705,2.88142
20,-2.99378,2.15556,3.78182
20,-2.54556,0.285851,3.40677
20,-0.661423,1.12317,4.21221
20,-1.64285,1.11805,5.57054
20,-2.17387,-1.56344,5.14817
20,-1.2224,-1.44644,5.20645
20,1.43057,0.464438,5.6252
20,1.45548,-0.0615292,5.91671
20,-2.91511,2.02654,2.32631
19,-2.91511,2.02654,2.32631
20,-2.97859,1.82318,2.17719
19,-2.97859,1.82318,2.17719
20,-3.20438,1.67487,2.12575
19,-3.20438,1.67487,2.12575
20,-3.18608,1.70896,2.06483
19,-3.18608,1.70896,2.06483
20,-2.90996,2.0204,2.34792
19,-2.90996,2.0204,2.34792
20,-2.94696,2.02892,2.36535
19,-2.94696,2.02892,2.36535
20,-3.18268,1.68208,2.07204
19,-3.18268,1.68208,2.07204
20,-2.69741,2.01639,2.22691
19,-2.69741,2.01639,2.22691
20,-2.99015,2.11069,2.48499
19,-2.99015,2.11069,2.48499
20,-2.66498,2.04442,2.21771
19,-2.66498,2.04442,2.21771
20,-2.93519,2.02203,2.39212
19,-2.93519,2.02203,2.39212
20,-2.71635,2.10965,2.439
19,-2.71635,2.10965,2.439
20,-3.01108,2.15552,3.16269
19,-3.01108,2.15552,3.16269
20,-2.75952,2.13229,2.46497
19,-2.75952,2.13229,2.46497
20,-2.5257,-0.430281,3.96381
19,-2.5257,-0.430281,3.96381
20,-2.41996,-0.0830783,3.25448
19,-2.41996,-0.0830783,3.25448
20,-3.16519,1.56849,2.06524
18,-3.16519,1.56849,2.06524
20,-2.65655,2.11814,2.3379
18,-2.65655,2.11814,2.3379
20,-3.22096,0.216511,3.55968
18,-3.22096,0.216511,3.55968
20,-2.76235,-0.634942,3.57528
17,-2.76235,-0.634942,3.57528
20,4.8742,-3.51682,20.8891
15,4.8742,-3.51682,20.8891
21,-3.96783,2.6449,1.43951
21,-3.83944,2.57008,1.69391
21,-3.42492,2.3154,2.25063
21,-3.51936,2.18645,2.29961
21,-3.50925,2.28439,2.40695
21,-3.46507,2.13016,2.38977
21,-3.48523,1.78862,2.16339
21,-3.65343,1.83774,2.35921
21,-3.06404,2.29481,2.3594
21,-3.61523,1.97334,2.51949
21,-3.4334,2.00096,2.47038
21,-3.57881,1.6865,2.34376
21,-3.44078,1.71775,2.28428
21,-3.4802,2.30282,2.74917
21,-3.60553,1.93225,2.56164
21,-3.64449,1.93232,2.58943
21,-3.27588,2.19716,2.55355
21,-3.61503,1.84418,2.51829
21,-3.3638,1.84242,2.36271
21,-3.60563,1.84511,2.5245
21,-3.24026,2.19084,2.54917
21,-3.35895,1.83491,2.36765
21,-3.62161,1.75002,2.47894
21,-3.25051,2.18792,2.56569
21,-3.60101,1.84332,2.53696
21,-3.24723,2.19992,2.58235
21,-3.29963,2.18696,2.60827
21,-3.25473,1.62901,2.18318
21,-3.20925,2.19705,2.56309
21,-3.27864,2.16594,2.58702
21,-3.27622,2.16299,2.59487
21,-3.02476,2.10508,2.40216
21,-3.19217,1.63327,2.169
21,-3.08077,2.09598,2.43231
21,-3.39141,2.15405,2.66806
21,-3.01088,2.10784,2.40055
21,-3.15199,2.16169,2.52796
21,-3.27739,2.15728,2.61457
21,-3.35486,2.17082,2.67912
21,-3.22814,1.59547,2.2033
21,-3.55848,1.60865,2.42362
21,-3.53192,1.60004,2.4259
21,-3.0575,1.86413,2.32598
21,-3.03468,1.88125,2.35924
21,-2.99477,1.89213,2.3513
21,-2.98841,1.88841,2.35466
21,-2.93801,2.10257,2.48742
21,-3.10425,2.31669,2.75342
21,-3.0016,1.86391,2.36777
21,-2.97945,1.85257,2.3569
21,-2.8783,2.30494,2.64003
21,-2.95676,1.86018,2.3806
21,-2.70822,1.62564,2.0802
21,-2.89378,2.08574,2.52892
21,-2.62057,1.59083,2.02345
21,-3.56171,1.62227,2.63105
21,-2.65174,1.57419,2.04823
21,-3.14568,2.29884,2.88485
21,-3.185,1.94266,2.6919
21,-2.53789,1.66714,2.09739
21,-2.71873,2.22287,2.63494
21,-2.52844,1.64784,2.12417
21,-3.39384,2.22792,3.23603
21,-3.55854,1.86092,3.1327
21,-2.81584,2.14408,2.93831
21,-2.41704,2.22316,2.87974
21,-2.59714,1.92547,2.79543
21,-2.54939,1.93077,2.83538
21,-2.91037,1.96029,3.0865
21,-3.11728,1.73679,3.13388
21,-1.99286,2.03285,2.67637
21,-1.93468,2.16951,2.75084
21,-1.91716,2.14644,2.76771
21,-2.63216,1.20033,2.56511
21,-2.20188,2.15257,3.10797
21,-2.45944,1.36674,2.71624
21,-2.11379,1.95788,3.02601
21,-1.99152,1.90979,3.11858
21,-3.49154,1.52954,3.85206
21,-2.03428,1.71534,3.15954
21,-1.64801,1.24991,2.74875
21,-1.362,1.63565,2.9582
21,-1.88226,1.65976,3.30441
21,-1.48633,1.37466,3.02193
21,-1.40829,1.32662,3.07949
21,-1.67186,1.67811,3.49631
21,-1.26116,1.01466,2.9182
21,-1.4095,1.55678,3.50975
21,-1.5241,1.60563,3.62972
21,-1.225,1.38633,3.73117
21,-1.03739,1.60191,4.20815
21,-0.509438,0.413721,3.45918
21,-0.569721,-1.17362,2.79075
21,-2.03164,-1.38825,4.6108
21,3.69187,-0.785152,7.22678
21,-3.45856,2.23702,2.54086
19,-3.45856,2.23702,2.54086
21,-3.68248,1.84278,2.36809
19,-3.68248,1.84278,2.36809
21,-3.26595,2.14845,2.64276
19,-3.26595,2.14845,2.64276
21,-3.1003,2.27296,2.62374
19,-3.1003,2.27296,2.62374
21,-3.51956,2.17278,2.71811
19,-3.51956,2.17278,2.71811
21,-2.83752,2.02312,2.59659
18,-2.83752,2.02312,2.59659
21,-3.47235,2.20833,2.78865
18,-3.47235,2.20833,2.78865
21,-3.42382,1.97333,2.49128
18,-3.42382,1.97333,2.49128
21,0.940056,-2.85699,3.49173
17,0.940056,-2.85699,3.49173
21,1.50476,-3.54703,3.79149
17,1.50476,-3.54703,3.79149
22,-4.09661,2.54126,1.93838
22,-3.95518,2.34825,2.24825
22,-3.80849,2.19709,2.28688
22,-3.67984,2.3107,2.2865
22,-3.81684,2.28497,2.44441
22,-3.83191,2.06191,2.31263
22,-3.89531,2.24678,2.51597
22,-3.81872,2.02998,2.34693
22,-3.18654,2.58187,2.29422
22,-3.69742,2.02888,2.30476
22,-3.56025,2.02865,2.22592
22,-3.68676,2.01944,2.31693
22,-3.87588,1.79543,2.34798
22,-3.13152,2.58051,2.35174
22,-3.87502,1.75978,2.35856
22,-3.65166,2.36231,2.63725
22,-3.36952,2.22232,2.35735
22,-3.82717,1.92859,2.52204
22,-3.35827,2.20504,2.36347
22,-3.70082,1.96524,2.46158
22,-3.84498,1.9113,2.5382
22,-3.67744,1.97252,2.46576
22,-3.34753,2.17998,2.37039
22,-3.31935,2.3665,2.50304
22,-3.60456,2.22327,2.63352
22,-3.49309,2.34085,2.63814
22,-3.50399,2.18688,2.54044
22,-3.43708,2.30494,2.5719
22,-3.54653,2.16355,2.5571
22,-3.59034,2.2178,2.634
22,-3.49553,2.17993,2.54319
22,-3.47412,2.15989,2.51703
22,-3.49231,2.18289,2.54792
22,-3.50439,2.16101,2.5524
22,-3.49979,2.17659,2.56333
22,-3.51522,2.17551,2.57472
22,-3.58047,2.16171,2.61539
22,-3.62098,2.15127,2.64073
22,-3.57639,2.17111,2.62296
22,-3.67838,2.14846,2.68624
22,-3.52491,2.17218,2.58657
22,-3.4788,2.19452,2.56763
22,-3.59297,2.13134,2.61345
22,-3.56536,2.16126,2.61562
22,-3.58316,2.20639,2.66072
22,-3.61639,2.13369,2.63568
22,-3.50842,2.1645,2.57973
22,-3.47163,2.19436,2.57338
22,-3.6812,2.15396,2.70604
22,-3.46501,2.17494,2.55599
22,-3.46404,2.16923,2.55593
22,-3.61064,2.12437,2.6366
22,-3.55152,2.16596,2.62546
22,-3.53403,2.13747,2.59357
22,-3.6666,2.14769,2.70187
22,-3.80902,1.66845,2.47751
22,-3.45375,2.17611,2.56206
22,-3.5937,2.14989,2.65403
22,-3.62362,2.11034,2.6552
22,-3.58665,2.19525,2.69078
22,-3.52833,2.1577,2.62258
22,-3.63398,2.14483,2.69566
22,-3.79206,1.67777,2.4932
22,-3.61969,2.13071,2.67822
22,-3.40374,2.2785,2.62229
22,-3.54481,2.23947,2.70462
22,-3.61159,2.14126,2.6925
22,-3.01939,1.80675,2.00794
22,-3.44455,2.27212,2.67065
22,-3.50913,2.24168,2.70129
22,-3.40257,2.16866,2.57342
22,-3.50425,2.26178,2.72108
22,-3.42379,2.31337,2.70122
22,-3.6061,2.10578,2.69585
22,-3.36082,1.91889,2.38768
22,-3.79344,1.6287,2.53005
22,-3.59521,2.08455,2.69906
22,-3.32812,1.88496,2.37279
22,-3.58181,2.12002,2.73129
22,-3.67032,2.13658,2.81128
22,-3.28386,1.88624,2.34544
22,-3.58041,2.10563,2.73134
22,-3.35397,2.25539,2.67256
22,-3.43331,2.22911,2.73598
22,-3.60376,2.06996,2.76493
22,-3.19748,2.12366,2.51376
22,-3.76584,1.57719,2.59168
22,-3.35057,2.2836,2.77731
22,-2.79997,1.64628,1.97508
22,-3.80321,1.72933,2.83802
22,-3.53524,1.88048,2.74017
22,-3.09895,2.37191,2.75804
22,-3.08315,2.43774,2.80715
22,-3.13094,1.587,2.26733
22,-3.04042,2.43133,2.79089
22,-3.05377,2.51518,2.87701
22,-3.0815,2.44811,2.85678
22,-3.33567,2.19173,2.8733
22,-3.06436,2.3655,2.78947
22,-3.05407,2.52058,2.89024
22,-3.01951,2.4003,2.78873
22,-3.03335,2.2276,2.68106
22,-3.49633,1.85506,2.79844
22,-3.35764,2.13793,2.94004
22,-2.95009,2.41755,2.83316
22,-3.07333,1.50155,2.29984
22,-3.04921,1.76178,2.47943
22,-3.05963,1.74145,2.48073
22,-3.13241,2.17215,2.83929
22,-3.19717,2.15111,2.8993
22,-3.4458,1.80689,2.88313
22,-3.02922,1.71662,2.50859
22,-3.27429,2.20072,3.06353
22,-3.41379,1.97379,3.01314
22,-2.79732,2.38867,2.83434
22,-2.40571,2.38878,2.5455
22,-3.30553,1.95674,2.9489
22,-3.40202,1.94485,3.01593
22,-2.43883,2.4219,2.62469
22,-3.25724,2.02856,2.99602
22,-3.27885,1.93485,2.95227
22,-2.71583,2.37526,2.87314
22,-2.61156,2.47841,2.966
22,-2.53463,2.47312,2.98639
22,-3.11453,2.05703,3.15218
22,-3.33664,1.91605,3.24928
22,-3.41535,2.35206,3.6149
22,-3.12039,1.89254,3.07446
22,-3.44649,2.02397,3.66757
22,-3.451,2.01226,3.68424
22,-3.31338,1.77286,3.42317
22,-3.33599,2.23933,3.77582
22,-3.48239,1.76043,3.56321
22,-2.44182,2.08669,3.12782
22,-1.88674,1.82573,2.81708
22,-3.14865,1.63365,3.71912
22,-1.75148,1.84526,2.8668
22,-1.70368,1.81011,2.88522
22,-2.57015,1.485,3.82047
22,-1.44459,1.5232,3.35892
22,-2.28228,0.734857,5.46914
22,-0.485897,1.14964,4.59452
22,0.149348,-1.09214,2.65546
22,0.0989046,-1.30307,2.69485
22,-3.53968,2.14781,2.65032
21,-3.53968,2.14781,2.65032
22,-3.56463,1.96658,2.62391
21,-3.56463,1.96658,2.62391
22,-3.62614,2.01669,2.5386
21,-3.62614,2.01669,2.5386
22,-1.90839,1.48452,3.64648
21,-1.90839,1.48452,3.64648
22,-3.01349,1.96492,2.62736
21,-3.01349,1.96492,2.62736
22,-2.586,1.78894,3.01168
21,-2.586,1.78894,3.01168
22,-3.61791,2.09204,2.72959
21,-3.61791,2.09204,2.72959
22,-3.44072,2.15806,2.52242
21,-3.44072,2.15806,2.52242
22,-3.5782,2.04209,2.48224
21,-3.5782,2.04209,2.48224
22,-3.74979,2.09149,2.78847
21,-3.74979,2.09149,2.78847
22,-3.74364,2.08625,2.80069
21,-3.74364,2.08625,2.80069
22,-3.49683,2.18069,2.69241
21,-3.49683,2.18069,2.69241
22,-3.54875,1.91651,3.91917
21,-3.54875,1.91651,3.91917
22,-3.44669,2.18066,2.54767
20,-3.44669,2.18066,2.54767
22,-3.39418,1.95859,2.34268
20,-3.39418,1.95859,2.34268
22,-3.41915,2.17585,2.55856
20,-3.41915,2.17585,2.55856
22,-3.48767,2.21617,2.46916
20,-3.48767,2.21617,2.46916
22,-3.43528,2.17299,2.56363
20,-3.43528,2.17299,2.56363
22,-3.70469,2.02159,2.57963
20,-3.70469,2.02159,2.57963
22,-3.60948,2.04364,2.4838
20,-3.60948,2.04364,2.4838
22,-3.42287,2.2203,2.54405
20,-3.42287,2.2203,2.54405
22,-3.45096,2.27145,2.6359
20,-3.45096,2.27145,2.6359
22,-3.39426,2.20904,2.56838
19,-3.39426,2.20904,2.56838
22,-3.50687,2.19374,2.62343
19,-3.50687,2.19374,2.62343
22,-3.41721,2.22758,2.53245
19,-3.41721,2.22758,2.53245
22,-3.59977,2.04085,2.49478
19,-3.59977,2.04085,2.49478
22,-3.63661,2.14481,2.69506
19,-3.63661,2.14481,2.69506
22,-3.33352,2.24173,2.64656
19,-3.33352,2.24173,2.64656
22,-3.60601,2.04436,2.48605
19,-3.60601,2.04436,2.48605
22,-3.35366,2.24991,2.61778
19,-3.35366,2.24991,2.61778
22,-3.47092,2.18163,2.53999
19,-3.47092,2.18163,2.53999
22,-3.27787,2.20478,2.73142
19,-3.27787,2.20478,2.73142
22,-3.68324,1.96882,2.46085
19,-3.68324,1.96882,2.46085
22,-3.46054,2.3971,2.88165
19,-3.46054,2.3971,2.88165
22,-3.64227,2.22915,2.80977
18,-3.64227,2.22915,2.80977
23,-5.30953,3.15637,2.47559
23,-5.22003,3.12631,2.46632
23,-4.59001,3.03593,2.81174
23,-4.75183,2.71189,2.9764
23,-4.55787,2.76913,2.92387
23,-4.60076,2.71005,2.97496
23,-4.68167,2.65057,3.03264
23,-4.61104,2.69744,3.00516
23,-4.21553,2.94145,2.83574
23,-4.64677,2.60839,3.07866
23,-4.56177,2.66457,3.02551
23,-4.53639,2.76369,3.15991
23,-4.60946,2.57676,3.10642
23,-4.61859,2.4128,2.92573
23,-4.44217,2.69089,3.00792
23,-4.56089,2.49018,3.00806
23,-4.5969,2.62807,3.26952
23,-4.57475,2.25321,3.07505
23,-4.29263,2.56346,3.08552
23,-4.37233,2.51568,3.16582
23,-4.57052,2.22062,3.09788
23,-4.5745,2.20499,3.10551
23,-4.41142,2.26874,2.95783
23,-4.09845,2.7477,3.08985
23,-4.28082,2.52834,3.09734
23,-4.38903,2.47265,3.18528
23,-4.24717,2.54688,3.08204
23,-4.29879,2.51097,3.11854
23,-4.56339,2.18818,3.11291
23,-4.31326,2.49229,3.15907
23,-4.37005,2.56153,3.32171
23,-4.26735,2.51633,3.13212
23,-4.34176,2.4817,3.22067
23,-3.80756,3.03976,3.16822
23,-3.85656,2.38314,2.47259
23,-4.34139,2.43986,3.25147
23,-4.16211,2.65026,3.29127
23,-4.31828,2.43712,3.27348
23,-4.09973,2.3073,2.84532
23,-4.12528,2.497,3.12621
23,-4.301,2.41592,3.2813
23,-4.09344,2.28846,2.83981
23,-4.36146,2.26321,3.18969
23,-4.09143,2.28863,2.83895
23,-4.0917,2.28557,2.83955
23,-3.97964,2.29659,2.726
23,-4.13079,2.23255,2.86806
23,-4.54041,2.06764,3.27854
23,-4.02635,2.28021,2.80705
23,-4.02548,2.26018,2.78698
23,-3.73395,2.78696,3.02463
23,-3.65875,2.33003,2.38648
23,-3.88227,2.72192,3.21904
23,-4.10306,2.45008,3.24973
23,-3.87836,2.66757,3.21809
23,-3.86816,2.69763,3.25221
23,-4.48833,2.00117,3.33118
23,-4.23007,2.19484,3.23124
23,-3.78401,2.77747,3.30488
23,-4.40581,1.93476,3.21445
23,-3.8066,2.74478,3.33828
23,-3.82085,2.7225,3.35223
23,-3.80863,2.66606,3.27824
23,-3.54042,2.98456,3.29857
23,-4.40171,1.77134,3.0775
23,-3.7484,2.73274,3.31432
23,-3.78291,2.69705,3.32518
23,-3.39561,2.83334,2.94237
23,-3.72585,2.75963,3.33772
23,-3.6998,2.75544,3.34256
23,-4.01836,2.50195,3.493
23,-4.04389,2.41094,3.42876
23,-3.9496,2.4619,3.37117
23,-3.98748,2.36918,3.47724
23,-3.85909,2.42229,3.39592
23,-4.25932,2.31217,3.96546
23,-3.92038,2.20328,3.40752
23,-4.08455,2.13298,3.62427
23,-4.29605,1.76291,3.49945
23,-4.07508,2.11633,3.62913
23,-3.8303,2.39739,3.62714
23,-4.17964,2.26094,4.04727
23,-3.20054,2.87965,3.51284
23,-3.77289,2.15819,3.46507
23,-3.41568,1.83893,2.87153
23,-4.14624,1.49744,3.5208
23,-3.65667,2.1578,3.72175
23,-3.57959,2.07851,3.62276
23,-4.1477,1.4324,3.78901
23,-3.27707,1.70613,2.91599
23,-3.53029,2.20628,3.87111
23,-2.71538,2.38827,2.95884
23,-2.72947,2.35806,3.00843
23,-3.05271,2.36739,3.50485
23,-3.57449,1.83768,3.82284
23,-4.04325,1.85143,4.6429
23,-3.60299,2.14706,4.55006
23,-3.47344,2.16684,4.72774
23,-2.41615,1.72102,2.75397
23,-3.35907,1.61986,4.08006
23,-4.20983,0.12418,4.10458
23,-3.1768,1.61347,4.45005
23,-1.9924,1.48691,2.82579
23,-3.29352,0.379828,4.01676
23,-3.7917,0.121678,4.87454
23,-1.30243,0.0993252,2.12722
23,-1.1286,0.991589,3.02656
23,-1.17656,-0.0122256,2.09052
23,-1.71574,0.30382,5.31935
23,-1.5543,0.141407,5.48998
23,-0.71255,-0.141041,5.68782
23,-4.3122,2.47568,3.21113
22,-4.3122,2.47568,3.21113
23,-4.30261,2.7237,3.04609
22,-4.30261,2.7237,3.04609
23,-4.21665,2.52979,3.10946
22,-4.21665,2.52979,3.10946
23,-4.21665,2.52979,3.10946
22,-4.21665,2.52979,3.10946
23,-4.12209,2.49648,3.13648
22,-4.12209,2.49648,3.13648
23,-4.25409,2.58448,3.04188
22,-4.25409,2.58448,3.04188
23,-4.23355,2.503,3.24724
22,-4.23355,2.503,3.24724
23,-4.37871,2.49999,3.42299
22,-4.37871,2.49999,3.42299
23,-4.64394,2.17736,3.22384
22,-4.64394,2.17736,3.22384
23,-4.64594,2.76028,2.98211
22,-4.64594,2.76028,2.98211
23,-4.36963,2.6548,2.99644
22,-4.36963,2.6548,2.99644
23,-4.73058,2.31258,2.79788
22,-4.73058,2.31258,2.79788
23,-4.36415,2.44293,3.4917
22,-4.36415,2.44293,3.4917
23,-4.19486,1.57639,3.72999
22,-4.19486,1.57639,3.72999
23,-4.28093,2.603,3.04927
22,-4.28093,2.603,3.04927
23,-3.17456,2.7616,3.50151
22,-3.17456,2.7616,3.50151
23,-4.20734,2.69095,3.43228
22,-4.20734,2.69095,3.43228
23,-4.12135,2.8062,2.92838
22,-4.12135,2.8062,2.92838
23,-4.07182,2.51549,3.95704
22,-4.07182,2.51549,3.95704
23,-4.27439,2.5642,3.7841
22,-4.27439,2.5642,3.7841
23,-4.4742,2.41143,3.34365
21,-4.4742,2.41143,3.34365
23,-3.48854,2.54685,3.4745
21,-3.48854,2.54685,3.4745
23,-3.09406,2.4036,3.39115
21,-3.09406,2.4036,3.39115
23,-4.45071,2.32671,2.99851
21,-4.45071,2.32671,2.99851
23,-4.23732,2.53379,3.12547
21,-4.23732,2.53379,3.12547
23,-2.04403,1.67196,3.30643
21,-2.04403,1.67196,3.30643
23,-2.73701,2.3668,3.29028
21,-2.73701,2.3668,3.29028
23,-2.26514,1.77671,3.23584
21,-2.26514,1.77671,3.23584
23,-2.70238,2.35292,3.30637
21,-2.70238,2.35292,3.30637
23,-4.39155,2.38005,3.06676
19,-4.39155,2.38005,3.06676
23,-4.26713,2.50762,3.1565
19,-4.26713,2.50762,3.1565
23,-4.43439,2.42394,3.31661
19,-4.43439,2.42394,3.31661
23,-4.4434,2.32436,3.00577
19,-4.4434,2.32436,3.00577
23,-4.30342,2.52061,3.37394
19,-4.30342,2.52061,3.37394
23,-4.3411,2.48846,3.13021
20,-4.3411,2.48846,3.13021
23,-4.17397,2.55073,2.95442
20,-4.17397,2.55073,2.95442
23,-4.26512,2.48767,3.14894
18,-4.26512,2.48767,3.14894
23,-4.44227,2.34209,3.12968
18,-4.44227,2.34209,3.12968
24,-0.0661342,0.199588,3.54257
24,-0.0487643,0.14841,2.74072
24,0.134832,0.811476,3.93887
24,0.13798,0.914669,4.43977
24,0.274761,0.220213,2.30194
24,0.2884,0.223526,2.4162
24,-0.23506,0.292254,5.67233
24,-0.163549,0.269194,4.65502
24,0.699857,0.471676,3.70833
24,0.649994,0.40951,3.38753
24,-0.541672,-0.787796,7.42329
24,0.402124,-0.576875,5.13094
24,0.377783,0.31056,2.50369
24,0.697053,-0.598397,4.3471
24,0.631499,-0.146552,3.40297
24,0.493895,-0.133672,2.70746
24,0.844197,-0.349247,4.0048
24,-0.0013599,0.212234,3.01296
24,-0.021562,0.194589,3.19094
24,0.113723,-0.198147,3.04203
24,0.0775745,-0.203975,3.13151
24,0.695449,0.502269,3.94886
24,0.459449,0.263485,2.17959
24,0.346938,0.282085,3.15679
24,-0.20206,0.117941,3.03104
24,-0.412413,0.155352,5.90713
24,-0.0520172,0.129901,2.68559
24,-0.500589,0.214443,5.09802
24,-0.216108,0.121793,3.18159
24,-0.138072,0.248574,4.0762
24,-0.025577,0.224221,3.46206
24,-0.0610673,0.144831,2.71145
24,0.562199,-0.447819,3.29854
24,0.000515625,0.208016,2.87584
24,0.644912,-0.685499,3.78384
24,2.29751,-1.67586,10.8344
24,-0.102155,0.168501,3.39507
24,-0.314335,0.292376,6.95076
24,-0.1058,0.121298,3.51621
24,0.0226654,-0.441517,2.92595
24,0.654859,0.412019,3.39059
24,0.000678208,-0.685463,3.78364
24,0.2664,0.21552,2.26783
24,0.642572,0.531381,4.24081
24,0.112122,-0.188396,2.94944
24,-0.637478,-0.890831,8.44436
24,1.11181,-0.562894,5.15104
24,0.484987,-0.140128,2.66785
24,0.709859,-0.230601,3.40829
24,-0.0620163,0.136664,2.75359
24,-0.0106859,0.187533,2.96486
24,-0.0466593,0.0966636,2.14376
24,0.402084,-0.34503,2.44599
24,0.00353972,-0.687997,3.78183
24,0.738544,0.443257,3.76487
24,0.709112,0.510259,3.88456
24,0.466773,0.245986,2.08933
24,0.556749,-0.167119,3.04991
24,1.59705,-0.520828,7.61272
24,-0.293468,0.123849,3.43926
24,-0.118116,0.195975,3.33794
24,-0.159459,0.145417,3.58606
24,0.779426,-0.474181,4.16613
24,2.11075,-1.07619,9.84825
24,-0.958698,-2.47347,10.6677
24,-0.093159,0.046991,2.63265
24,0.925629,-0.393511,4.31876
24,-0.48036,0.549577,2.48394
24,-1.32004,-3.12304,13.8489
24,0.97978,0.0679081,2.70404
24,-0.0119724,-0.783622,4.44045
24,0.0116756,-0.979833,4.2425
24,0.479399,-0.0833617,1.34326
24,0.507252,-0.126931,1.51374
24,0.291853,-0.0774822,0.817763
24,0.483489,-0.134519,1.41974
24,0.531516,0.41436,1.66748
24,0.819613,0.668027,2.81159
24,2.11466,1.85763,8.00187
24,0.0961693,0.511651,2.71343
24,-0.0492323,0.0942996,2.01035
24,-0.384587,0.0351477,1.78728
24,0.849263,0.502727,4.26999
24,-1.49003,0.407823,13.3441
24,1.07546,1.1111,3.10831
24,3.45613,-2.80673,7.78295
24,1.46727,0.107238,2.80806
24,0.648486,-0.0191982,1.36021
24,0.585823,-0.199303,3.32839
24,0.308968,-0.17881,1.69255
24,0.869216,-0.278701,3.50595
24,-2.02099,0.700698,27.901
24,-2.72281,0.771808,24.3844
24,1.58312,0.913453,7.83104
24,0.896557,-0.0284961,2.01898
24,4.47345,2.75531,8.4555
24,1.01807,0.0699312,2.78459
24,0.389445,-0.0468085,1.38782
24,2.04282,2.11694,5.90418
24,0.609941,0.481645,1.94679
24,2.44285,2.1396,9.13078
24,3.70863,-1.57573,8.87418
24,-0.402754,0.468712,2.11845
24,0.0332367,-0.175769,2.64642
24,0.0267038,-0.990474,4.43505
24,2.21797,-1.31539,12.1502
24,-0.400479,0.456642,2.0639
24,3.19669,2.81734,11.8904
24,-0.386125,-0.198877,1.71289
24,0.0728888,-2.57629,7.32999
24,0.638335,-0.0190544,1.35003
24,0.76289,-0.0239654,1.69797
24,28.8812,-13.0769,130.228
24,0.0275475,-0.169505,2.77027
24,-2.42865,1.23708,8.66317
24,-0.646408,0.0829626,2.51712
24,0.647459,-0.128038,3.40067
25,0.151368,-0.0715135,0.539325
25,0.155191,-0.0728413,0.544399
25,-0.00836501,0.0526194,1.20183
25,-0.310331,0.331918,1.32746
25,-0.202866,0.361402,1.42151
25,-0.200023,0.367524,1.44779
25,-0.219657,0.41366,1.56538
25,-0.107172,0.0663912,1.67319
25,-0.411228,-0.199956,2.10793
25,0.158944,0.167121,2.13623
25,-0.175166,0.0900428,2.14194
25,-0.418232,-0.20773,2.17159
25,-0.426293,-0.209359,2.2088
25,-0.479688,-0.142977,2.24463
25,-0.122661,0.0508791,2.32269
25,0.122401,0.475816,2.34458
25,0.176186,0.203658,2.39159
25,0.0911534,0.188143,2.46848
25,-0.372362,0.144869,2.52893
25,0.0917751,0.193347,2.54385
25,-0.230402,0.103185,2.54207
25,1.10977,-0.380293,2.6359
25,-0.0439528,0.151979,2.68872
25,0.535925,-0.129459,2.75059
25,-0.0827421,0.0538277,2.75355
25,0.543006,-0.133318,2.77398
25,-0.254133,0.187656,2.75015
25,0.559565,-0.201799,2.80105
25,0.0378332,0.205697,2.78698
25,0.531545,-0.230178,2.83647
25,-0.269906,0.189854,2.81472
25,-0.0515263,0.144522,2.83198
25,0.569718,-0.199482,2.85982
25,0.576405,-0.144922,2.91602
25,0.0888777,0.226102,2.90947
25,-0.271432,0.138125,2.93165
25,0.0104179,0.214077,2.96323
25,0.594401,-0.164909,3.01159
25,-0.275267,0.131158,2.98933
25,0.0859985,0.2344,3.02693
25,0.61309,-0.297232,3.06006
25,0.597914,-0.188238,3.07117
25,0.00876447,0.240024,3.08751
25,0.618252,-0.204536,3.15889
25,0.0151695,-0.500486,3.15426
25,0.0511092,-0.222194,3.20341
25,0.0157025,0.248495,3.20997
25,0.0621064,-0.232322,3.29513
25,0.758209,-0.471418,3.32319
25,-0.105879,-0.0727671,3.55863
25,-0.388383,0.249689,3.61287
25,0.623907,0.420483,3.653
25,1.41088,-0.476949,3.70616
25,0.0987447,0.765613,3.69685
25,-0.098965,0.264347,3.71796
25,1.05,-0.446619,3.77626
25,1.03035,-0.314093,3.78101
25,1.3668,-0.367672,3.8059
25,0.683503,-0.332886,3.80057
25,0.74271,0.578553,3.91123
25,0.183893,0.341237,3.93509
25,-0.0990637,0.103857,3.93309
25,0.75472,0.586833,4.0106
25,0.24485,0.349717,4.02766
25,0.772391,0.59514,4.08378
25,0.740461,-0.354336,4.12818
25,-0.114134,0.297615,4.10033
25,-0.128,0.257492,4.12757
25,1.51826,-0.377839,4.22886
25,-0.0259616,-0.446802,4.19285
25,0.688712,-0.428739,4.2815
25,-0.351546,0.196885,4.28993
25,0.132761,0.930332,4.46494
25,-0.338738,0.167843,4.47575
25,0.141614,0.947315,4.51772
25,-0.352429,0.128809,4.56413
25,-0.279798,-0.0971764,4.67054
25,1.27093,-0.461602,4.7265
25,-0.175309,0.267473,4.94605
25,-0.0422237,0.381739,4.96204
25,0.878867,-0.590541,5.35691
25,-0.19419,0.224538,5.32697
25,1.3732,-0.444381,5.38239
25,-0.438239,0.258277,5.44425
25,1.37771,-0.636015,5.588
25,0.845192,-0.281208,5.72574
25,0.359006,0.529281,5.90751
25,0.240462,-0.24818,6.16583
25,0.277701,-0.285694,6.27884
25,0.243563,-0.273311,6.29011
25,-0.251275,0.40489,6.29381
25,0.258341,-0.253286,6.53172
25,1.56105,-0.962122,6.73103
25,-0.467008,0.236957,6.74748
25,0.134526,0.305907,1.6372
24,0.134526,0.305907,1.6372
25,0.164589,-0.144079,6.91846
24,0.164589,-0.144079,6.91846
25,-0.0127925,0.179477,1.82705
24,-0.0127925,0.179477,1.82705
25,0.144237,0.320683,1.7226
24,0.144237,0.320683,1.7226
25,0.0243028,0.210907,1.75074
24,0.0243028,0.210907,1.75074
25,0.157981,-0.161801,7.07812
24,0.157981,-0.161801,7.07812
25,-0.00904995,0.216636,1.90962
24,-0.00904995,0.216636,1.90962
25,-0.6448,-0.907989,8.51567
24,-0.6448,-0.907989,8.51567
25,0.337655,-0.0797886,1.64596
24,0.337655,-0.0797886,1.64596
25,-0.0243484,0.310325,1.7013
24,-0.0243484,0.310325,1.7013
25,0.18375,0.211615,1.72165
24,0.18375,0.211615,1.72165
25,-0.062983,0.251311,1.7366
24,-0.062983,0.251311,1.7366
25,-0.0237469,0.297765,1.63197
24,-0.0237469,0.297765,1.63197
25,0.0961613,0.281735,1.81254
24,0.0961613,0.281735,1.81254
25,0.143765,0.166236,1.44179
24,0.143765,0.166236,1.44179
25,0.0317836,0.236003,1.92801
24,0.0317836,0.236003,1.92801
25,-0.0385763,0.242338,1.67211
24,-0.0385763,0.242338,1.67211
25,0.911263,0.352501,2.38731
24,0.911263,0.352501,2.38731
25,-0.0791233,0.323555,2.16943
24,-0.0791233,0.323555,2.16943
26,0.150335,0.136083,1.67525
26,-0.294536,-0.103178,1.75015
26,0.174317,0.165349,1.99525
26,0.289367,0.223394,2.13412
26,-0.280707,0.131376,2.15234
26,0.199454,0.189568,2.16392
26,-0.147424,0.135707,2.23866
26,-0.304836,0.141715,2.30465
26,0.221413,0.245715,2.31437
26,0.120886,0.5184,2.35233
26,0.937141,-0.348401,2.39342
26,0.579713,-0.215513,2.39327
26,0.247778,0.368746,2.51004
26,0.669496,-0.238292,2.63804
26,0.385386,0.309197,2.64339
26,0.25253,0.284956,2.68743
26,0.574514,-0.161559,2.71488
26,-0.392545,0.15468,2.73435
26,0.039963,0.214922,2.75848
26,-0.0127005,0.18699,2.79692
26,0.60024,-0.166763,2.82046
26,0.610559,-0.286874,2.84173
26,-0.259632,0.122701,2.86643
26,-0.0516681,0.153417,2.90078
26,-0.262344,0.190728,2.89989
26,0.672946,-0.294174,2.94061
26,0.439774,0.350073,2.92089
26,0.54663,0.507676,2.92009
26,0.214421,0.293952,2.93441
26,0.666133,0.308644,2.99854
26,0.56137,-0.275469,3.07809
26,-0.0950645,-0.0854018,3.08726
26,-0.16259,-0.107968,3.32392
26,-0.356376,0.135554,3.31487
26,0.294081,0.38624,3.32802
26,0.0287421,-0.561632,3.37628
26,0.0346334,-0.55781,3.38363
26,-0.220335,0.0854004,3.38018
26,0.631017,-0.302887,3.43327
26,0.124533,-0.328206,3.45728
26,0.860862,-0.342861,3.50035
26,0.0801719,-0.251257,3.50672
26,-0.125323,0.132478,3.5034
26,0.689331,0.624618,3.52258
26,-0.0869637,0.152693,3.55102
26,0.899309,-0.348059,3.58634
26,0.0786042,-0.257261,3.57308
26,0.0202953,0.319209,3.59442
26,0.570568,0.46573,3.62506
26,1.31883,-0.401124,3.66179
26,0.371016,0.411493,3.63957
26,0.253682,0.36085,3.67075
26,-0.0937656,0.152112,3.67171
26,0.58154,0.470788,3.70663
26,-0.222245,0.211658,3.72499
26,-0.205737,-0.0946665,3.81528
26,1.39641,-0.42142,3.85986
26,-0.398255,0.163679,3.91594
26,0.888783,0.403397,3.93651
26,0.621593,0.48587,4.02353
26,0.470602,0.430201,4.02958
26,0.922473,0.415648,4.13173
26,0.212788,1.13078,4.15834
26,0.629854,0.516569,4.32918
26,-0.328771,0.157457,4.3328
26,0.0485858,-0.741054,4.37975
26,-0.130919,0.293986,4.35902
26,-0.481968,0.333542,4.435
26,0.655436,0.535172,4.45251
26,1.24038,-0.423708,4.5073
26,1.05007,0.472075,4.50004
26,0.437541,0.548898,4.5356
26,0.365174,0.477374,4.59803
26,-0.297753,0.255103,4.59708
26,0.075235,-1.14993,4.65178
26,1.30398,-0.38265,4.7005
26,0.0663732,-1.1381,4.74137
26,-0.299471,-0.156142,4.9163
26,-0.559578,0.38571,4.965
26,1.10189,-0.539291,5.03044
26,0.324473,0.50059,5.07565
26,-0.172295,0.211039,5.08905
26,1.31762,-0.666421,5.21371
26,-0.371293,0.275189,5.22408
26,-0.18314,0.295566,5.24056
26,-0.0162865,0.486535,5.26873
26,-0.205925,0.366214,5.43551
26,0.360733,0.55962,5.60208
26,1.37635,0.615896,5.72375
26,0.00213163,0.472474,5.74246
26,1.01404,-0.73044,6.08768
26,1.50718,-0.858603,6.21475
26,0.268355,-0.342482,6.37601
26,-0.851624,0.266864,6.62043
26,0.292828,-0.352563,6.71757
26,0.205183,-0.220383,6.725
26,-0.0424655,0.594677,6.74732
26,1.73959,-0.747575,6.99634
26,-0.0572943,0.236409,1.67802
25,-0.0572943,0.236409,1.67802
26,-0.146521,-0.182397,1.59282
25,-0.146521,-0.182397,1.59282
26,-0.267539,0.490577,2.36336
25,-0.267539,0.490577,2.36336
26,0.0221225,0.196754,1.67788
25,0.0221225,0.196754,1.67788
26,-0.109671,0.223924,1.7418
25,-0.109671,0.223924,1.7418
26,0.406751,-0.824627,2.86601
25,0.406751,-0.824627,2.86601
26,-0.08396,0.298631,1.73411
25,-0.08396,0.298631,1.73411
26,0.0357451,0.0550569,0.86974
25,0.0357451,0.0550569,0.86974
26,0.0374525,0.0558159,0.882923
25,0.0374525,0.0558159,0.882923
26,0.0380797,0.0536711,1.04914
25,0.0380797,0.0536711,1.04914
26,-0.184676,-0.663666,2.39506
25,-0.184676,-0.663666,2.39506
26,0.199755,-0.645484,2.56689
25,0.199755,-0.645484,2.56689
26,0.035889,0.169304,2.03001
24,0.035889,0.169304,2.03001
26,-0.102125,-0.212831,1.65559
24,-0.102125,-0.212831,1.65559
26,-0.0197908,0.301129,1.63834
24,-0.0197908,0.301129,1.63834
26,-0.101631,0.157732,2.18289
24,-0.101631,0.157732,2.18289
26,-0.0168502,0.202528,1.78525
24,-0.0168502,0.202528,1.78525
26,0.238429,-0.578564,2.63473
24,0.238429,-0.578564,2.63473
26,0.0520792,0.17821,2.22356
24,0.0520792,0.17821,2.22356
26,0.0272231,-0.649051,2.4268
24,0.0272231,-0.649051,2.4268
26,0.244167,-0.597649,2.67773
24,0.244167,-0.597649,2.67773
27,0.526735,-0.17301,2.12233
27,0.613962,0.329838,2.43445
27,0.53691,0.316577,2.5138
27,-0.0618937,0.115825,2.57324
27,0.512356,0.345397,2.58785
27,0.507687,-0.122337,2.56882
27,0.690741,-0.208787,2.55037
27,0.0202291,0.179865,2.70876
27,1.0108,0.448604,2.64695
27,0.971999,0.447729,2.6661
27,0.483149,-0.295652,2.72636
27,0.738772,-0.229562,2.735
27,0.520111,-0.167834,2.78629
27,0.538837,-0.159822,2.83594
27,0.46877,-0.176221,2.84445
27,0.525855,-0.17631,2.85512
27,0.550375,-0.17444,2.86141
27,0.561362,-0.156813,2.86283
27,0.543181,-0.198276,2.86602
27,0.534398,-0.180625,2.86996
27,0.53271,-0.162079,2.8722
27,0.515595,-0.246897,2.86952
27,0.557103,-0.27405,2.87471
27,0.526666,-0.249162,2.88085
27,0.533833,-0.170854,2.90111
27,0.546003,-0.209385,2.89835
27,0.512624,-0.244149,2.9044
27,0.498088,-0.188226,2.91153
27,0.473897,-0.187298,2.91689
27,0.552412,-0.22089,2.91113
27,0.529613,-0.256788,2.91121
27,0.552472,-0.214497,2.91417
27,0.500675,-0.184255,2.92343
27,0.584899,-0.222919,2.91821
27,0.505175,-0.180547,2.93199
27,0.519351,-0.246124,2.928
27,0.578277,-0.226908,2.92689
27,0.581719,-0.181776,2.93168
27,0.51404,-0.245837,2.95356
27,0.493927,-0.190031,2.96758
27,1.30226,-1.01198,2.84283
27,0.529035,-0.163712,3.00345
27,0.528752,-0.326068,3.02058
27,0.571389,-0.323786,3.02998
27,0.547037,-0.159511,3.08051
27,-0.0543257,0.197953,3.2259
27,0.566945,-0.164263,3.14838
27,1.00232,-0.506454,3.08871
27,0.802942,0.465833,3.23853
27,0.513251,0.509191,3.54309
27,0.490744,0.417582,3.53987
27,-0.240336,0.106251,3.60873
27,0.626233,-0.425285,3.54265
27,0.539799,0.436955,3.61889
27,0.775984,0.825344,3.688
27,-0.176674,0.147425,3.85094
27,1.47044,0.720304,3.84062
27,0.809373,0.534322,3.90862
27,0.361798,0.463831,3.9775
27,0.577766,0.505257,3.97822
27,0.0766255,0.343746,4.01747
27,0.546538,0.582947,4.02155
27,0.679729,0.632038,4.01613
27,-0.10129,0.29565,4.08185
27,0.687126,0.634186,4.05973
27,0.751296,-0.508974,3.98017
27,0.0531436,-1.00532,4.01237
27,-0.0140674,0.360223,4.12817
27,0.385704,-0.989934,4.08887
27,0.781401,-0.536368,4.13002
27,0.715232,-0.480978,4.19281
27,0.530645,0.550959,4.38897
27,1.53392,-0.646737,4.30096
27,1.32238,0.830829,4.45395
27,1.69191,-0.855236,4.31307
27,0.784255,-0.525664,4.46815
27,1.05019,-0.507344,4.48047
27,1.38823,0.866404,4.59364
27,1.20147,-0.532632,4.50538
27,0.357429,-0.658076,4.58984
27,0.0605904,-1.13903,4.58831
27,0.0632868,-1.19439,4.58653
27,0.153941,-1.79386,4.62325
27,1.23053,-0.54779,4.6293
27,0.839207,-0.557917,4.69136
27,1.65964,-0.472839,4.63245
27,1.24992,-0.56136,4.69201
27,0.0721229,-1.25239,4.76609
27,1.28741,-0.564258,4.76822
27,2.3693,-1.71237,4.61195
27,1.82532,-0.604165,4.87425
27,0.403272,-0.701988,4.98929
27,1.78678,-0.665175,4.93078
27,1.74127,-0.603476,4.95715
27,-0.425232,0.147307,5.19859
27,2.53828,-1.79456,4.91461
27,0.167219,-2.05669,5.18788
27,2.15899,-1.70349,5.05069
27,1.43739,-0.484772,5.26133
27,0.907166,-0.751551,5.32406
27,1.44235,-0.471675,5.32595
27,1.4012,-0.636682,5.35697
27,1.38254,-0.632608,5.36868
27,0.517981,0.680837,5.60873
27,1.53845,-0.411528,5.44834
27,1.36991,-0.649509,5.46683
27,0.284322,-0.37817,5.59425
27,1.55318,-0.400324,5.49655
27,0.241333,-0.344917,5.6403
27,1.43234,1.08728,5.68761
27,-0.389729,0.235538,5.84911
27,0.264826,-0.355473,5.92733
27,1.01543,-0.851331,5.85048
27,2.78919,-2.34146,5.60338
27,1.31073,-1.4266,5.85525
27,1.34794,-1.46697,5.9733
27,1.75131,-0.385309,6.0369
27,2.81244,-2.06808,5.93528
27,1.39314,-1.47317,6.26752
27,0.558142,-0.939934,6.44538
27,1.41634,-1.53753,6.33312
27,1.6858,1.45541,7.19175
27,-0.849653,0.389984,7.35676
27,1.20152,-0.876582,7.15701
27,-0.0237111,-0.370788,2.18829
26,-0.0237111,-0.370788,2.18829
27,0.189,-0.130816,2.07404
26,0.189,-0.130816,2.07404
27,1.08209,-0.626941,3.29646
26,1.08209,-0.626941,3.29646
27,-0.162524,-0.263485,2.01192
26,-0.162524,-0.263485,2.01192
27,0.353835,-0.590953,2.54685
26,0.353835,-0.590953,2.54685
27,0.00938925,-0.616145,2.4997
25,0.00938925,-0.616145,2.4997
27,-0.0235939,-0.324909,2.08226
25,-0.0235939,-0.324909,2.08226
27,0.0103739,0.230301,2.50158
25,0.0103739,0.230301,2.50158
27,-0.541936,0.167261,3.54158
25,-0.541936,0.167261,3.54158
27,0.484906,-0.942638,2.82711
25,0.484906,-0.942638,2.82711
27,0.241371,-0.882541,2.58667
25,0.241371,-0.882541,2.58667
27,0.125035,-0.573389,2.89986
24,0.125035,-0.573389,2.89986
27,0.330331,-0.90567,3.15714
24,0.330331,-0.90567,3.15714
27,0.151016,-0.621385,2.96976
24,0.151016,-0.621385,2.96976
27,0.0447549,0.216909,2.56492
24,0.0447549,0.216909,2.56492
28,0.477943,-0.191645,2.97285
28,0.78951,-0.0634833,2.97901
28,0.594305,-0.0248544,3.00311
28,0.587316,-0.0753311,2.998
28,0.594333,-0.0541691,3.00636
28,0.78188,-0.122446,2.98504
28,0.793813,-0.0724763,2.9914
28,0.775564,-0.0671829,3.03316
28,0.791202,-0.0153296,3.04697
28,0.500807,-0.192606,3.07046
28,0.523559,-0.178507,3.07216
28,0.621373,-0.0467558,3.10259
28,0.769081,0.0278637,3.13564
28,0.677971,-0.0140563,3.13858
28,0.532669,-0.196144,3.14177
28,0.584234,-0.0377918,3.16168
28,0.787394,-0.00566432,3.15199
28,0.543501,-0.177245,3.1574
28,0.799249,0.0872536,3.18176
28,0.592529,-0.0340138,3.18798
28,0.604685,-0.0759249,3.18709
28,0.626518,-0.12585,3.20655
28,0.62912,-0.134398,3.20671
28,0.563161,-0.175066,3.21124
28,0.860815,-0.185155,3.20525
28,0.648049,-0.12314,3.25591
28,0.582555,-0.180508,3.26005
28,0.822508,0.0286249,3.26664
28,0.678557,-0.183311,3.25192
28,0.657862,-0.159209,3.26633
28,0.842619,0.0988391,3.28382
28,0.618378,-0.177109,3.27257
28,0.6707,-0.124201,3.27863
28,0.628133,-0.177038,3.27832
28,0.688079,-0.185806,3.27579
28,0.652917,-0.205957,3.27979
28,0.623954,-0.186056,3.28702
28,0.622891,-0.186705,3.29179
28,0.769412,0.0702742,3.31646
28,0.765958,0.0649329,3.32125
28,0.939548,0.11395,3.33638
28,0.275297,-0.724714,3.46325
28,0.29787,-0.772934,3.66421
28,-0.0840325,0.351802,3.95318
28,-0.0138217,0.455233,4.08166
28,0.0138032,-0.605687,3.97611
28,-0.264006,0.232667,4.11024
28,0.323445,-0.850173,3.95488
28,-0.140098,0.30583,4.15447
28,0.101649,-0.992223,4.03732
28,0.108251,-0.9912,4.04828
28,-0.145907,0.321234,4.26614
28,-0.288607,0.275383,4.30762
28,0.1125,-1.02286,4.16329
28,-0.460538,0.309676,4.38913
28,-0.509523,0.299461,4.40272
28,0.176462,-0.328618,4.27429
28,0.172111,-0.340125,4.28381
28,-0.281467,0.395579,4.42035
28,-0.408259,0.42067,4.46321
28,0.122855,-1.05131,4.26113
28,0.387733,-0.917169,4.26222
28,-0.19712,0.397005,4.48272
28,-0.382388,0.284606,4.50213
28,-0.396222,0.282236,4.50931
28,-0.301057,0.445099,4.68723
28,-0.316244,0.322722,4.6969
28,1.24783,-0.478078,4.48547
28,-0.398153,0.0633479,4.72578
28,-0.394333,0.0620493,4.79786
28,0.593428,-0.265297,4.73174
28,0.0316335,-0.712719,4.73403
28,0.260719,-0.395782,4.80048
28,0.18849,-0.205074,4.89777
28,1.12006,-0.592849,4.7743
28,0.444233,-1.05371,4.8029
28,0.601563,-0.265264,4.91257
28,0.0529846,-1.14536,4.84686
28,0.27123,-0.384037,4.93993
28,0.0047947,-0.857025,4.9031
28,0.324698,-0.406343,4.93533
28,1.12121,-0.671463,4.84971
28,0.315497,-0.410425,4.95669
28,0.280328,-0.40878,4.97744
28,0.278136,-0.378528,4.9866
28,0.345525,-0.406951,5.00385
28,0.287779,-0.407601,5.01592
28,2.3699,-1.78323,4.6937
28,1.12403,-0.633099,4.95839
28,0.290465,-0.383291,5.09444
28,0.354151,-0.42121,5.09154
28,1.29698,-0.530886,4.99953
28,1.23872,-0.646027,5.00128
28,-0.613076,0.411168,5.31649
28,0.472245,-1.10102,5.0364
28,-0.385518,-0.356027,5.22091
28,1.16829,-0.667448,5.09577
28,0.279404,-0.374623,5.2232
28,0.842263,-0.477954,5.16514
28,-0.438783,-1.1668,5.19371
28,0.305487,-0.382956,5.24404
28,0.206631,-0.481917,5.2642
28,1.20088,-0.628503,5.16912
28,1.35769,-0.323018,5.21408
28,0.363829,-0.417434,5.29454
28,1.30376,-0.340257,5.24672
28,1.35512,-0.328146,5.2511
28,0.537949,-0.215224,5.34579
28,1.30405,-0.670092,5.2428
28,1.31317,-0.673326,5.26959
28,1.87661,-0.838975,5.22548
28,1.28899,-0.327534,5.34425
28,0.398918,-0.644496,5.39781
28,0.374599,-0.565249,5.41628
28,1.262,-0.295672,5.37949
28,1.87212,-0.939904,5.25087
28,1.31575,-0.617544,5.34194
28,0.424571,-0.437882,5.44012
28,1.37807,-0.352525,5.40007
28,0.930734,-0.650624,5.42872
28,1.01299,-0.577072,5.43533
28,1.36241,-0.515223,5.41824
28,0.909464,-0.488631,5.46001
28,0.805399,-0.525985,5.4648
28,2.09338,-0.880103,5.32443
28,1.36583,-0.560225,5.42642
28,1.03396,-0.585483,5.45732
28,1.34505,-0.613423,5.43083
28,0.983039,-1.35449,5.36864
28,2.18457,-0.837497,5.35445
28,1.36092,-0.580425,5.45781
28,1.39191,-0.521909,5.47895
28,1.32475,-0.610326,5.48057
28,0.919415,-0.70318,5.51259
28,1.32683,-0.630066,5.49759
28,2.24169,-2.05689,5.24107
28,1.28451,-0.784468,5.49851
28,0.39017,-0.607656,5.59694
28,1.43174,-0.443844,5.54347
28,1.48282,1.05704,5.73231
28,1.35161,-0.573607,5.53791
28,0.898019,-0.596365,5.57942
28,1.30924,-0.741134,5.52736
28,1.31718,-0.711495,5.53387
28,1.31907,-0.715601,5.53634
28,0.876603,-0.583162,5.59542
28,1.03424,-0.526397,5.58978
28,1.31739,-0.54977,5.56428
28,0.979443,-0.543704,5.59682
28,0.915456,-0.631199,5.59322
28,0.959792,-0.577542,5.59745
28,0.939851,-0.66847,5.59137
28,1.29435,-0.804054,5.54591
28,0.836404,-0.544765,5.62322
28,2.32337,-1.89998,5.32812
28,1.28419,-0.874595,5.55137
28,0.922724,-0.609655,5.61575
28,1.36217,-0.567881,5.58813
28,0.854407,-0.552219,5.63399
28,2.2348,-1.93489,5.35546
28,1.00896,-1.37763,5.52924
28,0.880422,-0.574525,5.64357
28,1.2864,-0.873979,5.57368
28,1.27035,-0.92206,5.57313
28,1.05845,-0.587925,5.63354
28,0.93265,-0.605375,5.64222
28,2.29638,-0.994967,5.47889
28,1.05301,-0.526273,5.64715
28,0.854831,-0.223328,5.70356
28,1.00625,-0.538287,5.65109
28,1.00292,-0.539478,5.65379
28,1.32025,-0.775312,5.6055
28,0.906286,-0.600525,5.66489
28,1.3439,-0.719222,5.61978
28,0.982798,-0.669065,5.65787
28,0.892448,-0.66999,5.66656
28,1.18631,-1.19749,5.5801
28,1.28799,-0.908844,5.60978
28,2.33156,-0.943463,5.51936
28,2.33881,-2.11775,5.37899
28,1.3018,-0.874678,5.63101
28,2.37741,-1.84098,5.41848
28,0.986328,-0.658561,5.68917
28,0.445295,-0.466984,5.76144
28,0.985503,-0.509048,5.7112
28,0.819521,-0.548771,5.72941
28,2.44295,-1.95377,5.4155
28,1.26893,-1.01429,5.64121
28,2.30007,-1.60105,5.48238
28,1.26364,-1.04651,5.644
28,1.0327,-1.40772,5.61947
28,2.07234,-0.942605,5.60844
28,2.10465,-0.993416,5.60997
28,1.20568,-1.14283,5.66773
28,1.23363,-1.20007,5.67271
28,1.22201,-1.19603,5.67459
28,1.25161,-1.22885,5.68439
28,2.77354,-2.00719,5.46614
28,1.21527,-1.13641,5.71828
28,1.00991,-0.689,5.7991
28,2.08534,-1.08772,5.65892
28,2.34453,-1.59786,5.58273
28,1.23471,-1.12751,5.74736
28,1.27781,-1.11707,5.74669
28,2.44739,-1.98934,5.54044
28,2.42701,-1.88761,5.56545
28,1.99587,-0.446317,5.78518
28,2.1095,-1.01544,5.70447
28,1.26681,-1.17187,5.76605
28,1.26912,-1.15628,5.76808
28,2.04454,-1.03774,5.72741
28,1.25329,-1.09481,5.78978
28,1.30759,-1.06317,5.80426
28,1.29913,-1.10206,5.80145
28,2.04887,-1.12262,5.74135
28,1.02336,-0.701351,5.89267
28,2.67512,-2.16051,5.57535
28,2.03817,-0.426677,5.85838
28,1.32866,-1.07048,5.85104
28,1.1031,-1.53466,5.81937
28,1.0271,-0.68105,5.93883
28,0.845526,-0.581035,5.9802
28,2.72795,-2.07351,5.65746
28,1.628,1.15433,6.16131
28,2.39953,-1.11809,5.8118
28,1.20873,-1.71497,5.84025
28,1.27688,-1.10874,5.91417
28,1.28763,-1.24732,5.89836
28,2.66979,-1.9466,5.70345
28,0.553719,-0.22758,6.10205
28,2.14416,-1.22304,5.84562
28,1.21718,-0.806433,5.98089
28,0.89174,-0.305066,6.07634
28,2.00839,-0.742425,5.9272
28,1.0437,-0.696784,6.02727
28,1.24533,-0.807429,6.02081
28,1.02089,-0.713012,6.09289
28,2.26695,-1.10593,5.93975
28,1.2385,-0.795168,6.06939
28,1.16623,-0.571846,6.12519
28,2.12419,-0.437126,6.08668
28,1.24557,-0.797536,6.1252
28,1.2706,-0.860263,6.11843
28,0.943617,-0.244797,6.2287
28,0.901584,-0.760576,6.18794
28,2.03574,-0.689841,6.10595
28,1.17574,-0.899936,6.20046
28,0.567199,-0.283936,6.36353
28,2.5552,-1.33687,6.14756
28,2.49081,-1.29575,6.19404
28,0.965099,-0.324466,6.45437
28,2.22422,-0.628899,6.32029
28,3.22139,-0.536924,6.47936
28,1.12094,-0.267645,6.96223
28,3.61489,-0.661027,6.92211
28,1.3692,-1.73545,7.04144
28,1.58688,-2.65455,7.06954
28,3.79535,-0.775869,7.22261
28,1.0411,-2.91906,7.41381
28,4.1272,-0.987422,7.80824
28,1.91724,-2.55495,8.44323
27,1.91724,-2.55495,8.44323
28,0.836142,-0.630545,5.40601
26,0.836142,-0.630545,5.40601
28,-0.0974735,0.0426803,2.91849
26,-0.0974735,0.0426803,2.91849
28,-0.10886,0.0456526,3.0359
26,-0.10886,0.0456526,3.0359
28,0.204271,-0.32699,4.85283
25,0.204271,-0.32699,4.85283
29,0.356991,-0.255548,2.41339
29,0.534825,0.105033,2.70251
29,0.548732,0.122704,2.82504
29,0.584956,0.178598,3.05668
29,0.587133,0.126277,3.06938
29,0.650247,0.0994703,3.13536
29,0.649081,0.0379536,3.15082
29,0.645349,0.124652,3.25024
29,1.03058,-0.635782,3.37021
29,0.0870725,-0.794924,3.47459
29,-0.419521,-0.423297,3.58101
29,0.00994849,-0.520423,3.57418
29,0.328667,-0.751094,3.67076
29,-0.215254,-0.431881,3.84033
29,0.475866,-0.192361,3.92027
29,1.08415,0.236557,4.2257
29,0.728764,-0.93213,4.0361
29,-0.0813993,-0.511308,4.17479
29,0.202108,-1.95168,3.89848
29,0.868347,-0.489758,4.15653
29,1.15104,-0.497121,4.15816
29,0.00478089,-0.298293,4.36741
29,-0.0127099,-0.698054,4.34056
29,0.21722,-0.317386,4.40443
29,0.126109,-1.48982,4.25121
29,-0.406113,0.111126,4.62843
29,0.401586,-0.939737,4.4089
29,0.129707,-1.56137,4.41647
29,-0.0223562,-0.706356,4.64513
29,0.0328027,-1.02638,4.70848
29,0.00351694,-0.848188,4.75289
29,-0.00842877,-0.808166,4.82533
29,-0.00341376,-0.838321,4.83813
29,0.0329566,-1.08242,4.79557
29,1.45686,-0.499876,4.84449
29,0.164022,-0.152376,5.06571
29,0.0786882,0.0495248,5.14805
29,0.27535,-0.355797,5.06228
29,0.932733,-0.542226,5.07392
29,1.97491,-1.01746,4.94266
29,0.00429513,-0.915351,5.10441
29,0.30065,-0.395391,5.20173
29,0.0273827,-1.09438,5.09337
29,0.3579,-0.396518,5.23636
29,0.0332005,-1.11162,5.11822
29,-0.0124013,-0.845053,5.1998
29,-0.425119,-0.289564,5.3533
29,-0.410234,-0.280913,5.39516
29,0.051722,-1.221,5.19023
29,0.368266,-0.511189,5.31331
29,0.926875,-0.502401,5.29879
29,1.70238,-0.60487,5.24212
29,0.33405,-0.402743,5.38608
29,-0.00636792,-0.906283,5.32158
29,2.16608,-1.65189,5.11358
29,0.40489,-0.618305,5.48409
29,0.924519,-0.48403,5.49399
29,0.932339,-0.516181,5.60271
29,2.35862,-1.67688,5.3461
29,2.50493,-1.74894,5.35983
29,-0.470985,-0.43486,5.79857
29,-0.560338,-1.25581,5.749
29,1.07813,-0.551795,5.81316
29,2.46714,-1.61679,5.55491
29,0.590073,-1.26404,5.7444
29,1.38061,-1.20313,6.12601
29,-0.208259,-0.782805,6.295
29,1.51209,-1.38302,6.41626
29,1.01281,-0.788934,6.77281
29,-0.769826,-1.17478,7.13752
29,-0.806583,-1.17923,7.39216
29,-0.771664,-1.66454,7.40335
29,-0.244644,-0.543891,7.65911
29,-0.283551,-0.745196,7.75204
29,1.26507,-3.5438,7.38955
29,0.23953,-0.329232,4.70927
28,0.23953,-0.329232,4.70927
29,1.398,-0.495734,4.78361
28,1.398,-0.495734,4.78361
29,0.441818,-0.642138,6.04111
28,0.441818,-0.642138,6.04111
29,-0.418524,-0.551921,3.97871
28,-0.418524,-0.551921,3.97871
29,-0.461165,-0.606879,4.33657
28,-0.461165,-0.606879,4.33657
29,-0.311833,-0.255954,4.34874
28,-0.311833,-0.255954,4.34874
29,1.16916,-0.4777,4.57814
28,1.16916,-0.4777,4.57814
29,0.802095,-1.18536,4.40986
27,0.802095,-1.18536,4.40986
29,1.47024,-0.561269,4.84961
27,1.47024,-0.561269,4.84961
29,2.3398,-0.731538,6.29925
27,2.3398,-0.731538,6.29925
29,-0.377557,-1.86464,5.0488
27,-0.377557,-1.86464,5.0488
29,0.0909163,-1.50155,5.49664
27,0.0909163,-1.50155,5.49664
30,0.617012,0.366178,2.97124
30,0.614467,0.360724,2.96988
30,0.591437,0.331487,2.98798
30,0.656887,0.330622,2.99813
30,0.161109,-0.682325,3.56709
30,0.168037,-0.665575,3.59937
30,0.0771382,-0.396049,3.77863
30,1.30994,0.498766,4.02875
30,0.370971,-0.570187,3.80527
30,0.361229,-0.516935,3.82595
30,0.338113,-0.51023,3.87538
30,0.400871,-0.693708,4.03456
30,1.01119,-0.0108639,4.21008
30,-0.338456,-0.129676,4.35612
30,0.613184,-0.0701941,4.28929
30,0.441685,-0.769469,4.16379
30,0.614417,-1.38269,4.05074
30,1.10407,-0.0842001,4.41675
30,1.19,-0.026688,4.45218
30,1.11202,-0.0778681,4.45371
30,0.580742,-1.36873,4.10098
30,0.421939,-0.977853,4.29979
30,0.429154,-0.992569,4.32322
30,1.11743,-0.5167,4.43023
30,1.15851,-0.0894896,4.56759
30,0.430605,-0.875018,4.46433
30,0.59634,-1.51301,4.24096
30,0.633128,-1.11439,4.37626
30,0.570382,-1.57298,4.3233
30,0.870522,-1.01849,4.46802
30,0.341418,-0.31236,4.80289
30,0.688836,-1.62145,4.36218
30,0.586542,-1.58371,4.41681
30,0.354522,-0.315797,4.86809
30,0.290535,-0.316304,4.87743
30,0.354561,-0.315951,4.86916
30,1.17071,-0.530103,4.6971
30,1.19538,-0.518362,4.70806
30,0.592962,-1.63241,4.4338
30,0.967385,-1.17525,4.56737
30,1.20446,-0.516726,4.77811
30,1.26238,-0.500296,4.79841
30,0.892272,-0.441811,4.86832
30,0.888003,-0.394229,4.90226
30,1.26367,-0.497623,4.82707
30,0.922548,-1.11641,4.67288
30,0.858064,-0.536757,4.8748
30,1.26357,-0.503528,4.84805
30,1.73102,-0.902114,4.66531
30,0.892734,-0.407124,4.94369
30,0.868886,-0.541168,4.90258
30,1.96049,-1.49074,4.45149
30,2.01166,-1.56719,4.42286
30,1.98419,-1.48437,4.45515
30,0.863547,-0.446747,4.94823
30,1.25882,-0.427102,4.90764
30,0.878086,-1.09199,4.74617
30,2.00361,-1.60012,4.42934
30,0.326092,-0.497804,5.03265
30,0.866002,-0.418672,4.98975
30,0.961247,-0.465988,4.96312
30,0.945307,-1.17192,4.73189
30,1.72169,-0.911792,4.7169
30,0.969012,-0.539427,4.94082
30,1.95578,-1.43035,4.51735
30,1.22823,-1.74341,4.52129
30,1.22585,-1.71125,4.53514
30,0.876713,-0.547021,4.98342
30,1.22191,-0.536515,4.94444
30,1.2592,-0.470412,4.96766
30,1.21821,-0.537064,4.95387
30,0.810798,-0.504304,5.02538
30,1.74868,-0.927194,4.77347
30,0.869646,-0.557435,5.01317
30,0.744301,-0.46126,5.0684
30,0.547474,-1.45361,4.76797
30,1.92594,-0.985561,4.74376
30,0.91672,-0.48884,5.05103
30,0.741461,-0.461262,5.08386
30,0.861758,-0.430691,5.08254
30,1.82785,-1.00016,4.76705
30,1.76817,-0.848894,4.85469
30,1.75666,-0.952472,4.83149
30,2.18986,-1.6368,4.54951
30,0.881578,-0.430422,5.12712
30,1.06371,-1.02907,4.91483
30,1.83436,-1.001,4.83714
30,0.452058,-1.4225,4.88441
30,1.03041,-0.60051,5.08054
30,1.93418,-0.928272,4.8526
30,2.26067,-1.75907,4.53527
30,1.13388,-1.31689,4.83383
30,1.154,-1.03123,4.93053
30,2.17953,-1.55398,4.62824
30,1.15161,-1.0523,4.93278
30,1.15154,-1.05626,4.93437
30,0.924217,-1.1742,4.92697
30,1.16732,-1.54954,4.7737
30,1.98292,-1.04302,4.83759
30,1.87525,-1.04715,4.86459
30,0.941714,-0.67128,5.11479
30,1.16544,-1.0613,4.96655
30,1.8963,-1.03655,4.88317
30,1.12361,-1.05453,4.98201
30,1.17544,-1.02288,4.99585
30,1.95555,-0.923413,4.92556
30,1.92728,-0.986973,4.90904
30,1.93563,-0.936814,4.92533
30,1.01433,-1.31474,4.92702
30,2.95945,-0.978382,4.78415
30,3.00339,-1.03861,4.76662
30,1.92337,-0.823043,4.98232
30,1.11019,-1.03634,5.03352
30,0.456039,-1.47571,4.97769
30,1.17201,-1.07441,5.0239
30,1.98003,-0.950743,4.9773
30,0.530577,-1.37563,5.03713
30,1.9013,-0.766844,5.06161
30,1.17656,-1.54196,4.9031
30,1.92019,-0.978684,4.99335
30,2.04974,-0.878814,5.01562
30,1.93139,-0.898813,5.02645
30,1.88549,-0.951687,5.02382
30,0.446269,-1.32292,5.10932
30,1.74522,-0.620251,5.18108
30,1.81538,-0.719392,5.15773
30,1.04459,-1.41087,5.03556
30,2.09836,-0.942112,5.05578
30,2.07451,-0.897479,5.09426
30,1.92894,-0.827678,5.14521
30,2.82693,-0.505937,5.1358
30,2.14899,-0.857802,5.12878
30,2.10221,-1.04132,5.07671
30,2.14871,-0.917461,5.11315
30,2.17936,-0.869875,5.16115
30,0.419616,-1.51182,5.20443
30,1.17011,-1.5785,5.09121
30,1.1423,-0.749148,5.37564
30,1.90738,-0.435113,5.39303
30,1.90591,-0.781745,5.27921
30,1.95153,-0.776022,5.28073
30,1.0174,-1.33613,5.23228
30,1.82352,-0.681387,5.34734
30,1.85868,-0.746578,5.32445
30,1.89303,-0.747226,5.33271
30,1.00428,-1.41679,5.23125
30,0.42397,-1.56473,5.29342
30,1.95419,-0.710494,5.37716
30,2.28769,-1.05075,5.22664
30,2.33948,-1.0014,5.25037
30,1.93421,-0.619753,5.4594
30,0.266059,-0.77753,5.68399
30,1.17838,-1.98514,5.16453
30,1.98757,-0.484668,5.58197
30,0.65427,-1.77439,5.41399
30,2.44834,-0.454298,5.64687
30,2.30974,-0.483626,5.66763
30,2.83543,-0.588708,5.61198
30,0.269538,-0.946048,5.89787
30,3.01587,-0.647203,5.65062
30,2.96297,-0.658704,5.67387
30,2.53525,-0.485917,5.79227
30,2.93062,-0.719025,5.73303
30,2.98634,-0.626599,5.82527
30,0.701996,-1.68176,5.79414
30,0.199548,-0.871011,6.15616
30,3.08033,-0.780963,5.85679
30,3.15327,-0.799951,5.95938
30,3.19644,-0.95719,6.07916
30,1.00957,-1.63547,6.17224
30,1.37977,-2.44622,5.93911
30,3.37676,-1.02564,6.31454
30,0.188427,-1.04334,6.8647
30,0.221044,-1.22555,6.83241
30,1.13657,-0.467676,4.72467
28,1.13657,-0.467676,4.72467
30,1.87165,-0.765449,4.6547
28,1.87165,-0.765449,4.6547
30,0.528274,-1.12781,4.12152
29,0.528274,-1.12781,4.12152
30,1.76437,-0.753741,4.73043
27,1.76437,-0.753741,4.73043
31,0.424264,0.326083,2.29722
31,0.878544,0.0648619,4.23538
31,1.96664,0.717132,4.27375
31,2.2475,0.0788298,3.84001
31,1.10926,0.0394977,4.49475
31,1.59776,-0.780098,4.17177
31,1.61741,-0.801215,4.2207
31,1.54364,-0.619181,4.64365
31,1.74708,-0.891143,4.41575
31,1.22452,-0.156515,5.0871
31,1.20763,-0.578816,4.99234
31,1.83142,-0.87692,4.50599
31,1.79788,-1.48466,4.21397
31,1.78554,-1.48687,4.22422
31,1.84186,-1.68015,4.10991
31,1.80442,-1.48955,4.23401
31,1.2628,-0.54836,5.01587
31,1.73987,-0.81603,4.61732
31,1.17474,-0.605991,5.06516
31,1.90844,-1.71674,4.14016
31,1.83485,-1.54709,4.27165
31,1.10815,-2.46112,4.20654
31,1.21733,-2.61407,4.11763
31,3.15234,-0.0147133,4.39877
31,1.91592,-0.939415,4.62329
31,1.87563,-1.54432,4.34287
31,1.83098,-0.97878,4.6621
31,1.19897,-0.611633,5.23635
31,1.9632,-1.42511,4.40085
31,1.89429,-1.49912,4.41198
31,1.86529,-0.993696,4.68932
31,1.74233,-0.996812,4.76263
31,1.89893,-0.867532,4.75061
31,2.02436,-1.78144,4.21588
31,1.93205,-0.897502,4.73228
31,1.94921,-0.924223,4.7182
31,1.20004,-2.50758,4.33095
31,1.76014,-1.01012,4.79032
31,2.87778,-1.53838,3.90749
31,2.06949,-1.69042,4.27542
31,1.91319,-0.946535,4.7528
31,1.95174,-0.907656,4.7533
31,1.85887,-0.906317,4.8052
31,1.23628,-0.621222,5.29806
31,1.21314,-0.619038,5.31388
31,1.81855,-0.987383,4.79296
31,1.87821,-1.01959,4.74538
31,1.86196,-1.00164,4.77079
31,3.2783,-0.0962622,4.45469
31,1.92927,-0.968651,4.7553
31,2.01356,-1.6784,4.3501
31,1.91672,-0.937819,4.79239
31,1.99537,-0.940874,4.75177
31,2.01092,-0.939709,4.74669
31,1.98737,-0.890151,4.80225
31,1.97112,-1.55826,4.4749
31,2.03019,-1.76338,4.33772
31,1.96612,-1.54915,4.483
31,2.01711,-1.48473,4.49836
31,1.90537,-1.01437,4.80203
31,1.9791,-0.934222,4.8024
31,2.01519,-1.71016,4.39727
31,2.00792,-1.6166,4.44994
31,1.95858,-0.905706,4.84877
31,2.97314,-1.58514,3.94494
31,2.09411,-1.45149,4.50406
31,1.94768,-0.963973,4.84025
31,2.00676,-1.03223,4.78323
31,2.11812,-1.70048,4.38518
31,1.38306,-0.248254,5.53443
31,1.8868,-1.01751,4.86351
31,2.07807,-1.83113,4.34276
31,2.08641,-1.43505,4.55616
31,1.83152,-1.00074,4.92
31,1.94131,-1.04252,4.84987
31,2.08899,-1.45165,4.56041
31,1.97634,-1.01994,4.85397
31,1.99126,-0.901271,4.914
31,3.29434,-0.0885585,4.61259
31,2.00532,-0.908193,4.91178
31,2.02477,-0.933879,4.8889
31,2.03243,-0.956058,4.89039
31,1.93963,-1.04199,4.90728
31,1.34767,-0.609938,5.45583
31,2.14424,-1.92473,4.34987
31,2.11046,-1.44353,4.61949
31,2.00651,-0.990128,4.92063
31,2.13289,-0.919813,4.8899
31,2.07395,-1.68831,4.53657
31,2.05964,-1.68388,4.55395
31,2.03963,-0.95762,4.93895
31,2.54514,-1.86381,4.20382
31,1.99333,-0.942018,4.9955
31,1.90083,-1.04187,5.00335
31,2.16981,-0.938678,4.90788
31,1.81185,-0.744676,5.2135
31,2.15252,-1.50166,4.64244
31,1.99883,-0.950146,5.00942
31,1.80423,-0.778775,5.20762
31,1.9109,-1.05116,5.01741
31,2.0088,-0.951151,5.02949
31,2.19377,-1.66583,4.56675
31,2.24923,-1.90563,4.41392
31,2.00721,-0.950793,5.03644
31,2.15726,-1.49783,4.67663
31,2.20531,-0.946182,4.93961
31,2.01636,-1.00536,5.01658
31,2.25853,-1.92449,4.4292
31,2.05827,-1.07246,4.97955
31,2.05157,-1.05246,5.0135
31,2.23333,-0.962817,4.9722
31,2.19076,-1.07157,4.94044
31,2.1983,-1.07797,4.9354
31,2.28609,-0.487594,5.20109
31,2.32208,-1.82575,4.51304
31,2.25518,-0.971579,4.98905
31,2.19836,-0.530055,5.24653
31,2.59672,-1.92322,4.31884
31,2.09244,-1.10405,5.01755
31,2.30356,-1.87759,4.50601
31,2.2323,-1.7284,4.62257
31,2.2214,-0.545833,5.26035
31,2.27678,-0.991446,5.0052
31,2.22457,-1.09937,4.9802
31,2.32659,-0.510783,5.22849
31,2.28567,-1.65939,4.66734
31,2.15658,-1.1569,4.99802
31,2.15277,-1.14598,5.01281
31,2.3579,-1.90431,4.51726
31,2.63609,-1.96776,4.361
31,2.17723,-1.16867,5.02376
31,2.45587,-2.00912,4.46019
31,1.91897,-0.786056,5.41333
31,2.85315,-0.588247,5.0287
31,2.39944,-1.77864,4.69069
31,2.32732,-1.16371,5.05913
31,2.50795,-1.95555,4.56994
31,2.49527,-1.92601,4.61113
31,2.0995,-0.965389,5.3279
31,2.14461,-0.784091,5.39584
31,2.49984,-1.86476,4.65578
31,2.14406,-0.78472,5.40817
31,2.06555,-0.76899,5.4599
31,2.15217,-0.786609,5.4141
31,2.04748,-0.963403,5.38349
31,2.20538,-0.797432,5.38935
31,2.15129,-0.790343,5.43561
31,2.39942,-1.13637,5.12339
31,2.54072,-0.592215,5.32461
31,2.07527,-0.971892,5.38734
31,2.09037,-0.790525,5.48718
31,2.23933,-0.805842,5.40845
31,2.06152,-0.788548,5.51789
31,2.41193,-1.14362,5.14428
31,2.52721,-1.89394,4.70257
31,2.05185,-0.950674,5.45357
31,2.05979,-0.952168,5.46704
31,2.4466,-1.1699,5.18614
31,3.04948,-0.682452,5.10789
31,2.12925,-0.912841,5.50009
31,3.24092,-1.2545,4.71395
31,4.25195,-0.83499,4.37278
31,2.08135,-0.805693,5.58671
31,3.2444,-1.1981,4.76239
31,3.28586,-1.25323,4.74763
31,2.20997,-0.951046,5.49979
31,2.22032,-0.848724,5.55156
31,3.02588,-0.655898,5.23841
31,3.31144,-1.22738,4.79001
31,2.16761,-0.847205,5.62633
31,2.20206,-0.950166,5.56617
31,2.13031,-0.841038,5.67763
31,2.21266,-0.948343,5.60987
31,2.2064,-0.879112,5.65262
31,3.38317,-1.28551,4.86976
31,4.38625,-0.790725,4.57025
31,2.15393,-0.941805,5.7869
31,3.80167,-1.95442,4.41831
31,2.28864,-1.00872,5.7623
31,2.31644,-1.00382,5.82255
31,4.52818,-0.863084,4.72159
31,3.28921,-0.755412,5.53453
31,3.3711,-0.850027,5.45931
31,2.36563,-1.03247,5.99066
31,3.27288,-0.889546,5.67785
31,3.22111,-0.874263,5.7693
31,3.34166,-0.912085,5.74233
31,4.24889,-2.17516,4.61329
31,3.70534,-0.885309,5.57872
31,4.18233,-2.08525,4.71042
31,2.40257,-1.09136,6.26192
31,3.42837,-0.945877,5.80918
31,2.46842,-1.16434,6.29886
31,3.58854,-0.882729,5.8998
31,4.55849,-2.36239,4.79075
31,3.62345,-1.14875,6.09348
31,1.75387,-1.36619,7.06132
31,3.94354,-2.78094,5.15233
31,3.72201,-1.18517,6.15255
31,4.83458,-2.47938,4.97297
31,4.08577,-2.85017,5.22045
31,3.75101,-1.22114,6.25327
31,4.14792,-1.57418,6.72686
31,0.770961,-0.465676,4.60259
30,0.770961,-0.465676,4.60259
31,0.927896,-0.0183471,4.25596
30,0.927896,-0.0183471,4.25596
32,3.64731,0.27351,4.30396
32,3.74727,-0.072478,4.23469
32,3.75336,-0.0598901,4.24324
32,3.78067,-0.0567825,4.23856
32,3.59282,0.249231,4.37411
32,2.87291,-0.121296,4.4843
32,3.73291,0.231556,4.34983
32,3.67968,0.240426,4.37054
32,3.55403,0.107063,4.39281
32,3.61673,0.209558,4.39964
32,3.61921,0.250167,4.4114
32,2.92629,-0.137162,4.52661
32,3.57453,0.153399,4.43747
32,3.66453,0.209312,4.43634
32,3.70897,0.16614,4.42821
32,3.6831,0.134699,4.4532
32,3.54782,0.141058,4.5153
32,3.60893,0.26476,4.53222
32,3.56917,0.114579,4.52223
32,3.70899,0.143007,4.51021
32,3.27638,-0.0384653,4.86785
32,4.11442,-0.938282,4.5567
32,3.74651,0.372962,4.90836
32,4.16067,-0.950005,4.61698
32,3.67339,0.195287,4.94723
32,3.39533,0.0277519,4.99568
32,3.37462,0.0282841,5.00427
32,3.41715,-0.00945821,5.00644
32,3.40387,-0.0118244,5.01737
32,3.39186,0.0835837,5.07183
32,3.30595,-0.00559208,5.13589
32,3.79544,0.286196,5.08706
32,3.31643,-0.0116448,5.16438
32,3.29438,0.045669,5.18084
32,3.79358,0.408802,5.13321
32,3.42936,0.113449,5.18314
32,3.29903,0.0485368,5.20755
32,3.74566,0.248521,5.14818
32,3.68293,0.298285,5.18498
32,3.30218,0.0413733,5.23118
32,3.24993,0.0246041,5.24279
32,3.29328,-0.0695158,5.21647
32,3.471,0.0188702,5.20998
32,2.12237,-1.80584,5.2009
32,3.29092,-1.64381,4.95588
32,3.29769,-0.067688,5.24286
32,3.26502,0.0233772,5.268
32,3.32508,-0.0868154,5.24922
32,3.22206,-0.0352852,5.28518
32,3.30289,-0.0982686,5.26878
32,3.24186,0.0416499,5.31735
32,3.71232,0.327954,5.26893
32,3.21507,-0.0106654,5.34246
32,3.80992,0.326221,5.31213
32,3.84293,0.285002,5.32407
32,3.76401,0.33334,5.35569
32,3.51332,-1.85701,5.01605
32,3.57488,-0.013163,5.35134
32,4.78628,-0.916897,4.89966
32,3.64451,-0.710439,5.2111
32,3.28041,-1.70207,5.12331
32,3.8334,0.162417,5.35011
32,3.33372,-1.67252,5.17447
32,2.37637,-1.83357,5.40611
32,3.77113,0.311849,5.48128
32,3.82096,0.252585,5.46181
32,2.40814,-1.97821,5.39587
32,3.76464,0.313198,5.4973
32,3.77059,0.280748,5.49281
32,3.78717,0.235877,5.51385
32,3.75318,0.218928,5.52159
32,4.85646,-0.47913,5.15356
32,3.65177,0.000943065,5.53046
32,3.83433,0.130169,5.52698
32,3.52994,-1.71837,5.26521
32,3.75859,0.156619,5.5825
32,4.27812,-0.787092,5.30779
32,4.95902,-0.929202,5.13174
32,3.76581,0.159686,5.62043
32,3.95625,0.201177,5.61177
32,4.91196,-0.835848,5.19571
32,4.58421,-0.237907,5.39849
32,4.91329,-0.925041,5.2026
32,3.96039,0.18894,5.64201
32,3.77526,0.163495,5.68448
32,5.02191,-0.77395,5.22901
32,4.53665,-1.07199,5.29486
32,4.34314,-0.800047,5.41628
32,3.37706,-1.85544,5.46214
32,5.05032,-0.923435,5.26144
32,4.64868,-0.222224,5.48674
32,5.07684,-0.856743,5.27016
32,4.44069,-0.727132,5.44985
32,4.45769,-0.717384,5.48152
32,3.92555,0.16443,5.78773
32,3.93861,0.187522,5.79144
32,4.46712,-0.717025,5.5081
32,4.47805,-0.796958,5.52499
32,2.98043,-1.05804,5.85467
32,4.45776,-0.9331,5.5306
32,3.39302,-1.60743,5.68541
32,4.55977,-1.06294,5.52334
32,3.00686,-1.01258,5.93037
32,3.0075,-1.06342,5.93677
32,3.06339,-1.13218,5.91375
32,3.01968,-1.07929,5.94001
32,3.9183,0.13442,5.95068
32,3.48671,-1.84208,5.70281
32,2.83738,-0.525829,6.09769
32,3.36351,-1.83622,5.74483
32,3.47878,-1.76579,5.73784
32,3.01181,-1.00985,5.98911
32,3.38717,-1.87264,5.7542
32,3.48111,-1.76507,5.75747
32,3.91789,0.141703,6.01475
32,4.55935,-1.04011,5.6544
32,3.0693,-1.11152,5.99749
32,2.88447,-0.556151,6.15455
32,4.55139,-0.946435,5.69315
32,3.47545,-1.95782,5.76561
32,4.56556,-0.961467,5.71579
32,3.09103,-1.1166,6.04725
32,4.68528,-1.12328,5.69184
32,3.42802,-1.89118,5.86374
32,5.17206,-0.952886,5.62333
32,5.14327,-0.904832,5.64783
32,3.10311,-1.11781,6.09404
32,3.44272,-1.91843,5.87695
32,3.09831,-1.12895,6.1033
32,5.45852,-0.672575,5.65498
32,5.41691,-0.71215,5.70642
32,3.54925,-2.03412,5.93157
32,5.20045,-0.99006,5.82145
32,4.69138,-1.07092,5.96921
32,3.79477,-1.9789,6.02412
32,4.86741,-1.18623,5.93734
32,4.94839,-1.18842,5.94312
32,5.09927,-0.697249,6.00159
32,4.14859,-0.753617,6.24283
32,5.22207,-0.844058,5.9866
32,4.18216,-0.779516,6.26918
32,5.40479,-0.900244,6.01029
32,4.20496,-0.778829,6.31954
32,4.15055,-0.656101,6.40269
32,4.14973,-0.667251,6.4291
32,5.37845,-0.991515,6.07872
32,4.21504,-0.77689,6.4049
32,4.24515,-0.78064,6.39761
32,5.33695,-0.861078,6.15597
32,5.34207,-0.746841,6.20401
32,5.00953,-1.31268,6.27484
32,5.42851,-1.15383,6.30724
32,5.05224,-1.33818,6.39515
32,5.12954,-1.33717,6.44299
32,5.13896,-1.37383,6.51525
32,5.29352,-1.51733,6.7566
32,4.00625,-2.11035,6.99573
32,3.90527,-2.27944,6.99113
32,3.98392,-2.10452,7.02275
32,4.03398,-2.15491,7.12084
32,4.08763,-2.2101,7.27476
32,4.11549,-2.20479,7.27854
32,4.99261,-0.773039,7.3464
32,4.87813,-0.575385,7.42075
32,5.9592,-1.25943,7.06175
32,3.42196,-2.63644,7.42979
32,4.9524,-0.561046,7.61632
32,5.03258,-0.556601,7.76225
32,3.49456,-2.77859,7.79533
32,5.19462,-0.788834,7.76285
32,5.26422,-0.796389,7.84918
32,3.42229,-2.89208,8.04233
32,3.47414,-3.00572,8.18081
32,4.0986,-2.56721,6.54529
28,4.0986,-2.56721,6.54529
33,0.0323293,-0.221071,2.28076
33,0.445615,-0.428637,3.5166
33,0.509727,-0.463064,3.52546
33,0.49259,-0.457472,3.48289
33,0.103494,0.298863,1.65306
33,0.109384,0.284992,1.66336
33,0.0528029,0.306086,1.89086
33,0.427977,-0.436811,3.4933
33,0.443235,-0.462784,3.44074
33,-0.328978,-0.58238,5.1799
33,0.0392438,0.368242,1.81521
33,0.0231,0.397338,1.89959
33,0.0171761,0.374809,1.90686
33,0.0112381,0.353093,1.91954
33,0.240867,0.409375,2.01797
33,0.196612,0.390994,1.89787
33,0.190998,0.323981,1.96318
33,0.15635,0.310447,1.91781
33,0.180099,0.307944,1.97946
33,0.143634,0.279004,1.90953
33,0.183594,0.364896,1.95028
33,0.145253,0.3613,1.93106
33,0.16412,0.332075,1.93816
33,0.236754,0.377369,1.98352
33,0.232687,0.355697,2.00234
33,0.297217,0.339302,1.78343
33,0.288349,0.331634,1.83432
33,0.250152,0.336715,1.89548
33,0.110317,0.286289,1.95939
33,0.19706,0.280471,1.96191
33,0.377185,-0.430682,3.53338
33,0.358551,-0.476428,3.46105
33,-0.000873402,0.362075,1.9352
33,-0.0195409,0.412441,1.97179
33,0.0218728,-0.273014,2.42829
33,0.279447,0.356023,1.6768
33,0.0505609,0.302169,1.89621
33,0.232106,0.352244,1.97589
33,0.219204,0.363117,1.99454
33,0.219837,0.349028,2.0003
33,0.427779,-0.438925,3.528
33,0.453989,-0.451852,3.42366
33,0.0148082,0.355253,1.91162
33,0.000349159,0.361851,1.94713
33,-0.915176,-0.717313,5.76563
33,-0.817206,-0.667157,4.91415
33,-0.446794,-1.06369,5.636
33,-0.507896,-1.01531,5.60432
33,-0.519545,-1.1219,5.50312
33,-0.243641,-0.116452,2.38919
33,-0.276904,-0.115247,2.36447
33,-0.513072,-0.658623,4.85129
33,-0.533539,-0.585726,4.70796
33,-0.390961,-0.538925,4.9317
33,-0.461861,-0.571618,4.89211
33,-0.771624,-0.688871,5.3736
33,-0.214268,0.0486339,2.10116
33,-0.297093,0.0904354,2.62155
33,-0.370794,0.0772723,2.51592
33,-0.413985,-0.0291377,2.6718
33,-0.363258,-0.0735083,2.46479
33,-0.385288,-0.0796757,2.37082
33,-0.328733,-0.0459193,2.48579
33,0.0217589,0.336429,1.88717
33,0.267893,-0.715872,4.41223
33,0.222575,-0.731531,4.50874
33,0.179287,0.306555,1.97053
33,0.152038,0.311464,1.90921
33,0.186024,0.36479,1.96294
33,0.144518,0.354079,1.9053
33,0.161859,0.338569,1.94036
33,0.29549,0.329503,1.77306
33,0.250746,0.329948,1.89095
33,0.288801,0.249019,1.77318
33,0.102791,0.290137,1.59368
33,0.109629,0.284994,1.92559
33,0.191763,0.280625,1.94582
33,0.450672,-0.422015,3.49847
33,-0.217396,0.00901446,2.13183
33,-0.222417,-0.0256923,2.35588
33,0.00984071,-0.158619,2.48327
33,-0.561823,-0.507839,4.64724
33,-0.588508,-0.65869,4.72023
33,-0.501199,-0.464079,4.73903
33,-0.483347,-0.675692,5.1197
33,-0.431368,-0.90548,5.71411
33,-0.558266,-1.09453,5.6854
33,-0.592448,-0.758019,4.90055
33,-0.601404,-1.26924,5.89748
33,0.0192035,-0.280284,2.47904
33,-0.323172,-0.569655,5.03846
33,-0.280684,-1.01145,4.96136
33,0.765906,-0.605977,3.21078
33,-0.453524,-0.54676,4.80381
33,-0.463269,-0.580788,4.90704
33,-0.29948,-0.54427,4.78193
33,-0.308757,-0.583513,4.93006
33,0.01363,-0.283285,2.48893
33,0.0139207,-0.300866,2.542
33,-0.378619,-0.0791957,2.46766
33,-0.391313,-0.0882098,2.40789
33,-0.279736,0.0782029,2.48499
33,-0.233543,0.050526,2.25667
33,-0.553252,-1.09333,5.59126
33,-0.503151,-1.09053,5.32946
33,-0.480561,0.0911976,2.53254
33,-0.432182,0.0190598,2.17357
33,-0.416693,-0.0104056,2.14464
33,-0.692482,-0.611346,4.79718
33,-0.790396,-0.637623,5.00337
33,-0.323828,-0.0457579,2.47705
33,-0.322562,-0.0903888,2.46737
33,-0.563299,-0.72217,4.80998
33,-0.600921,-0.671725,4.762
33,-0.52335,-0.592475,4.6491
33,-0.487337,-0.704708,5.16197
33,-0.0252448,0.415033,1.99018
33,-0.00709914,0.374992,1.96972
33,0.18012,0.302468,1.96335
33,0.148573,0.301628,1.90185
33,0.227721,0.351719,1.98984
33,0.189845,0.366432,1.97178
33,0.35324,-0.412034,3.35264
33,0.347705,-0.450528,3.3001
33,0.232174,0.368415,1.69293
33,0.224616,0.370956,1.81842
33,0.442619,-0.424769,3.45626
33,0.456144,-0.454068,3.32603
33,-0.421005,-0.0371305,2.66505
33,-0.472682,-0.457644,4.56743
33,0.00185191,0.430543,1.97841
33,0.0361641,0.386314,1.8937
33,0.0189483,0.360138,1.89169
33,-0.8267,-0.512905,4.69359
33,-0.811498,-0.641117,4.85772
33,-0.381101,0.0689289,2.55958
33,-0.209946,0.00897198,2.12175
33,-0.220979,-0.0326109,2.34065
33,0.287907,0.325481,1.75142
33,0.259826,0.326276,1.89455
33,-0.40162,0.064743,2.40414
33,-0.425491,-1.17334,5.26673
33,-0.560783,-1.21114,5.66737
33,-0.468165,-1.25518,5.20942
33,0.127416,0.326214,1.84554
33,0.104673,0.273825,1.88875
33,0.0522296,0.293974,1.85359
33,0.178482,0.375538,1.62401
33,0.15294,0.400635,1.66708
33,0.197363,0.38213,1.87319
33,0.60884,-0.387921,3.70374
33,1.07579,-0.28599,3.69038
33,-0.4271,-0.891865,5.60145
33,-0.509326,-1.03103,5.66743
33,-0.562865,-0.505616,4.62689
33,-0.434114,0.0112956,2.67126
33,0.159472,0.332249,1.92924
33,0.197038,0.274458,1.95433
33,0.020181,0.475041,2.01475
33,-0.00706559,0.48003,1.96041
33,-0.595089,-0.778871,4.89178
33,-0.683525,-1.28051,5.41659
33,0.00448967,-0.872635,4.79676
33,-0.350496,-1.13884,5.21821
33,-0.238049,-0.1209,2.40577
33,-0.962248,-0.426204,5.19532
33,0.0270203,0.328098,1.8562
33,0.0741242,0.493032,2.26556
33,0.264073,-0.670467,4.09418
33,-0.414505,-0.0304937,2.34128
33,-0.418787,-0.0436966,2.36547
33,0.221187,0.353911,1.72718
33,0.211293,0.369521,1.80336
33,0.266643,0.36116,1.7169
33,-0.482642,0.0898723,2.49574
33,-0.434781,0.0454944,2.31342
33,-0.446768,0.019703,2.24693
33,-0.431753,-0.00475043,2.23259
33,-0.330126,-0.0861274,2.47368
33,-0.387941,-0.073389,2.49884
33,-0.547502,-0.570316,4.67509
33,-0.626448,-0.703656,4.89386
33,-0.4378,-0.413,4.12187
33,-0.463122,-0.566248,4.85874
33,-0.509556,-1.03149,5.66998
33,-0.550751,-1.05388,5.46567
33,-0.367178,-1.15754,5.39366
33,-0.420679,-1.20126,5.32691
33,0.0367367,0.394177,1.92368
33,0.0159026,0.37623,1.93922
33,0.150236,0.451565,1.67069
33,0.133129,0.446142,1.68458
33,0.174745,0.302897,1.94323
33,0.141231,0.299185,1.91941
33,0.176473,0.385508,1.66061
33,0.184359,0.38465,1.82857
33,0.188666,0.383442,1.87129
33,0.187866,0.37143,1.9698
33,0.302178,-0.386512,3.16838
33,0.343917,-0.447689,3.23626
33,0.254164,0.327849,1.90369
33,0.228382,0.303829,1.94921
33,-0.417059,-0.0338024,2.59532
33,-0.50734,-0.043554,2.35775
33,-0.830125,-0.514767,4.41701
33,-0.808922,-0.620469,4.86876
33,-0.297055,0.0775218,2.53654
33,-0.387587,0.0790749,2.58736
33,-0.222989,0.00734809,2.21295
33,-0.215013,-0.0293799,2.25576
33,-0.332264,-0.82064,5.3054
33,0.0460154,0.292217,1.87471
33,0.500835,-0.428542,3.22486
33,0.451048,-0.431337,3.24589
33,0.936602,-0.0957587,2.75029
33,-0.423151,0.0600247,2.39012
33,-0.699959,-0.617947,4.84897
33,-0.59813,-1.20856,5.63137
33,0.15442,0.576409,1.71721
33,0.172036,0.507686,1.70634
33,0.144696,0.518955,1.71285
33,0.332403,0.391209,1.76816
33,0.288179,0.326952,1.73391
33,1.58288,-0.402634,4.8017
33,1.34078,-0.388922,4.3552
33,-0.396082,0.00877964,2.64407
33,-0.317825,-0.0593926,2.48287
33,-0.44655,-0.905448,5.65451
33,-0.427091,-1.07225,5.40811
33,0.172412,0.420836,1.6224
33,0.152293,0.402384,1.69355
33,0.220168,0.350134,1.97074
33,0.182187,0.266534,1.91026
33,0.0269272,0.415004,1.97287
33,-0.005357,0.428787,1.98692
33,-0.0163371,0.389171,2.00592
33,0.233907,0.363258,1.68328
33,-0.598078,-0.754828,4.87993
33,-0.678349,-1.25278,5.29931
33,-0.0130139,-0.878086,4.82672
33,-0.737873,-0.372642,4.75285
33,0.00720337,-0.30504,2.61742
33,-0.275768,-0.489179,4.4033
33,-0.855832,-0.367695,4.68974
33,-1.03569,-0.482265,4.81316
33,-0.0162463,0.49569,1.99478
33,-0.245199,0.0453984,2.30854
33,-0.631696,0.0982512,2.72842
33,0.126288,0.339418,1.85359
33,0.827511,-0.00485963,2.2838
33,0.233314,-0.596014,3.7221
33,0.754448,-0.596387,3.18293
33,-0.487489,0.0979237,2.56414
33,-0.463795,0.0453159,2.43952
33,-0.329443,-0.0518271,2.50954
33,-0.382136,-0.0688597,2.53254
33,-0.716662,-1.90933,5.20021
33,-0.783436,-1.90635,5.1921
33,-0.442448,-1.14133,5.60257
33,-0.365458,-1.20231,5.54595
33,0.306642,-0.373184,3.14335
33,0.333511,-0.443233,3.20404
33,1.1518,-0.286118,3.9218
33,0.983333,-0.249831,3.42442
33,1.29542,-1.02691,3.81616
33,-0.547537,-0.549952,4.63229
33,-0.649725,-0.684663,4.9493
33,-0.722193,-1.97637,4.78622
33,-0.632294,-1.98452,4.58802
33,-0.431056,-0.862136,5.45831
33,-0.483234,-0.929545,5.65117
33,-0.228368,0.0127401,2.31642
33,-0.224458,-0.0321343,2.27677
33,0.0264542,0.521125,2.10637
33,-0.0145879,0.51159,2.06783
33,0.131273,0.449743,1.68432
33,0.174009,0.391729,1.67171
33,0.143301,0.519497,1.69634
33,0.17662,0.508543,1.69679
33,0.135311,0.295394,1.8951
33,0.182291,0.266836,1.86864
33,1.29922,-0.39205,4.2352
33,1.27504,-0.483153,4.06964
33,0.808175,-0.00229488,2.21049
33,0.887504,-0.0697445,2.56508
33,-0.432844,0.0803517,2.53862
33,-0.817005,-0.506222,4.79171
33,-0.84216,-0.440339,4.75684
33,-0.755972,-0.577514,4.61055
33,-0.273743,-0.466025,4.15414
33,-0.420355,-0.396297,3.99865
33,-0.468208,-0.563834,4.74922
33,-0.00103488,0.430015,2.00273
33,0.0245411,0.36846,1.95404
33,-0.0143034,0.395565,2.02749
33,0.19097,0.381931,1.83465
33,0.210849,0.334463,1.90592
33,0.133622,0.340648,1.87144
33,-0.560702,-1.12143,5.68742
33,-0.435877,-1.23263,5.51936
33,-0.50585,-1.33509,5.49548
33,-0.572119,-0.732868,4.84025
33,-0.677884,-1.28473,5.43446
33,-0.00246272,-0.846123,4.76519
33,-0.310621,-0.826543,5.23297
33,-0.791348,-0.342669,4.31065
33,-0.4507,-1.85445,4.28731
33,-0.397526,0.0661633,2.63454
33,1.35339,-1.10836,3.83904
33,0.0498612,0.417628,1.94504
33,0.284171,0.328873,1.7441
33,0.229725,0.360617,1.67952
33,0.155231,0.566926,1.70556
33,0.0477213,0.290167,1.86156
33,1.84508,0.481146,3.53111
33,0.886977,-0.016599,2.19095
33,0.26163,0.308418,1.82551
33,1.64574,-0.247281,3.1107
33,0.993077,-0.124803,2.33968
33,0.467221,-0.410917,3.11779
33,0.734641,-0.596344,3.12813
33,-0.00134691,-0.292379,2.60625
33,-0.840014,-2.09868,5.33587
33,0.124605,0.446403,1.71377
33,0.163255,0.388605,1.69624
33,0.179138,0.515791,1.72098
33,0.1383,0.528026,1.71686
33,0.224859,0.362166,1.76184
33,0.255172,0.296149,1.78045
33,1.29859,-0.528624,4.01088
33,1.29365,-0.487548,4.19915
33,1.52523,-0.389683,4.59944
33,1.10606,-0.290824,3.7829
33,0.750172,0.0033311,2.11228
33,0.885975,-0.0760335,2.55102
33,-0.429995,-0.400763,3.99107
33,-0.629271,-0.454195,4.52317
33,-0.563483,-0.565863,4.56519
33,0.00424618,0.431825,2.02348
33,0.0347292,0.355353,1.95222
33,-0.0281402,0.39308,2.07026
33,0.186475,0.368256,1.79146
33,0.209947,0.32669,1.8756
33,0.138184,0.345943,1.90053
33,-0.491484,0.10771,2.63962
33,-0.4097,0.0664616,2.64642
33,-0.47777,0.0443096,2.56597
33,-1.33313,-1.42452,3.79862
33,-1.27974,-1.55776,3.9086
33,-0.656745,-1.73325,4.72065
33,-0.47553,-1.82832,4.41371
33,-0.321292,-0.86421,5.29607
33,-1.16198,-0.52343,3.54896
33,-1.54006,-0.873304,4.48857
33,-1.39205,-2.27233,5.59148
33,-1.35191,-1.77307,4.44886
33,-0.314618,0.0640138,2.54895
33,-0.237943,-0.033619,2.38196
33,-0.309909,-0.055136,2.5108
33,0.153129,0.573527,1.73224
33,0.290422,0.330481,1.74056
33,0.685486,-0.0816948,2.1698
33,-0.737931,-0.366681,4.32795
33,-0.725974,-0.588236,4.46319
33,-1.1117,-0.513065,5.10945
33,-0.28212,-0.478107,4.11785
33,-0.0119257,0.507956,2.07507
33,-0.791433,-1.87701,5.1122
33,-1.29132,-2.39867,6.3963
33,-0.801799,-2.0235,5.17915
33,-2.08053,-4.27328,10.7222
33,0.0504381,0.419887,1.96754
33,-0.478003,-0.847386,5.19297
33,-0.653027,-0.655473,4.69393
33,-0.458013,-1.229,5.43941
33,-0.663719,-1.25715,5.37727
33,-0.597839,0.0874109,2.65208
33,-0.38366,-0.0738636,2.47822
33,-0.563724,0.0244134,2.59091
33,0.45902,-0.400212,3.03657
33,0.32895,-0.441303,3.16023
33,0.699384,-0.568708,3.04584
33,-0.729608,0.0490607,2.8411
33,0.034111,0.288854,1.91748
33,-1.05696,-0.435913,3.30745
33,-0.0159328,-0.321879,2.77228
33,-1.06622,0.595762,3.4204
33,0.122813,0.285232,1.89343
33,0.868073,-0.0135287,2.1582
33,0.986434,-0.123587,2.31689
34,-1.15557,-0.182748,2.59954
34,-1.23238,-0.448066,3.43216
34,-0.484831,-1.82654,3.5165
34,-0.482327,-1.82765,3.53665
34,-0.48619,-1.84808,3.56191
34,-0.505315,-1.80531,3.58727
34,-0.515875,-1.81276,3.60342
34,-0.471406,-1.84841,3.59976
34,-0.537844,-1.80273,3.63126
34,-0.507676,-1.82537,3.63611
34,-0.495649,-1.89559,3.65276
34,-0.506692,-1.84573,3.6931
34,-0.748827,-2.00503,3.6388
34,-0.519365,-1.86128,3.73754
34,-0.503843,-1.94802,3.75165
34,-0.513507,-1.66386,3.89628
34,-0.852408,-1.80121,3.81419
34,-0.772485,-2.0194,3.80236
34,-0.520878,-1.67742,3.97085
34,-0.51983,-1.67927,3.99951
34,-0.53053,-1.68976,4.0091
34,-0.875761,-1.91521,3.87256
34,-0.824309,-2.10227,3.90443
34,-0.615191,-1.71048,4.15657
34,-0.615769,-1.63867,4.23675
34,-0.882323,-1.97892,4.0763
34,-0.921942,-2.15899,4.00664
34,-0.589833,-1.7699,4.28679
34,-0.621579,-1.70785,4.3967
34,-0.939894,-2.26477,4.15493
34,-0.601364,-1.72895,4.46193
34,-0.937622,-2.50521,4.15248
34,-0.767322,-1.92246,4.40326
34,-0.891054,-2.08178,4.33975
34,-0.920023,-2.29562,4.27436
34,-1.04827,-2.14772,4.33527
34,-0.934538,-2.61355,4.20527
34,-0.941711,-2.11998,4.38527
34,-1.06052,-2.27416,4.31175
34,-0.918916,-3.4156,3.93486
34,-0.916205,-3.33902,3.98092
34,-0.947756,-2.86242,4.14829
34,-0.957259,-2.53114,4.27692
34,-0.439111,-1.10049,4.88025
34,-0.924765,-2.3521,4.35286
34,-0.370166,-0.953886,4.96406
34,-0.972181,-2.0029,4.51105
34,-0.95082,-2.35593,4.39682
34,-0.645121,-1.81193,4.68773
34,-1.48873,-1.83455,4.59571
34,-1.14857,-2.43942,4.46675
34,-1.00413,-2.39605,4.5097
34,-1.30886,-2.2904,4.50758
34,-1.22085,-2.29295,4.52895
34,-1.0304,-2.47521,4.50478
34,-1.48826,-1.84975,4.65764
34,-1.2224,-2.296,4.54089
34,-1.31517,-2.28242,4.54253
34,-0.952898,-3.52529,4.15565
34,-0.944982,-2.09611,4.67926
34,-0.940969,-2.09088,4.68264
34,-0.871344,-2.09131,4.69941
34,-0.909734,-2.20636,4.66286
34,-1.00183,-3.01353,4.35875
34,-1.03543,-2.43668,4.56746
34,-1.32521,-2.29654,4.57999
34,-1.26507,-2.34101,4.60275
34,-1.40283,-1.93765,4.73877
34,-1.5623,-1.90618,4.72462
34,-0.959394,-2.10242,4.77472
34,-0.972674,-2.14435,4.76112
34,-1.27426,-2.33872,4.65027
34,-1.36865,-2.18701,4.69963
34,-1.31828,-2.24843,4.69282
34,-1.38799,-2.45379,4.60991
34,-1.48597,-1.91692,4.82957
34,-1.4482,-1.90843,4.84845
34,-0.856412,-2.33439,4.799
34,-1.45973,-2.37954,4.69675
34,-1.25828,-2.39398,4.72685
34,-1.45956,-2.35936,4.70916
34,-0.913951,-2.16648,4.8739
34,-1.39247,-2.01286,4.85717
34,-1.46103,-2.22108,4.80555
34,-0.877307,-2.28117,4.88174
34,-1.36874,-2.23519,4.82526
34,-0.954434,-2.32984,4.88966
34,-1.45052,-2.41419,4.78502
34,-1.95802,-0.803923,5.30483
34,-1.20761,-2.59061,4.78944
34,-1.47673,-2.26061,4.86927
34,-0.41275,-1.18576,5.42856
34,-1.34407,-2.44125,4.8282
34,-0.94391,-2.35865,4.93602
34,-1.40986,-2.0556,4.97468
34,-1.77681,-1.88201,4.97844
34,-1.55123,-2.37838,4.85306
34,-1.33403,-2.17875,4.96588
34,-1.06056,-2.35452,5.01151
34,-1.30959,-2.5131,4.94029
34,-1.7853,-1.94608,5.07649
34,-1.47581,-2.2965,5.00223
34,-1.81508,-1.91702,5.08925
34,-1.89039,-0.780574,5.48782
34,-1.0509,-2.31445,5.07706
34,-1.43875,-2.04624,5.11236
34,-1.50377,-2.07326,5.10875
34,-1.5948,-2.41231,4.99119
34,-1.576,-2.45488,5.01039
34,-0.43074,-1.26663,5.65337
34,-1.59082,-2.07185,5.19221
34,-1.49969,-2.5922,5.04883
34,-1.63618,-2.66314,5.02268
34,-1.46931,-2.15981,5.23342
34,-1.89907,-1.00998,5.5857
34,-1.88769,-1.00888,5.60178
34,-1.54035,-2.5837,5.10047
34,-1.91559,-1.07435,5.60198
34,-1.55615,-2.19117,5.36061
34,-1.91161,-1.99551,5.39726
34,-1.67078,-2.58608,5.23793
34,-1.69981,-2.74428,5.17989
34,-1.04384,-2.57281,5.387
34,-1.69742,-2.73979,5.25018
34,-1.59469,-2.40238,5.39178
34,-1.5311,-2.52323,5.66172
34,-2.0096,-0.88775,6.24767
34,-1.8249,-2.96555,5.58722
34,-1.52163,-2.53185,5.81135
34,-2.09204,-2.25877,5.86349
34,-1.0954,-2.6392,5.93704
34,-1.00356,-2.42213,6.26749
34,-0.43137,-1.19161,5.38435
33,-0.43137,-1.19161,5.38435
34,-1.40223,-0.622794,3.81863
33,-1.40223,-0.622794,3.81863
35,-1.39631,-0.0987628,2.53943
35,-1.50023,-0.102708,2.70454
35,-1.52111,-0.108162,2.80383
35,-1.6677,-0.206002,2.94252
35,-1.10595,-0.412599,3.12161
35,-1.98777,-0.238788,2.90477
35,-1.17304,-0.515968,3.1551
35,-1.20787,-0.397758,3.26053
35,-1.23124,-0.408764,3.3217
35,-1.83851,-0.195233,3.19679
35,-1.43972,-0.613619,3.86306
35,-0.566286,-0.310997,4.35449
35,-0.599565,-0.399424,4.3282
35,-1.46028,-0.660716,3.92117
35,-0.425646,-0.516217,4.43663
35,-1.08885,-1.9324,3.74514
35,-1.09735,-1.96313,3.80361
35,-1.04138,-1.96018,3.83887
35,-1.37012,-1.44912,3.88469
35,-1.07774,-1.96253,3.866
35,-1.2201,-2.03101,3.80998
35,-1.41179,-1.48494,3.94701
35,-1.25876,-2.06127,3.88921
35,-1.44222,-1.51929,4.03237
35,-1.17296,-1.99738,3.98628
35,-1.23845,-2.05439,3.95237
35,-1.15962,-1.89907,4.09868
35,-1.27364,-1.96756,4.03104
35,-1.13802,-1.81454,4.14425
35,-1.20797,-2.07703,4.02645
35,-1.12662,-1.81076,4.16101
35,-1.28219,-1.99426,4.04876
35,-1.17433,-1.91881,4.1291
35,-1.26806,-1.98624,4.06749
35,-1.25744,-2.03594,4.05661
35,-1.27258,-2.11224,4.03988
35,-1.19135,-1.93694,4.14366
35,-1.13586,-1.84026,4.21397
35,-1.13911,-1.86747,4.20792
35,-1.15164,-1.85344,4.21208
35,-1.26123,-1.93775,4.15358
35,-1.28047,-2.0734,4.10801
35,-1.07503,-1.76147,4.34705
35,-1.29323,-2.09308,4.15188
35,-1.2978,-1.95421,4.23063
35,-0.923925,-2.57478,4.18825
35,-1.07617,-1.78648,4.42812
35,-1.31453,-1.99153,4.26461
35,-1.20972,-1.9316,4.39128
35,-0.981712,-2.36617,4.3339
35,-0.987575,-2.34916,4.39594
35,-1.20626,-1.8879,4.47134
35,-1.59728,-0.837974,4.68559
35,-1.5866,-0.857896,4.68809
35,-1.01257,-2.35,4.45024
35,-1.12456,-1.85247,4.61392
35,-0.960162,-2.41326,4.52622
35,-1.20325,-1.93266,4.67916
35,-1.22678,-1.92666,4.76934
35,-1.01164,-2.13979,4.79797
35,-1.16799,-1.93806,4.81192
35,-1.14011,-1.96323,4.90806
35,-1.31806,-2.05414,4.88536
35,-1.05942,-2.204,4.94511
35,-1.46667,-2,4.8828
35,-1.14777,-2.06392,5.02548
35,-1.13571,-2.08131,5.08448
35,-1.35905,-2.09048,5.1784
35,-1.42464,-2.2038,5.45131
35,-1.57313,-2.419,5.96416
35,-1.16186,-2.52979,6.44432
35,-1.88022,-0.854594,5.75697
34,-1.88022,-0.854594,5.75697
35,-0.92975,-2.7661,3.99807
34,-0.92975,-2.7661,3.99807
35,-1.14439,-1.86779,4.60824
34,-1.14439,-1.86779,4.60824
35,-0.485595,-0.977066,5.37939
33,-0.485595,-0.977066,5.37939
35,-0.499136,-1.00567,5.10248
33,-0.499136,-1.00567,5.10248
35,-0.583314,-1.24498,5.75836
33,-0.583314,-1.24498,5.75836
35,-0.474583,-0.604225,3.89047
33,-0.474583,-0.604225,3.89047
35,-0.580669,-1.09088,4.63195
33,-0.580669,-1.09088,4.63195
36,-1.67264,-0.976567,1.84066
36,-0.814747,-0.796472,2.16603
36,-0.843398,-0.772467,2.16299
36,-0.853501,-0.806481,2.1723
36,-0.873818,-0.82801,2.20173
36,-0.675482,-0.752898,2.25399
36,-0.816728,-0.767284,2.21433
36,-0.668352,-0.80897,2.29346
36,-0.868911,-0.845995,2.2306
36,-0.843214,-0.758316,2.21109
36,-0.71998,-0.78274,2.27513
36,-0.851162,-0.782802,2.22652
36,-0.794163,-0.790592,2.25809
36,-0.670254,-0.751551,2.29633
36,-0.823565,-0.808087,2.25851
36,-0.755464,-0.746843,2.27174
36,-0.721503,-0.77779,2.30959
36,-0.765876,-0.772283,2.29026
36,-0.683733,-0.797488,2.33732
36,-0.714733,-0.803782,2.32943
36,-0.718322,-0.815452,2.34663
36,-0.759127,-0.803373,2.33882
36,-0.818112,-0.852444,2.33856
36,-0.710053,-0.836774,2.38724
36,-0.748955,-0.792006,2.36005
36,-0.933236,-0.827581,2.30117
36,-0.829493,-0.854239,2.35342
36,-0.779946,-0.820668,2.36368
36,-0.778117,-0.863942,2.39092
36,-0.710217,-0.828494,2.41418
36,-0.959021,-0.810472,2.31566
36,-0.765403,-0.801891,2.39266
36,-0.779495,-0.848608,2.41354
36,-1.44935,-1.17718,2.31689
36,-1.48381,-1.16401,2.30202
36,-1.57486,-0.879505,2.859
36,-1.44354,-1.04534,2.98752
36,-1.58584,-0.844087,2.87235
36,-1.58104,-0.838768,2.88479
36,-1.32904,-0.999593,3.04775
36,-1.33859,-0.997581,3.04496
36,-1.23218,-0.0973256,2.77266
36,-1.87131,-0.781382,2.79127
36,-1.84835,-0.760526,2.7952
36,-1.23419,-0.0728316,2.80164
36,-1.39599,-0.96928,3.07224
36,-1.34489,-0.980451,3.09863
36,-1.33955,-0.975538,3.11837
36,-1.40394,-0.97759,3.09895
36,-1.59203,-0.84226,2.97543
36,-1.6032,-0.834559,3.00454
36,-1.40386,-0.502378,2.96981
36,-1.3877,-0.973851,3.1599
36,-1.43516,-0.965376,3.15281
36,-1.43314,-0.961968,3.15927
36,-1.86157,-0.745794,2.96187
36,-2.02646,-0.757176,3.16463
36,-2.30925,-0.819951,3.13397
36,-2.07019,-0.727228,3.20292
36,-2.0797,-0.718119,3.20958
36,-2.09046,-0.715371,3.21933
36,-2.34557,-0.789359,3.19756
36,-2.11019,-0.698383,3.26607
36,-2.33743,-0.787506,3.22156
36,-2.23578,-0.760218,3.2943
36,-2.26472,-0.744691,3.29438
36,-2.37949,-0.776097,3.26498
36,-2.42889,-0.761369,3.33194
36,-2.43893,-0.751646,3.36509
36,-1.64506,-0.896608,4.22566
36,-0.936246,-2.0541,4.93796
36,-0.88913,-2.07245,5.06548
36,-0.983945,-2.05974,5.06732
36,-1.70649,-0.826772,4.40558
36,-1.50524,-0.680355,4.9596
36,-1.00899,-1.88917,4.83151
34,-1.00899,-1.88917,4.83151
37,-2.57103,-0.306244,3.61001
37,-2.60039,-0.351933,3.84503
37,-2.60782,-0.363682,3.90324
37,-3.9367,-1.50667,3.49573
37,-3.75024,-0.654359,3.77534
37,-3.9697,-0.587665,3.77153
37,-3.69766,-0.582413,3.88913
37,-3.7158,-0.610848,3.88672
37,-3.94885,-0.615115,3.83334
37,-4.13192,-0.551167,3.80597
37,-3.72435,-0.623774,3.91136
37,-3.75915,-0.671438,3.89277
37,-3.95402,-0.681147,3.84983
37,-4.11938,-0.627918,3.83764
38,-0.00655008,0.264946,1.96019
38,0.0727334,-0.19259,1.90104
38,-0.00912079,0.265678,1.95926
38,0.267241,0.259811,1.74676
38,-0.112635,0.162857,2.21293
38,-0.138626,0.1564,2.56471
38,-0.0132816,0.262398,1.96554
38,-0.0264406,0.251066,2.02407
38,0.0462989,0.292648,2.14155
38,0.0189605,0.274375,2.10496
38,-0.140453,0.228127,2.10691
38,-0.108609,0.204131,2.13383
38,-0.136431,0.266763,2.04657
38,-0.119548,0.259224,2.08983
38,-0.148974,0.244495,2.13381
38,-0.0948218,0.277169,2.1264
38,0.140098,-0.0695237,0.618369
38,0.267268,-0.229575,2.29991
38,0.0800932,-0.18299,1.83322
38,0.0530822,-0.195736,1.90087
38,0.419372,0.0920973,1.90403
38,0.468637,0.0710004,1.98558
38,0.130641,0.141158,1.34279
38,0.369559,0.211146,1.70223
38,0.316015,0.181304,1.67447
38,0.266692,0.263818,1.76746
38,0.249419,0.294017,1.88993
38,0.10707,0.239092,1.71018
38,0.0522035,0.261395,2.10733
38,0.12929,0.0640464,2.1746
38,0.0984979,-0.0721468,0.746351
38,1.05953,-0.988725,7.02183
38,1.00251,-0.998085,7.0883
38,-0.0379518,0.194374,2.34038
38,0.00993438,0.130228,1.69686
38,0.262433,-0.229893,2.45841
38,0.418201,-0.204139,2.04509
38,0.0836347,0.301452,2.06317
38,0.365497,0.249355,1.63601
38,-0.153802,0.214928,2.10776
38,0.267663,0.255079,1.72347
38,0.267727,0.275065,1.81218
38,0.258551,-0.229375,2.43643
38,0.0491528,0.293561,2.14823
38,0.0499369,0.273472,2.1825
38,-0.0147258,0.264844,1.99327
38,-0.0229,0.256856,2.0499
38,-0.0164517,0.194777,2.22688
38,-0.00796589,0.176589,2.21015
38,0.0303308,-0.185579,1.58825
38,-0.221698,-0.609845,3.67308
38,-0.266642,-0.631443,3.71843
38,-0.122628,-0.86217,4.66168
38,-0.145909,-0.780384,4.30759
38,0.171343,-1.24334,7.48859
38,0.115475,-1.25199,7.54073
38,-0.18189,-0.630271,3.71153
38,-0.665314,-0.528017,4.00077
38,0.000349365,-0.220342,1.94887
38,-0.107064,0.166288,2.18467
38,-0.129904,0.150061,2.46076
38,-0.0244751,0.216498,2.19089
38,-0.0339347,0.189889,2.26914
38,0.0163518,0.272485,2.11089
38,-0.112792,0.20305,2.13661
38,-0.151002,0.216055,2.10579
38,-0.127472,0.176734,2.11195
38,-0.119009,0.263585,2.1036
38,-0.13954,0.272957,2.05433
38,-0.0540634,0.24197,2.05521
38,-0.0782774,0.252605,2.07874
38,0.27502,-0.229268,2.34121
38,0.591813,-0.633506,6.00512
38,0.218966,-0.225261,1.99238
38,0.45914,0.0748684,1.95579
38,0.417483,0.0943433,1.90089
38,0.367425,0.209626,1.67297
38,0.139562,0.0473078,2.04387
38,0.107231,0.233476,1.66251
38,0.0958652,0.287415,1.94195
38,0.323521,0.184537,1.67506
38,0.365064,0.170117,1.72153
38,0.25227,0.295963,1.90244
38,0.0787318,0.306528,2.07109
38,0.405139,0.10026,1.87702
38,0.248835,-0.447869,3.12475
38,0.415312,-0.0996148,1.7691
38,0.0169946,0.233394,2.19388
38,-0.167732,0.2454,2.01945
38,-0.186316,0.218714,2.05589
38,-0.0892978,0.153584,2.3714
38,-0.0666806,-0.357143,2.96069
38,-0.170613,0.275905,1.96463
38,-0.0705104,0.300213,2.08164
38,0.17706,-0.076818,0.850132
38,0.180722,-0.0865448,0.883767
38,1.0414,-1.00951,7.23426
38,1.01096,-1.25205,7.21234
38,-0.0940988,0.268363,2.11617
38,-0.0833135,0.25515,2.08669
38,0.244668,0.314141,1.98075
38,0.248875,0.299391,1.94338
38,-0.121668,0.246605,2.09458
38,-0.141044,0.237694,2.09987
38,-0.280673,-0.676521,3.91412
38,-0.321507,-0.669773,3.97961
38,0.0322651,-0.199971,1.68954
38,0.00207025,-0.251744,2.21182
38,-0.0999323,-0.295785,2.82406
38,-0.648719,-0.512515,3.88331
38,-0.637273,-0.449502,3.5272
38,-0.0467222,0.204004,2.14665
38,-0.0278812,0.178947,2.19802
38,0.0214249,0.222694,2.13895
38,0.00201414,0.165413,2.15178
38,-0.143052,0.2024,2.12978
38,-0.135433,0.176056,2.16251
38,-0.137612,0.26912,2.04879
38,-0.0632377,0.241371,2.05013
38,0.267953,-0.243272,2.54317
38,0.0700299,-0.0794828,0.727347
38,0.259301,-0.218362,2.17932
38,0.355315,0.198504,1.62342
38,0.369208,0.183289,1.6869
38,0.0664707,0.312988,2.03164
38,0.077233,0.300524,2.07292
38,0.099183,0.215953,1.53773
38,0.101755,0.266191,1.8361
38,0.289533,0.181356,1.66911
38,0.358991,0.162623,1.71121
38,0.263323,0.238829,1.64736
38,0.0614261,0.266555,2.17996
38,0.109813,0.0533613,1.9815
38,0.726777,0.373387,2.65877
38,0.413371,0.093737,1.88868
38,0.46458,0.0705806,1.96001
38,1.06788,-1.03016,7.30302
38,0.251293,-0.442632,3.04006
38,1.40985,-0.536866,4.91286
38,1.31526,-0.503956,4.81161
38,1.48914,-0.627808,5.10834
38,1.2806,-0.585483,4.76395
38,0.408166,-0.104171,1.75564
38,1.66456,-0.291498,5.80043
38,-0.0982993,0.169938,2.21064
38,-0.0165161,0.266377,2.02791
38,-0.166387,0.25183,2.05954
38,-0.186965,0.216601,2.08042
38,-0.0930723,0.147447,2.33111
38,-0.114355,0.137001,2.33345
38,-0.16729,-0.7242,4.18997
38,-0.153164,-0.787426,4.32838
38,0.184379,-1.3128,7.80034
38,0.0516121,0.296729,2.1835
38,-0.0723678,0.296491,2.0451
38,0.184278,-0.0840253,0.878402
38,0.735224,0.129199,2.60319
38,0.352165,0.235687,1.57633
38,0.197206,0.0551583,2.04823
38,1.0386,-1.26699,7.33038
38,-0.124694,0.185462,2.18076
38,-0.136926,0.185939,2.18636
38,-0.633553,-0.485956,3.81325
38,-0.638584,-0.479319,3.60697
38,-0.2563,0.845494,2.29531
38,-0.290482,0.873059,2.37015
38,-0.131158,0.246567,2.09426
38,-0.119698,0.235059,2.09339
38,-0.198779,-0.734537,4.29491
38,-0.228401,-0.661392,3.99447
38,-0.0601107,-0.38511,3.15689
38,0.00574255,0.257031,2.08658
38,0.0058025,0.225254,2.10837
38,0.278352,0.55279,1.7923
38,0.252929,0.520563,1.68781
38,1.08062,-1.00046,6.9581
38,1.00036,-0.996039,6.92735
38,0.259829,0.234329,1.61632
38,0.266,0.267009,1.77503
38,1.47938,-0.619084,5.07486
38,1.562,-0.727637,5.25995
38,1.48104,-0.472546,4.98735
38,1.41488,-0.549474,4.94603
38,-0.112416,-0.243369,2.4289
38,-0.0957728,0.148351,2.3454
38,-0.142042,0.0988765,2.74578
38,0.0418739,0.293996,2.19269
38,-0.0277828,0.274051,2.04394
38,0.149117,-1.33543,7.8084
38,-0.0872952,-0.809054,4.58456
38,0.0754408,0.599187,1.84496
38,0.0541497,0.271756,2.20611
38,0.0758936,-0.0676658,0.714159
38,0.258407,-0.439823,3.05892
38,0.197224,0.0631996,2.06791
38,0.342916,0.170149,1.67817
38,0.395911,0.0963037,1.83943
38,0.465707,0.0600472,1.96477
38,1.6455,-0.288798,5.64471
38,-0.147475,0.553072,2.00581
38,-0.192105,0.555726,2.01543
38,-0.154919,-0.796447,4.37797
38,0.0504436,0.320337,2.05512
38,0.0966752,0.244878,1.68909
38,0.0926268,0.300685,1.99891
38,0.238176,0.302778,1.94247
38,0.0782925,-0.0669534,0.668216
38,0.303921,0.624314,1.89061
38,0.377376,-0.0944739,1.66883
38,-0.0728405,-0.257043,2.43307
38,0.0166533,0.150578,2.03077
38,-0.0294905,0.184511,2.16957
38,0.029778,-0.198715,1.5593
38,-0.0846566,0.25538,2.07318
38,1.31196,-0.513877,4.86416
38,1.25676,-0.580134,4.75557
38,-1.13592,-0.640313,5.02448
38,-0.0311749,0.157563,2.29349
38,-0.152863,0.267437,2.07909
38,-0.143752,0.202595,2.11165
38,-0.082213,0.291886,2.01333
38,1.34984,-0.812242,4.90553
38,0.287511,-0.511968,3.19723
38,0.11138,-0.173779,1.946
38,0.1875,-0.0869411,0.917594
38,0.377437,0.848897,2.27096
38,0.357877,0.580679,1.85004
38,0.7267,0.121473,2.58967
38,0.723383,0.366803,2.62888
38,0.350676,0.239031,1.58904
38,0.0895055,0.543122,1.93155
38,0.941364,-1.15859,6.77437
38,-0.320426,-0.693926,4.05745
38,0.379348,0.567561,1.80825
38,-0.186178,0.566521,2.02261
38,-0.0883519,0.143031,2.22299
38,-0.144531,0.104497,2.73626
38,-0.096839,-0.822716,4.8105
38,-0.179236,-0.830238,4.50969
38,0.0400311,0.217101,2.09619
38,-0.0295452,0.182486,2.1736
38,0.189757,0.0659908,2.0849
38,1.02774,-1.03889,7.17106
38,0.939681,-1.17494,6.87
38,0.224066,0.243693,1.56341
38,0.216548,0.300169,1.84821
38,0.460953,0.0604419,1.9096
38,0.352638,0.237454,1.59008
38,0.336122,0.208924,1.61057
38,0.760777,0.369412,2.7111
38,0.75404,0.137755,2.68709
38,1.49534,-0.461058,4.98067
38,1.51883,-0.699827,5.05891
38,1.0642,0.323812,2.62871
38,-0.092987,0.300031,2.00912
38,-0.0829415,0.257066,2.08686
38,1.59323,-0.28937,5.42483
38,1.30352,-0.440708,5.12262
38,-0.0704627,0.247515,2.12195
38,-0.125351,0.246326,2.11176
38,-0.127211,0.193937,2.14311
38,0.091529,0.659145,2.02279
38,0.107331,0.580511,2.07256
38,0.0941741,0.596551,2.08124
38,0.101521,0.29275,1.96036
38,0.052905,0.321686,2.06377
38,0.103274,0.227361,1.5922
38,0.0558462,0.268355,2.1785
38,0.153586,-0.0811834,0.560375
38,1.36337,-0.854628,4.64217
38,0.649804,-0.40548,2.37088
38,1.34298,-0.49409,4.67687
38,1.43417,-0.611674,4.88325
38,-0.151906,0.272045,2.09716
38,-0.195889,0.220407,2.12811
38,-0.0139257,0.630329,1.97396
38,0.151621,-1.35786,7.93951
38,0.252366,-0.224434,2.42449
38,0.322083,0.631731,1.90053
38,0.363841,0.562938,1.79977
38,0.250236,0.522299,1.66984
38,1.02311,0.299627,2.56871
38,0.254684,0.22321,1.56313
38,1.6773,-0.1952,4.84776
38,1.72584,-0.464217,5.39588
38,1.80379,-0.58573,4.93365
38,0.0995814,0.153564,1.39468
38,-0.0283481,0.284173,2.08554
38,1.15669,0.1057,2.76777
38,0.217061,-0.183605,1.85258
38,0.264833,-0.454176,3.13499
38,3.54666,-1.69223,9.53028
38,-0.164997,0.489996,1.92956
38,-0.323388,-0.70034,4.09496
38,-0.652147,-0.504101,3.82482
38,1.40461,-0.583955,3.41444
38,-0.129731,0.204701,2.13845
38,-0.0847103,0.146795,2.28149
38,-2.17511,-2.23205,6.80636
38,-0.937732,0.973284,3.08588
38,-0.873278,0.819004,2.73267
38,-0.669984,-0.517889,3.92944
38,-0.0106954,0.586963,1.86102
38,-0.130535,0.100841,2.4713
38,0.197012,-0.175206,1.89269
38,0.225713,0.224934,1.49316
38,0.826308,-1.04316,6.09944
38,0.755388,0.368426,2.73006
38,0.327441,0.218567,1.53061
38,1.4131,-0.676509,4.58686
38,1.29586,-0.827536,4.43205
38,1.03414,0.306625,2.57106
38,-2.31181,-1.70614,7.06081
38,-2.18009,-1.92237,6.65851
38,-2.78846,-1.58954,10.233
38,-0.937708,-0.420065,3.00814
38,-0.157576,0.262305,2.06367
38,-0.215522,0.223452,2.15751
38,-0.179976,0.539981,1.95524
38,0.104124,0.684486,2.11755
38,0.119822,0.580374,2.1015
38,0.788482,0.134815,2.77109
38,0.363546,0.0826755,1.69938
38,0.126253,-1.21378,7.09707
38,-0.115655,-0.922641,5.39477
38,-0.166829,-0.83895,4.49318
38,0.304636,0.604489,1.82575
38,0.224479,0.48172,1.56629
38,1.5751,-0.211105,4.64005
38,1.48588,-0.271081,5.08195
38,1.69518,-0.542215,4.66999
38,1.41452,-0.436139,4.71147
38,0.0549585,0.255679,2.14388
38,1.48208,-0.36977,5.35643
38,-0.0286401,0.284347,2.10703
38,-0.0776985,0.249569,2.09264
38,-0.028792,0.169525,2.1182
38,1.1182,0.111269,2.72687
38,0.193361,0.0504548,2.00905
38,0.284557,-0.474764,3.21899
38,1.21276,-0.749615,4.38307
38,-0.158234,0.474753,1.87921
38,-0.320115,-0.716996,4.19234
38,2.39023,-1.12902,6.31192
39,0.113975,0.0975042,0.580629
39,0.0920083,-0.056666,0.846913
39,0.112862,-0.0568544,0.876451
39,0.112234,-0.0562328,0.877068
39,0.239274,0.154856,1.4173
39,0.107368,0.157729,1.45968
39,0.0944356,0.142413,1.49961
39,0.102631,0.159783,1.5173
39,0.11419,0.163113,1.51724
39,0.105536,0.141485,1.53319
39,0.122357,0.165404,1.54006
39,0.278167,0.178249,1.6331
39,0.11003,0.244391,1.65768
39,0.264792,0.257298,1.66268
39,0.321614,0.169071,1.66026
39,0.33222,0.186237,1.70456
39,0.221078,0.51071,1.75012
39,0.0340533,-0.206315,1.7406
39,0.312596,0.201676,1.74756
39,0.37841,0.217445,1.7406
39,0.39338,0.215786,1.75106
39,0.0530385,0.186478,1.80978
39,0.537892,0.263712,1.77301
39,0.352476,0.161373,1.83989
39,0.432252,-0.05476,1.82025
39,0.436129,-0.0599596,1.82879
39,0.445684,-0.0601835,1.83438
39,0.399597,0.179531,1.8994
39,0.720452,0.306903,1.8701
39,0.383189,0.165207,1.90782
39,0.454641,-0.0538214,1.89224
39,0.147026,0.113395,1.94123
39,0.457554,-0.0644415,1.89813
39,0.0914987,0.0556155,1.95343
39,0.424338,-0.165201,1.92188
39,0.124043,-0.175385,1.9635
39,-0.0921692,-0.194552,1.9965
39,0.161068,0.118477,1.99692
39,0.428658,0.0987425,1.96334
39,-0.0703228,-0.203627,2.01079
39,0.405202,-0.113799,1.95776
39,-0.091225,-0.192908,2.02362
39,0.161128,0.117521,2.02258
39,0.102287,0.0566063,2.02673
39,0.0984708,-0.189872,2.02335
39,0.437274,0.0252323,1.99343
39,0.474022,0.069834,1.99307
39,0.440392,0.0259521,1.99628
39,0.437586,0.0864216,2.00519
39,0.476871,0.0613378,2.00365
39,0.445368,0.0294093,2.01046
39,0.487316,0.0615913,2.00964
39,0.47694,0.061411,2.0111
39,0.112248,0.0655585,2.06032
39,0.449952,-0.242863,2.0041
39,0.454328,0.0347685,2.01871
39,0.45525,0.03843,2.02299
39,0.45521,0.0420908,2.02318
39,0.142606,0.0705865,2.07374
39,0.143079,0.0579254,2.07787
39,0.439095,-0.135493,2.03325
39,0.124371,0.0644174,2.08686
39,0.43073,-0.12728,2.05811
39,0.147155,0.05614,2.10506
39,0.170231,0.110642,2.11079
39,0.167475,0.108433,2.11357
39,0.167438,0.112192,2.11382
39,0.167424,0.121003,2.11531
39,0.144593,0.0471831,2.11826
39,0.198598,0.0571924,2.11422
39,0.191222,0.0828051,2.12088
39,0.305054,-0.187048,2.0943
39,0.181318,0.0660728,2.12621
39,0.807506,0.332077,2.06296
39,0.192414,0.0681314,2.12795
39,0.462952,-0.252997,2.08154
39,0.433445,-0.205126,2.09426
39,0.196101,-0.00383922,2.14104
39,0.154663,0.697971,2.18887
39,0.195669,-0.00890112,2.14987
39,0.20359,-0.0068548,2.16319
39,0.229668,-0.20959,2.14971
39,0.110867,-0.212028,2.1698
39,0.832615,0.339162,2.12368
39,0.00388895,-0.256867,2.20841
39,0.217535,-0.0172906,2.19975
39,0.312379,0.0697117,2.20472
39,0.302977,0.0714585,2.20652
39,0.0986208,-0.230561,2.22741
39,0.321469,0.0797559,2.2238
39,0.229102,-0.0184437,2.24986
39,0.4645,-0.140008,2.25258
39,-0.122646,0.0848534,2.42088
39,0.951943,0.525847,2.34929
39,0.986061,0.535958,2.39202
39,-0.0724166,-0.30481,2.48742
39,0.687349,0.134283,2.41737
39,0.685997,0.130995,2.42972
39,0.680232,0.146052,2.4376
39,0.681592,0.360285,2.48852
39,0.699365,0.137461,2.47559
39,0.680259,0.408758,2.49266
39,0.690763,0.429015,2.52307
39,0.724922,0.528342,2.70109
39,1.05812,0.423195,2.6587
39,1.104,0.604967,2.72194
39,1.10481,0.337651,2.73266
39,0.86486,0.478546,2.82445
39,1.14662,0.106529,2.78194
39,1.14669,0.357566,2.83923
39,0.794892,0.567665,2.91366
39,1.16435,0.104087,2.85324
39,1.20307,0.114604,2.876
39,1.17673,-0.487945,2.91108
39,1.44486,-1.21006,2.88339
39,1.47609,-1.23064,2.9191
39,1.54172,-1.22167,2.94944
39,0.318151,-0.498128,3.39585
39,0.33208,-0.500387,3.40955
39,0.33436,-0.504145,3.43265
39,0.328993,-0.509392,3.46502
39,-0.192034,-0.603342,3.74695
39,1.51506,-0.643684,3.74274
39,1.75828,-0.717542,4.23763
39,1.14814,-0.787137,4.52322
39,1.16656,-0.779634,4.59627
39,1.22124,-0.447118,4.70269
39,1.25715,-0.763973,4.79219
39,1.25399,-0.384564,4.83349
39,1.29337,-0.580268,4.84679
39,1.28077,-0.782206,4.84427
39,1.29246,-0.572435,4.87238
39,1.45831,-0.232704,4.87559
39,1.28254,-0.78514,4.87217
39,1.31965,-0.502059,4.90916
39,1.77062,-0.100098,4.8875
39,1.32618,-0.373081,4.93354
39,1.76792,-0.0848856,4.89902
39,1.31335,-0.358617,4.9467
39,1.37016,-0.595633,4.95571
39,1.35658,-0.518555,4.97221
39,1.72858,-0.0870281,4.95212
39,1.37279,-0.318797,4.98576
39,1.34029,-0.378465,4.99684
39,1.74868,-0.213802,4.95812
39,1.36998,-0.836609,4.99127
39,1.7965,-0.18314,4.99555
39,1.79233,-0.183959,5.01133
39,1.53126,-0.99494,5.00633
39,1.42678,-0.558794,5.04426
39,1.78284,-0.207986,5.02717
39,1.39605,-0.83401,5.04598
39,1.45174,-0.542483,5.09824
39,1.48999,-0.483683,5.09764
39,1.50228,-0.40241,5.10593
39,1.40035,-0.859242,5.09949
39,1.38976,-0.40552,5.13239
39,1.56308,-0.932377,5.11579
39,1.62435,-0.125132,5.15552
39,1.50922,-0.372759,5.17284
39,1.57999,-0.954005,5.15313
39,1.57071,-0.936851,5.15763
39,1.55562,-0.505452,5.19355
39,1.3924,-0.409619,5.2863
39,1.56085,-0.918747,5.23996
39,1.92729,-0.596073,5.22355
39,1.59578,-0.948809,5.27286
39,1.55953,-0.389779,5.34171
39,1.95527,-0.911367,5.28204
39,1.94801,-0.937099,5.28324
39,1.96232,-0.619796,5.34817
39,1.93298,-0.620361,5.35217
39,0.521364,-2.4663,5.44313
39,1.99542,-0.619641,5.41416
39,2.02216,-0.956291,5.41139
39,1.61193,-0.902097,5.53449
39,1.71971,-0.513973,5.56372
39,0.509147,-2.72896,5.67991
39,1.6569,-0.69248,5.64415
39,1.63869,-0.326779,5.67847
39,1.62796,-0.26512,5.7372
39,1.64866,-0.789174,5.73511
39,1.77527,-0.529344,5.75264
39,1.71812,-0.775331,5.76698
39,1.72364,-0.577036,5.81605
39,0.550571,-2.72302,5.99131
39,0.840498,-1.04596,6.07795
39,1.79817,-0.738257,6.05118
39,0.911914,-0.953797,6.1918
39,0.892042,-0.985678,6.2139
39,0.892505,-1.01396,6.21346
39,0.480777,-2.94929,6.30088
39,0.235039,0.27275,1.76207
38,0.235039,0.27275,1.76207
40,0.0951208,0.0944777,0.759864
40,0.099231,0.0904748,0.874796
40,0.103412,0.0885078,0.897269
40,0.190592,0.433095,1.43427
40,0.252558,0.177272,1.49653
40,0.947209,0.556628,1.39121
40,0.0801961,0.466274,1.62219
40,0.082045,0.463553,1.63155
40,0.261552,0.531624,1.58893
40,1.06413,0.0515968,1.40582
40,1.032,0.0793924,1.41945
40,0.0739936,0.536803,1.65367
40,1.081,0.0887233,1.42491
40,0.243666,0.279705,1.73987
40,0.32014,0.567611,1.75688
40,0.316721,0.589471,1.76664
40,0.10387,0.0691315,1.83972
40,0.321615,0.609455,1.80884
40,0.175791,0.0633042,1.89291
40,0.448414,0.0632294,1.86964
40,0.451379,0.0312587,1.88027
40,0.384777,0.590492,1.92511
40,1.352,-0.504978,1.76625
40,0.357665,0.758687,2.08268
40,0.535206,-0.261444,2.08862
40,0.113304,0.875761,2.20649
40,0.393566,0.821129,2.2133
40,0.663581,0.0237228,2.20973
40,0.42018,0.845627,2.29987
40,0.682146,-0.270701,2.40739
40,0.718068,0.161233,2.51215
40,0.724759,0.161851,2.53725
40,0.738229,0.450477,2.63745
40,0.233448,0.889663,2.80901
40,0.774837,-0.256331,2.99591
40,1.21293,-0.134362,3.74049
40,1.27172,-0.312681,4.04588
40,1.18256,-0.715832,4.12721
40,1.2786,-0.774067,4.4044
40,1.38785,-0.345748,4.39678
40,1.3153,-0.533518,4.5274
40,1.57058,-0.0441899,4.57802
40,0.14198,-0.728377,5.17908
40,1.9835,1.75965,4.77962
40,1.4405,-0.242784,4.9888
40,1.42944,-0.413192,5.35435
40,0.329646,0.144428,1.79629
38,0.329646,0.144428,1.79629
40,0.116422,0.519705,1.5905
38,0.116422,0.519705,1.5905
41,0.0732728,0.197035,0.751045
41,0.0722672,0.148849,0.900572
41,0.0648283,0.23146,0.94157
41,0.0810073,0.251856,1.42036
41,0.206944,0.470244,1.46494
41,0.294683,0.304718,1.44699
41,0.08975,0.253926,1.53377
41,0.108957,0.655828,1.53639
41,0.0618354,0.463356,1.56551
41,0.214922,0.484538,1.52516
41,0.178351,0.468581,1.54326
41,0.335069,0.0585507,1.65334
41,0.640045,0.67189,1.79915
41,0.196402,0.713227,1.96446
41,0.270576,-0.18508,1.99929
41,0.437036,0.0446326,1.95967
41,-0.0767486,0.0103019,2.10829
41,-0.126346,0.231643,2.31649
41,0.791638,0.785501,2.11272
41,1.32693,0.797861,2.00715
41,-0.0982562,0.155012,2.42894
41,0.631667,-0.277192,2.3654
41,0.701001,-0.25724,2.56887
41,0.745397,0.398317,2.63694
41,0.114407,0.346143,2.82091
41,0.685611,-0.249613,2.7111
41,0.786547,0.16908,2.71022
41,0.912553,-0.220656,2.71573
41,0.793453,0.407166,2.77323
41,0.532541,1.18978,2.86098
41,0.820412,0.162081,2.80527
41,0.786965,0.467033,2.81902
41,0.824048,0.164295,2.823
41,0.845231,0.149752,2.83864
41,0.833677,0.48774,2.94868
41,0.946221,-0.24427,3.33397
41,0.896653,-0.466003,3.65815
41,1.67964,-0.69272,4.043
41,1.19445,-0.554443,4.3926
41,1.11767,-0.571436,4.50968
41,0.245006,0.290137,1.77202
39,0.245006,0.290137,1.77202
41,0.0278697,0.510325,1.80248
39,0.0278697,0.510325,1.80248
41,0.2819,0.0696236,2.06519
39,0.2819,0.0696236,2.06519
41,0.195175,0.0612286,2.13101
39,0.195175,0.0612286,2.13101
41,0.185837,0.101373,2.04276
38,0.185837,0.101373,2.04276
41,0.189312,-0.0174498,2.13636
38,0.189312,-0.0174498,2.13636
41,0.218723,-0.117084,2.07103
38,0.218723,-0.117084,2.07103
42,-0.0789047,0.18569,0.76876
42,-0.084895,0.173901,0.826353
42,-0.0554994,0.212034,0.927258
42,0.0425778,0.256025,1.55997
42,0.129343,0.471724,1.55854
42,0.045168,0.260258,1.58155
42,0.175339,0.261055,1.54146
42,0.184307,0.260136,1.56483
42,0.247209,0.496716,1.57996
42,0.163122,0.611913,1.64595
42,0.259204,0.0649769,1.63059
42,0.136909,-0.106019,1.68334
42,0.0613368,0.582416,1.77235
42,0.295032,0.0565692,1.70215
42,0.0684303,0.0895957,1.82817
42,0.415192,0.10728,1.73419
42,0.424567,0.105318,1.74583
42,-0.0142104,0.268704,1.89732
42,-0.0214999,0.270561,1.902
42,0.0858753,0.294131,1.89396
42,0.119081,0.097819,1.87923
42,0.0897274,0.286332,1.89752
42,0.39178,0.562468,1.83014
42,0.097388,0.0741541,1.91843
42,0.34854,0.0496324,1.84089
42,0.113207,0.0951138,1.95654
42,0.367083,0.047211,1.8756
42,0.62282,0.665313,1.82551
42,0.375067,-0.0937726,1.87424
42,-0.0567361,0.217393,2.04465
42,0.332307,0.218504,1.94416
42,0.209735,-0.172536,1.96817
42,0.103152,0.0918289,2.05502
42,-0.185586,-0.182847,2.13764
42,0.245431,-0.15797,2.01025
42,0.454596,0.0435381,1.96695
42,0.230238,-0.193203,2.06355
42,0.255213,-0.201125,2.11428
42,0.280988,0.0811296,2.1187
42,0.492147,0.633478,2.08092
42,0.232223,-0.22152,2.1816
42,0.340805,0.302011,2.17968
42,0.324366,0.060658,2.30086
42,0.500211,0.714143,2.28556
42,0.517328,-0.17715,2.25122
42,0.33111,0.0541238,2.33979
42,0.833111,0.374077,2.22568
42,0.559235,-0.179594,2.33047
42,0.671056,0.359219,2.34551
42,0.681399,0.358994,2.35829
42,0.535578,-0.193903,2.41186
42,0.591124,-0.198784,2.40802
42,0.599479,-0.200298,2.41272
42,0.71293,0.370559,2.41304
42,0.586351,-0.31595,2.43196
42,0.649466,-0.206813,2.42362
42,0.65238,-0.208816,2.43522
42,0.719138,0.35423,2.45158
42,0.653097,-0.19602,2.45199
42,0.953824,0.119304,2.37876
42,0.977912,0.118099,2.4252
42,0.773596,0.16439,2.58581
42,0.779924,-0.0337463,2.59452
42,-0.207563,-0.188593,2.92633
42,0.806283,-0.220902,2.60227
42,0.708534,0.798751,2.69687
42,0.59486,-0.347897,2.70273
42,0.82625,0.148019,2.65026
42,0.803547,0.164119,2.66137
42,0.597066,-0.345426,2.70831
42,0.691038,-0.281832,2.75905
42,-0.116736,0.329191,3.0741
42,0.702678,-0.305932,2.81696
42,0.288349,-0.532178,3.69878
42,1.15443,-0.335704,3.609
42,1.55186,-0.507632,4.11297
42,1.40822,-1.18956,4.32134
42,1.68249,-0.186375,4.43983
42,1.74332,-0.535965,4.48237
42,1.88853,-0.130211,4.82138
42,0.203866,0.216519,2.06628
39,0.203866,0.216519,2.06628
42,0.0997718,-0.241594,2.34356
39,0.0997718,-0.241594,2.34356
42,0.402652,0.159422,2.14183
39,0.402652,0.159422,2.14183
42,0.109443,0.27552,1.86558
39,0.109443,0.27552,1.86558
42,0.142949,0.0682598,2.00751
39,0.142949,0.0682598,2.00751
42,0.293671,0.282814,1.93142
38,0.293671,0.282814,1.93142
42,0.162261,0.120186,2.03478
38,0.162261,0.120186,2.03478
42,1.05391,0.550736,2.5558
40,1.05391,0.550736,2.5558
42,1.08046,0.563037,2.61282
40,1.08046,0.563037,2.61282
42,0.395358,0.163985,2.13567
40,0.395358,0.163985,2.13567
42,0.137019,0.713432,1.95216
40,0.137019,0.713432,1.95216
42,0.445419,0.684276,1.89744
40,0.445419,0.684276,1.89744
42,1.2997,0.70916,2.18607
40,1.2997,0.70916,2.18607
42,1.48362,0.796423,2.46748
40,1.48362,0.796423,2.46748
42,0.50339,0.177119,2.2625
40,0.50339,0.177119,2.2625
42,0.181197,0.553621,1.89122
40,0.181197,0.553621,1.89122
42,0.436358,0.670375,1.86568
40,0.436358,0.670375,1.86568
42,-0.089416,-0.391232,3.21194
40,-0.089416,-0.391232,3.21194
42,0.19134,0.572104,1.97351
40,0.19134,0.572104,1.97351
42,1.42422,0.705136,2.38902
40,1.42422,0.705136,2.38902
43,-0.145492,0.207321,0.749423
43,-0.124215,0.212373,0.853318
43,-0.111,0.235305,0.884199
43,-0.00376967,0.264557,1.42506
43,0.134639,0.488148,1.50806
43,0.14259,0.250114,1.49716
43,0.337458,0.29977,1.57432
43,-0.159412,-0.0194327,1.73919
43,0.0777095,0.274692,1.79263
43,-0.0152183,0.261171,1.85266
43,0.25056,0.268029,1.77149
43,0.0787912,0.289416,1.84499
43,0.0988174,0.0922857,1.81733
43,0.0488464,-0.120448,1.81954
43,-0.0190486,0.258202,1.89376
43,0.0959132,0.0928252,1.84381
43,0.0928842,0.278232,1.86701
43,0.264556,0.279329,1.8311
43,0.0198678,-0.148084,1.86107
43,-0.0424507,0.218147,1.93913
43,0.101704,0.278782,1.90294
43,-0.155669,-0.0531326,1.94649
43,-0.0552607,0.211392,1.94809
43,0.210632,-0.133699,1.84009
43,0.405759,0.587766,1.87803
43,0.094318,0.0723313,1.93123
43,0.432841,0.333388,1.87282
43,-0.0673575,0.20167,2.01759
43,0.175632,-0.169923,1.89865
43,0.103464,0.0695153,1.94961
43,0.199727,-0.160181,1.89316
43,0.441405,0.287305,1.87352
43,-0.0656453,0.197252,2.02005
43,0.198016,-0.162976,1.89869
43,-0.0836805,0.19313,2.02822
43,0.0518878,-0.170333,1.94779
43,0.112348,0.0836822,1.9616
43,-0.0782504,0.190034,2.0358
43,-0.037598,0.285335,2.03877
43,0.407812,-0.0808176,1.86008
43,0.221173,-0.169741,1.92155
43,0.416473,-0.052107,1.89651
43,0.10851,0.0647134,2.00839
43,-0.117292,0.236121,2.12724
43,-0.104594,0.166562,2.12572
43,0.20489,-0.193873,1.98764
43,-0.0780347,0.251182,2.12916
43,0.470885,0.594559,2.01116
43,0.114969,0.0813161,2.07375
43,-0.126965,0.205561,2.1898
43,0.148296,0.281457,2.13044
43,-0.136948,0.254234,2.22962
43,-0.011297,0.294237,2.19999
43,0.138732,0.306764,2.15576
43,0.51696,0.299163,2.03775
43,-0.122507,0.202242,2.23251
43,0.427961,-0.169606,2.07898
43,-0.130441,0.253384,2.33031
43,0.156233,0.317729,2.25098
43,0.271404,-0.216769,2.15461
43,0.0775519,-0.238544,2.22248
43,0.467681,-0.245949,2.16009
43,0.391175,0.310938,2.25586
43,0.115528,-0.290963,2.41156
43,-0.100166,-0.265818,2.51323
43,0.127814,-0.307191,2.47785
43,0.357598,-0.283532,2.41934
43,0.526703,-0.285089,2.38986
43,-0.0912606,-0.296127,2.60291
43,0.442145,0.0175377,2.6433
43,-0.138851,-0.21673,2.82956
43,0.621217,-0.347682,2.59573
43,0.834707,0.150537,2.65346
43,0.851477,0.157207,2.72132
43,0.691385,-0.454483,2.74891
43,0.479834,-0.140005,3.01092
43,0.483262,-0.13795,3.01343
43,2.12816,-1.82014,3.6528
43,2.13303,-1.82835,3.70185
43,1.8563,-0.792315,4.30358
43,1.97772,-0.84314,4.49797
43,2.54602,-0.104584,4.92616
43,1.95914,-7.36218,13.7286
43,0.176929,0.107603,2.17127
39,0.176929,0.107603,2.17127
43,0.17203,0.111607,2.16558
39,0.17203,0.111607,2.16558
43,0.17963,0.118855,2.20313
39,0.17963,0.118855,2.20313
43,0.183317,0.18195,2.06092
39,0.183317,0.18195,2.06092
43,0.176361,0.114763,2.18024
39,0.176361,0.114763,2.18024
43,0.194233,0.0701825,2.13717
39,0.194233,0.0701825,2.13717
43,1.28596,-1.18398,4.01512
39,1.28596,-1.18398,4.01512
43,0.13723,0.453931,1.92176
39,0.13723,0.453931,1.92176
43,0.113689,0.277773,1.93912
38,0.113689,0.277773,1.93912
43,-0.0657426,0.538208,1.92408
38,-0.0657426,0.538208,1.92408
43,0.187371,-0.0212537,2.11109
40,0.187371,-0.0212537,2.11109
43,0.143167,0.500427,1.93816
40,0.143167,0.500427,1.93816
43,0.362945,0.0839745,2.07554
40,0.362945,0.0839745,2.07554
43,-0.0293479,0.219405,1.93499
41,-0.0293479,0.219405,1.93499
43,1.07481,0.000587608,2.59831
41,1.07481,0.000587608,2.59831
43,1.01543,0.0800493,2.50178
41,1.01543,0.0800493,2.50178
43,0.0593758,0.577527,2.06252
41,0.0593758,0.577527,2.06252
43,0.365184,0.0850537,2.08202
41,0.365184,0.0850537,2.08202
43,0.149568,0.564882,1.99234
41,0.149568,0.564882,1.99234
43,1.10001,0.578263,2.54539
41,1.10001,0.578263,2.54539
43,0.178181,0.117422,2.20573
41,0.178181,0.117422,2.20573
43,0.340338,0.500271,1.86968
41,0.340338,0.500271,1.86968
44,-0.327526,0.242863,0.59832
44,-0.316397,0.169549,0.623678
44,-0.193614,0.260789,0.926134
44,-0.19645,0.186661,0.95097
44,-0.237031,0.225025,0.998213
44,-0.184994,0.169865,1.03094
44,-0.202743,0.424981,1.35976
44,-0.0271222,0.261623,1.52969
44,0.108475,0.278216,1.5251
44,-0.237234,0.323094,1.63603
44,0.168555,0.176051,1.53411
44,-0.145448,0.276063,1.66094
44,-0.225516,0.312722,1.69787
44,0.136363,0.501188,1.64199
44,-0.0914307,0.261893,1.68073
44,-0.176895,0.258356,1.71771
44,-0.241044,0.327091,1.74833
44,-0.206903,0.433977,1.75541
44,-0.0175844,0.206093,1.6674
44,-0.0752701,0.254851,1.69298
44,-0.0707256,0.256445,1.70866
44,-0.202152,0.448473,1.8073
44,-0.0283662,-0.101559,1.69429
44,0.0480794,0.512946,1.77155
44,-0.226286,0.333615,1.82871
44,-0.0678561,0.268494,1.78608
44,-0.188186,0.505093,1.86563
44,-0.0286613,0.585131,1.83865
44,-0.2046,0.488857,1.88002
44,-0.191026,0.577834,1.8899
44,0.270099,0.60171,1.76025
44,-0.184666,0.520031,1.88664
44,0.0101593,0.251176,1.79336
44,-0.188331,0.524064,1.89423
44,-0.210556,0.32072,1.87097
44,-0.0184174,-0.123899,1.74931
44,-0.177286,0.273895,1.86239
44,-0.184972,0.281672,1.86733
44,0.0235926,0.096049,1.80702
44,-0.212919,0.538468,1.94713
44,-0.0771582,0.244104,1.87568
44,-0.206024,0.329821,1.9491
44,-0.135523,0.209297,1.91511
44,-0.0668467,0.242055,1.92336
44,-0.16506,0.246691,1.95823
44,-0.168049,0.249335,1.97927
44,0.0629986,0.199098,1.91418
44,0.0968338,0.277479,1.92997
44,-0.0921513,0.242644,1.98084
44,-0.120624,0.204114,1.98397
44,0.450789,0.307073,1.8358
44,-0.0516687,0.236981,1.98665
44,0.0757276,0.0895348,1.93553
44,0.419515,0.604371,1.91382
44,0.121394,0.0796773,1.933
44,-0.150317,0.204271,2.03612
44,-0.12325,0.229297,2.03517
44,-0.144241,0.206277,2.03886
44,0.385447,-0.130802,1.83298
44,-0.146887,0.208699,2.04677
44,0.390022,-0.131593,1.83589
44,-0.0490623,0.205795,2.02263
44,0.121774,0.088455,1.955
44,0.12393,0.0922159,1.95765
44,-0.115611,0.229387,2.05011
44,0.379648,-0.15989,1.84386
44,-0.1071,0.263049,2.06397
44,0.472617,0.285682,1.89571
44,-0.072171,0.240121,2.06062
44,0.385122,-0.106386,1.87238
44,-0.137109,0.201004,2.07492
44,0.473724,0.290388,1.92476
44,-0.120544,0.160943,2.09122
44,-0.0898243,0.202115,2.1008
44,-0.0969929,0.146821,2.09975
44,-0.139364,0.146473,2.11449
44,-0.0877237,0.146689,2.10049
44,-0.142355,0.153743,2.12092
44,0.491087,0.293198,1.96133
44,-0.0361289,0.251887,2.11572
44,-0.115687,0.163101,2.12983
44,-0.148308,0.161453,2.13943
44,-0.135985,0.149799,2.13683
44,-0.0221568,0.206714,2.12989
44,-0.130187,0.140449,2.1588
44,0.460108,0.0630011,1.97716
44,-0.212687,0.601253,2.26084
44,0.111728,0.238801,2.11852
44,0.455684,0.059928,2.00231
44,0.527775,0.302318,2.01936
44,0.263628,0.689265,2.20512
44,-0.0177244,0.252047,2.22656
44,-0.120985,0.0853472,2.23727
44,-0.100123,0.0771509,2.24416
44,0.133592,0.0582897,2.19714
44,0.556293,0.289092,2.12242
44,-0.0186961,0.24213,2.30143
44,0.174232,0.233872,2.27903
44,0.189405,0.30178,2.28915
44,0.103093,0.22188,2.33731
44,0.303086,-0.255882,2.27722
44,0.219174,0.0274826,2.47626
44,-0.107691,-0.233686,2.62978
44,0.361092,0.0546385,2.60225
44,-0.0643567,-0.274129,2.85015
44,-0.0508764,-0.286063,2.87962
44,0.925011,0.217129,2.78062
44,-0.0456608,-0.26759,3.11597
44,1.03705,0.170428,2.99007
44,1.13595,0.0537329,3.07926
44,-0.125495,-0.286783,3.68106
44,-0.0746278,-0.320112,3.69359
44,-0.0778332,-0.320137,3.69738
44,-0.0407178,-0.370019,4.01422
44,1.53231,0.0862912,3.9211
44,2.19805,-1.75344,3.55477
44,-0.0537839,-0.402828,4.48251
44,-0.00427207,-0.544582,4.46434
44,1.69312,-0.736768,4.00065
44,1.79011,0.108304,4.25571
44,1.8258,-0.785197,4.21968
44,1.9232,0.189863,4.50029
44,-0.0219232,-0.88952,4.9626
44,-0.0233093,-0.884088,4.99424
44,1.92646,0.0693005,4.644
44,0.047792,-0.708129,5.32015
44,2.95187,-2.29643,4.42088
44,1.68759,-1.13107,5.03513
44,0.0588577,-0.589394,5.71434
44,-0.758837,-2.8076,5.67483
44,0.0901805,-0.803316,5.87164
44,0.109466,-0.819035,6.19492
44,0.133427,-0.926478,6.18478
44,0.162107,-0.99706,6.70779
44,0.35245,-1.35801,6.76536
44,0.180749,0.130809,2.19704
39,0.180749,0.130809,2.19704
44,0.178494,0.117693,2.19364
39,0.178494,0.117693,2.19364
44,0.256875,0.21718,1.81622
39,0.256875,0.21718,1.81622
44,0.408834,-2.03905,4.46294
39,0.408834,-2.03905,4.46294
44,0.414509,-2.25078,4.6412
39,0.414509,-2.25078,4.6412
44,0.600517,0.196542,2.27048
43,0.600517,0.196542,2.27048
44,0.546074,0.150022,2.2379
43,0.546074,0.150022,2.2379
44,0.384978,0.155799,1.91798
43,0.384978,0.155799,1.91798
44,0.393182,0.359568,1.75175
43,0.393182,0.359568,1.75175
44,0.568876,0.179394,2.23089
43,0.568876,0.179394,2.23089
44,0.51184,0.185445,2.19853
43,0.51184,0.185445,2.19853
44,0.576886,0.387284,2.05368
43,0.576886,0.387284,2.05368
44,1.23175,0.457543,2.96761
43,1.23175,0.457543,2.96761
44,0.60248,0.0968839,2.19626
43,0.60248,0.0968839,2.19626
44,0.5075,-0.385686,2.80686
43,0.5075,-0.385686,2.80686
44,0.384452,0.0695367,2.22248
43,0.384452,0.0695367,2.22248
44,0.45805,0.0963171,2.0951
43,0.45805,0.0963171,2.0951
44,0.166435,0.104758,2.08194
38,0.166435,0.104758,2.08194
44,0.116003,-0.190957,2.07915
38,0.116003,-0.190957,2.07915
44,0.0620581,-0.21423,2.11461
38,0.0620581,-0.21423,2.11461
45,-0.398986,0.259591,0.630677
45,-0.360538,0.390873,0.933316
45,-0.100328,0.718707,1.16972
45,-0.363929,0.454552,1.33094
45,-0.264835,0.249393,1.36109
45,-0.17114,0.650612,1.32333
45,-0.318208,0.844107,1.47097
45,-0.187633,0.249538,1.50657
45,-0.330526,0.831905,1.52443
45,-0.0693746,0.271638,1.50408
45,-0.487575,0.886679,1.56877
45,-0.324862,0.835203,1.52892
45,-0.0665789,0.277732,1.51284
45,-0.073364,0.708507,1.49093
45,-0.202508,0.462836,1.55192
45,-0.0857034,0.473708,1.52132
45,-0.177345,0.705914,1.54077
45,-0.0771644,0.475818,1.54263
45,-0.323456,0.824974,1.59217
45,-0.303185,0.875567,1.6424
45,-0.0870256,0.716537,1.60245
45,-0.224071,0.973096,1.65399
45,0.131304,0.268303,1.62103
45,-0.297285,0.870781,1.69689
45,-0.1985,0.198301,1.73957
45,-0.243937,0.460849,1.73134
45,-0.188982,0.257808,1.7608
45,0.245699,-0.140078,1.67976
45,-0.218661,0.479813,1.8067
45,-0.224784,0.475203,1.81292
45,-0.234713,0.546986,1.80993
45,-0.227468,0.484984,1.81495
45,-0.224108,0.481249,1.82768
45,-0.201368,0.401717,1.84725
45,-0.3881,0.715876,1.87333
45,-0.393171,0.74376,1.87599
45,-0.175428,0.232322,1.86264
45,-0.282986,0.894384,1.85519
45,-0.0784898,0.261309,1.86479
45,-0.0115743,0.7995,1.80061
45,0.0525128,0.266283,1.85015
45,-0.370966,0.731528,1.95291
45,0.211806,0.823366,1.80703
45,-0.0420893,0.259257,1.96475
45,-0.263092,0.931129,1.98507
45,-0.0970313,0.537632,1.98348
45,0.034682,0.854757,1.9456
45,0.31987,0.642965,1.90868
45,-0.0249581,0.274837,2.07171
45,-0.245625,0.977814,2.09434
45,-0.368124,0.915047,2.26651
45,-0.254258,1.02218,2.24481
45,0.389551,0.939734,2.13855
45,-0.130109,0.358356,2.34076
45,0.696063,0.336794,2.15406
45,-0.0313188,-0.0188776,2.43117
45,-0.394702,1.1637,2.44794
45,-0.0332522,-0.0386634,2.4592
45,-0.108328,0.348171,2.45974
45,-0.226468,1.09356,2.43956
45,-0.145718,-0.217969,2.55697
45,-0.0210367,-0.248176,2.53429
45,0.679195,0.720271,2.35901
45,-0.0621802,-0.229207,2.64791
45,0.537566,0.993136,2.38739
45,-0.0507153,-0.233298,2.68424
45,0.93825,0.193749,2.42625
45,-0.0690556,-0.180075,2.78114
45,0.97698,0.201351,2.4603
45,0.0959778,1.32856,2.60951
45,1.14556,0.208208,2.85405
45,-0.806566,1.01493,3.3299
45,1.6868,1.85974,2.97141
45,0.0385078,0.685988,3.89742
45,0.17036,0.74497,4.49699
45,1.29603,-2.4593,10.6414
45,0.162441,0.21284,2.35159
44,0.162441,0.21284,2.35159
45,0.034768,0.514129,1.78949
44,0.034768,0.514129,1.78949
45,0.315479,0.202323,1.75714
43,0.315479,0.202323,1.75714
45,-0.0206592,0.572521,2.21708
43,-0.0206592,0.572521,2.21708
45,-0.0656959,0.514879,1.914
43,-0.0656959,0.514879,1.914
45,0.944939,0.103805,2.3934
43,0.944939,0.103805,2.3934
45,0.101587,0.206161,1.95416
39,0.101587,0.206161,1.95416
45,0.184937,0.0482114,2.05902
39,0.184937,0.0482114,2.05902
45,-0.206141,-0.344983,3.28242
38,-0.206141,-0.344983,3.28242
45,0.212948,0.30313,1.89198
38,0.212948,0.30313,1.89198
45,-0.0435526,0.508169,1.9197
38,-0.0435526,0.508169,1.9197
45,0.415728,0.164499,1.91946
41,0.415728,0.164499,1.91946
46,-0.566693,0.343154,0.609539
46,-0.522412,0.563562,0.84589
46,-0.507796,0.568996,0.873325
46,-0.751032,0.916773,1.25272
46,-0.247366,0.75717,1.09879
46,-0.58965,0.951609,1.20096
46,-0.512576,1.05107,1.17034
46,-0.580559,0.975837,1.2518
46,-0.419596,0.926577,1.2027
46,-0.35719,0.654335,1.24206
46,-0.750129,0.875171,1.35659
46,-0.398742,0.945745,1.23616
46,-0.482932,1.12033,1.25882
46,-0.560052,1.01374,1.31227
46,-0.882843,0.887374,1.4671
46,-0.56622,1.10939,1.30709
46,-0.130498,0.993174,1.16953
46,-0.262602,0.682731,1.29661
46,-0.737589,0.910223,1.43749
46,0.134133,1.04606,1.10564
46,-0.359527,0.988904,1.32217
46,-0.742326,0.793368,1.51412
46,-0.125103,0.793457,1.27713
46,-0.677864,0.889439,1.49076
46,-0.674917,0.883955,1.4955
46,-0.342089,1.00409,1.34299
46,-0.0856205,0.80687,1.32686
46,-0.404763,0.835222,1.45113
46,-0.424299,0.845044,1.46819
46,-0.285765,0.598303,1.48037
46,-0.315166,1.03743,1.41381
46,-0.330808,1.04404,1.42763
46,-0.18143,0.557404,1.49047
46,-0.403484,0.86267,1.51735
46,-0.0808302,0.62278,1.44286
46,-0.651473,0.917182,1.6065
46,-0.552936,0.898802,1.57993
46,-0.0635108,0.627212,1.4695
46,-0.602538,1.16784,1.58629
46,-0.584259,0.914072,1.63872
46,-0.510744,1.14857,1.57032
46,-0.653772,0.956575,1.66759
46,-0.451775,0.966513,1.58601
46,-0.423921,0.972224,1.57967
46,-0.292686,1.08333,1.5064
46,-0.394824,0.89,1.59244
46,-0.539214,0.926025,1.6461
46,0.0090391,0.843746,1.4887
46,-0.0584209,0.0838967,1.69633
46,-0.287127,0.936531,1.62083
46,0.0515065,0.8478,1.52479
46,-0.27048,0.496764,1.72534
46,-0.714134,1.14416,1.7753
46,-0.272724,0.498092,1.73752
46,-0.364472,0.916014,1.69756
46,-0.262361,0.960277,1.65127
46,-0.380036,1.10915,1.68077
46,-0.379765,1.35776,1.63178
46,-0.253846,0.969757,1.68562
46,0.322643,0.954767,1.46418
46,-0.0457045,0.776127,1.67745
46,-0.363049,1.1343,1.73131
46,-0.434393,1.12896,1.78154
46,-0.211523,1.17609,1.69135
46,-0.403116,1.15579,1.77503
46,0.0929767,0.949017,1.63119
46,0.372009,0.977018,1.51882
46,-0.276703,0.949433,1.80537
46,-0.379467,1.05682,1.82701
46,-0.00720745,1.20337,1.65096
46,-0.29532,0.962685,1.815
46,0.114662,0.944326,1.65738
46,-0.711196,1.10928,1.95146
46,-0.416545,1.16159,1.83399
46,0.0508425,0.893506,1.70689
46,-0.267437,0.959306,1.8284
46,0.104531,0.676667,1.74096
46,-0.694172,1.23017,1.9575
46,-0.634916,1.05262,1.98034
46,-0.630699,1.04584,1.98897
46,-0.271396,0.986344,1.8674
46,0.0964134,0.914665,1.76187
46,-0.313845,1.20678,1.87748
46,0.0412812,0.821307,1.85624
46,0.0640541,1.27701,1.76156
46,0.141917,0.685617,1.87534
46,-0.370593,1.21965,1.97132
46,0.066958,1.299,1.80409
46,-0.321856,1.24653,1.97072
46,0.154105,0.941941,1.84829
46,-0.328951,1.13331,2.00067
46,-0.311212,1.22417,1.98013
46,-0.309652,1.23351,2.00774
46,-0.317616,1.26803,2.01192
46,0.18331,0.701676,1.95186
46,-0.341014,1.25377,2.04942
46,-0.601112,1.12627,2.19483
46,0.0679346,0.841562,2.00783
46,0.132658,1.34657,1.88606
46,-0.0959321,1.11676,2.12269
46,-0.0602875,1.08479,2.11879
46,-0.0679655,1.12108,2.12704
46,-0.0027951,0.0931146,2.33349
46,-0.26067,1.2147,2.21571
46,-0.452228,1.14626,2.30793
46,-0.160638,0.636891,2.3064
46,0.196173,0.883755,2.17109
46,-0.0195343,1.11217,2.21398
46,-0.0628061,0.269002,2.47429
46,0.260877,1.45434,2.11605
46,0.178346,0.897818,2.28906
46,0.250569,1.47159,2.15147
46,-0.330804,1.37439,2.4462
46,-0.0543829,0.2346,2.59152
46,0.674453,0.631328,2.27001
46,-0.38472,1.23544,2.60212
46,0.35357,1.54813,2.27409
46,0.743028,0.649285,2.34026
46,0.114268,1.20552,2.48316
46,1.24298,1.43244,2.03942
46,0.621785,0.954572,2.41026
46,0.474634,1.65121,2.47984
46,-0.317531,1.38012,2.98587
46,0.634588,0.717157,2.82266
46,-0.0202218,1.36478,3.12532
46,-0.000292718,1.41427,3.29466
46,1.85463,1.63348,2.60311
46,0.0468808,1.47859,3.46734
46,0.0786725,1.50071,3.59164
46,2.97576,1.97173,3.6676
46,-0.531067,0.584025,1.05379
45,-0.531067,0.584025,1.05379
46,-0.494023,0.606972,1.16088
45,-0.494023,0.606972,1.16088
46,0.109623,0.860482,2.05955
45,0.109623,0.860482,2.05955
46,-0.446858,0.715386,1.51297
45,-0.446858,0.715386,1.51297
46,-0.172805,0.698913,1.49179
45,-0.172805,0.698913,1.49179
46,-0.48102,0.694545,1.42454
45,-0.48102,0.694545,1.42454
46,-0.472838,0.591299,1.02465
45,-0.472838,0.591299,1.02465
46,-0.76514,0.540317,0.915835
45,-0.76514,0.540317,0.915835
46,-0.48063,0.669751,1.4137
45,-0.48063,0.669751,1.4137
46,0.49061,0.8011,1.97389
45,0.49061,0.8011,1.97389
46,-0.0649915,0.956479,1.80971
45,-0.0649915,0.956479,1.80971
46,0.286112,0.801831,1.96326
45,0.286112,0.801831,1.96326
46,1.04453,0.391102,2.45826
45,1.04453,0.391102,2.45826
46,0.136518,0.529288,1.97024
45,0.136518,0.529288,1.97024
46,0.0907672,0.605663,1.89109
38,0.0907672,0.605663,1.89109
46,-0.0167488,0.611719,1.98118
38,-0.0167488,0.611719,1.98118
46,0.318729,0.553024,1.82264
43,0.318729,0.553024,1.82264
46,0.115727,0.484403,1.86573
43,0.115727,0.484403,1.86573
46,0.0752378,0.510559,1.92921
41,0.0752378,0.510559,1.92921
46,0.17954,0.706337,1.95898
41,0.17954,0.706337,1.95898
46,0.0758659,0.51203,1.938
41,0.0758659,0.51203,1.938
46,0.252736,0.708701,1.93505
41,0.252736,0.708701,1.93505
46,0.296593,0.5453,1.8228
42,0.296593,0.5453,1.8228
46,0.105925,0.692777,1.93788
42,0.105925,0.692777,1.93788
47,-0.587685,0.773462,0.364098
47,-0.398756,0.849496,0.905202
47,-0.317531,0.829027,0.988601
47,-0.257689,0.820796,1.11708
47,-0.273577,0.831626,1.14521
47,-0.29805,0.493344,1.20073
47,-0.297947,0.470546,1.21938
47,-0.0626279,0.329886,1.08217
47,-0.299227,0.389138,1.31131
47,0.323336,1.055,1.1522
47,-0.292472,0.623586,1.39454
47,-0.145525,0.832738,1.46591
47,0.401716,1.07847,1.26243
47,-0.105095,0.412282,1.39781
47,-0.229478,0.706837,1.52221
47,-0.00881135,0.621575,1.4331
47,-0.116474,0.58302,1.49661
47,0.126038,0.64401,1.40199
47,-0.136858,0.943188,1.59351
47,-0.100925,0.830378,1.55739
47,-0.170093,0.802025,1.60054
47,-0.190024,0.794957,1.61633
47,-0.0121638,0.782303,1.54574
47,0.155656,0.65079,1.46443
47,0.125821,0.374041,1.46613
47,0.200993,0.626916,1.52089
47,-0.0605375,0.692981,1.6823
47,0.357572,0.167876,1.38298
47,0.384798,1.03426,1.55032
47,0.389978,1.04077,1.5717
47,0.236277,0.591046,1.55685
47,0.00617301,0.804222,1.72398
47,0.204081,0.903458,1.69743
47,0.386057,0.68837,1.58336
47,0.686664,1.11293,1.52552
47,0.461131,1.00704,1.61699
47,0.206926,0.318115,1.61842
47,-0.0979145,0.782599,1.86367
47,-0.11114,0.276718,1.77383
47,-0.103642,0.27748,1.77587
47,0.00336367,0.794315,1.84191
47,0.216257,0.967291,1.77776
47,0.441474,0.680613,1.65165
47,0.760971,1.05579,1.60319
47,0.0369222,0.788582,1.89835
47,0.0837094,0.79521,1.88001
47,0.228603,0.798847,1.8479
47,0.277132,0.269922,1.77745
47,0.104286,0.436555,1.90856
47,-0.0467538,0.172545,1.98437
47,0.589511,0.656243,1.82416
47,0.471458,0.561312,1.91863
47,0.261399,0.79679,2.11042
47,0.40319,0.663535,2.02732
47,0.175505,0.177095,2.05281
47,0.163603,0.779471,2.18303
47,0.495453,0.520089,2.00294
47,0.199307,0.716035,2.30202
47,0.462504,0.143516,2.09146
47,0.602879,0.541125,2.25083
47,1.00577,1.15393,2.21784
47,0.601829,0.616919,2.33651
47,0.141001,0.731059,2.60925
47,1.08551,1.16894,2.31459
47,0.172366,0.715246,2.66647
47,0.352644,0.672428,2.68971
47,0.618732,-0.426195,2.45556
47,0.214493,-0.1257,2.7531
47,-0.113138,-0.870673,2.77619
47,1.35921,1.1637,2.57101
47,1.60225,1.16668,2.52449
47,1.18533,-0.0563698,2.65341
47,1.27992,-0.0894922,2.75879
47,1.11428,0.61158,4.65042
47,1.55842,-1.11501,5.17792
47,2.22469,0.521306,7.07893
47,0.306866,0.608147,1.83467
38,0.306866,0.608147,1.83467
47,-0.0159994,0.761914,1.83109
45,-0.0159994,0.761914,1.83109
47,-0.123052,0.761832,1.8565
45,-0.123052,0.761832,1.8565
47,0.016031,0.771419,1.84194
45,0.016031,0.771419,1.84194
47,0.106965,0.807276,1.8214
45,0.106965,0.807276,1.8214
47,-0.12846,0.761231,1.85263
45,-0.12846,0.761231,1.85263
47,0.0886639,0.804015,1.79581
45,0.0886639,0.804015,1.79581
47,-0.0494692,0.597465,1.85427
45,-0.0494692,0.597465,1.85427
47,-0.144231,0.760216,1.82788
45,-0.144231,0.760216,1.82788
47,0.00306661,0.544974,1.82814
45,0.00306661,0.544974,1.82814
47,-0.0407234,0.596628,1.88269
45,-0.0407234,0.596628,1.88269
47,0.00524813,0.542407,1.82432
45,0.00524813,0.542407,1.82432
47,-0.125572,0.622606,1.68155
45,-0.125572,0.622606,1.68155
47,0.0198716,0.524163,1.89037
41,0.0198716,0.524163,1.89037
47,0.42433,0.690513,1.85176
41,0.42433,0.690513,1.85176
47,0.845554,0.53527,1.64253
41,0.845554,0.53527,1.64253
47,0.0800203,0.460396,1.87119
42,0.0800203,0.460396,1.87119
47,0.270246,0.565195,1.80091
42,0.270246,0.565195,1.80091
47,-0.0223996,0.237204,1.7962
42,-0.0223996,0.237204,1.7962
47,0.162251,0.534646,1.82626
42,0.162251,0.534646,1.82626
47,0.527728,0.420377,1.64216
42,0.527728,0.420377,1.64216
47,0.536113,0.417016,1.64761
42,0.536113,0.417016,1.64761
47,0.468689,0.421777,1.6421
43,0.468689,0.421777,1.6421
47,0.0343776,0.116295,1.62585
44,0.0343776,0.116295,1.62585
47,0.258379,0.565408,1.77888
44,0.258379,0.565408,1.77888
47,0.0195861,0.131159,1.65111
44,0.0195861,0.131159,1.65111
48,-0.544376,0.441545,-0.986984
48,-0.532428,0.46093,-0.941687
48,-0.531475,0.508643,-1.19952
48,-0.464693,0.588755,-1.01853
48,-0.449944,0.869419,-0.970956
48,-0.250064,0.821153,-1.35585
48,-0.450736,0.995479,-0.907398
48,-0.167375,0.873647,-0.66499
48,-0.386747,1.09066,-0.954016
48,-0.412573,1.18547,-0.947304
48,-0.295935,1.12293,-0.560139
48,-0.278653,1.13736,-0.752008
48,-0.351607,1.21434,-1.53062
48,-0.146126,1.10296,-0.543763
48,-0.0174333,1.08858,-0.56248
48,-0.0148743,1.20896,-1.41391
48,-0.198681,1.30349,-1.36981
48,-0.0227798,1.22959,-0.927092
48,0.0299244,1.20343,-0.434662
48,0.0715905,1.21509,-1.16863
48,-0.155793,1.33005,-0.921781
48,-0.282472,1.44137,-1.58198
48,0.0649029,1.25384,-0.408111
48,0.0195901,1.29407,-0.911717
48,-0.128726,1.37445,-0.911722
48,0.1571,1.32848,-1.1621
48,-0.110769,1.48342,-0.88581
48,-0.236361,1.55376,-0.898616
48,-0.228275,1.5498,-0.898627
48,-0.223463,1.56242,-0.903603
48,0.118351,1.38984,-0.367204
48,-0.131667,1.54196,-0.640713
48,-0.188014,1.72608,-0.904244
48,0.00246978,1.72367,-0.886923
48,-0.246159,1.86062,-0.49725
48,0.0164254,1.75017,-0.881281
48,0.887675,1.45714,-1.71393
48,-0.0334664,1.9091,-0.183906
48,0.266098,1.81201,-0.87713
48,0.424898,1.75475,-1.16166
48,0.363522,1.86217,-1.47697
48,0.449563,1.88034,-1.24861
48,0.0112854,2.12346,-1.77585
48,0.443014,1.9883,-1.47674
48,0.628,1.99781,-0.424724
48,0.690756,1.98807,-0.373651
48,0.5921,2.11451,-1.26732
48,0.677812,2.08741,-0.409045
48,0.946144,2.07529,-1.22736
48,1.44701,1.9974,-1.86418
48,1.50205,2.01604,-2.00531
48,1.19683,2.3595,-1.2939
48,1.08641,3.12302,-1.68689
48,2.17118,2.71655,-1.97941
48,0.186682,4.7214,-1.74593
48,0.286631,1.47809,-1.21418
42,0.286631,1.47809,-1.21418
48,0.1625,1.0966,-0.626516
41,0.1625,1.0966,-0.626516
48,-0.0995773,1.63075,-1.40351
41,-0.0995773,1.63075,-1.40351
48,0.734623,1.35441,-1.04091
41,0.734623,1.35441,-1.04091
48,-0.00380437,1.72072,-1.16552
45,-0.00380437,1.72072,-1.16552
48,-0.000217905,1.73682,-1.17193
45,-0.000217905,1.73682,-1.17193
48,-0.0110567,1.71397,-1.16211
45,-0.0110567,1.71397,-1.16211
48,0.0389452,1.64833,-1.41862
45,0.0389452,1.64833,-1.41862
48,0.0143012,1.60141,-1.38955
45,0.0143012,1.60141,-1.38955
48,0.172201,1.59941,-1.40123
45,0.172201,1.59941,-1.40123
48,-0.030499,1.75592,-1.26771
45,-0.030499,1.75592,-1.26771
48,0.118176,1.41761,-1.56028
45,0.118176,1.41761,-1.56028
48,-0.0294325,1.72184,-1.19446
45,-0.0294325,1.72184,-1.19446
48,-0.279224,1.56643,-1.57454
45,-0.279224,1.56643,-1.57454
49,0.0304143,0.0925552,0.540201
49,-0.165795,-0.410882,1.90915
49,-0.400177,-0.759969,3.53118
49,0.441946,-0.741953,3.02239
49,-1.24491,-1.27245,5.64258
49,1.43008,-0.635063,2.84362
49,0.402732,-0.771437,3.09217
49,0.361379,-0.857667,3.2666
49,0.399037,-0.804551,3.12658
49,0.365357,-0.865515,3.26398
49,-1.51874,-1.52225,6.73729
50,0.0434611,0.0732079,0.994762
50,0.087158,-0.0074544,0.355053
50,-0.0253452,0.29572,1.69479
50,0.015648,0.0180243,0.586857
50,-0.871691,-1.06513,4.59378
50,-1.19967,-2.8097,10.6571
50,-0.134298,-0.176871,1.49437
50,0.0869318,0.866625,4.55211
50,0.390209,-1.00731,3.40966
50,0.0783329,-0.118979,0.429113
50,0.437984,-1.01038,3.42007
50,0.105296,0.174355,0.898685
50,0.077057,0.0207149,0.215911
50,0.076379,0.0181425,0.22793
50,0.150649,0.0489388,0.419553
50,1.41052,-0.835563,2.76874
50,0.36117,-0.963893,3.26471
50,0.363823,-0.963881,3.25027
51,0.290839,-0.666649,2.44438
51,0.359399,-0.84548,3.06742
51,1.54269,-0.784997,2.98982
51,0.34934,-0.819129,2.91647
51,1.60599,-9.17324,32.6609
