num_seq = 1
file name: dataset-V202_stereo_imu
Loading images for sequence 0...LOADED!
Loading IMU for sequence 0...LOADED!

-------

ORB-SLAM3 Copyright (C) 2017-2020 Carlos Campos, Richard Elvira, Juan J. Gómez, José M.M. Montiel and Juan D. Tardós, University of Zaragoza.
ORB-SLAM2 Copyright (C) 2014-2016 Raúl Mur-Artal, José M.M. Montiel and Juan D. Tardós, University of Zaragoza.
This program comes with ABSOLUTELY NO WARRANTY;
This is free software, and you are welcome to redistribute it
under certain conditions. See LICENSE.txt.

Built with REGISTER_TIMES
Git Commit Hash: c2409e6

Build Type: Release

Compiled with C++ version: 201703

Input sensor was set to: Stereo-Inertial
Loading settings from ./Examples/Stereo-Inertial/EuRoC_pid_deadlines.yaml
	-Loaded camera 1
	-Loaded camera 2
	-Loaded image info
	-Loaded IMU calibration
	-Loaded ORB settings
	-Loaded viewer settings
	-Loaded Atlas settings
Deadlines enabled, will skip frames!
PID SLAM enabled!
	-Loaded misc parameters
	-Computed rectification maps
----------------------------------
SLAM settings: 
	-Camera 1 parameters (Pinhole): [ 458.65399169921875 457.29598999023438 367.21499633789062 248.375 ]
	-Camera 1 distortion parameters: [  -0.28340810537338257 0.073959067463874817 0.00019359000725671649 1.7618711353861727e-05 ]
	-Camera 2 parameters (Pinhole: [ 457.58700561523438 456.13400268554688 379.99899291992188 255.23800659179688 ]
	-Camera 1 distortion parameters: [  -0.2836836576461792 0.074512839317321777 -0.00010473000293131918 -3.555907096597366e-05 ]
	-Original image size: [ 752 , 480 ]
	-Current image size: [ 752 , 480 ]
	-Camera 1 parameters after rectification: [  456.71499633789062 456.71499633789062 364.52615356445312 257.268798828125 ]
	-Sequence FPS: 20
	-Stereo baseline: 0.11007784307003021
	-Stereo depth threshold : 60
	-Gyro noise: 0.00016999999934341758
	-Accelerometer noise: 0.0020000000949949026
	-Gyro walk: 1.9392999092815444e-05
	-Accelerometer walk: 0.0030000000260770321
	-IMU frequency: 200
	-Features per image: 1200
	-ORB scale factor: 1.2000000476837158
	-ORB number of scales: 8
	-Initial FAST threshold: 20
	-Min FAST threshold: 7


Loading ORB Vocabulary. This could take a while...
Vocabulary loaded!

Initialization of Atlas from scratch 
Creation of new map with id: 0
Creation of new map with last KF id: 0
Seq. Name: 
There are 1 cameras in the atlas
Camera 0 is pinhole
SLAM Started at System Time: 1748945324.09412
not IMU meas
not IMU meas
[MF-SEL] tPrev=(  d=0.000000  dMin=0.000000  dAvg=0.000000  dMax=0.000000  Dlo=0.000000  Dhi=0.000000  err=0.000000  inc=0.000000  bucket 0->0  (mf=1000)
not enough acceleration
[MF-SEL] tPrev=(  d=0.000000  dMin=0.000000  dAvg=0.000000  dMax=0.000000  Dlo=0.000000  Dhi=0.000000  err=0.000000  inc=0.000000  bucket 0->0  (mf=1000)
not enough acceleration
[MF-SEL] tPrev=(  d=0.000000  dMin=0.000000  dAvg=0.000000  dMax=0.000000  Dlo=0.000000  Dhi=0.000000  err=0.000000  inc=0.000000  bucket 0->0  (mf=1000)
not enough acceleration
[MF-SEL] tPrev=(  d=0.000000  dMin=0.000000  dAvg=0.000000  dMax=0.000000  Dlo=0.000000  Dhi=0.000000  err=0.000000  inc=0.000000  bucket 0->0  (mf=1000)
not enough acceleration
[MF-SEL] tPrev=(  d=0.000000  dMin=0.000000  dAvg=0.000000  dMax=0.000000  Dlo=0.000000  Dhi=0.000000  err=0.000000  inc=0.000000  bucket 0->0  (mf=1000)
not enough acceleration
[MF-SEL] tPrev=(  d=0.000000  dMin=0.000000  dAvg=0.000000  dMax=0.000000  Dlo=0.000000  Dhi=0.000000  err=0.000000  inc=0.000000  bucket 0->0  (mf=1000)
not enough acceleration
[MF-SEL] tPrev=(  d=0.000000  dMin=0.000000  dAvg=0.000000  dMax=0.000000  Dlo=0.000000  Dhi=0.000000  err=0.000000  inc=0.000000  bucket 0->0  (mf=1000)
not enough acceleration
[MF-SEL] tPrev=(  d=0.000000  dMin=0.000000  dAvg=0.000000  dMax=0.000000  Dlo=0.000000  Dhi=0.000000  err=0.000000  inc=0.000000  bucket 0->0  (mf=1000)
not enough acceleration
[MF-SEL] tPrev=(  d=0.000000  dMin=0.000000  dAvg=0.000000  dMax=0.000000  Dlo=0.000000  Dhi=0.000000  err=0.000000  inc=0.000000  bucket 0->0  (mf=1000)
not enough acceleration
[MF-SEL] tPrev=(  d=0.000000  dMin=0.000000  dAvg=0.000000  dMax=0.000000  Dlo=0.000000  Dhi=0.000000  err=0.000000  inc=0.000000  bucket 0->0  (mf=1000)
not enough acceleration
[MF-SEL] tPrev=(  d=0.000000  dMin=0.000000  dAvg=0.000000  dMax=0.000000  Dlo=0.000000  Dhi=0.000000  err=0.000000  inc=0.000000  bucket 0->0  (mf=1000)
not enough acceleration
[MF-SEL] tPrev=(  d=0.000000  dMin=0.000000  dAvg=0.000000  dMax=0.000000  Dlo=0.000000  Dhi=0.000000  err=0.000000  inc=0.000000  bucket 0->0  (mf=1000)
not enough acceleration
[MF-SEL] tPrev=(  d=0.000000  dMin=0.000000  dAvg=0.000000  dMax=0.000000  Dlo=0.000000  Dhi=0.000000  err=0.000000  inc=0.000000  bucket 0->0  (mf=1000)
not enough acceleration
[MF-SEL] tPrev=(  d=0.000000  dMin=0.000000  dAvg=0.000000  dMax=0.000000  Dlo=0.000000  Dhi=0.000000  err=0.000000  inc=0.000000  bucket 0->0  (mf=1000)
not enough acceleration
[MF-SEL] tPrev=(  d=0.000000  dMin=0.000000  dAvg=0.000000  dMax=0.000000  Dlo=0.000000  Dhi=0.000000  err=0.000000  inc=0.000000  bucket 0->0  (mf=1000)
not enough acceleration
[MF-SEL] tPrev=(  d=0.000000  dMin=0.000000  dAvg=0.000000  dMax=0.000000  Dlo=0.000000  Dhi=0.000000  err=0.000000  inc=0.000000  bucket 0->0  (mf=1000)
not enough acceleration
[MF-SEL] tPrev=(  d=0.000000  dMin=0.000000  dAvg=0.000000  dMax=0.000000  Dlo=0.000000  Dhi=0.000000  err=0.000000  inc=0.000000  bucket 0->0  (mf=1000)
not enough acceleration
[MF-SEL] tPrev=(  d=0.000000  dMin=0.000000  dAvg=0.000000  dMax=0.000000  Dlo=0.000000  Dhi=0.000000  err=0.000000  inc=0.000000  bucket 0->0  (mf=1000)
not enough acceleration
[MF-SEL] tPrev=(  d=0.000000  dMin=0.000000  dAvg=0.000000  dMax=0.000000  Dlo=0.000000  Dhi=0.000000  err=0.000000  inc=0.000000  bucket 0->0  (mf=1000)
not enough acceleration
[MF-SEL] tPrev=(  d=0.000000  dMin=0.000000  dAvg=0.000000  dMax=0.000000  Dlo=0.000000  Dhi=0.000000  err=0.000000  inc=0.000000  bucket 0->0  (mf=1000)
not enough acceleration
[MF-SEL] tPrev=(  d=0.000000  dMin=0.000000  dAvg=0.000000  dMax=0.000000  Dlo=0.000000  Dhi=0.000000  err=0.000000  inc=0.000000  bucket 0->0  (mf=1000)
not enough acceleration
[MF-SEL] tPrev=(  d=0.000000  dMin=0.000000  dAvg=0.000000  dMax=0.000000  Dlo=0.000000  Dhi=0.000000  err=0.000000  inc=0.000000  bucket 0->0  (mf=1000)
not enough acceleration
[MF-SEL] tPrev=(  d=0.000000  dMin=0.000000  dAvg=0.000000  dMax=0.000000  Dlo=0.000000  Dhi=0.000000  err=0.000000  inc=0.000000  bucket 0->0  (mf=1000)
not enough acceleration
[MF-SEL] tPrev=(  d=0.000000  dMin=0.000000  dAvg=0.000000  dMax=0.000000  Dlo=0.000000  Dhi=0.000000  err=0.000000  inc=0.000000  bucket 0->0  (mf=1000)
not enough acceleration
[MF-SEL] tPrev=(  d=0.000000  dMin=0.000000  dAvg=0.000000  dMax=0.000000  Dlo=0.000000  Dhi=0.000000  err=0.000000  inc=0.000000  bucket 0->0  (mf=1000)
not enough acceleration
[MF-SEL] tPrev=(  d=0.000000  dMin=0.000000  dAvg=0.000000  dMax=0.000000  Dlo=0.000000  Dhi=0.000000  err=0.000000  inc=0.000000  bucket 0->0  (mf=1000)
not enough acceleration
[MF-SEL] tPrev=(  d=0.000000  dMin=0.000000  dAvg=0.000000  dMax=0.000000  Dlo=0.000000  Dhi=0.000000  err=0.000000  inc=0.000000  bucket 0->0  (mf=1000)
not enough acceleration
[MF-SEL] tPrev=(  d=0.000000  dMin=0.000000  dAvg=0.000000  dMax=0.000000  Dlo=0.000000  Dhi=0.000000  err=0.000000  inc=0.000000  bucket 0->0  (mf=1000)
not enough acceleration
[MF-SEL] tPrev=(  d=0.000000  dMin=0.000000  dAvg=0.000000  dMax=0.000000  Dlo=0.000000  Dhi=0.000000  err=0.000000  inc=0.000000  bucket 0->0  (mf=1000)
not enough acceleration
[MF-SEL] tPrev=(  d=0.000000  dMin=0.000000  dAvg=0.000000  dMax=0.000000  Dlo=0.000000  Dhi=0.000000  err=0.000000  inc=0.000000  bucket 0->0  (mf=1000)
not enough acceleration
[MF-SEL] tPrev=(  d=0.000000  dMin=0.000000  dAvg=0.000000  dMax=0.000000  Dlo=0.000000  Dhi=0.000000  err=0.000000  inc=0.000000  bucket 0->0  (mf=1000)
not enough acceleration
[MF-SEL] tPrev=(  d=0.000000  dMin=0.000000  dAvg=0.000000  dMax=0.000000  Dlo=0.000000  Dhi=0.000000  err=0.000000  inc=0.000000  bucket 0->0  (mf=1000)
not enough acceleration
[MF-SEL] tPrev=(  d=0.000000  dMin=0.000000  dAvg=0.000000  dMax=0.000000  Dlo=0.000000  Dhi=0.000000  err=0.000000  inc=0.000000  bucket 0->0  (mf=1000)
not enough acceleration
[MF-SEL] tPrev=(  d=0.000000  dMin=0.000000  dAvg=0.000000  dMax=0.000000  Dlo=0.000000  Dhi=0.000000  err=0.000000  inc=0.000000  bucket 0->0  (mf=1000)
not enough acceleration
[MF-SEL] tPrev=(  d=0.000000  dMin=0.000000  dAvg=0.000000  dMax=0.000000  Dlo=0.000000  Dhi=0.000000  err=0.000000  inc=0.000000  bucket 0->0  (mf=1000)
not enough acceleration
[MF-SEL] tPrev=(  d=0.000000  dMin=0.000000  dAvg=0.000000  dMax=0.000000  Dlo=0.000000  Dhi=0.000000  err=0.000000  inc=0.000000  bucket 0->0  (mf=1000)
not enough acceleration
[MF-SEL] tPrev=(  d=0.000000  dMin=0.000000  dAvg=0.000000  dMax=0.000000  Dlo=0.000000  Dhi=0.000000  err=0.000000  inc=0.000000  bucket 0->0  (mf=1000)
not enough acceleration
[MF-SEL] tPrev=(  d=0.000000  dMin=0.000000  dAvg=0.000000  dMax=0.000000  Dlo=0.000000  Dhi=0.000000  err=0.000000  inc=0.000000  bucket 0->0  (mf=1000)
not enough acceleration
[MF-SEL] tPrev=(  d=0.000000  dMin=0.000000  dAvg=0.000000  dMax=0.000000  Dlo=0.000000  Dhi=0.000000  err=0.000000  inc=0.000000  bucket 0->0  (mf=1000)
not enough acceleration
[MF-SEL] tPrev=(  d=0.000000  dMin=0.000000  dAvg=0.000000  dMax=0.000000  Dlo=0.000000  Dhi=0.000000  err=0.000000  inc=0.000000  bucket 0->0  (mf=1000)
not enough acceleration
[MF-SEL] tPrev=(  d=0.000000  dMin=0.000000  dAvg=0.000000  dMax=0.000000  Dlo=0.000000  Dhi=0.000000  err=0.000000  inc=0.000000  bucket 0->0  (mf=1000)
not enough acceleration
[MF-SEL] tPrev=(  d=0.000000  dMin=0.000000  dAvg=0.000000  dMax=0.000000  Dlo=0.000000  Dhi=0.000000  err=0.000000  inc=0.000000  bucket 0->0  (mf=1000)
not enough acceleration
[MF-SEL] tPrev=(  d=0.000000  dMin=0.000000  dAvg=0.000000  dMax=0.000000  Dlo=0.000000  Dhi=0.000000  err=0.000000  inc=0.000000  bucket 0->0  (mf=1000)
not enough acceleration
[MF-SEL] tPrev=(  d=0.000000  dMin=0.000000  dAvg=0.000000  dMax=0.000000  Dlo=0.000000  Dhi=0.000000  err=0.000000  inc=0.000000  bucket 0->0  (mf=1000)
not enough acceleration
[MF-SEL] tPrev=(  d=0.000000  dMin=0.000000  dAvg=0.000000  dMax=0.000000  Dlo=0.000000  Dhi=0.000000  err=0.000000  inc=0.000000  bucket 0->0  (mf=1000)
not enough acceleration
[MF-SEL] tPrev=(  d=0.000000  dMin=0.000000  dAvg=0.000000  dMax=0.000000  Dlo=0.000000  Dhi=0.000000  err=0.000000  inc=0.000000  bucket 0->0  (mf=1000)
not enough acceleration
[MF-SEL] tPrev=(  d=0.000000  dMin=0.000000  dAvg=0.000000  dMax=0.000000  Dlo=0.000000  Dhi=0.000000  err=0.000000  inc=0.000000  bucket 0->0  (mf=1000)
not enough acceleration
[MF-SEL] tPrev=(  d=0.000000  dMin=0.000000  dAvg=0.000000  dMax=0.000000  Dlo=0.000000  Dhi=0.000000  err=0.000000  inc=0.000000  bucket 0->0  (mf=1000)
not enough acceleration
[MF-SEL] tPrev=(  d=0.000000  dMin=0.000000  dAvg=0.000000  dMax=0.000000  Dlo=0.000000  Dhi=0.000000  err=0.000000  inc=0.000000  bucket 0->0  (mf=1000)
not enough acceleration
[MF-SEL] tPrev=(  d=0.000000  dMin=0.000000  dAvg=0.000000  dMax=0.000000  Dlo=0.000000  Dhi=0.000000  err=0.000000  inc=0.000000  bucket 0->0  (mf=1000)
not enough acceleration
[MF-SEL] tPrev=(  d=0.000000  dMin=0.000000  dAvg=0.000000  dMax=0.000000  Dlo=0.000000  Dhi=0.000000  err=0.000000  inc=0.000000  bucket 0->0  (mf=1000)
not enough acceleration
[MF-SEL] tPrev=(  d=0.000000  dMin=0.000000  dAvg=0.000000  dMax=0.000000  Dlo=0.000000  Dhi=0.000000  err=0.000000  inc=0.000000  bucket 0->0  (mf=1000)
not enough acceleration
[MF-SEL] tPrev=(  d=0.000000  dMin=0.000000  dAvg=0.000000  dMax=0.000000  Dlo=0.000000  Dhi=0.000000  err=0.000000  inc=0.000000  bucket 0->0  (mf=1000)
not enough acceleration
[MF-SEL] tPrev=(  d=0.000000  dMin=0.000000  dAvg=0.000000  dMax=0.000000  Dlo=0.000000  Dhi=0.000000  err=0.000000  inc=0.000000  bucket 0->0  (mf=1000)
not enough acceleration
[MF-SEL] tPrev=(  d=0.000000  dMin=0.000000  dAvg=0.000000  dMax=0.000000  Dlo=0.000000  Dhi=0.000000  err=0.000000  inc=0.000000  bucket 0->0  (mf=1000)
not enough acceleration
[MF-SEL] tPrev=(  d=0.000000  dMin=0.000000  dAvg=0.000000  dMax=0.000000  Dlo=0.000000  Dhi=0.000000  err=0.000000  inc=0.000000  bucket 0->0  (mf=1000)
not enough acceleration
[MF-SEL] tPrev=(  d=0.000000  dMin=0.000000  dAvg=0.000000  dMax=0.000000  Dlo=0.000000  Dhi=0.000000  err=0.000000  inc=0.000000  bucket 0->0  (mf=1000)
not enough acceleration
[MF-SEL] tPrev=(  d=0.000000  dMin=0.000000  dAvg=0.000000  dMax=0.000000  Dlo=0.000000  Dhi=0.000000  err=0.000000  inc=0.000000  bucket 0->0  (mf=1000)
not enough acceleration
[MF-SEL] tPrev=(  d=0.000000  dMin=0.000000  dAvg=0.000000  dMax=0.000000  Dlo=0.000000  Dhi=0.000000  err=0.000000  inc=0.000000  bucket 0->0  (mf=1000)
not enough acceleration
[MF-SEL] tPrev=(  d=0.000000  dMin=0.000000  dAvg=0.000000  dMax=0.000000  Dlo=0.000000  Dhi=0.000000  err=0.000000  inc=0.000000  bucket 0->0  (mf=1000)
not enough acceleration
[MF-SEL] tPrev=(  d=0.000000  dMin=0.000000  dAvg=0.000000  dMax=0.000000  Dlo=0.000000  Dhi=0.000000  err=0.000000  inc=0.000000  bucket 0->0  (mf=1000)
not enough acceleration
[MF-SEL] tPrev=(  d=0.000000  dMin=0.000000  dAvg=0.000000  dMax=0.000000  Dlo=0.000000  Dhi=0.000000  err=0.000000  inc=0.000000  bucket 0->0  (mf=1000)
not enough acceleration
[MF-SEL] tPrev=(  d=0.000000  dMin=0.000000  dAvg=0.000000  dMax=0.000000  Dlo=0.000000  Dhi=0.000000  err=0.000000  inc=0.000000  bucket 0->0  (mf=1000)
not enough acceleration
[MF-SEL] tPrev=(  d=0.000000  dMin=0.000000  dAvg=0.000000  dMax=0.000000  Dlo=0.000000  Dhi=0.000000  err=0.000000  inc=0.000000  bucket 0->0  (mf=1000)
not enough acceleration
[MF-SEL] tPrev=(  d=0.000000  dMin=0.000000  dAvg=0.000000  dMax=0.000000  Dlo=0.000000  Dhi=0.000000  err=0.000000  inc=0.000000  bucket 0->0  (mf=1000)
not enough acceleration
[MF-SEL] tPrev=(  d=0.000000  dMin=0.000000  dAvg=0.000000  dMax=0.000000  Dlo=0.000000  Dhi=0.000000  err=0.000000  inc=0.000000  bucket 0->0  (mf=1000)
not enough acceleration
[MF-SEL] tPrev=(  d=0.000000  dMin=0.000000  dAvg=0.000000  dMax=0.000000  Dlo=0.000000  Dhi=0.000000  err=0.000000  inc=0.000000  bucket 0->0  (mf=1000)
not enough acceleration
[MF-SEL] tPrev=(  d=0.000000  dMin=0.000000  dAvg=0.000000  dMax=0.000000  Dlo=0.000000  Dhi=0.000000  err=0.000000  inc=0.000000  bucket 0->0  (mf=1000)
not enough acceleration
[MF-SEL] tPrev=(  d=0.000000  dMin=0.000000  dAvg=0.000000  dMax=0.000000  Dlo=0.000000  Dhi=0.000000  err=0.000000  inc=0.000000  bucket 0->0  (mf=1000)
not enough acceleration
[MF-SEL] tPrev=(  d=0.000000  dMin=0.000000  dAvg=0.000000  dMax=0.000000  Dlo=0.000000  Dhi=0.000000  err=0.000000  inc=0.000000  bucket 0->0  (mf=1000)
not enough acceleration
[MF-SEL] tPrev=(  d=0.000000  dMin=0.000000  dAvg=0.000000  dMax=0.000000  Dlo=0.000000  Dhi=0.000000  err=0.000000  inc=0.000000  bucket 0->0  (mf=1000)
First KF:0; Map init KF:0
New Map created with 379 points
Active map: 0
[MF-SEL] tPrev=(  d=0.000000  dMin=0.000000  dAvg=0.000000  dMax=0.000000  Dlo=0.000000  Dhi=0.000000  err=1.000000  inc=0.925065  bucket 0->1  (mf=900)
[MF-SEL] tPrev=(  d=0.003276  dMin=0.000000  dAvg=0.000044  dMax=0.003276  Dlo=0.000022  Dhi=0.001660  err=1.000000  inc=0.605701  bucket 1->2  (mf=800)
Dropping frame 1413393889.705760
[MF-SEL] tPrev=(  d=0.011015  dMin=0.000000  dAvg=0.000191  dMax=0.011015  Dlo=0.000095  Dhi=0.005603  err=1.000000  inc=0.610244  bucket 2->3  (mf=700)
[MF-SEL] tPrev=(  d=0.013579  dMin=0.000000  dAvg=0.000367  dMax=0.013579  Dlo=0.000183  Dhi=0.006973  err=1.000000  inc=0.612712  bucket 3->4  (mf=600)
[MF-SEL] tPrev=(  d=0.016403  dMin=0.000000  dAvg=0.000575  dMax=0.016403  Dlo=0.000287  Dhi=0.008489  err=1.000000  inc=0.615087  bucket 4->5  (mf=510)
[MF-SEL] tPrev=(  d=0.020609  dMin=0.000000  dAvg=0.000832  dMax=0.020609  Dlo=0.000416  Dhi=0.010720  err=1.000000  inc=0.617418  bucket 5->5  (mf=510)
[MF-SEL] tPrev=(  d=0.021700  dMin=0.000000  dAvg=0.001096  dMax=0.021700  Dlo=0.000548  Dhi=0.011398  err=1.000000  inc=0.619952  bucket 5->5  (mf=510)
[MF-SEL] tPrev=(  d=0.032301  dMin=0.000000  dAvg=0.001486  dMax=0.032301  Dlo=0.000743  Dhi=0.016893  err=1.000000  inc=0.622301  bucket 5->5  (mf=510)
[MF-SEL] tPrev=(  d=0.034028  dMin=0.000000  dAvg=0.001888  dMax=0.034028  Dlo=0.000944  Dhi=0.017958  err=1.000000  inc=0.624772  bucket 5->5  (mf=510)
[MF-SEL] tPrev=(  d=0.041274  dMin=0.000000  dAvg=0.002368  dMax=0.041274  Dlo=0.001184  Dhi=0.021821  err=1.000000  inc=0.627042  bucket 5->5  (mf=510)
[MF-SEL] tPrev=(  d=0.037289  dMin=0.000000  dAvg=0.002789  dMax=0.041274  Dlo=0.001394  Dhi=0.022032  err=1.000000  inc=0.629540  bucket 5->5  (mf=510)
[MF-SEL] tPrev=(  d=0.032378  dMin=0.000000  dAvg=0.003141  dMax=0.041274  Dlo=0.001571  Dhi=0.022208  err=1.000000  inc=0.631972  bucket 5->5  (mf=510)
[MF-SEL] tPrev=(  d=0.045053  dMin=0.000000  dAvg=0.003634  dMax=0.045053  Dlo=0.001817  Dhi=0.024344  err=1.000000  inc=0.634493  bucket 5->5  (mf=510)
[MF-SEL] tPrev=(  d=0.023432  dMin=0.000000  dAvg=0.003864  dMax=0.045053  Dlo=0.001932  Dhi=0.024459  err=0.000000  inc=-0.299339  bucket 5->5  (mf=510)
[MF-SEL] tPrev=(  d=0.019824  dMin=0.000000  dAvg=0.004048  dMax=0.045053  Dlo=0.002024  Dhi=0.024551  err=0.000000  inc=0.034493  bucket 5->5  (mf=510)
[MF-SEL] tPrev=(  d=0.019951  dMin=0.000000  dAvg=0.004229  dMax=0.045053  Dlo=0.002114  Dhi=0.024641  err=0.000000  inc=0.034493  bucket 5->5  (mf=510)
[MF-SEL] tPrev=(  d=0.018885  dMin=0.000000  dAvg=0.004393  dMax=0.045053  Dlo=0.002197  Dhi=0.024723  err=0.000000  inc=0.034493  bucket 5->5  (mf=510)
[MF-SEL] tPrev=(  d=0.015704  dMin=0.000000  dAvg=0.004519  dMax=0.045053  Dlo=0.002259  Dhi=0.024786  err=0.000000  inc=0.034493  bucket 5->5  (mf=510)
[MF-SEL] tPrev=(  d=0.013676  dMin=0.000000  dAvg=0.004620  dMax=0.045053  Dlo=0.002310  Dhi=0.024836  err=0.000000  inc=0.034493  bucket 5->5  (mf=510)
[MF-SEL] tPrev=(  d=0.014630  dMin=0.000000  dAvg=0.004728  dMax=0.045053  Dlo=0.002364  Dhi=0.024891  err=0.000000  inc=0.034493  bucket 5->5  (mf=510)
[MF-SEL] tPrev=(  d=0.015377  dMin=0.000000  dAvg=0.004843  dMax=0.045053  Dlo=0.002421  Dhi=0.024948  err=0.000000  inc=0.034493  bucket 5->5  (mf=510)
[MF-SEL] tPrev=(  d=0.011745  dMin=0.000000  dAvg=0.004916  dMax=0.045053  Dlo=0.002458  Dhi=0.024985  err=0.000000  inc=0.034493  bucket 5->5  (mf=510)
[MF-SEL] tPrev=(  d=0.014951  dMin=0.000000  dAvg=0.005022  dMax=0.045053  Dlo=0.002511  Dhi=0.025038  err=0.000000  inc=0.034493  bucket 5->5  (mf=510)
[MF-SEL] tPrev=(  d=0.011285  dMin=0.000000  dAvg=0.005087  dMax=0.045053  Dlo=0.002544  Dhi=0.025070  err=0.000000  inc=0.034493  bucket 5->5  (mf=510)
[MF-SEL] tPrev=(  d=0.011576  dMin=0.000000  dAvg=0.005154  dMax=0.045053  Dlo=0.002577  Dhi=0.025104  err=0.000000  inc=0.034493  bucket 5->5  (mf=510)
[MF-SEL] tPrev=(  d=0.012959  dMin=0.000000  dAvg=0.005234  dMax=0.045053  Dlo=0.002617  Dhi=0.025144  err=0.000000  inc=0.034493  bucket 5->5  (mf=510)
[MF-SEL] tPrev=(  d=0.014324  dMin=0.000000  dAvg=0.005325  dMax=0.045053  Dlo=0.002663  Dhi=0.025189  err=0.000000  inc=0.034493  bucket 5->5  (mf=510)
[MF-SEL] tPrev=(  d=0.022508  dMin=0.000000  dAvg=0.005497  dMax=0.045053  Dlo=0.002749  Dhi=0.025275  err=0.000000  inc=0.034493  bucket 5->5  (mf=510)
[MF-SEL] tPrev=(  d=0.014209  dMin=0.000000  dAvg=0.005584  dMax=0.045053  Dlo=0.002792  Dhi=0.025319  err=0.000000  inc=0.034493  bucket 5->5  (mf=510)
[MF-SEL] tPrev=(  d=0.016691  dMin=0.000000  dAvg=0.005692  dMax=0.045053  Dlo=0.002846  Dhi=0.025373  err=0.000000  inc=0.034493  bucket 5->5  (mf=510)
[MF-SEL] tPrev=(  d=0.017135  dMin=0.000000  dAvg=0.005804  dMax=0.045053  Dlo=0.002902  Dhi=0.025429  err=0.000000  inc=0.034493  bucket 5->5  (mf=510)
[MF-SEL] tPrev=(  d=0.017090  dMin=0.000000  dAvg=0.005912  dMax=0.045053  Dlo=0.002956  Dhi=0.025483  err=0.000000  inc=0.034493  bucket 5->5  (mf=510)
[MF-SEL] tPrev=(  d=0.015259  dMin=0.000000  dAvg=0.006001  dMax=0.045053  Dlo=0.003001  Dhi=0.025527  err=0.000000  inc=0.034493  bucket 5->5  (mf=510)
[MF-SEL] tPrev=(  d=0.011001  dMin=0.000000  dAvg=0.006048  dMax=0.045053  Dlo=0.003024  Dhi=0.025551  err=0.000000  inc=0.034493  bucket 5->5  (mf=510)
[MF-SEL] tPrev=(  d=0.026898  dMin=0.000000  dAvg=0.006243  dMax=0.045053  Dlo=0.003122  Dhi=0.025648  err=1.000000  inc=0.988338  bucket 5->5  (mf=510)
[MF-SEL] tPrev=(  d=0.011978  dMin=0.000000  dAvg=0.006296  dMax=0.045053  Dlo=0.003148  Dhi=0.025675  err=0.000000  inc=-0.309344  bucket 5->5  (mf=510)
[MF-SEL] tPrev=(  d=0.019325  dMin=0.000000  dAvg=0.006416  dMax=0.045053  Dlo=0.003208  Dhi=0.025735  err=0.000000  inc=0.036769  bucket 5->5  (mf=510)
[MF-SEL] tPrev=(  d=0.012974  dMin=0.000000  dAvg=0.006475  dMax=0.045053  Dlo=0.003238  Dhi=0.025764  err=0.000000  inc=0.036769  bucket 5->5  (mf=510)
[MF-SEL] tPrev=(  d=0.022756  dMin=0.000000  dAvg=0.006622  dMax=0.045053  Dlo=0.003311  Dhi=0.025838  err=0.000000  inc=0.036769  bucket 5->5  (mf=510)
[MF-SEL] tPrev=(  d=0.029403  dMin=0.000000  dAvg=0.006825  dMax=0.045053  Dlo=0.003413  Dhi=0.025939  err=1.000000  inc=0.976962  bucket 5->5  (mf=510)
[MF-SEL] tPrev=(  d=0.033189  dMin=0.000000  dAvg=0.007059  dMax=0.045053  Dlo=0.003529  Dhi=0.026056  err=1.000000  inc=0.641618  bucket 5->5  (mf=510)
[MF-SEL] tPrev=(  d=0.032776  dMin=0.000000  dAvg=0.007284  dMax=0.045053  Dlo=0.003642  Dhi=0.026169  err=1.000000  inc=0.644023  bucket 5->5  (mf=510)
[MF-SEL] tPrev=(  d=0.042790  dMin=0.000000  dAvg=0.007593  dMax=0.045053  Dlo=0.003797  Dhi=0.026323  err=1.000000  inc=0.646475  bucket 5->5  (mf=510)
[MF-SEL] tPrev=(  d=0.055995  dMin=0.000000  dAvg=0.008010  dMax=0.055995  Dlo=0.004005  Dhi=0.032003  err=1.000000  inc=0.648960  bucket 5->5  (mf=510)
[MF-SEL] tPrev=(  d=0.057419  dMin=0.000000  dAvg=0.008433  dMax=0.057419  Dlo=0.004216  Dhi=0.032926  err=1.000000  inc=0.651416  bucket 5->5  (mf=510)
[MF-SEL] tPrev=(  d=0.063664  dMin=0.000000  dAvg=0.008901  dMax=0.063664  Dlo=0.004450  Dhi=0.036282  err=1.000000  inc=0.653859  bucket 5->5  (mf=510)
[MF-SEL] tPrev=(  d=0.070092  dMin=0.000000  dAvg=0.009415  dMax=0.070092  Dlo=0.004707  Dhi=0.039753  err=1.000000  inc=0.656232  bucket 5->5  (mf=510)
[MF-SEL] tPrev=(  d=0.075271  dMin=0.000000  dAvg=0.009964  dMax=0.075271  Dlo=0.004982  Dhi=0.042617  err=1.000000  inc=0.658727  bucket 5->5  (mf=510)
[MF-SEL] tPrev=(  d=0.078821  dMin=0.000000  dAvg=0.010533  dMax=0.078821  Dlo=0.005266  Dhi=0.044677  err=1.000000  inc=0.660927  bucket 5->5  (mf=510)
[MF-SEL] tPrev=(  d=0.241261  dMin=0.000000  dAvg=0.012424  dMax=0.241261  Dlo=0.006212  Dhi=0.126842  err=1.000000  inc=0.663428  bucket 5->5  (mf=510)
[MF-SEL] tPrev=(  d=0.080759  dMin=0.000000  dAvg=0.012980  dMax=0.241261  Dlo=0.006490  Dhi=0.127120  err=0.000000  inc=-0.251836  bucket 5->5  (mf=510)
[MF-SEL] tPrev=(  d=0.070054  dMin=0.000000  dAvg=0.013440  dMax=0.241261  Dlo=0.006720  Dhi=0.127350  err=0.000000  inc=0.063428  bucket 5->5  (mf=510)
[MF-SEL] tPrev=(  d=0.079303  dMin=0.000000  dAvg=0.013967  dMax=0.241261  Dlo=0.006983  Dhi=0.127614  err=0.000000  inc=0.063428  bucket 5->5  (mf=510)
[MF-SEL] tPrev=(  d=0.073666  dMin=0.000000  dAvg=0.014441  dMax=0.241261  Dlo=0.007220  Dhi=0.127851  err=0.000000  inc=0.063428  bucket 5->5  (mf=510)
[MF-SEL] tPrev=(  d=0.076089  dMin=0.000000  dAvg=0.014926  dMax=0.241261  Dlo=0.007463  Dhi=0.128093  err=0.000000  inc=0.063428  bucket 5->5  (mf=510)
[MF-SEL] tPrev=(  d=0.074707  dMin=0.000000  dAvg=0.015393  dMax=0.241261  Dlo=0.007697  Dhi=0.128327  err=0.000000  inc=0.063428  bucket 5->5  (mf=510)
[MF-SEL] tPrev=(  d=0.073204  dMin=0.000000  dAvg=0.015841  dMax=0.241261  Dlo=0.007921  Dhi=0.128551  err=0.000000  inc=0.063428  bucket 5->5  (mf=510)
[MF-SEL] tPrev=(  d=0.071988  dMin=0.000000  dAvg=0.016273  dMax=0.241261  Dlo=0.008137  Dhi=0.128767  err=0.000000  inc=0.063428  bucket 5->5  (mf=510)
[MF-SEL] tPrev=(  d=0.070426  dMin=0.000000  dAvg=0.016686  dMax=0.241261  Dlo=0.008343  Dhi=0.128974  err=0.000000  inc=0.063428  bucket 5->5  (mf=510)
[MF-SEL] tPrev=(  d=0.078116  dMin=0.000000  dAvg=0.017152  dMax=0.241261  Dlo=0.008576  Dhi=0.129206  err=0.000000  inc=0.063428  bucket 5->5  (mf=510)
[MF-SEL] tPrev=(  d=0.068929  dMin=0.000000  dAvg=0.017541  dMax=0.241261  Dlo=0.008771  Dhi=0.129401  err=0.000000  inc=0.063428  bucket 5->5  (mf=510)
[MF-SEL] tPrev=(  d=0.057471  dMin=0.000000  dAvg=0.017839  dMax=0.241261  Dlo=0.008920  Dhi=0.129550  err=0.000000  inc=0.063428  bucket 5->5  (mf=510)
[MF-SEL] tPrev=(  d=0.064095  dMin=0.000000  dAvg=0.018182  dMax=0.241261  Dlo=0.009091  Dhi=0.129721  err=0.000000  inc=0.063428  bucket 5->5  (mf=510)
[MF-SEL] tPrev=(  d=0.067398  dMin=0.000000  dAvg=0.018544  dMax=0.241261  Dlo=0.009272  Dhi=0.129902  err=0.000000  inc=0.063428  bucket 5->5  (mf=510)
[MF-SEL] tPrev=(  d=0.057260  dMin=0.000000  dAvg=0.018826  dMax=0.241261  Dlo=0.009413  Dhi=0.130043  err=0.000000  inc=0.063428  bucket 5->5  (mf=510)
[MF-SEL] tPrev=(  d=0.048508  dMin=0.000000  dAvg=0.019041  dMax=0.241261  Dlo=0.009521  Dhi=0.130151  err=0.000000  inc=0.063428  bucket 5->5  (mf=510)
[MF-SEL] tPrev=(  d=0.047552  dMin=0.000000  dAvg=0.019246  dMax=0.241261  Dlo=0.009623  Dhi=0.130254  err=0.000000  inc=0.063428  bucket 5->5  (mf=510)
[MF-SEL] tPrev=(  d=0.042198  dMin=0.000000  dAvg=0.019410  dMax=0.241261  Dlo=0.009705  Dhi=0.130335  err=0.000000  inc=0.063428  bucket 5->5  (mf=510)
[MF-SEL] tPrev=(  d=0.036919  dMin=0.000000  dAvg=0.019535  dMax=0.241261  Dlo=0.009767  Dhi=0.130398  err=0.000000  inc=0.063428  bucket 5->5  (mf=510)
[MF-SEL] tPrev=(  d=0.021980  dMin=0.000000  dAvg=0.019552  dMax=0.241261  Dlo=0.009776  Dhi=0.130406  err=0.000000  inc=0.063428  bucket 5->5  (mf=510)
[MF-SEL] tPrev=(  d=0.027235  dMin=0.000000  dAvg=0.019605  dMax=0.241261  Dlo=0.009803  Dhi=0.130433  err=0.000000  inc=0.063428  bucket 5->5  (mf=510)
[MF-SEL] tPrev=(  d=0.024532  dMin=0.000000  dAvg=0.019640  dMax=0.241261  Dlo=0.009820  Dhi=0.130450  err=0.000000  inc=0.063428  bucket 5->5  (mf=510)
[MF-SEL] tPrev=(  d=0.023867  dMin=0.000000  dAvg=0.019669  dMax=0.241261  Dlo=0.009834  Dhi=0.130465  err=0.000000  inc=0.063428  bucket 5->5  (mf=510)
[MF-SEL] tPrev=(  d=0.024980  dMin=0.000000  dAvg=0.019705  dMax=0.241261  Dlo=0.009853  Dhi=0.130483  err=0.000000  inc=0.063428  bucket 5->5  (mf=510)
[MF-SEL] tPrev=(  d=0.026807  dMin=0.000000  dAvg=0.019754  dMax=0.241261  Dlo=0.009877  Dhi=0.130507  err=0.000000  inc=0.063428  bucket 5->5  (mf=510)
[MF-SEL] tPrev=(  d=0.029206  dMin=0.000000  dAvg=0.019817  dMax=0.241261  Dlo=0.009909  Dhi=0.130539  err=0.000000  inc=0.063428  bucket 5->5  (mf=510)
[MF-SEL] tPrev=(  d=0.031681  dMin=0.000000  dAvg=0.019897  dMax=0.241261  Dlo=0.009949  Dhi=0.130579  err=0.000000  inc=0.063428  bucket 5->5  (mf=510)
[MF-SEL] tPrev=(  d=0.036836  dMin=0.000000  dAvg=0.020010  dMax=0.241261  Dlo=0.010005  Dhi=0.130635  err=0.000000  inc=0.063428  bucket 5->5  (mf=510)
[MF-SEL] tPrev=(  d=0.036398  dMin=0.000000  dAvg=0.020118  dMax=0.241261  Dlo=0.010059  Dhi=0.130690  err=0.000000  inc=0.063428  bucket 5->5  (mf=510)
[MF-SEL] tPrev=(  d=0.039249  dMin=0.000000  dAvg=0.020244  dMax=0.241261  Dlo=0.010122  Dhi=0.130752  err=0.000000  inc=0.063428  bucket 5->5  (mf=510)
[MF-SEL] tPrev=(  d=0.041801  dMin=0.000000  dAvg=0.020385  dMax=0.241261  Dlo=0.010193  Dhi=0.130823  err=0.000000  inc=0.063428  bucket 5->5  (mf=510)
[MF-SEL] tPrev=(  d=0.045030  dMin=0.000000  dAvg=0.020545  dMax=0.241261  Dlo=0.010273  Dhi=0.130903  err=0.000000  inc=0.063428  bucket 5->5  (mf=510)
[MF-SEL] tPrev=(  d=0.049087  dMin=0.000000  dAvg=0.020729  dMax=0.241261  Dlo=0.010365  Dhi=0.130995  err=0.000000  inc=0.063428  bucket 5->5  (mf=510)
[MF-SEL] tPrev=(  d=0.051327  dMin=0.000000  dAvg=0.020926  dMax=0.241261  Dlo=0.010463  Dhi=0.131093  err=0.000000  inc=0.063428  bucket 5->5  (mf=510)
[MF-SEL] tPrev=(  d=0.053815  dMin=0.000000  dAvg=0.021135  dMax=0.241261  Dlo=0.010568  Dhi=0.131198  err=0.000000  inc=0.063428  bucket 5->5  (mf=510)
[MF-SEL] tPrev=(  d=0.057251  dMin=0.000000  dAvg=0.021364  dMax=0.241261  Dlo=0.010682  Dhi=0.131312  err=0.000000  inc=0.063428  bucket 5->5  (mf=510)
[MF-SEL] tPrev=(  d=0.059609  dMin=0.000000  dAvg=0.021604  dMax=0.241261  Dlo=0.010802  Dhi=0.131432  err=0.000000  inc=0.063428  bucket 5->5  (mf=510)
[MF-SEL] tPrev=(  d=0.061071  dMin=0.000000  dAvg=0.021851  dMax=0.241261  Dlo=0.010925  Dhi=0.131556  err=0.000000  inc=0.063428  bucket 5->5  (mf=510)
[MF-SEL] tPrev=(  d=0.062377  dMin=0.000000  dAvg=0.022103  dMax=0.241261  Dlo=0.011051  Dhi=0.131682  err=0.000000  inc=0.063428  bucket 5->5  (mf=510)
[MF-SEL] tPrev=(  d=0.063378  dMin=0.000000  dAvg=0.022357  dMax=0.241261  Dlo=0.011179  Dhi=0.131809  err=0.000000  inc=0.063428  bucket 5->5  (mf=510)
[MF-SEL] tPrev=(  d=0.061059  dMin=0.000000  dAvg=0.022595  dMax=0.241261  Dlo=0.011297  Dhi=0.131928  err=0.000000  inc=0.063428  bucket 5->5  (mf=510)
[MF-SEL] tPrev=(  d=0.064690  dMin=0.000000  dAvg=0.022851  dMax=0.241261  Dlo=0.011426  Dhi=0.132056  err=0.000000  inc=0.063428  bucket 5->5  (mf=510)
[MF-SEL] tPrev=(  d=0.065479  dMin=0.000000  dAvg=0.023110  dMax=0.241261  Dlo=0.011555  Dhi=0.132185  err=0.000000  inc=0.063428  bucket 5->5  (mf=510)
[MF-SEL] tPrev=(  d=0.067704  dMin=0.000000  dAvg=0.023378  dMax=0.241261  Dlo=0.011689  Dhi=0.132320  err=0.000000  inc=0.063428  bucket 5->5  (mf=510)
[MF-SEL] tPrev=(  d=0.066046  dMin=0.000000  dAvg=0.023634  dMax=0.241261  Dlo=0.011817  Dhi=0.132447  err=0.000000  inc=0.063428  bucket 5->5  (mf=510)
[MF-SEL] tPrev=(  d=0.066336  dMin=0.000000  dAvg=0.023888  dMax=0.241261  Dlo=0.011944  Dhi=0.132574  err=0.000000  inc=0.063428  bucket 5->5  (mf=510)
[MF-SEL] tPrev=(  d=0.067038  dMin=0.000000  dAvg=0.024143  dMax=0.241261  Dlo=0.012072  Dhi=0.132702  err=0.000000  inc=0.063428  bucket 5->5  (mf=510)
[MF-SEL] tPrev=(  d=0.067897  dMin=0.000000  dAvg=0.024401  dMax=0.241261  Dlo=0.012200  Dhi=0.132831  err=0.000000  inc=0.063428  bucket 5->5  (mf=510)
[MF-SEL] tPrev=(  d=0.068994  dMin=0.000000  dAvg=0.024662  dMax=0.241261  Dlo=0.012331  Dhi=0.132961  err=0.000000  inc=0.063428  bucket 5->5  (mf=510)
[MF-SEL] tPrev=(  d=0.058309  dMin=0.000000  dAvg=0.024857  dMax=0.241261  Dlo=0.012429  Dhi=0.133059  err=0.000000  inc=0.063428  bucket 5->5  (mf=510)
[MF-SEL] tPrev=(  d=0.070282  dMin=0.000000  dAvg=0.025120  dMax=0.241261  Dlo=0.012560  Dhi=0.133190  err=0.000000  inc=0.063428  bucket 5->5  (mf=510)
[MF-SEL] tPrev=(  d=0.070445  dMin=0.000000  dAvg=0.025380  dMax=0.241261  Dlo=0.012690  Dhi=0.133320  err=0.000000  inc=0.063428  bucket 5->5  (mf=510)
[MF-SEL] tPrev=(  d=0.070360  dMin=0.000000  dAvg=0.025637  dMax=0.241261  Dlo=0.012819  Dhi=0.133449  err=0.000000  inc=0.063428  bucket 5->5  (mf=510)
[MF-SEL] tPrev=(  d=0.070339  dMin=0.000000  dAvg=0.025891  dMax=0.241261  Dlo=0.012946  Dhi=0.133576  err=0.000000  inc=0.063428  bucket 5->5  (mf=510)
start VIBA 1
[MF-SEL] tPrev=(  d=0.070074  dMin=0.000000  dAvg=0.026141  dMax=0.241261  Dlo=0.013070  Dhi=0.133701  err=0.000000  inc=0.063428  bucket 5->5  (mf=510)
[MF-SEL] tPrev=(  d=0.069852  dMin=0.000000  dAvg=0.026386  dMax=0.241261  Dlo=0.013193  Dhi=0.133824  err=0.000000  inc=0.063428  bucket 5->5  (mf=510)
end VIBA 1
[MF-SEL] tPrev=(  d=0.072342  dMin=0.000000  dAvg=0.026643  dMax=0.241261  Dlo=0.013322  Dhi=0.133952  err=0.000000  inc=0.063428  bucket 5->5  (mf=510)
[MF-SEL] tPrev=(  d=0.069496  dMin=0.000000  dAvg=0.026881  dMax=0.241261  Dlo=0.013441  Dhi=0.134071  err=0.000000  inc=0.063428  bucket 5->5  (mf=510)
[MF-SEL] tPrev=(  d=0.061146  dMin=0.000000  dAvg=0.027071  dMax=0.241261  Dlo=0.013535  Dhi=0.134166  err=0.000000  inc=0.063428  bucket 5->5  (mf=510)
[MF-SEL] tPrev=(  d=0.066321  dMin=0.000000  dAvg=0.027286  dMax=0.241261  Dlo=0.013643  Dhi=0.134273  err=0.000000  inc=0.063428  bucket 5->5  (mf=510)
[MF-SEL] tPrev=(  d=0.065264  dMin=0.000000  dAvg=0.027494  dMax=0.241261  Dlo=0.013747  Dhi=0.134377  err=0.000000  inc=0.063428  bucket 5->5  (mf=510)
[MF-SEL] tPrev=(  d=0.064015  dMin=0.000000  dAvg=0.027692  dMax=0.241261  Dlo=0.013846  Dhi=0.134476  err=0.000000  inc=0.063428  bucket 5->5  (mf=510)
[MF-SEL] tPrev=(  d=0.061536  dMin=0.000000  dAvg=0.027875  dMax=0.241261  Dlo=0.013938  Dhi=0.134568  err=0.000000  inc=0.063428  bucket 5->5  (mf=510)
[MF-SEL] tPrev=(  d=0.062324  dMin=0.000000  dAvg=0.028060  dMax=0.241261  Dlo=0.014030  Dhi=0.134661  err=0.000000  inc=0.063428  bucket 5->5  (mf=510)
[MF-SEL] tPrev=(  d=0.056220  dMin=0.000000  dAvg=0.028211  dMax=0.241261  Dlo=0.014105  Dhi=0.134736  err=0.000000  inc=0.063428  bucket 5->5  (mf=510)
[MF-SEL] tPrev=(  d=0.059721  dMin=0.000000  dAvg=0.028379  dMax=0.241261  Dlo=0.014189  Dhi=0.134820  err=0.000000  inc=0.063428  bucket 5->5  (mf=510)
[MF-SEL] tPrev=(  d=0.055997  dMin=0.000000  dAvg=0.028525  dMax=0.241261  Dlo=0.014262  Dhi=0.134893  err=0.000000  inc=0.063428  bucket 5->5  (mf=510)
[MF-SEL] tPrev=(  d=0.057191  dMin=0.000000  dAvg=0.028676  dMax=0.241261  Dlo=0.014338  Dhi=0.134968  err=0.000000  inc=0.063428  bucket 5->5  (mf=510)
[MF-SEL] tPrev=(  d=0.057893  dMin=0.000000  dAvg=0.028829  dMax=0.241261  Dlo=0.014414  Dhi=0.135045  err=0.000000  inc=0.063428  bucket 5->5  (mf=510)
[MF-SEL] tPrev=(  d=0.055144  dMin=0.000000  dAvg=0.028966  dMax=0.241261  Dlo=0.014483  Dhi=0.135113  err=0.000000  inc=0.063428  bucket 5->5  (mf=510)
[MF-SEL] tPrev=(  d=0.063092  dMin=0.000000  dAvg=0.029142  dMax=0.241261  Dlo=0.014571  Dhi=0.135202  err=0.000000  inc=0.063428  bucket 5->5  (mf=510)
[MF-SEL] tPrev=(  d=0.053256  dMin=0.000000  dAvg=0.029267  dMax=0.241261  Dlo=0.014633  Dhi=0.135264  err=0.000000  inc=0.063428  bucket 5->5  (mf=510)
[MF-SEL] tPrev=(  d=0.052270  dMin=0.000000  dAvg=0.029385  dMax=0.241261  Dlo=0.014692  Dhi=0.135323  err=0.000000  inc=0.063428  bucket 5->5  (mf=510)
[MF-SEL] tPrev=(  d=0.050818  dMin=0.000000  dAvg=0.029494  dMax=0.241261  Dlo=0.014747  Dhi=0.135377  err=0.000000  inc=0.063428  bucket 5->5  (mf=510)
[MF-SEL] tPrev=(  d=0.047928  dMin=0.000000  dAvg=0.029588  dMax=0.241261  Dlo=0.014794  Dhi=0.135424  err=0.000000  inc=0.063428  bucket 5->5  (mf=510)
[MF-SEL] tPrev=(  d=0.046864  dMin=0.000000  dAvg=0.029675  dMax=0.241261  Dlo=0.014837  Dhi=0.135468  err=0.000000  inc=0.063428  bucket 5->5  (mf=510)
[MF-SEL] tPrev=(  d=0.048250  dMin=0.000000  dAvg=0.029768  dMax=0.241261  Dlo=0.014884  Dhi=0.135514  err=0.000000  inc=0.063428  bucket 5->5  (mf=510)
[MF-SEL] tPrev=(  d=0.042675  dMin=0.000000  dAvg=0.029833  dMax=0.241261  Dlo=0.014916  Dhi=0.135547  err=0.000000  inc=0.063428  bucket 5->5  (mf=510)
[MF-SEL] tPrev=(  d=0.040899  dMin=0.000000  dAvg=0.029888  dMax=0.241261  Dlo=0.014944  Dhi=0.135574  err=0.000000  inc=0.063428  bucket 5->5  (mf=510)
[MF-SEL] tPrev=(  d=0.044845  dMin=0.000000  dAvg=0.029962  dMax=0.241261  Dlo=0.014981  Dhi=0.135611  err=0.000000  inc=0.063428  bucket 5->5  (mf=510)
[MF-SEL] tPrev=(  d=0.038085  dMin=0.000000  dAvg=0.030002  dMax=0.241261  Dlo=0.015001  Dhi=0.135631  err=0.000000  inc=0.063428  bucket 5->5  (mf=510)
[MF-SEL] tPrev=(  d=0.036848  dMin=0.000000  dAvg=0.030035  dMax=0.241261  Dlo=0.015018  Dhi=0.135648  err=0.000000  inc=0.063428  bucket 5->5  (mf=510)
[MF-SEL] tPrev=(  d=0.034296  dMin=0.000000  dAvg=0.030056  dMax=0.241261  Dlo=0.015028  Dhi=0.135658  err=0.000000  inc=0.063428  bucket 5->5  (mf=510)
[MF-SEL] tPrev=(  d=0.031494  dMin=0.000000  dAvg=0.030063  dMax=0.241261  Dlo=0.015032  Dhi=0.135662  err=0.000000  inc=0.063428  bucket 5->5  (mf=510)
[MF-SEL] tPrev=(  d=0.036466  dMin=0.000000  dAvg=0.030094  dMax=0.241261  Dlo=0.015047  Dhi=0.135677  err=0.000000  inc=0.063428  bucket 5->5  (mf=510)
[MF-SEL] tPrev=(  d=0.026071  dMin=0.000000  dAvg=0.030075  dMax=0.241261  Dlo=0.015037  Dhi=0.135668  err=0.000000  inc=0.063428  bucket 5->5  (mf=510)
[MF-SEL] tPrev=(  d=0.022687  dMin=0.000000  dAvg=0.030039  dMax=0.241261  Dlo=0.015020  Dhi=0.135650  err=0.000000  inc=0.063428  bucket 5->5  (mf=510)
[MF-SEL] tPrev=(  d=0.018856  dMin=0.000000  dAvg=0.029986  dMax=0.241261  Dlo=0.014993  Dhi=0.135623  err=0.000000  inc=0.063428  bucket 5->5  (mf=510)
[MF-SEL] tPrev=(  d=0.012313  dMin=0.000000  dAvg=0.029902  dMax=0.241261  Dlo=0.014951  Dhi=0.135582  err=-1.000000  inc=-0.862029  bucket 5->4  (mf=600)
[MF-SEL] tPrev=(  d=0.012544  dMin=0.000000  dAvg=0.029821  dMax=0.241261  Dlo=0.014910  Dhi=0.135541  err=-1.000000  inc=-0.541708  bucket 4->3  (mf=700)
[MF-SEL] tPrev=(  d=0.020119  dMin=0.000000  dAvg=0.029775  dMax=0.241261  Dlo=0.014887  Dhi=0.135518  err=0.000000  inc=0.414208  bucket 3->3  (mf=700)
[MF-SEL] tPrev=(  d=0.010522  dMin=0.000000  dAvg=0.029685  dMax=0.241261  Dlo=0.014843  Dhi=0.135473  err=-1.000000  inc=-0.855789  bucket 3->2  (mf=800)
[MF-SEL] tPrev=(  d=0.010369  dMin=0.000000  dAvg=0.029595  dMax=0.241261  Dlo=0.014798  Dhi=0.135428  err=-1.000000  inc=-0.546709  bucket 2->1  (mf=900)
[MF-SEL] tPrev=(  d=0.011137  dMin=0.000000  dAvg=0.029510  dMax=0.241261  Dlo=0.014755  Dhi=0.135385  err=-1.000000  inc=-0.549195  bucket 1->0  (mf=1000)
[MF-SEL] tPrev=(  d=0.012114  dMin=0.000000  dAvg=0.029430  dMax=0.241261  Dlo=0.014715  Dhi=0.135345  err=-1.000000  inc=-0.551494  bucket 0->0  (mf=1000)
[MF-SEL] tPrev=(  d=0.014967  dMin=0.000000  dAvg=0.029363  dMax=0.241261  Dlo=0.014682  Dhi=0.135312  err=0.000000  inc=0.393174  bucket 0->0  (mf=1000)
[MF-SEL] tPrev=(  d=0.017052  dMin=0.000000  dAvg=0.029307  dMax=0.241261  Dlo=0.014654  Dhi=0.135284  err=0.000000  inc=0.048506  bucket 0->0  (mf=1000)
[MF-SEL] tPrev=(  d=0.019232  dMin=0.000000  dAvg=0.029261  dMax=0.241261  Dlo=0.014631  Dhi=0.135261  err=0.000000  inc=0.048506  bucket 0->0  (mf=1000)
[MF-SEL] tPrev=(  d=0.022883  dMin=0.000000  dAvg=0.029232  dMax=0.241261  Dlo=0.014616  Dhi=0.135246  err=0.000000  inc=0.048506  bucket 0->0  (mf=1000)
[MF-SEL] tPrev=(  d=0.025579  dMin=0.000000  dAvg=0.029216  dMax=0.241261  Dlo=0.014608  Dhi=0.135238  err=0.000000  inc=0.048506  bucket 0->0  (mf=1000)
[MF-SEL] tPrev=(  d=0.032353  dMin=0.000000  dAvg=0.029230  dMax=0.241261  Dlo=0.014615  Dhi=0.135245  err=0.000000  inc=0.048506  bucket 0->0  (mf=1000)
[MF-SEL] tPrev=(  d=0.033549  dMin=0.000000  dAvg=0.029249  dMax=0.241261  Dlo=0.014625  Dhi=0.135255  err=0.000000  inc=0.048506  bucket 0->0  (mf=1000)
[MF-SEL] tPrev=(  d=0.035717  dMin=0.000000  dAvg=0.029278  dMax=0.241261  Dlo=0.014639  Dhi=0.135269  err=0.000000  inc=0.048506  bucket 0->0  (mf=1000)
[MF-SEL] tPrev=(  d=0.036031  dMin=0.000000  dAvg=0.029308  dMax=0.241261  Dlo=0.014654  Dhi=0.135284  err=0.000000  inc=0.048506  bucket 0->0  (mf=1000)
[MF-SEL] tPrev=(  d=0.048669  dMin=0.000000  dAvg=0.029393  dMax=0.241261  Dlo=0.014697  Dhi=0.135327  err=0.000000  inc=0.048506  bucket 0->0  (mf=1000)
[MF-SEL] tPrev=(  d=0.036344  dMin=0.000000  dAvg=0.029424  dMax=0.241261  Dlo=0.014712  Dhi=0.135342  err=0.000000  inc=0.048506  bucket 0->0  (mf=1000)
[MF-SEL] tPrev=(  d=0.036326  dMin=0.000000  dAvg=0.029454  dMax=0.241261  Dlo=0.014727  Dhi=0.135357  err=0.000000  inc=0.048506  bucket 0->0  (mf=1000)
[MF-SEL] tPrev=(  d=0.058059  dMin=0.000000  dAvg=0.029578  dMax=0.241261  Dlo=0.014789  Dhi=0.135419  err=0.000000  inc=0.048506  bucket 0->0  (mf=1000)
Dropping frame 1413393897.555760
[MF-SEL] tPrev=(  d=0.071466  dMin=0.000000  dAvg=0.029759  dMax=0.241261  Dlo=0.014880  Dhi=0.135510  err=0.000000  inc=0.048506  bucket 0->0  (mf=1000)
[MF-SEL] tPrev=(  d=0.055926  dMin=0.000000  dAvg=0.029872  dMax=0.241261  Dlo=0.014936  Dhi=0.135566  err=0.000000  inc=0.048506  bucket 0->0  (mf=1000)
[MF-SEL] tPrev=(  d=0.036888  dMin=0.000000  dAvg=0.029902  dMax=0.241261  Dlo=0.014951  Dhi=0.135582  err=0.000000  inc=0.048506  bucket 0->0  (mf=1000)
[MF-SEL] tPrev=(  d=0.037741  dMin=0.000000  dAvg=0.029936  dMax=0.241261  Dlo=0.014968  Dhi=0.135598  err=0.000000  inc=0.048506  bucket 0->0  (mf=1000)
[MF-SEL] tPrev=(  d=0.038261  dMin=0.000000  dAvg=0.029971  dMax=0.241261  Dlo=0.014986  Dhi=0.135616  err=0.000000  inc=0.048506  bucket 0->0  (mf=1000)
Dropping frame 1413393897.855760
[MF-SEL] tPrev=(  d=0.091394  dMin=0.000000  dAvg=0.030232  dMax=0.241261  Dlo=0.015116  Dhi=0.135746  err=0.000000  inc=0.048506  bucket 0->0  (mf=1000)
Dropping frame 1413393897.955760
[MF-SEL] tPrev=(  d=0.077262  dMin=0.000000  dAvg=0.030430  dMax=0.241261  Dlo=0.015215  Dhi=0.135845  err=0.000000  inc=0.048506  bucket 0->0  (mf=1000)
[MF-SEL] tPrev=(  d=0.051462  dMin=0.000000  dAvg=0.030518  dMax=0.241261  Dlo=0.015259  Dhi=0.135890  err=0.000000  inc=0.048506  bucket 0->0  (mf=1000)
[MF-SEL] tPrev=(  d=0.042129  dMin=0.000000  dAvg=0.030567  dMax=0.241261  Dlo=0.015283  Dhi=0.135914  err=0.000000  inc=0.048506  bucket 0->0  (mf=1000)
[MF-SEL] tPrev=(  d=0.042660  dMin=0.000000  dAvg=0.030617  dMax=0.241261  Dlo=0.015309  Dhi=0.135939  err=0.000000  inc=0.048506  bucket 0->0  (mf=1000)
[MF-SEL] tPrev=(  d=0.036507  dMin=0.000000  dAvg=0.030642  dMax=0.241261  Dlo=0.015321  Dhi=0.135951  err=0.000000  inc=0.048506  bucket 0->0  (mf=1000)
[MF-SEL] tPrev=(  d=0.043805  dMin=0.000000  dAvg=0.030696  dMax=0.241261  Dlo=0.015348  Dhi=0.135978  err=0.000000  inc=0.048506  bucket 0->0  (mf=1000)
Dropping frame 1413393898.305761
[MF-SEL] tPrev=(  d=0.102076  dMin=0.000000  dAvg=0.030990  dMax=0.241261  Dlo=0.015495  Dhi=0.136125  err=0.000000  inc=0.048506  bucket 0->0  (mf=1000)
[MF-SEL] tPrev=(  d=0.042783  dMin=0.000000  dAvg=0.031038  dMax=0.241261  Dlo=0.015519  Dhi=0.136149  err=0.000000  inc=0.048506  bucket 0->0  (mf=1000)
[MF-SEL] tPrev=(  d=0.041434  dMin=0.000000  dAvg=0.031081  dMax=0.241261  Dlo=0.015540  Dhi=0.136171  err=0.000000  inc=0.048506  bucket 0->0  (mf=1000)
Dropping frame 1413393898.505760
[MF-SEL] tPrev=(  d=0.094227  dMin=0.000000  dAvg=0.031337  dMax=0.241261  Dlo=0.015669  Dhi=0.136299  err=0.000000  inc=0.048506  bucket 0->0  (mf=1000)
[MF-SEL] tPrev=(  d=0.036840  dMin=0.000000  dAvg=0.031360  dMax=0.241261  Dlo=0.015680  Dhi=0.136310  err=0.000000  inc=0.048506  bucket 0->0  (mf=1000)
Dropping frame 1413393898.655760
[MF-SEL] tPrev=(  d=0.081139  dMin=0.000000  dAvg=0.031560  dMax=0.241261  Dlo=0.015780  Dhi=0.136411  err=0.000000  inc=0.048506  bucket 0->0  (mf=1000)
[MF-SEL] tPrev=(  d=0.036240  dMin=0.000000  dAvg=0.031579  dMax=0.241261  Dlo=0.015790  Dhi=0.136420  err=0.000000  inc=0.048506  bucket 0->0  (mf=1000)
[MF-SEL] tPrev=(  d=0.034340  dMin=0.000000  dAvg=0.031590  dMax=0.241261  Dlo=0.015795  Dhi=0.136425  err=0.000000  inc=0.048506  bucket 0->0  (mf=1000)
[MF-SEL] tPrev=(  d=0.071503  dMin=0.000000  dAvg=0.031749  dMax=0.241261  Dlo=0.015875  Dhi=0.136505  err=0.000000  inc=0.048506  bucket 0->0  (mf=1000)
[MF-SEL] tPrev=(  d=0.027123  dMin=0.000000  dAvg=0.031731  dMax=0.241261  Dlo=0.015865  Dhi=0.136496  err=0.000000  inc=0.048506  bucket 0->0  (mf=1000)
[MF-SEL] tPrev=(  d=0.020017  dMin=0.000000  dAvg=0.031685  dMax=0.241261  Dlo=0.015842  Dhi=0.136473  err=0.000000  inc=0.048506  bucket 0->0  (mf=1000)
[MF-SEL] tPrev=(  d=0.022958  dMin=0.000000  dAvg=0.031650  dMax=0.241261  Dlo=0.015825  Dhi=0.136455  err=0.000000  inc=0.048506  bucket 0->0  (mf=1000)
[MF-SEL] tPrev=(  d=0.006780  dMin=0.000000  dAvg=0.031553  dMax=0.241261  Dlo=0.015776  Dhi=0.136407  err=-1.000000  inc=-0.860489  bucket 0->0  (mf=1000)
[MF-SEL] tPrev=(  d=0.013895  dMin=0.000000  dAvg=0.031484  dMax=0.241261  Dlo=0.015742  Dhi=0.136372  err=-1.000000  inc=-0.556250  bucket 0->0  (mf=1000)
[MF-SEL] tPrev=(  d=0.040780  dMin=0.000000  dAvg=0.031520  dMax=0.241261  Dlo=0.015760  Dhi=0.136390  err=0.000000  inc=0.395933  bucket 0->0  (mf=1000)
[MF-SEL] tPrev=(  d=0.035101  dMin=0.000000  dAvg=0.031534  dMax=0.241261  Dlo=0.015767  Dhi=0.136397  err=0.000000  inc=0.043750  bucket 0->0  (mf=1000)
[MF-SEL] tPrev=(  d=0.040038  dMin=0.000000  dAvg=0.031567  dMax=0.241261  Dlo=0.015783  Dhi=0.136414  err=0.000000  inc=0.043750  bucket 0->0  (mf=1000)
Dropping frame 1413393899.305761
[MF-SEL] tPrev=(  d=0.084317  dMin=0.000000  dAvg=0.031769  dMax=0.241261  Dlo=0.015885  Dhi=0.136515  err=0.000000  inc=0.043750  bucket 0->0  (mf=1000)
[MF-SEL] tPrev=(  d=0.039200  dMin=0.000000  dAvg=0.031798  dMax=0.241261  Dlo=0.015899  Dhi=0.136529  err=0.000000  inc=0.043750  bucket 0->0  (mf=1000)
[MF-SEL] tPrev=(  d=0.038926  dMin=0.000000  dAvg=0.031825  dMax=0.241261  Dlo=0.015913  Dhi=0.136543  err=0.000000  inc=0.043750  bucket 0->0  (mf=1000)
[MF-SEL] tPrev=(  d=0.031590  dMin=0.000000  dAvg=0.031824  dMax=0.241261  Dlo=0.015912  Dhi=0.136542  err=0.000000  inc=0.043750  bucket 0->0  (mf=1000)
Dropping frame 1413393899.555760
[MF-SEL] tPrev=(  d=0.054295  dMin=0.000000  dAvg=0.031909  dMax=0.241261  Dlo=0.015955  Dhi=0.136585  err=0.000000  inc=0.043750  bucket 0->0  (mf=1000)
[MF-SEL] tPrev=(  d=0.023947  dMin=0.000000  dAvg=0.031879  dMax=0.241261  Dlo=0.015940  Dhi=0.136570  err=0.000000  inc=0.043750  bucket 0->0  (mf=1000)
[MF-SEL] tPrev=(  d=0.028324  dMin=0.000000  dAvg=0.031866  dMax=0.241261  Dlo=0.015933  Dhi=0.136563  err=0.000000  inc=0.043750  bucket 0->0  (mf=1000)
[MF-SEL] tPrev=(  d=0.045679  dMin=0.000000  dAvg=0.031918  dMax=0.241261  Dlo=0.015959  Dhi=0.136589  err=0.000000  inc=0.043750  bucket 0->0  (mf=1000)
[MF-SEL] tPrev=(  d=0.041907  dMin=0.000000  dAvg=0.031955  dMax=0.241261  Dlo=0.015977  Dhi=0.136608  err=0.000000  inc=0.043750  bucket 0->0  (mf=1000)
[MF-SEL] tPrev=(  d=0.047781  dMin=0.000000  dAvg=0.032014  dMax=0.241261  Dlo=0.016007  Dhi=0.136637  err=0.000000  inc=0.043750  bucket 0->0  (mf=1000)
[MF-SEL] tPrev=(  d=0.051558  dMin=0.000000  dAvg=0.032086  dMax=0.241261  Dlo=0.016043  Dhi=0.136673  err=0.000000  inc=0.043750  bucket 0->0  (mf=1000)
[MF-SEL] tPrev=(  d=0.078364  dMin=0.000000  dAvg=0.032257  dMax=0.241261  Dlo=0.016128  Dhi=0.136759  err=0.000000  inc=0.043750  bucket 0->0  (mf=1000)
[MF-SEL] tPrev=(  d=0.054834  dMin=0.000000  dAvg=0.032340  dMax=0.241261  Dlo=0.016170  Dhi=0.136800  err=0.000000  inc=0.043750  bucket 0->0  (mf=1000)
[MF-SEL] tPrev=(  d=0.052675  dMin=0.000000  dAvg=0.032414  dMax=0.241261  Dlo=0.016207  Dhi=0.136838  err=0.000000  inc=0.043750  bucket 0->0  (mf=1000)
[MF-SEL] tPrev=(  d=0.057176  dMin=0.000000  dAvg=0.032505  dMax=0.241261  Dlo=0.016252  Dhi=0.136883  err=0.000000  inc=0.043750  bucket 0->0  (mf=1000)
[MF-SEL] tPrev=(  d=0.047094  dMin=0.000000  dAvg=0.032558  dMax=0.241261  Dlo=0.016279  Dhi=0.136909  err=0.000000  inc=0.043750  bucket 0->0  (mf=1000)
[MF-SEL] tPrev=(  d=0.044175  dMin=0.000000  dAvg=0.032600  dMax=0.241261  Dlo=0.016300  Dhi=0.136930  err=0.000000  inc=0.043750  bucket 0->0  (mf=1000)
[MF-SEL] tPrev=(  d=0.038535  dMin=0.000000  dAvg=0.032621  dMax=0.241261  Dlo=0.016311  Dhi=0.136941  err=0.000000  inc=0.043750  bucket 0->0  (mf=1000)
Dropping frame 1413393900.305761
[MF-SEL] tPrev=(  d=0.080296  dMin=0.000000  dAvg=0.032793  dMax=0.241261  Dlo=0.016396  Dhi=0.137027  err=0.000000  inc=0.043750  bucket 0->0  (mf=1000)
[MF-SEL] tPrev=(  d=0.039371  dMin=0.000000  dAvg=0.032816  dMax=0.241261  Dlo=0.016408  Dhi=0.137039  err=0.000000  inc=0.043750  bucket 0->0  (mf=1000)
[MF-SEL] tPrev=(  d=0.039567  dMin=0.000000  dAvg=0.032841  dMax=0.241261  Dlo=0.016420  Dhi=0.137051  err=0.000000  inc=0.043750  bucket 0->0  (mf=1000)
[MF-SEL] tPrev=(  d=0.039015  dMin=0.000000  dAvg=0.032863  dMax=0.241261  Dlo=0.016431  Dhi=0.137062  err=0.000000  inc=0.043750  bucket 0->0  (mf=1000)
[MF-SEL] tPrev=(  d=0.040945  dMin=0.000000  dAvg=0.032891  dMax=0.241261  Dlo=0.016446  Dhi=0.137076  err=0.000000  inc=0.043750  bucket 0->0  (mf=1000)
[MF-SEL] tPrev=(  d=0.037935  dMin=0.000000  dAvg=0.032909  dMax=0.241261  Dlo=0.016455  Dhi=0.137085  err=0.000000  inc=0.043750  bucket 0->0  (mf=1000)
[MF-SEL] tPrev=(  d=0.036043  dMin=0.000000  dAvg=0.032920  dMax=0.241261  Dlo=0.016460  Dhi=0.137090  err=0.000000  inc=0.043750  bucket 0->0  (mf=1000)
[MF-SEL] tPrev=(  d=0.030945  dMin=0.000000  dAvg=0.032913  dMax=0.241261  Dlo=0.016457  Dhi=0.137087  err=0.000000  inc=0.043750  bucket 0->0  (mf=1000)
[MF-SEL] tPrev=(  d=0.030468  dMin=0.000000  dAvg=0.032905  dMax=0.241261  Dlo=0.016452  Dhi=0.137083  err=0.000000  inc=0.043750  bucket 0->0  (mf=1000)
[MF-SEL] tPrev=(  d=0.023519  dMin=0.000000  dAvg=0.032872  dMax=0.241261  Dlo=0.016436  Dhi=0.137066  err=0.000000  inc=0.043750  bucket 0->0  (mf=1000)
[MF-SEL] tPrev=(  d=0.028295  dMin=0.000000  dAvg=0.032856  dMax=0.241261  Dlo=0.016428  Dhi=0.137058  err=0.000000  inc=0.043750  bucket 0->0  (mf=1000)
[MF-SEL] tPrev=(  d=0.032242  dMin=0.000000  dAvg=0.032854  dMax=0.241261  Dlo=0.016427  Dhi=0.137057  err=0.000000  inc=0.043750  bucket 0->0  (mf=1000)
[MF-SEL] tPrev=(  d=0.035248  dMin=0.000000  dAvg=0.032862  dMax=0.241261  Dlo=0.016431  Dhi=0.137061  err=0.000000  inc=0.043750  bucket 0->0  (mf=1000)
Dropping frame 1413393901.005760
[MF-SEL] tPrev=(  d=0.084824  dMin=0.000000  dAvg=0.033041  dMax=0.241261  Dlo=0.016520  Dhi=0.137151  err=0.000000  inc=0.043750  bucket 0->0  (mf=1000)
[MF-SEL] tPrev=(  d=0.045387  dMin=0.000000  dAvg=0.033083  dMax=0.241261  Dlo=0.016541  Dhi=0.137172  err=0.000000  inc=0.043750  bucket 0->0  (mf=1000)
[MF-SEL] tPrev=(  d=0.051217  dMin=0.000000  dAvg=0.033145  dMax=0.241261  Dlo=0.016572  Dhi=0.137203  err=0.000000  inc=0.043750  bucket 0->0  (mf=1000)
[MF-SEL] tPrev=(  d=0.051563  dMin=0.000000  dAvg=0.033208  dMax=0.241261  Dlo=0.016604  Dhi=0.137234  err=0.000000  inc=0.043750  bucket 0->0  (mf=1000)
[MF-SEL] tPrev=(  d=0.048655  dMin=0.000000  dAvg=0.033260  dMax=0.241261  Dlo=0.016630  Dhi=0.137260  err=0.000000  inc=0.043750  bucket 0->0  (mf=1000)
[MF-SEL] tPrev=(  d=0.047155  dMin=0.000000  dAvg=0.033307  dMax=0.241261  Dlo=0.016653  Dhi=0.137284  err=0.000000  inc=0.043750  bucket 0->0  (mf=1000)
[MF-SEL] tPrev=(  d=0.042765  dMin=0.000000  dAvg=0.033339  dMax=0.241261  Dlo=0.016669  Dhi=0.137300  err=0.000000  inc=0.043750  bucket 0->0  (mf=1000)
[MF-SEL] tPrev=(  d=0.022197  dMin=0.000000  dAvg=0.033301  dMax=0.241261  Dlo=0.016651  Dhi=0.137281  err=0.000000  inc=0.043750  bucket 0->0  (mf=1000)
Dropping frame 1413393901.455760
[MF-SEL] tPrev=(  d=0.063521  dMin=0.000000  dAvg=0.033402  dMax=0.241261  Dlo=0.016701  Dhi=0.137331  err=0.000000  inc=0.043750  bucket 0->0  (mf=1000)
Dropping frame 1413393901.555760
[MF-SEL] tPrev=(  d=0.051434  dMin=0.000000  dAvg=0.033462  dMax=0.241261  Dlo=0.016731  Dhi=0.137362  err=0.000000  inc=0.043750  bucket 0->0  (mf=1000)
[MF-SEL] tPrev=(  d=0.027942  dMin=0.000000  dAvg=0.033444  dMax=0.241261  Dlo=0.016722  Dhi=0.137352  err=0.000000  inc=0.043750  bucket 0->0  (mf=1000)
[MF-SEL] tPrev=(  d=0.029540  dMin=0.000000  dAvg=0.033431  dMax=0.241261  Dlo=0.016716  Dhi=0.137346  err=0.000000  inc=0.043750  bucket 0->0  (mf=1000)
[MF-SEL] tPrev=(  d=0.033562  dMin=0.000000  dAvg=0.033432  dMax=0.241261  Dlo=0.016716  Dhi=0.137346  err=0.000000  inc=0.043750  bucket 0->0  (mf=1000)
[MF-SEL] tPrev=(  d=0.041054  dMin=0.000000  dAvg=0.033457  dMax=0.241261  Dlo=0.016728  Dhi=0.137359  err=0.000000  inc=0.043750  bucket 0->0  (mf=1000)
[MF-SEL] tPrev=(  d=0.035736  dMin=0.000000  dAvg=0.033464  dMax=0.241261  Dlo=0.016732  Dhi=0.137362  err=0.000000  inc=0.043750  bucket 0->0  (mf=1000)
[MF-SEL] tPrev=(  d=0.035337  dMin=0.000000  dAvg=0.033470  dMax=0.241261  Dlo=0.016735  Dhi=0.137365  err=0.000000  inc=0.043750  bucket 0->0  (mf=1000)
[MF-SEL] tPrev=(  d=0.036677  dMin=0.000000  dAvg=0.033481  dMax=0.241261  Dlo=0.016740  Dhi=0.137371  err=0.000000  inc=0.043750  bucket 0->0  (mf=1000)
[MF-SEL] tPrev=(  d=0.035193  dMin=0.000000  dAvg=0.033486  dMax=0.241261  Dlo=0.016743  Dhi=0.137373  err=0.000000  inc=0.043750  bucket 0->0  (mf=1000)
[MF-SEL] tPrev=(  d=0.035540  dMin=0.000000  dAvg=0.033493  dMax=0.241261  Dlo=0.016746  Dhi=0.137377  err=0.000000  inc=0.043750  bucket 0->0  (mf=1000)
[MF-SEL] tPrev=(  d=0.046369  dMin=0.000000  dAvg=0.033534  dMax=0.241261  Dlo=0.016767  Dhi=0.137398  err=0.000000  inc=0.043750  bucket 0->0  (mf=1000)
[MF-SEL] tPrev=(  d=0.037647  dMin=0.000000  dAvg=0.033548  dMax=0.241261  Dlo=0.016774  Dhi=0.137404  err=0.000000  inc=0.043750  bucket 0->0  (mf=1000)
[MF-SEL] tPrev=(  d=0.037928  dMin=0.000000  dAvg=0.033562  dMax=0.241261  Dlo=0.016781  Dhi=0.137411  err=0.000000  inc=0.043750  bucket 0->0  (mf=1000)
[MF-SEL] tPrev=(  d=0.038782  dMin=0.000000  dAvg=0.033578  dMax=0.241261  Dlo=0.016789  Dhi=0.137420  err=0.000000  inc=0.043750  bucket 0->0  (mf=1000)
[MF-SEL] tPrev=(  d=0.039412  dMin=0.000000  dAvg=0.033597  dMax=0.241261  Dlo=0.016798  Dhi=0.137429  err=0.000000  inc=0.043750  bucket 0->0  (mf=1000)
[MF-SEL] tPrev=(  d=0.040349  dMin=0.000000  dAvg=0.033618  dMax=0.241261  Dlo=0.016809  Dhi=0.137440  err=0.000000  inc=0.043750  bucket 0->0  (mf=1000)
Dropping frame 1413393902.405761
[MF-SEL] tPrev=(  d=0.081868  dMin=0.000000  dAvg=0.033771  dMax=0.241261  Dlo=0.016886  Dhi=0.137516  err=0.000000  inc=0.043750  bucket 0->0  (mf=1000)
[MF-SEL] tPrev=(  d=0.047221  dMin=0.000000  dAvg=0.033814  dMax=0.241261  Dlo=0.016907  Dhi=0.137537  err=0.000000  inc=0.043750  bucket 0->0  (mf=1000)
[MF-SEL] tPrev=(  d=0.042193  dMin=0.000000  dAvg=0.033840  dMax=0.241261  Dlo=0.016920  Dhi=0.137550  err=0.000000  inc=0.043750  bucket 0->0  (mf=1000)
[MF-SEL] tPrev=(  d=0.043243  dMin=0.000000  dAvg=0.033869  dMax=0.241261  Dlo=0.016935  Dhi=0.137565  err=0.000000  inc=0.043750  bucket 0->0  (mf=1000)
[MF-SEL] tPrev=(  d=0.044174  dMin=0.000000  dAvg=0.033902  dMax=0.241261  Dlo=0.016951  Dhi=0.137581  err=0.000000  inc=0.043750  bucket 0->0  (mf=1000)
[MF-SEL] tPrev=(  d=0.054096  dMin=0.000000  dAvg=0.033964  dMax=0.241261  Dlo=0.016982  Dhi=0.137613  err=0.000000  inc=0.043750  bucket 0->0  (mf=1000)
[MF-SEL] tPrev=(  d=0.048058  dMin=0.000000  dAvg=0.034008  dMax=0.241261  Dlo=0.017004  Dhi=0.137634  err=0.000000  inc=0.043750  bucket 0->0  (mf=1000)
[MF-SEL] tPrev=(  d=0.050432  dMin=0.000000  dAvg=0.034059  dMax=0.241261  Dlo=0.017030  Dhi=0.137660  err=0.000000  inc=0.043750  bucket 0->0  (mf=1000)
Dropping frame 1413393902.855760
[MF-SEL] tPrev=(  d=0.096285  dMin=0.000000  dAvg=0.034251  dMax=0.241261  Dlo=0.017126  Dhi=0.137756  err=0.000000  inc=0.043750  bucket 0->0  (mf=1000)
[MF-SEL] tPrev=(  d=0.052411  dMin=0.000000  dAvg=0.034307  dMax=0.241261  Dlo=0.017154  Dhi=0.137784  err=0.000000  inc=0.043750  bucket 0->0  (mf=1000)
[MF-SEL] tPrev=(  d=0.053091  dMin=0.000000  dAvg=0.034365  dMax=0.241261  Dlo=0.017182  Dhi=0.137813  err=0.000000  inc=0.043750  bucket 0->0  (mf=1000)
Dropping frame 1413393903.055760
[MF-SEL] tPrev=(  d=0.119222  dMin=0.000000  dAvg=0.034624  dMax=0.241261  Dlo=0.017312  Dhi=0.137942  err=0.000000  inc=0.043750  bucket 0->0  (mf=1000)
Dropping frame 1413393903.155760
[MF-SEL] tPrev=(  d=0.116716  dMin=0.000000  dAvg=0.034874  dMax=0.241261  Dlo=0.017437  Dhi=0.138068  err=0.000000  inc=0.043750  bucket 0->0  (mf=1000)
[MF-SEL] tPrev=(  d=0.061421  dMin=0.000000  dAvg=0.034955  dMax=0.241261  Dlo=0.017478  Dhi=0.138108  err=0.000000  inc=0.043750  bucket 0->0  (mf=1000)
[MF-SEL] tPrev=(  d=0.058601  dMin=0.000000  dAvg=0.035027  dMax=0.241261  Dlo=0.017513  Dhi=0.138144  err=0.000000  inc=0.043750  bucket 0->0  (mf=1000)
[MF-SEL] tPrev=(  d=0.057978  dMin=0.000000  dAvg=0.035096  dMax=0.241261  Dlo=0.017548  Dhi=0.138178  err=0.000000  inc=0.043750  bucket 0->0  (mf=1000)
[MF-SEL] tPrev=(  d=0.058760  dMin=0.000000  dAvg=0.035167  dMax=0.241261  Dlo=0.017584  Dhi=0.138214  err=0.000000  inc=0.043750  bucket 0->0  (mf=1000)
[MF-SEL] tPrev=(  d=0.056259  dMin=0.000000  dAvg=0.035231  dMax=0.241261  Dlo=0.017615  Dhi=0.138246  err=0.000000  inc=0.043750  bucket 0->0  (mf=1000)
[MF-SEL] tPrev=(  d=0.055292  dMin=0.000000  dAvg=0.035291  dMax=0.241261  Dlo=0.017645  Dhi=0.138276  err=0.000000  inc=0.043750  bucket 0->0  (mf=1000)
[MF-SEL] tPrev=(  d=0.053993  dMin=0.000000  dAvg=0.035347  dMax=0.241261  Dlo=0.017673  Dhi=0.138304  err=0.000000  inc=0.043750  bucket 0->0  (mf=1000)
Dropping frame 1413393903.605761
[MF-SEL] tPrev=(  d=0.107439  dMin=0.000000  dAvg=0.035561  dMax=0.241261  Dlo=0.017781  Dhi=0.138411  err=0.000000  inc=0.043750  bucket 0->0  (mf=1000)
[MF-SEL] tPrev=(  d=0.039493  dMin=0.000000  dAvg=0.035573  dMax=0.241261  Dlo=0.017786  Dhi=0.138417  err=0.000000  inc=0.043750  bucket 0->0  (mf=1000)
Dropping frame 1413393903.755760
[MF-SEL] tPrev=(  d=0.094859  dMin=0.000000  dAvg=0.035748  dMax=0.241261  Dlo=0.017874  Dhi=0.138504  err=0.000000  inc=0.043750  bucket 0->0  (mf=1000)
[MF-SEL] tPrev=(  d=0.051186  dMin=0.000000  dAvg=0.035794  dMax=0.241261  Dlo=0.017897  Dhi=0.138527  err=0.000000  inc=0.043750  bucket 0->0  (mf=1000)
[MF-SEL] tPrev=(  d=0.040027  dMin=0.000000  dAvg=0.035806  dMax=0.241261  Dlo=0.017903  Dhi=0.138533  err=0.000000  inc=0.043750  bucket 0->0  (mf=1000)
[MF-SEL] tPrev=(  d=0.038008  dMin=0.000000  dAvg=0.035813  dMax=0.241261  Dlo=0.017906  Dhi=0.138537  err=0.000000  inc=0.043750  bucket 0->0  (mf=1000)
[MF-SEL] tPrev=(  d=0.031860  dMin=0.000000  dAvg=0.035801  dMax=0.241261  Dlo=0.017901  Dhi=0.138531  err=0.000000  inc=0.043750  bucket 0->0  (mf=1000)
[MF-SEL] tPrev=(  d=0.032924  dMin=0.000000  dAvg=0.035793  dMax=0.241261  Dlo=0.017896  Dhi=0.138527  err=0.000000  inc=0.043750  bucket 0->0  (mf=1000)
[MF-SEL] tPrev=(  d=0.030781  dMin=0.000000  dAvg=0.035778  dMax=0.241261  Dlo=0.017889  Dhi=0.138519  err=0.000000  inc=0.043750  bucket 0->0  (mf=1000)
Dropping frame 1413393904.155760
[MF-SEL] tPrev=(  d=0.050311  dMin=0.000000  dAvg=0.035820  dMax=0.241261  Dlo=0.017910  Dhi=0.138540  err=0.000000  inc=0.043750  bucket 0->0  (mf=1000)
[MF-SEL] tPrev=(  d=0.024609  dMin=0.000000  dAvg=0.035788  dMax=0.241261  Dlo=0.017894  Dhi=0.138524  err=0.000000  inc=0.043750  bucket 0->0  (mf=1000)
Dropping frame 1413393904.305761
[MF-SEL] tPrev=(  d=0.048854  dMin=0.000000  dAvg=0.035826  dMax=0.241261  Dlo=0.017913  Dhi=0.138543  err=0.000000  inc=0.043750  bucket 0->0  (mf=1000)
[MF-SEL] tPrev=(  d=0.028078  dMin=0.000000  dAvg=0.035803  dMax=0.241261  Dlo=0.017902  Dhi=0.138532  err=0.000000  inc=0.043750  bucket 0->0  (mf=1000)
[MF-SEL] tPrev=(  d=0.031567  dMin=0.000000  dAvg=0.035791  dMax=0.241261  Dlo=0.017896  Dhi=0.138526  err=0.000000  inc=0.043750  bucket 0->0  (mf=1000)
[MF-SEL] tPrev=(  d=0.049747  dMin=0.000000  dAvg=0.035831  dMax=0.241261  Dlo=0.017916  Dhi=0.138546  err=0.000000  inc=0.043750  bucket 0->0  (mf=1000)
[MF-SEL] tPrev=(  d=0.037951  dMin=0.000000  dAvg=0.035837  dMax=0.241261  Dlo=0.017919  Dhi=0.138549  err=0.000000  inc=0.043750  bucket 0->0  (mf=1000)
[MF-SEL] tPrev=(  d=0.037621  dMin=0.000000  dAvg=0.035842  dMax=0.241261  Dlo=0.017921  Dhi=0.138551  err=0.000000  inc=0.043750  bucket 0->0  (mf=1000)
[MF-SEL] tPrev=(  d=0.032681  dMin=0.000000  dAvg=0.035833  dMax=0.241261  Dlo=0.017917  Dhi=0.138547  err=0.000000  inc=0.043750  bucket 0->0  (mf=1000)
[MF-SEL] tPrev=(  d=0.035354  dMin=0.000000  dAvg=0.035832  dMax=0.241261  Dlo=0.017916  Dhi=0.138546  err=0.000000  inc=0.043750  bucket 0->0  (mf=1000)
[MF-SEL] tPrev=(  d=0.034971  dMin=0.000000  dAvg=0.035829  dMax=0.241261  Dlo=0.017915  Dhi=0.138545  err=0.000000  inc=0.043750  bucket 0->0  (mf=1000)
start VIBA 2
[MF-SEL] tPrev=(  d=0.029255  dMin=0.000000  dAvg=0.035811  dMax=0.241261  Dlo=0.017905  Dhi=0.138536  err=0.000000  inc=0.043750  bucket 0->0  (mf=1000)
[MF-SEL] tPrev=(  d=0.034983  dMin=0.000000  dAvg=0.035809  dMax=0.241261  Dlo=0.017904  Dhi=0.138535  err=0.000000  inc=0.043750  bucket 0->0  (mf=1000)
[MF-SEL] tPrev=(  d=0.036450  dMin=0.000000  dAvg=0.035810  dMax=0.241261  Dlo=0.017905  Dhi=0.138536  err=0.000000  inc=0.043750  bucket 0->0  (mf=1000)
[MF-SEL] tPrev=(  d=0.038732  dMin=0.000000  dAvg=0.035819  dMax=0.241261  Dlo=0.017909  Dhi=0.138540  err=0.000000  inc=0.043750  bucket 0->0  (mf=1000)
end VIBA 2
Dropping frame 1413393905.005760
[MF-SEL] tPrev=(  d=0.391473  dMin=0.000000  dAvg=0.036806  dMax=0.391473  Dlo=0.018403  Dhi=0.214140  err=1.000000  inc=0.806071  bucket 0->1  (mf=900)
[MF-SEL] tPrev=(  d=0.042840  dMin=0.000000  dAvg=0.036823  dMax=0.391473  Dlo=0.018412  Dhi=0.214148  err=0.000000  inc=-0.312737  bucket 1->1  (mf=900)
[MF-SEL] tPrev=(  d=0.043004  dMin=0.000000  dAvg=0.036840  dMax=0.391473  Dlo=0.018420  Dhi=0.214157  err=0.000000  inc=0.048838  bucket 1->1  (mf=900)
Dropping frame 1413393905.205760
[MF-SEL] tPrev=(  d=0.093406  dMin=0.000000  dAvg=0.036996  dMax=0.391473  Dlo=0.018498  Dhi=0.214235  err=0.000000  inc=0.048838  bucket 1->1  (mf=900)
[MF-SEL] tPrev=(  d=0.044721  dMin=0.000000  dAvg=0.037017  dMax=0.391473  Dlo=0.018509  Dhi=0.214245  err=0.000000  inc=0.048838  bucket 1->1  (mf=900)
[MF-SEL] tPrev=(  d=0.043056  dMin=0.000000  dAvg=0.037034  dMax=0.391473  Dlo=0.018517  Dhi=0.214254  err=0.000000  inc=0.048838  bucket 1->1  (mf=900)
[MF-SEL] tPrev=(  d=0.042079  dMin=0.000000  dAvg=0.037048  dMax=0.391473  Dlo=0.018524  Dhi=0.214261  err=0.000000  inc=0.048838  bucket 1->1  (mf=900)
[MF-SEL] tPrev=(  d=0.025911  dMin=0.000000  dAvg=0.037017  dMax=0.391473  Dlo=0.018509  Dhi=0.214245  err=0.000000  inc=0.048838  bucket 1->1  (mf=900)
[MF-SEL] tPrev=(  d=0.040138  dMin=0.000000  dAvg=0.037026  dMax=0.391473  Dlo=0.018513  Dhi=0.214250  err=0.000000  inc=0.048838  bucket 1->1  (mf=900)
[MF-SEL] tPrev=(  d=0.039191  dMin=0.000000  dAvg=0.037032  dMax=0.391473  Dlo=0.018516  Dhi=0.214253  err=0.000000  inc=0.048838  bucket 1->1  (mf=900)
[MF-SEL] tPrev=(  d=0.037423  dMin=0.000000  dAvg=0.037033  dMax=0.391473  Dlo=0.018516  Dhi=0.214253  err=0.000000  inc=0.048838  bucket 1->1  (mf=900)
[MF-SEL] tPrev=(  d=0.035212  dMin=0.000000  dAvg=0.037028  dMax=0.391473  Dlo=0.018514  Dhi=0.214251  err=0.000000  inc=0.048838  bucket 1->1  (mf=900)
[MF-SEL] tPrev=(  d=0.033581  dMin=0.000000  dAvg=0.037019  dMax=0.391473  Dlo=0.018509  Dhi=0.214246  err=0.000000  inc=0.048838  bucket 1->1  (mf=900)
Dropping frame 1413393905.755760
[MF-SEL] tPrev=(  d=0.060708  dMin=0.000000  dAvg=0.037082  dMax=0.391473  Dlo=0.018541  Dhi=0.214278  err=0.000000  inc=0.048838  bucket 1->1  (mf=900)
[MF-SEL] tPrev=(  d=0.026054  dMin=0.000000  dAvg=0.037053  dMax=0.391473  Dlo=0.018526  Dhi=0.214263  err=0.000000  inc=0.048838  bucket 1->1  (mf=900)
[MF-SEL] tPrev=(  d=0.025121  dMin=0.000000  dAvg=0.037021  dMax=0.391473  Dlo=0.018510  Dhi=0.214247  err=0.000000  inc=0.048838  bucket 1->1  (mf=900)
[MF-SEL] tPrev=(  d=0.027498  dMin=0.000000  dAvg=0.036995  dMax=0.391473  Dlo=0.018498  Dhi=0.214234  err=0.000000  inc=0.048838  bucket 1->1  (mf=900)
Dropping frame 1413393906.005760
[MF-SEL] tPrev=(  d=0.047560  dMin=0.000000  dAvg=0.037023  dMax=0.391473  Dlo=0.018512  Dhi=0.214248  err=0.000000  inc=0.048838  bucket 1->1  (mf=900)
[MF-SEL] tPrev=(  d=0.026390  dMin=0.000000  dAvg=0.036995  dMax=0.391473  Dlo=0.018498  Dhi=0.214234  err=0.000000  inc=0.048838  bucket 1->1  (mf=900)
Dropping frame 1413393906.155760
[MF-SEL] tPrev=(  d=0.066727  dMin=0.000000  dAvg=0.037074  dMax=0.391473  Dlo=0.018537  Dhi=0.214274  err=0.000000  inc=0.048838  bucket 1->1  (mf=900)
[MF-SEL] tPrev=(  d=0.030580  dMin=0.000000  dAvg=0.037057  dMax=0.391473  Dlo=0.018528  Dhi=0.214265  err=0.000000  inc=0.048838  bucket 1->1  (mf=900)
[MF-SEL] tPrev=(  d=0.031964  dMin=0.000000  dAvg=0.037043  dMax=0.391473  Dlo=0.018522  Dhi=0.214258  err=0.000000  inc=0.048838  bucket 1->1  (mf=900)
[MF-SEL] tPrev=(  d=0.032216  dMin=0.000000  dAvg=0.037031  dMax=0.391473  Dlo=0.018515  Dhi=0.214252  err=0.000000  inc=0.048838  bucket 1->1  (mf=900)
[MF-SEL] tPrev=(  d=0.032477  dMin=0.000000  dAvg=0.037019  dMax=0.391473  Dlo=0.018509  Dhi=0.214246  err=0.000000  inc=0.048838  bucket 1->1  (mf=900)
[MF-SEL] tPrev=(  d=0.032123  dMin=0.000000  dAvg=0.037006  dMax=0.391473  Dlo=0.018503  Dhi=0.214240  err=0.000000  inc=0.048838  bucket 1->1  (mf=900)
[MF-SEL] tPrev=(  d=0.032513  dMin=0.000000  dAvg=0.036994  dMax=0.391473  Dlo=0.018497  Dhi=0.214234  err=0.000000  inc=0.048838  bucket 1->1  (mf=900)
Dropping frame 1413393906.555760
[MF-SEL] tPrev=(  d=0.093711  dMin=0.000000  dAvg=0.037141  dMax=0.391473  Dlo=0.018571  Dhi=0.214307  err=0.000000  inc=0.048838  bucket 1->1  (mf=900)
Dropping frame 1413393906.655760
[MF-SEL] tPrev=(  d=0.071165  dMin=0.000000  dAvg=0.037229  dMax=0.391473  Dlo=0.018615  Dhi=0.214351  err=0.000000  inc=0.048838  bucket 1->1  (mf=900)
[MF-SEL] tPrev=(  d=0.034019  dMin=0.000000  dAvg=0.037221  dMax=0.391473  Dlo=0.018610  Dhi=0.214347  err=0.000000  inc=0.048838  bucket 1->1  (mf=900)
[MF-SEL] tPrev=(  d=0.033051  dMin=0.000000  dAvg=0.037210  dMax=0.391473  Dlo=0.018605  Dhi=0.214342  err=0.000000  inc=0.048838  bucket 1->1  (mf=900)
Dropping frame 1413393906.855760
[MF-SEL] tPrev=(  d=0.060976  dMin=0.000000  dAvg=0.037271  dMax=0.391473  Dlo=0.018636  Dhi=0.214372  err=0.000000  inc=0.048838  bucket 1->1  (mf=900)
[MF-SEL] tPrev=(  d=0.026497  dMin=0.000000  dAvg=0.037244  dMax=0.391473  Dlo=0.018622  Dhi=0.214358  err=0.000000  inc=0.048838  bucket 1->1  (mf=900)
[MF-SEL] tPrev=(  d=0.025982  dMin=0.000000  dAvg=0.037215  dMax=0.391473  Dlo=0.018607  Dhi=0.214344  err=0.000000  inc=0.048838  bucket 1->1  (mf=900)
[MF-SEL] tPrev=(  d=0.029227  dMin=0.000000  dAvg=0.037195  dMax=0.391473  Dlo=0.018597  Dhi=0.214334  err=0.000000  inc=0.048838  bucket 1->1  (mf=900)
[MF-SEL] tPrev=(  d=0.024719  dMin=0.000000  dAvg=0.037163  dMax=0.391473  Dlo=0.018581  Dhi=0.214318  err=0.000000  inc=0.048838  bucket 1->1  (mf=900)
[MF-SEL] tPrev=(  d=0.024488  dMin=0.000000  dAvg=0.037131  dMax=0.391473  Dlo=0.018565  Dhi=0.214302  err=0.000000  inc=0.048838  bucket 1->1  (mf=900)
[MF-SEL] tPrev=(  d=0.024439  dMin=0.000000  dAvg=0.037099  dMax=0.391473  Dlo=0.018549  Dhi=0.214286  err=0.000000  inc=0.048838  bucket 1->1  (mf=900)
[MF-SEL] tPrev=(  d=0.024148  dMin=0.000000  dAvg=0.037066  dMax=0.391473  Dlo=0.018533  Dhi=0.214270  err=0.000000  inc=0.048838  bucket 1->1  (mf=900)
[MF-SEL] tPrev=(  d=0.023294  dMin=0.000000  dAvg=0.037032  dMax=0.391473  Dlo=0.018516  Dhi=0.214252  err=0.000000  inc=0.048838  bucket 1->1  (mf=900)
[MF-SEL] tPrev=(  d=0.021541  dMin=0.000000  dAvg=0.036993  dMax=0.391473  Dlo=0.018496  Dhi=0.214233  err=0.000000  inc=0.048838  bucket 1->1  (mf=900)
[MF-SEL] tPrev=(  d=0.018436  dMin=0.000000  dAvg=0.036946  dMax=0.391473  Dlo=0.018473  Dhi=0.214210  err=-1.000000  inc=-0.868651  bucket 1->0  (mf=1000)
[MF-SEL] tPrev=(  d=0.013397  dMin=0.000000  dAvg=0.036888  dMax=0.391473  Dlo=0.018444  Dhi=0.214180  err=-1.000000  inc=-0.555863  bucket 0->0  (mf=1000)
[MF-SEL] tPrev=(  d=0.009269  dMin=0.000000  dAvg=0.036819  dMax=0.391473  Dlo=0.018409  Dhi=0.214146  err=-1.000000  inc=-0.558098  bucket 0->0  (mf=1000)
[MF-SEL] tPrev=(  d=0.007436  dMin=0.000000  dAvg=0.036746  dMax=0.391473  Dlo=0.018373  Dhi=0.214110  err=-1.000000  inc=-0.560454  bucket 0->0  (mf=1000)
[MF-SEL] tPrev=(  d=0.037236  dMin=0.000000  dAvg=0.036747  dMax=0.391473  Dlo=0.018374  Dhi=0.214110  err=0.000000  inc=0.409783  bucket 0->0  (mf=1000)
Dropping frame 1413393907.655760
[MF-SEL] tPrev=(  d=0.020658  dMin=0.000000  dAvg=0.036707  dMax=0.391473  Dlo=0.018354  Dhi=0.214090  err=0.000000  inc=0.039546  bucket 0->0  (mf=1000)
[MF-SEL] tPrev=(  d=0.011741  dMin=0.000000  dAvg=0.036646  dMax=0.391473  Dlo=0.018323  Dhi=0.214060  err=-1.000000  inc=-0.883124  bucket 0->0  (mf=1000)
[MF-SEL] tPrev=(  d=0.013500  dMin=0.000000  dAvg=0.036589  dMax=0.391473  Dlo=0.018295  Dhi=0.214031  err=-1.000000  inc=-0.565182  bucket 0->0  (mf=1000)
[MF-SEL] tPrev=(  d=0.017859  dMin=0.000000  dAvg=0.036543  dMax=0.391473  Dlo=0.018272  Dhi=0.214008  err=-1.000000  inc=-0.567543  bucket 0->0  (mf=1000)
[MF-SEL] tPrev=(  d=0.021681  dMin=0.000000  dAvg=0.036507  dMax=0.391473  Dlo=0.018253  Dhi=0.213990  err=0.000000  inc=0.377455  bucket 0->0  (mf=1000)
[MF-SEL] tPrev=(  d=0.026115  dMin=0.000000  dAvg=0.036481  dMax=0.391473  Dlo=0.018241  Dhi=0.213977  err=0.000000  inc=0.032457  bucket 0->0  (mf=1000)
[MF-SEL] tPrev=(  d=0.030757  dMin=0.000000  dAvg=0.036468  dMax=0.391473  Dlo=0.018234  Dhi=0.213970  err=0.000000  inc=0.032457  bucket 0->0  (mf=1000)
Dropping frame 1413393908.055760
[MF-SEL] tPrev=(  d=0.064003  dMin=0.000000  dAvg=0.036534  dMax=0.391473  Dlo=0.018267  Dhi=0.214004  err=0.000000  inc=0.032457  bucket 0->0  (mf=1000)
[MF-SEL] tPrev=(  d=0.029540  dMin=0.000000  dAvg=0.036517  dMax=0.391473  Dlo=0.018259  Dhi=0.213995  err=0.000000  inc=0.032457  bucket 0->0  (mf=1000)
[MF-SEL] tPrev=(  d=0.027403  dMin=0.000000  dAvg=0.036495  dMax=0.391473  Dlo=0.018248  Dhi=0.213984  err=0.000000  inc=0.032457  bucket 0->0  (mf=1000)
[MF-SEL] tPrev=(  d=0.021012  dMin=0.000000  dAvg=0.036458  dMax=0.391473  Dlo=0.018229  Dhi=0.213966  err=0.000000  inc=0.032457  bucket 0->0  (mf=1000)
[MF-SEL] tPrev=(  d=0.016346  dMin=0.000000  dAvg=0.036410  dMax=0.391473  Dlo=0.018205  Dhi=0.213942  err=-1.000000  inc=-0.955953  bucket 0->0  (mf=1000)
[MF-SEL] tPrev=(  d=0.015125  dMin=0.000000  dAvg=0.036359  dMax=0.391473  Dlo=0.018179  Dhi=0.213916  err=-1.000000  inc=-0.572046  bucket 0->0  (mf=1000)
[MF-SEL] tPrev=(  d=0.028139  dMin=0.000000  dAvg=0.036339  dMax=0.391473  Dlo=0.018170  Dhi=0.213906  err=0.000000  inc=0.400907  bucket 0->0  (mf=1000)
[MF-SEL] tPrev=(  d=0.022677  dMin=0.000000  dAvg=0.036306  dMax=0.391473  Dlo=0.018153  Dhi=0.213890  err=0.000000  inc=0.027954  bucket 0->0  (mf=1000)
[MF-SEL] tPrev=(  d=0.023481  dMin=0.000000  dAvg=0.036276  dMax=0.391473  Dlo=0.018138  Dhi=0.213875  err=0.000000  inc=0.027954  bucket 0->0  (mf=1000)
[MF-SEL] tPrev=(  d=0.021537  dMin=0.000000  dAvg=0.036241  dMax=0.391473  Dlo=0.018120  Dhi=0.213857  err=0.000000  inc=0.027954  bucket 0->0  (mf=1000)
[MF-SEL] tPrev=(  d=0.022380  dMin=0.000000  dAvg=0.036208  dMax=0.391473  Dlo=0.018104  Dhi=0.213841  err=0.000000  inc=0.027954  bucket 0->0  (mf=1000)
Dropping frame 1413393908.655760
[MF-SEL] tPrev=(  d=0.041414  dMin=0.000000  dAvg=0.036220  dMax=0.391473  Dlo=0.018110  Dhi=0.213847  err=0.000000  inc=0.027954  bucket 0->0  (mf=1000)
[MF-SEL] tPrev=(  d=0.018725  dMin=0.000000  dAvg=0.036179  dMax=0.391473  Dlo=0.018090  Dhi=0.213826  err=0.000000  inc=0.027954  bucket 0->0  (mf=1000)
[MF-SEL] tPrev=(  d=0.018079  dMin=0.000000  dAvg=0.036137  dMax=0.391473  Dlo=0.018068  Dhi=0.213805  err=0.000000  inc=0.027954  bucket 0->0  (mf=1000)
[MF-SEL] tPrev=(  d=0.017479  dMin=0.000000  dAvg=0.036093  dMax=0.391473  Dlo=0.018046  Dhi=0.213783  err=-1.000000  inc=-0.903998  bucket 0->0  (mf=1000)
[MF-SEL] tPrev=(  d=0.019417  dMin=0.000000  dAvg=0.036054  dMax=0.391473  Dlo=0.018027  Dhi=0.213764  err=0.000000  inc=0.408750  bucket 0->0  (mf=1000)
Dropping frame 1413393908.955760
[MF-SEL] tPrev=(  d=0.048337  dMin=0.000000  dAvg=0.036082  dMax=0.391473  Dlo=0.018041  Dhi=0.213778  err=0.000000  inc=0.025527  bucket 0->0  (mf=1000)
[MF-SEL] tPrev=(  d=0.028064  dMin=0.000000  dAvg=0.036064  dMax=0.391473  Dlo=0.018032  Dhi=0.213769  err=0.000000  inc=0.025527  bucket 0->0  (mf=1000)
[MF-SEL] tPrev=(  d=0.029528  dMin=0.000000  dAvg=0.036048  dMax=0.391473  Dlo=0.018024  Dhi=0.213761  err=0.000000  inc=0.025527  bucket 0->0  (mf=1000)
[MF-SEL] tPrev=(  d=0.027852  dMin=0.000000  dAvg=0.036029  dMax=0.391473  Dlo=0.018015  Dhi=0.213751  err=0.000000  inc=0.025527  bucket 0->0  (mf=1000)
[MF-SEL] tPrev=(  d=0.029536  dMin=0.000000  dAvg=0.036014  dMax=0.391473  Dlo=0.018007  Dhi=0.213744  err=0.000000  inc=0.025527  bucket 0->0  (mf=1000)
Dropping frame 1413393909.255760
[MF-SEL] tPrev=(  d=0.073159  dMin=0.000000  dAvg=0.036100  dMax=0.391473  Dlo=0.018050  Dhi=0.213787  err=0.000000  inc=0.025527  bucket 0->0  (mf=1000)
[MF-SEL] tPrev=(  d=0.029597  dMin=0.000000  dAvg=0.036085  dMax=0.391473  Dlo=0.018043  Dhi=0.213779  err=0.000000  inc=0.025527  bucket 0->0  (mf=1000)
[MF-SEL] tPrev=(  d=0.029223  dMin=0.000000  dAvg=0.036069  dMax=0.391473  Dlo=0.018035  Dhi=0.213771  err=0.000000  inc=0.025527  bucket 0->0  (mf=1000)
[MF-SEL] tPrev=(  d=0.028991  dMin=0.000000  dAvg=0.036053  dMax=0.391473  Dlo=0.018027  Dhi=0.213763  err=0.000000  inc=0.025527  bucket 0->0  (mf=1000)
[MF-SEL] tPrev=(  d=0.026562  dMin=0.000000  dAvg=0.036032  dMax=0.391473  Dlo=0.018016  Dhi=0.213752  err=0.000000  inc=0.025527  bucket 0->0  (mf=1000)
[MF-SEL] tPrev=(  d=0.030644  dMin=0.000000  dAvg=0.036019  dMax=0.391473  Dlo=0.018010  Dhi=0.213746  err=0.000000  inc=0.025527  bucket 0->0  (mf=1000)
[MF-SEL] tPrev=(  d=0.031889  dMin=0.000000  dAvg=0.036010  dMax=0.391473  Dlo=0.018005  Dhi=0.213742  err=0.000000  inc=0.025527  bucket 0->0  (mf=1000)
[MF-SEL] tPrev=(  d=0.032709  dMin=0.000000  dAvg=0.036002  dMax=0.391473  Dlo=0.018001  Dhi=0.213738  err=0.000000  inc=0.025527  bucket 0->0  (mf=1000)
Dropping frame 1413393909.705760
[MF-SEL] tPrev=(  d=0.070276  dMin=0.000000  dAvg=0.036080  dMax=0.391473  Dlo=0.018040  Dhi=0.213777  err=0.000000  inc=0.025527  bucket 0->0  (mf=1000)
[MF-SEL] tPrev=(  d=0.032928  dMin=0.000000  dAvg=0.036073  dMax=0.391473  Dlo=0.018036  Dhi=0.213773  err=0.000000  inc=0.025527  bucket 0->0  (mf=1000)
[MF-SEL] tPrev=(  d=0.031488  dMin=0.000000  dAvg=0.036063  dMax=0.391473  Dlo=0.018031  Dhi=0.213768  err=0.000000  inc=0.025527  bucket 0->0  (mf=1000)
Dropping frame 1413393909.905761
[MF-SEL] tPrev=(  d=0.067130  dMin=0.000000  dAvg=0.036133  dMax=0.391473  Dlo=0.018066  Dhi=0.213803  err=0.000000  inc=0.025527  bucket 0->0  (mf=1000)
Dropping frame 1413393910.005760
[MF-SEL] tPrev=(  d=0.059707  dMin=0.000000  dAvg=0.036185  dMax=0.391473  Dlo=0.018093  Dhi=0.213829  err=0.000000  inc=0.025527  bucket 0->0  (mf=1000)
[MF-SEL] tPrev=(  d=0.023507  dMin=0.000000  dAvg=0.036157  dMax=0.391473  Dlo=0.018079  Dhi=0.213815  err=0.000000  inc=0.025527  bucket 0->0  (mf=1000)
[MF-SEL] tPrev=(  d=0.033228  dMin=0.000000  dAvg=0.036151  dMax=0.391473  Dlo=0.018075  Dhi=0.213812  err=0.000000  inc=0.025527  bucket 0->0  (mf=1000)
[MF-SEL] tPrev=(  d=0.017098  dMin=0.000000  dAvg=0.036108  dMax=0.391473  Dlo=0.018054  Dhi=0.213791  err=-1.000000  inc=-0.926170  bucket 0->0  (mf=1000)
[MF-SEL] tPrev=(  d=0.017372  dMin=0.000000  dAvg=0.036066  dMax=0.391473  Dlo=0.018033  Dhi=0.213770  err=-1.000000  inc=-0.578821  bucket 0->0  (mf=1000)
Dropping frame 1413393910.305761
[MF-SEL] tPrev=(  d=0.041616  dMin=0.000000  dAvg=0.036079  dMax=0.391473  Dlo=0.018039  Dhi=0.213776  err=0.000000  inc=0.181829  bucket 0->0  (mf=1000)
[MF-SEL] tPrev=(  d=0.024687  dMin=0.000000  dAvg=0.036053  dMax=0.391473  Dlo=0.018027  Dhi=0.213763  err=0.000000  inc=0.021179  bucket 0->0  (mf=1000)
[MF-SEL] tPrev=(  d=0.029106  dMin=0.000000  dAvg=0.036038  dMax=0.391473  Dlo=0.018019  Dhi=0.213756  err=0.000000  inc=0.021179  bucket 0->0  (mf=1000)
Dropping frame 1413393910.505760
[MF-SEL] tPrev=(  d=0.088867  dMin=0.000000  dAvg=0.036155  dMax=0.391473  Dlo=0.018077  Dhi=0.213814  err=0.000000  inc=0.021179  bucket 0->0  (mf=1000)
[MF-SEL] tPrev=(  d=0.041916  dMin=0.000000  dAvg=0.036167  dMax=0.391473  Dlo=0.018084  Dhi=0.213820  err=0.000000  inc=0.021179  bucket 0->0  (mf=1000)
[MF-SEL] tPrev=(  d=0.046877  dMin=0.000000  dAvg=0.036191  dMax=0.391473  Dlo=0.018095  Dhi=0.213832  err=0.000000  inc=0.021179  bucket 0->0  (mf=1000)
[MF-SEL] tPrev=(  d=0.081804  dMin=0.000000  dAvg=0.036291  dMax=0.391473  Dlo=0.018145  Dhi=0.213882  err=0.000000  inc=0.021179  bucket 0->0  (mf=1000)
[MF-SEL] tPrev=(  d=0.058069  dMin=0.000000  dAvg=0.036338  dMax=0.391473  Dlo=0.018169  Dhi=0.213906  err=0.000000  inc=0.021179  bucket 0->0  (mf=1000)
[MF-SEL] tPrev=(  d=0.061976  dMin=0.000000  dAvg=0.036394  dMax=0.391473  Dlo=0.018197  Dhi=0.213934  err=0.000000  inc=0.021179  bucket 0->0  (mf=1000)
Dropping frame 1413393910.855760
[MF-SEL] tPrev=(  d=0.130721  dMin=0.000000  dAvg=0.036600  dMax=0.391473  Dlo=0.018300  Dhi=0.214037  err=0.000000  inc=0.021179  bucket 0->0  (mf=1000)
[MF-SEL] tPrev=(  d=0.071117  dMin=0.000000  dAvg=0.036675  dMax=0.391473  Dlo=0.018338  Dhi=0.214074  err=0.000000  inc=0.021179  bucket 0->0  (mf=1000)
[MF-SEL] tPrev=(  d=0.071996  dMin=0.000000  dAvg=0.036752  dMax=0.391473  Dlo=0.018376  Dhi=0.214113  err=0.000000  inc=0.021179  bucket 0->0  (mf=1000)
[MF-SEL] tPrev=(  d=0.073908  dMin=0.000000  dAvg=0.036832  dMax=0.391473  Dlo=0.018416  Dhi=0.214153  err=0.000000  inc=0.021179  bucket 0->0  (mf=1000)
[MF-SEL] tPrev=(  d=0.080505  dMin=0.000000  dAvg=0.036926  dMax=0.391473  Dlo=0.018463  Dhi=0.214200  err=0.000000  inc=0.021179  bucket 0->0  (mf=1000)
[MF-SEL] tPrev=(  d=0.076109  dMin=0.000000  dAvg=0.037011  dMax=0.391473  Dlo=0.018505  Dhi=0.214242  err=0.000000  inc=0.021179  bucket 0->0  (mf=1000)
[MF-SEL] tPrev=(  d=0.076342  dMin=0.000000  dAvg=0.037095  dMax=0.391473  Dlo=0.018548  Dhi=0.214284  err=0.000000  inc=0.021179  bucket 0->0  (mf=1000)
Dropping frame 1413393911.255760
[MF-SEL] tPrev=(  d=0.143062  dMin=0.000000  dAvg=0.037323  dMax=0.391473  Dlo=0.018661  Dhi=0.214398  err=0.000000  inc=0.021179  bucket 0->0  (mf=1000)
Dropping frame 1413393911.355760
[MF-SEL] tPrev=(  d=0.146394  dMin=0.000000  dAvg=0.037556  dMax=0.391473  Dlo=0.018778  Dhi=0.214515  err=0.000000  inc=0.021179  bucket 0->0  (mf=1000)
[MF-SEL] tPrev=(  d=0.070529  dMin=0.000000  dAvg=0.037627  dMax=0.391473  Dlo=0.018813  Dhi=0.214550  err=0.000000  inc=0.021179  bucket 0->0  (mf=1000)
[MF-SEL] tPrev=(  d=0.066918  dMin=0.000000  dAvg=0.037689  dMax=0.391473  Dlo=0.018845  Dhi=0.214581  err=0.000000  inc=0.021179  bucket 0->0  (mf=1000)
[MF-SEL] tPrev=(  d=0.064632  dMin=0.000000  dAvg=0.037747  dMax=0.391473  Dlo=0.018873  Dhi=0.214610  err=0.000000  inc=0.021179  bucket 0->0  (mf=1000)
Dropping frame 1413393911.605761
[MF-SEL] tPrev=(  d=0.120286  dMin=0.000000  dAvg=0.037922  dMax=0.391473  Dlo=0.018961  Dhi=0.214698  err=0.000000  inc=0.021179  bucket 0->0  (mf=1000)
[MF-SEL] tPrev=(  d=0.055444  dMin=0.000000  dAvg=0.037959  dMax=0.391473  Dlo=0.018979  Dhi=0.214716  err=0.000000  inc=0.021179  bucket 0->0  (mf=1000)
[MF-SEL] tPrev=(  d=0.049582  dMin=0.000000  dAvg=0.037984  dMax=0.391473  Dlo=0.018992  Dhi=0.214728  err=0.000000  inc=0.021179  bucket 0->0  (mf=1000)
[MF-SEL] tPrev=(  d=0.046636  dMin=0.000000  dAvg=0.038002  dMax=0.391473  Dlo=0.019001  Dhi=0.214738  err=0.000000  inc=0.021179  bucket 0->0  (mf=1000)
[MF-SEL] tPrev=(  d=0.044072  dMin=0.000000  dAvg=0.038015  dMax=0.391473  Dlo=0.019007  Dhi=0.214744  err=0.000000  inc=0.021179  bucket 0->0  (mf=1000)
Dropping frame 1413393911.905761
[MF-SEL] tPrev=(  d=0.084690  dMin=0.000000  dAvg=0.038113  dMax=0.391473  Dlo=0.019056  Dhi=0.214793  err=0.000000  inc=0.021179  bucket 0->0  (mf=1000)
[MF-SEL] tPrev=(  d=0.043718  dMin=0.000000  dAvg=0.038124  dMax=0.391473  Dlo=0.019062  Dhi=0.214799  err=0.000000  inc=0.021179  bucket 0->0  (mf=1000)
Dropping frame 1413393912.055760
[MF-SEL] tPrev=(  d=0.098741  dMin=0.000000  dAvg=0.038251  dMax=0.391473  Dlo=0.019126  Dhi=0.214862  err=0.000000  inc=0.021179  bucket 0->0  (mf=1000)
[MF-SEL] tPrev=(  d=0.053449  dMin=0.000000  dAvg=0.038283  dMax=0.391473  Dlo=0.019141  Dhi=0.214878  err=0.000000  inc=0.021179  bucket 0->0  (mf=1000)
[MF-SEL] tPrev=(  d=0.057979  dMin=0.000000  dAvg=0.038324  dMax=0.391473  Dlo=0.019162  Dhi=0.214899  err=0.000000  inc=0.021179  bucket 0->0  (mf=1000)
[MF-SEL] tPrev=(  d=0.062167  dMin=0.000000  dAvg=0.038374  dMax=0.391473  Dlo=0.019187  Dhi=0.214923  err=0.000000  inc=0.021179  bucket 0->0  (mf=1000)
[MF-SEL] tPrev=(  d=0.055953  dMin=0.000000  dAvg=0.038410  dMax=0.391473  Dlo=0.019205  Dhi=0.214942  err=0.000000  inc=0.021179  bucket 0->0  (mf=1000)
[MF-SEL] tPrev=(  d=0.071058  dMin=0.000000  dAvg=0.038478  dMax=0.391473  Dlo=0.019239  Dhi=0.214975  err=0.000000  inc=0.021179  bucket 0->0  (mf=1000)
[MF-SEL] tPrev=(  d=0.076605  dMin=0.000000  dAvg=0.038556  dMax=0.391473  Dlo=0.019278  Dhi=0.215015  err=0.000000  inc=0.021179  bucket 0->0  (mf=1000)
[MF-SEL] tPrev=(  d=0.081253  dMin=0.000000  dAvg=0.038644  dMax=0.391473  Dlo=0.019322  Dhi=0.215059  err=0.000000  inc=0.021179  bucket 0->0  (mf=1000)
[MF-SEL] tPrev=(  d=0.084595  dMin=0.000000  dAvg=0.038739  dMax=0.391473  Dlo=0.019369  Dhi=0.215106  err=0.000000  inc=0.021179  bucket 0->0  (mf=1000)
[MF-SEL] tPrev=(  d=0.095015  dMin=0.000000  dAvg=0.038854  dMax=0.391473  Dlo=0.019427  Dhi=0.215164  err=0.000000  inc=0.021179  bucket 0->0  (mf=1000)
Dropping frame 1413393912.605761
[MF-SEL] tPrev=(  d=0.170408  dMin=0.000000  dAvg=0.039124  dMax=0.391473  Dlo=0.019562  Dhi=0.215299  err=0.000000  inc=0.021179  bucket 0->0  (mf=1000)
[MF-SEL] tPrev=(  d=0.088600  dMin=0.000000  dAvg=0.039225  dMax=0.391473  Dlo=0.019613  Dhi=0.215349  err=0.000000  inc=0.021179  bucket 0->0  (mf=1000)
[MF-SEL] tPrev=(  d=0.084034  dMin=0.000000  dAvg=0.039317  dMax=0.391473  Dlo=0.019658  Dhi=0.215395  err=0.000000  inc=0.021179  bucket 0->0  (mf=1000)
Dropping frame 1413393912.805761
[MF-SEL] tPrev=(  d=0.171404  dMin=0.000000  dAvg=0.039586  dMax=0.391473  Dlo=0.019793  Dhi=0.215530  err=0.000000  inc=0.021179  bucket 0->0  (mf=1000)
[MF-SEL] tPrev=(  d=0.081301  dMin=0.000000  dAvg=0.039671  dMax=0.391473  Dlo=0.019835  Dhi=0.215572  err=0.000000  inc=0.021179  bucket 0->0  (mf=1000)
[MF-SEL] tPrev=(  d=0.079658  dMin=0.000000  dAvg=0.039752  dMax=0.391473  Dlo=0.019876  Dhi=0.215613  err=0.000000  inc=0.021179  bucket 0->0  (mf=1000)
[MF-SEL] tPrev=(  d=0.076514  dMin=0.000000  dAvg=0.039826  dMax=0.391473  Dlo=0.019913  Dhi=0.215650  err=0.000000  inc=0.021179  bucket 0->0  (mf=1000)
Dropping frame 1413393913.055760
[MF-SEL] tPrev=(  d=0.151638  dMin=0.000000  dAvg=0.040052  dMax=0.391473  Dlo=0.020026  Dhi=0.215763  err=0.000000  inc=0.021179  bucket 0->0  (mf=1000)
Dropping frame 1413393913.155760
[MF-SEL] tPrev=(  d=0.146835  dMin=0.000000  dAvg=0.040267  dMax=0.391473  Dlo=0.020134  Dhi=0.215870  err=0.000000  inc=0.021179  bucket 0->0  (mf=1000)
[MF-SEL] tPrev=(  d=0.071494  dMin=0.000000  dAvg=0.040330  dMax=0.391473  Dlo=0.020165  Dhi=0.215902  err=0.000000  inc=0.021179  bucket 0->0  (mf=1000)
[MF-SEL] tPrev=(  d=0.076040  dMin=0.000000  dAvg=0.040402  dMax=0.391473  Dlo=0.020201  Dhi=0.215938  err=0.000000  inc=0.021179  bucket 0->0  (mf=1000)
[MF-SEL] tPrev=(  d=0.067785  dMin=0.000000  dAvg=0.040457  dMax=0.391473  Dlo=0.020228  Dhi=0.215965  err=0.000000  inc=0.021179  bucket 0->0  (mf=1000)
[MF-SEL] tPrev=(  d=0.066782  dMin=0.000000  dAvg=0.040509  dMax=0.391473  Dlo=0.020255  Dhi=0.215991  err=0.000000  inc=0.021179  bucket 0->0  (mf=1000)
[MF-SEL] tPrev=(  d=0.066767  dMin=0.000000  dAvg=0.040562  dMax=0.391473  Dlo=0.020281  Dhi=0.216018  err=0.000000  inc=0.021179  bucket 0->0  (mf=1000)
[MF-SEL] tPrev=(  d=0.066253  dMin=0.000000  dAvg=0.040613  dMax=0.391473  Dlo=0.020306  Dhi=0.216043  err=0.000000  inc=0.021179  bucket 0->0  (mf=1000)
Dropping frame 1413393913.555760
[MF-SEL] tPrev=(  d=0.130585  dMin=0.000000  dAvg=0.040792  dMax=0.391473  Dlo=0.020396  Dhi=0.216133  err=0.000000  inc=0.021179  bucket 0->0  (mf=1000)
[MF-SEL] tPrev=(  d=0.075377  dMin=0.000000  dAvg=0.040860  dMax=0.391473  Dlo=0.020430  Dhi=0.216167  err=0.000000  inc=0.021179  bucket 0->0  (mf=1000)
[MF-SEL] tPrev=(  d=0.063620  dMin=0.000000  dAvg=0.040905  dMax=0.391473  Dlo=0.020453  Dhi=0.216189  err=0.000000  inc=0.021179  bucket 0->0  (mf=1000)
[MF-SEL] tPrev=(  d=0.062949  dMin=0.000000  dAvg=0.040949  dMax=0.391473  Dlo=0.020474  Dhi=0.216211  err=0.000000  inc=0.021179  bucket 0->0  (mf=1000)
[MF-SEL] tPrev=(  d=0.061601  dMin=0.000000  dAvg=0.040990  dMax=0.391473  Dlo=0.020495  Dhi=0.216232  err=0.000000  inc=0.021179  bucket 0->0  (mf=1000)
[MF-SEL] tPrev=(  d=0.068032  dMin=0.000000  dAvg=0.041043  dMax=0.391473  Dlo=0.020521  Dhi=0.216258  err=0.000000  inc=0.021179  bucket 0->0  (mf=1000)
[MF-SEL] tPrev=(  d=0.059966  dMin=0.000000  dAvg=0.041080  dMax=0.391473  Dlo=0.020540  Dhi=0.216277  err=0.000000  inc=0.021179  bucket 0->0  (mf=1000)
[MF-SEL] tPrev=(  d=0.059637  dMin=0.000000  dAvg=0.041117  dMax=0.391473  Dlo=0.020558  Dhi=0.216295  err=0.000000  inc=0.021179  bucket 0->0  (mf=1000)
[MF-SEL] tPrev=(  d=0.057425  dMin=0.000000  dAvg=0.041148  dMax=0.391473  Dlo=0.020574  Dhi=0.216311  err=0.000000  inc=0.021179  bucket 0->0  (mf=1000)
Dropping frame 1413393914.055760
[MF-SEL] tPrev=(  d=0.111378  dMin=0.000000  dAvg=0.041286  dMax=0.391473  Dlo=0.020643  Dhi=0.216380  err=0.000000  inc=0.021179  bucket 0->0  (mf=1000)
[MF-SEL] tPrev=(  d=0.055590  dMin=0.000000  dAvg=0.041313  dMax=0.391473  Dlo=0.020657  Dhi=0.216393  err=0.000000  inc=0.021179  bucket 0->0  (mf=1000)
[MF-SEL] tPrev=(  d=0.051665  dMin=0.000000  dAvg=0.041334  dMax=0.391473  Dlo=0.020667  Dhi=0.216404  err=0.000000  inc=0.021179  bucket 0->0  (mf=1000)
[MF-SEL] tPrev=(  d=0.049824  dMin=0.000000  dAvg=0.041350  dMax=0.391473  Dlo=0.020675  Dhi=0.216412  err=0.000000  inc=0.021179  bucket 0->0  (mf=1000)
[MF-SEL] tPrev=(  d=0.048404  dMin=0.000000  dAvg=0.041364  dMax=0.391473  Dlo=0.020682  Dhi=0.216419  err=0.000000  inc=0.021179  bucket 0->0  (mf=1000)
Dropping frame 1413393914.355760
[MF-SEL] tPrev=(  d=0.109698  dMin=0.000000  dAvg=0.041496  dMax=0.391473  Dlo=0.020748  Dhi=0.216485  err=0.000000  inc=0.021179  bucket 0->0  (mf=1000)
[MF-SEL] tPrev=(  d=0.045267  dMin=0.000000  dAvg=0.041503  dMax=0.391473  Dlo=0.020752  Dhi=0.216488  err=0.000000  inc=0.021179  bucket 0->0  (mf=1000)
[MF-SEL] tPrev=(  d=0.044141  dMin=0.000000  dAvg=0.041508  dMax=0.391473  Dlo=0.020754  Dhi=0.216491  err=0.000000  inc=0.021179  bucket 0->0  (mf=1000)
[MF-SEL] tPrev=(  d=0.044033  dMin=0.000000  dAvg=0.041513  dMax=0.391473  Dlo=0.020757  Dhi=0.216493  err=0.000000  inc=0.021179  bucket 0->0  (mf=1000)
[MF-SEL] tPrev=(  d=0.062769  dMin=0.000000  dAvg=0.041554  dMax=0.391473  Dlo=0.020777  Dhi=0.216514  err=0.000000  inc=0.021179  bucket 0->0  (mf=1000)
[MF-SEL] tPrev=(  d=0.043761  dMin=0.000000  dAvg=0.041558  dMax=0.391473  Dlo=0.020779  Dhi=0.216516  err=0.000000  inc=0.021179  bucket 0->0  (mf=1000)
[MF-SEL] tPrev=(  d=0.043647  dMin=0.000000  dAvg=0.041562  dMax=0.391473  Dlo=0.020781  Dhi=0.216518  err=0.000000  inc=0.021179  bucket 0->0  (mf=1000)
[MF-SEL] tPrev=(  d=0.043819  dMin=0.000000  dAvg=0.041566  dMax=0.391473  Dlo=0.020783  Dhi=0.216520  err=0.000000  inc=0.021179  bucket 0->0  (mf=1000)
[MF-SEL] tPrev=(  d=0.050295  dMin=0.000000  dAvg=0.041583  dMax=0.391473  Dlo=0.020792  Dhi=0.216528  err=0.000000  inc=0.021179  bucket 0->0  (mf=1000)
[MF-SEL] tPrev=(  d=0.044635  dMin=0.000000  dAvg=0.041589  dMax=0.391473  Dlo=0.020794  Dhi=0.216531  err=0.000000  inc=0.021179  bucket 0->0  (mf=1000)
Dropping frame 1413393914.905761
[MF-SEL] tPrev=(  d=0.087341  dMin=0.000000  dAvg=0.041676  dMax=0.391473  Dlo=0.020838  Dhi=0.216575  err=0.000000  inc=0.021179  bucket 0->0  (mf=1000)
[MF-SEL] tPrev=(  d=0.044419  dMin=0.000000  dAvg=0.041681  dMax=0.391473  Dlo=0.020840  Dhi=0.216577  err=0.000000  inc=0.021179  bucket 0->0  (mf=1000)
[MF-SEL] tPrev=(  d=0.045557  dMin=0.000000  dAvg=0.041688  dMax=0.391473  Dlo=0.020844  Dhi=0.216581  err=0.000000  inc=0.021179  bucket 0->0  (mf=1000)
[MF-SEL] tPrev=(  d=0.052045  dMin=0.000000  dAvg=0.041708  dMax=0.391473  Dlo=0.020854  Dhi=0.216591  err=0.000000  inc=0.021179  bucket 0->0  (mf=1000)
[MF-SEL] tPrev=(  d=0.046200  dMin=0.000000  dAvg=0.041716  dMax=0.391473  Dlo=0.020858  Dhi=0.216595  err=0.000000  inc=0.021179  bucket 0->0  (mf=1000)
Dropping frame 1413393915.205760
[MF-SEL] tPrev=(  d=0.092635  dMin=0.000000  dAvg=0.041812  dMax=0.391473  Dlo=0.020906  Dhi=0.216643  err=0.000000  inc=0.021179  bucket 0->0  (mf=1000)
[MF-SEL] tPrev=(  d=0.046858  dMin=0.000000  dAvg=0.041821  dMax=0.391473  Dlo=0.020911  Dhi=0.216647  err=0.000000  inc=0.021179  bucket 0->0  (mf=1000)
[MF-SEL] tPrev=(  d=0.047160  dMin=0.000000  dAvg=0.041831  dMax=0.391473  Dlo=0.020916  Dhi=0.216652  err=0.000000  inc=0.021179  bucket 0->0  (mf=1000)
[MF-SEL] tPrev=(  d=0.094918  dMin=0.000000  dAvg=0.041931  dMax=0.391473  Dlo=0.020965  Dhi=0.216702  err=0.000000  inc=0.021179  bucket 0->0  (mf=1000)
Dropping frame 1413393915.455760
[MF-SEL] tPrev=(  d=0.102941  dMin=0.000000  dAvg=0.042044  dMax=0.391473  Dlo=0.021022  Dhi=0.216759  err=0.000000  inc=0.021179  bucket 0->0  (mf=1000)
[MF-SEL] tPrev=(  d=0.052172  dMin=0.000000  dAvg=0.042063  dMax=0.391473  Dlo=0.021032  Dhi=0.216768  err=0.000000  inc=0.021179  bucket 0->0  (mf=1000)
[MF-SEL] tPrev=(  d=0.051102  dMin=0.000000  dAvg=0.042080  dMax=0.391473  Dlo=0.021040  Dhi=0.216777  err=0.000000  inc=0.021179  bucket 0->0  (mf=1000)
[MF-SEL] tPrev=(  d=0.049860  dMin=0.000000  dAvg=0.042095  dMax=0.391473  Dlo=0.021047  Dhi=0.216784  err=0.000000  inc=0.021179  bucket 0->0  (mf=1000)
Dropping frame 1413393915.705760
[MF-SEL] tPrev=(  d=0.124782  dMin=0.000000  dAvg=0.042248  dMax=0.391473  Dlo=0.021124  Dhi=0.216861  err=0.000000  inc=0.021179  bucket 0->0  (mf=1000)
[MF-SEL] tPrev=(  d=0.046954  dMin=0.000000  dAvg=0.042256  dMax=0.391473  Dlo=0.021128  Dhi=0.216865  err=0.000000  inc=0.021179  bucket 0->0  (mf=1000)
[MF-SEL] tPrev=(  d=0.045453  dMin=0.000000  dAvg=0.042262  dMax=0.391473  Dlo=0.021131  Dhi=0.216868  err=0.000000  inc=0.021179  bucket 0->0  (mf=1000)
[MF-SEL] tPrev=(  d=0.044589  dMin=0.000000  dAvg=0.042267  dMax=0.391473  Dlo=0.021133  Dhi=0.216870  err=0.000000  inc=0.021179  bucket 0->0  (mf=1000)
[MF-SEL] tPrev=(  d=0.044018  dMin=0.000000  dAvg=0.042270  dMax=0.391473  Dlo=0.021135  Dhi=0.216872  err=0.000000  inc=0.021179  bucket 0->0  (mf=1000)
[MF-SEL] tPrev=(  d=0.043332  dMin=0.000000  dAvg=0.042272  dMax=0.391473  Dlo=0.021136  Dhi=0.216873  err=0.000000  inc=0.021179  bucket 0->0  (mf=1000)
[MF-SEL] tPrev=(  d=0.024564  dMin=0.000000  dAvg=0.042239  dMax=0.391473  Dlo=0.021120  Dhi=0.216856  err=0.000000  inc=0.021179  bucket 0->0  (mf=1000)
[MF-SEL] tPrev=(  d=0.040756  dMin=0.000000  dAvg=0.042237  dMax=0.391473  Dlo=0.021118  Dhi=0.216855  err=0.000000  inc=0.021179  bucket 0->0  (mf=1000)
[MF-SEL] tPrev=(  d=0.040192  dMin=0.000000  dAvg=0.042233  dMax=0.391473  Dlo=0.021116  Dhi=0.216853  err=0.000000  inc=0.021179  bucket 0->0  (mf=1000)
Dropping frame 1413393916.205760
[MF-SEL] tPrev=(  d=0.080331  dMin=0.000000  dAvg=0.042302  dMax=0.391473  Dlo=0.021151  Dhi=0.216888  err=0.000000  inc=0.021179  bucket 0->0  (mf=1000)
[MF-SEL] tPrev=(  d=0.039906  dMin=0.000000  dAvg=0.042298  dMax=0.391473  Dlo=0.021149  Dhi=0.216886  err=0.000000  inc=0.021179  bucket 0->0  (mf=1000)
[MF-SEL] tPrev=(  d=0.038858  dMin=0.000000  dAvg=0.042292  dMax=0.391473  Dlo=0.021146  Dhi=0.216883  err=0.000000  inc=0.021179  bucket 0->0  (mf=1000)
[MF-SEL] tPrev=(  d=0.040760  dMin=0.000000  dAvg=0.042289  dMax=0.391473  Dlo=0.021144  Dhi=0.216881  err=0.000000  inc=0.021179  bucket 0->0  (mf=1000)
[MF-SEL] tPrev=(  d=0.038808  dMin=0.000000  dAvg=0.042283  dMax=0.391473  Dlo=0.021141  Dhi=0.216878  err=0.000000  inc=0.021179  bucket 0->0  (mf=1000)
[MF-SEL] tPrev=(  d=0.036626  dMin=0.000000  dAvg=0.042272  dMax=0.391473  Dlo=0.021136  Dhi=0.216873  err=0.000000  inc=0.021179  bucket 0->0  (mf=1000)
[MF-SEL] tPrev=(  d=0.035735  dMin=0.000000  dAvg=0.042261  dMax=0.391473  Dlo=0.021130  Dhi=0.216867  err=0.000000  inc=0.021179  bucket 0->0  (mf=1000)
[MF-SEL] tPrev=(  d=0.035696  dMin=0.000000  dAvg=0.042249  dMax=0.391473  Dlo=0.021124  Dhi=0.216861  err=0.000000  inc=0.021179  bucket 0->0  (mf=1000)
[MF-SEL] tPrev=(  d=0.035341  dMin=0.000000  dAvg=0.042236  dMax=0.391473  Dlo=0.021118  Dhi=0.216855  err=0.000000  inc=0.021179  bucket 0->0  (mf=1000)
[MF-SEL] tPrev=(  d=0.046654  dMin=0.000000  dAvg=0.042244  dMax=0.391473  Dlo=0.021122  Dhi=0.216859  err=0.000000  inc=0.021179  bucket 0->0  (mf=1000)
Dropping frame 1413393916.755760
[MF-SEL] tPrev=(  d=0.069317  dMin=0.000000  dAvg=0.042293  dMax=0.391473  Dlo=0.021146  Dhi=0.216883  err=0.000000  inc=0.021179  bucket 0->0  (mf=1000)
[MF-SEL] tPrev=(  d=0.031838  dMin=0.000000  dAvg=0.042274  dMax=0.391473  Dlo=0.021137  Dhi=0.216874  err=0.000000  inc=0.021179  bucket 0->0  (mf=1000)
[MF-SEL] tPrev=(  d=0.034348  dMin=0.000000  dAvg=0.042260  dMax=0.391473  Dlo=0.021130  Dhi=0.216867  err=0.000000  inc=0.021179  bucket 0->0  (mf=1000)
[MF-SEL] tPrev=(  d=0.034867  dMin=0.000000  dAvg=0.042247  dMax=0.391473  Dlo=0.021123  Dhi=0.216860  err=0.000000  inc=0.021179  bucket 0->0  (mf=1000)
[MF-SEL] tPrev=(  d=0.034973  dMin=0.000000  dAvg=0.042234  dMax=0.391473  Dlo=0.021117  Dhi=0.216854  err=0.000000  inc=0.021179  bucket 0->0  (mf=1000)
[MF-SEL] tPrev=(  d=0.033957  dMin=0.000000  dAvg=0.042219  dMax=0.391473  Dlo=0.021110  Dhi=0.216846  err=0.000000  inc=0.021179  bucket 0->0  (mf=1000)
[MF-SEL] tPrev=(  d=0.024681  dMin=0.000000  dAvg=0.042188  dMax=0.391473  Dlo=0.021094  Dhi=0.216831  err=0.000000  inc=0.021179  bucket 0->0  (mf=1000)
[MF-SEL] tPrev=(  d=0.029839  dMin=0.000000  dAvg=0.042166  dMax=0.391473  Dlo=0.021083  Dhi=0.216820  err=0.000000  inc=0.021179  bucket 0->0  (mf=1000)
[MF-SEL] tPrev=(  d=0.028158  dMin=0.000000  dAvg=0.042142  dMax=0.391473  Dlo=0.021071  Dhi=0.216808  err=0.000000  inc=0.021179  bucket 0->0  (mf=1000)
[MF-SEL] tPrev=(  d=0.031376  dMin=0.000000  dAvg=0.042123  dMax=0.391473  Dlo=0.021061  Dhi=0.216798  err=0.000000  inc=0.021179  bucket 0->0  (mf=1000)
Dropping frame 1413393917.305761
[MF-SEL] tPrev=(  d=0.044162  dMin=0.000000  dAvg=0.042126  dMax=0.391473  Dlo=0.021063  Dhi=0.216800  err=0.000000  inc=0.021179  bucket 0->0  (mf=1000)
[MF-SEL] tPrev=(  d=0.029140  dMin=0.000000  dAvg=0.042103  dMax=0.391473  Dlo=0.021052  Dhi=0.216788  err=0.000000  inc=0.021179  bucket 0->0  (mf=1000)
[MF-SEL] tPrev=(  d=0.015881  dMin=0.000000  dAvg=0.042058  dMax=0.391473  Dlo=0.021029  Dhi=0.216765  err=-1.000000  inc=-0.908419  bucket 0->0  (mf=1000)
[MF-SEL] tPrev=(  d=0.012646  dMin=0.000000  dAvg=0.042006  dMax=0.391473  Dlo=0.021003  Dhi=0.216740  err=-1.000000  inc=-0.583619  bucket 0->0  (mf=1000)
[MF-SEL] tPrev=(  d=0.007652  dMin=0.000000  dAvg=0.041946  dMax=0.391473  Dlo=0.020973  Dhi=0.216710  err=-1.000000  inc=-0.585829  bucket 0->0  (mf=1000)
[MF-SEL] tPrev=(  d=0.010186  dMin=0.000000  dAvg=0.041891  dMax=0.391473  Dlo=0.020945  Dhi=0.216682  err=-1.000000  inc=-0.588158  bucket 0->0  (mf=1000)
[MF-SEL] tPrev=(  d=0.010905  dMin=0.000000  dAvg=0.041837  dMax=0.391473  Dlo=0.020918  Dhi=0.216655  err=-1.000000  inc=-0.590404  bucket 0->0  (mf=1000)
[MF-SEL] tPrev=(  d=0.016465  dMin=0.000000  dAvg=0.041793  dMax=0.391473  Dlo=0.020896  Dhi=0.216633  err=-1.000000  inc=-0.592636  bucket 0->0  (mf=1000)
[MF-SEL] tPrev=(  d=0.014417  dMin=0.000000  dAvg=0.041745  dMax=0.391473  Dlo=0.020873  Dhi=0.216609  err=-1.000000  inc=-0.595142  bucket 0->0  (mf=1000)
[MF-SEL] tPrev=(  d=0.015407  dMin=0.000000  dAvg=0.041700  dMax=0.391473  Dlo=0.020850  Dhi=0.216587  err=-1.000000  inc=-0.597392  bucket 0->0  (mf=1000)
[MF-SEL] tPrev=(  d=0.015392  dMin=0.000000  dAvg=0.041654  dMax=0.391473  Dlo=0.020827  Dhi=0.216564  err=-1.000000  inc=-0.599535  bucket 0->0  (mf=1000)
[MF-SEL] tPrev=(  d=0.015387  dMin=0.000000  dAvg=0.041609  dMax=0.391473  Dlo=0.020805  Dhi=0.216541  err=-1.000000  inc=-0.601882  bucket 0->0  (mf=1000)
[MF-SEL] tPrev=(  d=0.020277  dMin=0.000000  dAvg=0.041572  dMax=0.391473  Dlo=0.020786  Dhi=0.216523  err=-1.000000  inc=-0.604029  bucket 0->0  (mf=1000)
[MF-SEL] tPrev=(  d=0.015221  dMin=0.000000  dAvg=0.041527  dMax=0.391473  Dlo=0.020764  Dhi=0.216500  err=-1.000000  inc=-0.606434  bucket 0->0  (mf=1000)
[MF-SEL] tPrev=(  d=0.014920  dMin=0.000000  dAvg=0.041482  dMax=0.391473  Dlo=0.020741  Dhi=0.216477  err=-1.000000  inc=-0.608879  bucket 0->0  (mf=1000)
[MF-SEL] tPrev=(  d=0.015104  dMin=0.000000  dAvg=0.041436  dMax=0.391473  Dlo=0.020718  Dhi=0.216455  err=-1.000000  inc=-0.611208  bucket 0->0  (mf=1000)
[MF-SEL] tPrev=(  d=0.015545  dMin=0.000000  dAvg=0.041392  dMax=0.391473  Dlo=0.020696  Dhi=0.216433  err=-1.000000  inc=-0.613372  bucket 0->0  (mf=1000)
[MF-SEL] tPrev=(  d=0.016056  dMin=0.000000  dAvg=0.041349  dMax=0.391473  Dlo=0.020674  Dhi=0.216411  err=-1.000000  inc=-0.615500  bucket 0->0  (mf=1000)
[MF-SEL] tPrev=(  d=0.025584  dMin=0.000000  dAvg=0.041322  dMax=0.391473  Dlo=0.020661  Dhi=0.216398  err=0.000000  inc=0.356315  bucket 0->0  (mf=1000)
[MF-SEL] tPrev=(  d=0.020716  dMin=0.000000  dAvg=0.041287  dMax=0.391473  Dlo=0.020643  Dhi=0.216380  err=0.000000  inc=-0.015500  bucket 0->0  (mf=1000)
[MF-SEL] tPrev=(  d=0.022086  dMin=0.000000  dAvg=0.041254  dMax=0.391473  Dlo=0.020627  Dhi=0.216364  err=0.000000  inc=-0.015500  bucket 0->0  (mf=1000)
[MF-SEL] tPrev=(  d=0.024010  dMin=0.000000  dAvg=0.041225  dMax=0.391473  Dlo=0.020613  Dhi=0.216349  err=0.000000  inc=-0.015500  bucket 0->0  (mf=1000)
[MF-SEL] tPrev=(  d=0.026236  dMin=0.000000  dAvg=0.041200  dMax=0.391473  Dlo=0.020600  Dhi=0.216337  err=0.000000  inc=-0.015500  bucket 0->0  (mf=1000)
[MF-SEL] tPrev=(  d=0.028727  dMin=0.000000  dAvg=0.041179  dMax=0.391473  Dlo=0.020589  Dhi=0.216326  err=0.000000  inc=-0.015500  bucket 0->0  (mf=1000)
[MF-SEL] tPrev=(  d=0.031110  dMin=0.000000  dAvg=0.041162  dMax=0.391473  Dlo=0.020581  Dhi=0.216318  err=0.000000  inc=-0.015500  bucket 0->0  (mf=1000)
[MF-SEL] tPrev=(  d=0.051899  dMin=0.000000  dAvg=0.041180  dMax=0.391473  Dlo=0.020590  Dhi=0.216327  err=0.000000  inc=-0.015500  bucket 0->0  (mf=1000)
Dropping frame 1413393918.655760
[MF-SEL] tPrev=(  d=0.078165  dMin=0.000000  dAvg=0.041242  dMax=0.391473  Dlo=0.020621  Dhi=0.216358  err=0.000000  inc=-0.015500  bucket 0->0  (mf=1000)
[MF-SEL] tPrev=(  d=0.042163  dMin=0.000000  dAvg=0.041244  dMax=0.391473  Dlo=0.020622  Dhi=0.216358  err=0.000000  inc=-0.015500  bucket 0->0  (mf=1000)
[MF-SEL] tPrev=(  d=0.044328  dMin=0.000000  dAvg=0.041249  dMax=0.391473  Dlo=0.020624  Dhi=0.216361  err=0.000000  inc=-0.015500  bucket 0->0  (mf=1000)
Dropping frame 1413393918.855760
[MF-SEL] tPrev=(  d=0.078009  dMin=0.000000  dAvg=0.041310  dMax=0.391473  Dlo=0.020655  Dhi=0.216392  err=0.000000  inc=-0.015500  bucket 0->0  (mf=1000)
[MF-SEL] tPrev=(  d=0.048205  dMin=0.000000  dAvg=0.041322  dMax=0.391473  Dlo=0.020661  Dhi=0.216398  err=0.000000  inc=-0.015500  bucket 0->0  (mf=1000)
Dropping frame 1413393919.005760
[MF-SEL] tPrev=(  d=0.094594  dMin=0.000000  dAvg=0.041410  dMax=0.391473  Dlo=0.020705  Dhi=0.216442  err=0.000000  inc=-0.015500  bucket 0->0  (mf=1000)
[MF-SEL] tPrev=(  d=0.048395  dMin=0.000000  dAvg=0.041422  dMax=0.391473  Dlo=0.020711  Dhi=0.216448  err=0.000000  inc=-0.015500  bucket 0->0  (mf=1000)
[MF-SEL] tPrev=(  d=0.048080  dMin=0.000000  dAvg=0.041433  dMax=0.391473  Dlo=0.020717  Dhi=0.216453  err=0.000000  inc=-0.015500  bucket 0->0  (mf=1000)
[MF-SEL] tPrev=(  d=0.047543  dMin=0.000000  dAvg=0.041443  dMax=0.391473  Dlo=0.020722  Dhi=0.216458  err=0.000000  inc=-0.015500  bucket 0->0  (mf=1000)
[MF-SEL] tPrev=(  d=0.063193  dMin=0.000000  dAvg=0.041479  dMax=0.391473  Dlo=0.020740  Dhi=0.216476  err=0.000000  inc=-0.015500  bucket 0->0  (mf=1000)
[MF-SEL] tPrev=(  d=0.044727  dMin=0.000000  dAvg=0.041485  dMax=0.391473  Dlo=0.020742  Dhi=0.216479  err=0.000000  inc=-0.015500  bucket 0->0  (mf=1000)
[MF-SEL] tPrev=(  d=0.042594  dMin=0.000000  dAvg=0.041486  dMax=0.391473  Dlo=0.020743  Dhi=0.216480  err=0.000000  inc=-0.015500  bucket 0->0  (mf=1000)
[MF-SEL] tPrev=(  d=0.046660  dMin=0.000000  dAvg=0.041495  dMax=0.391473  Dlo=0.020748  Dhi=0.216484  err=0.000000  inc=-0.015500  bucket 0->0  (mf=1000)
[MF-SEL] tPrev=(  d=0.039366  dMin=0.000000  dAvg=0.041492  dMax=0.391473  Dlo=0.020746  Dhi=0.216482  err=0.000000  inc=-0.015500  bucket 0->0  (mf=1000)
[MF-SEL] tPrev=(  d=0.038974  dMin=0.000000  dAvg=0.041487  dMax=0.391473  Dlo=0.020744  Dhi=0.216480  err=0.000000  inc=-0.015500  bucket 0->0  (mf=1000)
[MF-SEL] tPrev=(  d=0.045356  dMin=0.000000  dAvg=0.041494  dMax=0.391473  Dlo=0.020747  Dhi=0.216484  err=0.000000  inc=-0.015500  bucket 0->0  (mf=1000)
[MF-SEL] tPrev=(  d=0.040419  dMin=0.000000  dAvg=0.041492  dMax=0.391473  Dlo=0.020746  Dhi=0.216483  err=0.000000  inc=-0.015500  bucket 0->0  (mf=1000)
[MF-SEL] tPrev=(  d=0.042437  dMin=0.000000  dAvg=0.041494  dMax=0.391473  Dlo=0.020747  Dhi=0.216483  err=0.000000  inc=-0.015500  bucket 0->0  (mf=1000)
[MF-SEL] tPrev=(  d=0.044726  dMin=0.000000  dAvg=0.041499  dMax=0.391473  Dlo=0.020749  Dhi=0.216486  err=0.000000  inc=-0.015500  bucket 0->0  (mf=1000)
[MF-SEL] tPrev=(  d=0.058803  dMin=0.000000  dAvg=0.041527  dMax=0.391473  Dlo=0.020763  Dhi=0.216500  err=0.000000  inc=-0.015500  bucket 0->0  (mf=1000)
[MF-SEL] tPrev=(  d=0.049864  dMin=0.000000  dAvg=0.041541  dMax=0.391473  Dlo=0.020770  Dhi=0.216507  err=0.000000  inc=-0.015500  bucket 0->0  (mf=1000)
[MF-SEL] tPrev=(  d=0.051838  dMin=0.000000  dAvg=0.041557  dMax=0.391473  Dlo=0.020779  Dhi=0.216515  err=0.000000  inc=-0.015500  bucket 0->0  (mf=1000)
[MF-SEL] tPrev=(  d=0.053429  dMin=0.000000  dAvg=0.041576  dMax=0.391473  Dlo=0.020788  Dhi=0.216525  err=0.000000  inc=-0.015500  bucket 0->0  (mf=1000)
[MF-SEL] tPrev=(  d=0.056949  dMin=0.000000  dAvg=0.041601  dMax=0.391473  Dlo=0.020801  Dhi=0.216537  err=0.000000  inc=-0.015500  bucket 0->0  (mf=1000)
[MF-SEL] tPrev=(  d=0.056034  dMin=0.000000  dAvg=0.041625  dMax=0.391473  Dlo=0.020812  Dhi=0.216549  err=0.000000  inc=-0.015500  bucket 0->0  (mf=1000)
[MF-SEL] tPrev=(  d=0.056566  dMin=0.000000  dAvg=0.041649  dMax=0.391473  Dlo=0.020824  Dhi=0.216561  err=0.000000  inc=-0.015500  bucket 0->0  (mf=1000)
[MF-SEL] tPrev=(  d=0.057381  dMin=0.000000  dAvg=0.041674  dMax=0.391473  Dlo=0.020837  Dhi=0.216574  err=0.000000  inc=-0.015500  bucket 0->0  (mf=1000)
[MF-SEL] tPrev=(  d=0.058312  dMin=0.000000  dAvg=0.041701  dMax=0.391473  Dlo=0.020850  Dhi=0.216587  err=0.000000  inc=-0.015500  bucket 0->0  (mf=1000)
[MF-SEL] tPrev=(  d=0.055249  dMin=0.000000  dAvg=0.041723  dMax=0.391473  Dlo=0.020861  Dhi=0.216598  err=0.000000  inc=-0.015500  bucket 0->0  (mf=1000)
[MF-SEL] tPrev=(  d=0.059674  dMin=0.000000  dAvg=0.041751  dMax=0.391473  Dlo=0.020876  Dhi=0.216612  err=0.000000  inc=-0.015500  bucket 0->0  (mf=1000)
[MF-SEL] tPrev=(  d=0.059812  dMin=0.000000  dAvg=0.041780  dMax=0.391473  Dlo=0.020890  Dhi=0.216627  err=0.000000  inc=-0.015500  bucket 0->0  (mf=1000)
[MF-SEL] tPrev=(  d=0.057090  dMin=0.000000  dAvg=0.041805  dMax=0.391473  Dlo=0.020902  Dhi=0.216639  err=0.000000  inc=-0.015500  bucket 0->0  (mf=1000)
[MF-SEL] tPrev=(  d=0.059755  dMin=0.000000  dAvg=0.041833  dMax=0.391473  Dlo=0.020917  Dhi=0.216653  err=0.000000  inc=-0.015500  bucket 0->0  (mf=1000)
[MF-SEL] tPrev=(  d=0.059644  dMin=0.000000  dAvg=0.041862  dMax=0.391473  Dlo=0.020931  Dhi=0.216668  err=0.000000  inc=-0.015500  bucket 0->0  (mf=1000)
[MF-SEL] tPrev=(  d=0.059291  dMin=0.000000  dAvg=0.041889  dMax=0.391473  Dlo=0.020945  Dhi=0.216681  err=0.000000  inc=-0.015500  bucket 0->0  (mf=1000)
[MF-SEL] tPrev=(  d=0.058029  dMin=0.000000  dAvg=0.041915  dMax=0.391473  Dlo=0.020958  Dhi=0.216694  err=0.000000  inc=-0.015500  bucket 0->0  (mf=1000)
[MF-SEL] tPrev=(  d=0.061859  dMin=0.000000  dAvg=0.041947  dMax=0.391473  Dlo=0.020973  Dhi=0.216710  err=0.000000  inc=-0.015500  bucket 0->0  (mf=1000)
[MF-SEL] tPrev=(  d=0.055898  dMin=0.000000  dAvg=0.041969  dMax=0.391473  Dlo=0.020984  Dhi=0.216721  err=0.000000  inc=-0.015500  bucket 0->0  (mf=1000)
[MF-SEL] tPrev=(  d=0.054577  dMin=0.000000  dAvg=0.041989  dMax=0.391473  Dlo=0.020994  Dhi=0.216731  err=0.000000  inc=-0.015500  bucket 0->0  (mf=1000)
[MF-SEL] tPrev=(  d=0.054772  dMin=0.000000  dAvg=0.042009  dMax=0.391473  Dlo=0.021004  Dhi=0.216741  err=0.000000  inc=-0.015500  bucket 0->0  (mf=1000)
Dropping frame 1413393920.805761
[MF-SEL] tPrev=(  d=0.106543  dMin=0.000000  dAvg=0.042110  dMax=0.391473  Dlo=0.021055  Dhi=0.216792  err=0.000000  inc=-0.015500  bucket 0->0  (mf=1000)
[MF-SEL] tPrev=(  d=0.052581  dMin=0.000000  dAvg=0.042127  dMax=0.391473  Dlo=0.021063  Dhi=0.216800  err=0.000000  inc=-0.015500  bucket 0->0  (mf=1000)
[MF-SEL] tPrev=(  d=0.051211  dMin=0.000000  dAvg=0.042141  dMax=0.391473  Dlo=0.021071  Dhi=0.216807  err=0.000000  inc=-0.015500  bucket 0->0  (mf=1000)
Dropping frame 1413393921.005760
[MF-SEL] tPrev=(  d=0.103410  dMin=0.000000  dAvg=0.042237  dMax=0.391473  Dlo=0.021119  Dhi=0.216855  err=0.000000  inc=-0.015500  bucket 0->0  (mf=1000)
[MF-SEL] tPrev=(  d=0.045324  dMin=0.000000  dAvg=0.042242  dMax=0.391473  Dlo=0.021121  Dhi=0.216858  err=0.000000  inc=-0.015500  bucket 0->0  (mf=1000)
[MF-SEL] tPrev=(  d=0.041469  dMin=0.000000  dAvg=0.042241  dMax=0.391473  Dlo=0.021120  Dhi=0.216857  err=0.000000  inc=-0.015500  bucket 0->0  (mf=1000)
[MF-SEL] tPrev=(  d=0.038233  dMin=0.000000  dAvg=0.042235  dMax=0.391473  Dlo=0.021117  Dhi=0.216854  err=0.000000  inc=-0.015500  bucket 0->0  (mf=1000)
Dropping frame 1413393921.255760
[MF-SEL] tPrev=(  d=0.064607  dMin=0.000000  dAvg=0.042269  dMax=0.391473  Dlo=0.021135  Dhi=0.216871  err=0.000000  inc=-0.015500  bucket 0->0  (mf=1000)
[MF-SEL] tPrev=(  d=0.026787  dMin=0.000000  dAvg=0.042245  dMax=0.391473  Dlo=0.021123  Dhi=0.216859  err=0.000000  inc=-0.015500  bucket 0->0  (mf=1000)
[MF-SEL] tPrev=(  d=0.022998  dMin=0.000000  dAvg=0.042215  dMax=0.391473  Dlo=0.021108  Dhi=0.216844  err=0.000000  inc=-0.015500  bucket 0->0  (mf=1000)
[MF-SEL] tPrev=(  d=0.019715  dMin=0.000000  dAvg=0.042181  dMax=0.391473  Dlo=0.021090  Dhi=0.216827  err=-1.000000  inc=-0.945771  bucket 0->0  (mf=1000)
[MF-SEL] tPrev=(  d=0.013626  dMin=0.000000  dAvg=0.042136  dMax=0.391473  Dlo=0.021068  Dhi=0.216805  err=-1.000000  inc=-0.620133  bucket 0->0  (mf=1000)
Dropping frame 1413393921.555760
[MF-SEL] tPrev=(  d=0.036557  dMin=0.000000  dAvg=0.042128  dMax=0.391473  Dlo=0.021064  Dhi=0.216801  err=0.000000  inc=0.138782  bucket 0->0  (mf=1000)
Dropping frame 1413393921.655760
[MF-SEL] tPrev=(  d=0.037663  dMin=0.000000  dAvg=0.042121  dMax=0.391473  Dlo=0.021060  Dhi=0.216797  err=0.000000  inc=-0.020133  bucket 0->0  (mf=1000)
[MF-SEL] tPrev=(  d=0.021600  dMin=0.000000  dAvg=0.042089  dMax=0.391473  Dlo=0.021045  Dhi=0.216781  err=0.000000  inc=-0.020133  bucket 0->0  (mf=1000)
[MF-SEL] tPrev=(  d=0.023318  dMin=0.000000  dAvg=0.042060  dMax=0.391473  Dlo=0.021030  Dhi=0.216767  err=0.000000  inc=-0.020133  bucket 0->0  (mf=1000)
[MF-SEL] tPrev=(  d=0.025301  dMin=0.000000  dAvg=0.042035  dMax=0.391473  Dlo=0.021017  Dhi=0.216754  err=0.000000  inc=-0.020133  bucket 0->0  (mf=1000)
[MF-SEL] tPrev=(  d=0.026431  dMin=0.000000  dAvg=0.042011  dMax=0.391473  Dlo=0.021005  Dhi=0.216742  err=0.000000  inc=-0.020133  bucket 0->0  (mf=1000)
[MF-SEL] tPrev=(  d=0.026949  dMin=0.000000  dAvg=0.041988  dMax=0.391473  Dlo=0.020994  Dhi=0.216731  err=0.000000  inc=-0.020133  bucket 0->0  (mf=1000)
Dropping frame 1413393922.005760
[MF-SEL] tPrev=(  d=0.067575  dMin=0.000000  dAvg=0.042027  dMax=0.391473  Dlo=0.021013  Dhi=0.216750  err=0.000000  inc=-0.020133  bucket 0->0  (mf=1000)
[MF-SEL] tPrev=(  d=0.026890  dMin=0.000000  dAvg=0.042004  dMax=0.391473  Dlo=0.021002  Dhi=0.216739  err=0.000000  inc=-0.020133  bucket 0->0  (mf=1000)
[MF-SEL] tPrev=(  d=0.027520  dMin=0.000000  dAvg=0.041982  dMax=0.391473  Dlo=0.020991  Dhi=0.216727  err=0.000000  inc=-0.020133  bucket 0->0  (mf=1000)
[MF-SEL] tPrev=(  d=0.029262  dMin=0.000000  dAvg=0.041962  dMax=0.391473  Dlo=0.020981  Dhi=0.216718  err=0.000000  inc=-0.020133  bucket 0->0  (mf=1000)
[MF-SEL] tPrev=(  d=0.028936  dMin=0.000000  dAvg=0.041942  dMax=0.391473  Dlo=0.020971  Dhi=0.216708  err=0.000000  inc=-0.020133  bucket 0->0  (mf=1000)
[MF-SEL] tPrev=(  d=0.029764  dMin=0.000000  dAvg=0.041924  dMax=0.391473  Dlo=0.020962  Dhi=0.216699  err=0.000000  inc=-0.020133  bucket 0->0  (mf=1000)
[MF-SEL] tPrev=(  d=0.023947  dMin=0.000000  dAvg=0.041897  dMax=0.391473  Dlo=0.020948  Dhi=0.216685  err=0.000000  inc=-0.020133  bucket 0->0  (mf=1000)
[MF-SEL] tPrev=(  d=0.027840  dMin=0.000000  dAvg=0.041875  dMax=0.391473  Dlo=0.020938  Dhi=0.216674  err=0.000000  inc=-0.020133  bucket 0->0  (mf=1000)
[MF-SEL] tPrev=(  d=0.026767  dMin=0.000000  dAvg=0.041853  dMax=0.391473  Dlo=0.020926  Dhi=0.216663  err=0.000000  inc=-0.020133  bucket 0->0  (mf=1000)
[MF-SEL] tPrev=(  d=0.027408  dMin=0.000000  dAvg=0.041831  dMax=0.391473  Dlo=0.020915  Dhi=0.216652  err=0.000000  inc=-0.020133  bucket 0->0  (mf=1000)
[MF-SEL] tPrev=(  d=0.028544  dMin=0.000000  dAvg=0.041811  dMax=0.391473  Dlo=0.020905  Dhi=0.216642  err=0.000000  inc=-0.020133  bucket 0->0  (mf=1000)
[MF-SEL] tPrev=(  d=0.036450  dMin=0.000000  dAvg=0.041803  dMax=0.391473  Dlo=0.020901  Dhi=0.216638  err=0.000000  inc=-0.020133  bucket 0->0  (mf=1000)
[MF-SEL] tPrev=(  d=0.030955  dMin=0.000000  dAvg=0.041786  dMax=0.391473  Dlo=0.020893  Dhi=0.216630  err=0.000000  inc=-0.020133  bucket 0->0  (mf=1000)
[MF-SEL] tPrev=(  d=0.032429  dMin=0.000000  dAvg=0.041772  dMax=0.391473  Dlo=0.020886  Dhi=0.216623  err=0.000000  inc=-0.020133  bucket 0->0  (mf=1000)
[MF-SEL] tPrev=(  d=0.033397  dMin=0.000000  dAvg=0.041760  dMax=0.391473  Dlo=0.020880  Dhi=0.216617  err=0.000000  inc=-0.020133  bucket 0->0  (mf=1000)
[MF-SEL] tPrev=(  d=0.034088  dMin=0.000000  dAvg=0.041748  dMax=0.391473  Dlo=0.020874  Dhi=0.216611  err=0.000000  inc=-0.020133  bucket 0->0  (mf=1000)
[MF-SEL] tPrev=(  d=0.035684  dMin=0.000000  dAvg=0.041739  dMax=0.391473  Dlo=0.020870  Dhi=0.216606  err=0.000000  inc=-0.020133  bucket 0->0  (mf=1000)
[MF-SEL] tPrev=(  d=0.037231  dMin=0.000000  dAvg=0.041733  dMax=0.391473  Dlo=0.020866  Dhi=0.216603  err=0.000000  inc=-0.020133  bucket 0->0  (mf=1000)
[MF-SEL] tPrev=(  d=0.037813  dMin=0.000000  dAvg=0.041727  dMax=0.391473  Dlo=0.020863  Dhi=0.216600  err=0.000000  inc=-0.020133  bucket 0->0  (mf=1000)
[MF-SEL] tPrev=(  d=0.039155  dMin=0.000000  dAvg=0.041723  dMax=0.391473  Dlo=0.020861  Dhi=0.216598  err=0.000000  inc=-0.020133  bucket 0->0  (mf=1000)
[MF-SEL] tPrev=(  d=0.040879  dMin=0.000000  dAvg=0.041722  dMax=0.391473  Dlo=0.020861  Dhi=0.216598  err=0.000000  inc=-0.020133  bucket 0->0  (mf=1000)
[MF-SEL] tPrev=(  d=0.043958  dMin=0.000000  dAvg=0.041725  dMax=0.391473  Dlo=0.020863  Dhi=0.216599  err=0.000000  inc=-0.020133  bucket 0->0  (mf=1000)
[MF-SEL] tPrev=(  d=0.047244  dMin=0.000000  dAvg=0.041733  dMax=0.391473  Dlo=0.020867  Dhi=0.216603  err=0.000000  inc=-0.020133  bucket 0->0  (mf=1000)
[MF-SEL] tPrev=(  d=0.045431  dMin=0.000000  dAvg=0.041739  dMax=0.391473  Dlo=0.020869  Dhi=0.216606  err=0.000000  inc=-0.020133  bucket 0->0  (mf=1000)
[MF-SEL] tPrev=(  d=0.055298  dMin=0.000000  dAvg=0.041759  dMax=0.391473  Dlo=0.020879  Dhi=0.216616  err=0.000000  inc=-0.020133  bucket 0->0  (mf=1000)
[MF-SEL] tPrev=(  d=0.058757  dMin=0.000000  dAvg=0.041784  dMax=0.391473  Dlo=0.020892  Dhi=0.216629  err=0.000000  inc=-0.020133  bucket 0->0  (mf=1000)
[MF-SEL] tPrev=(  d=0.062584  dMin=0.000000  dAvg=0.041814  dMax=0.391473  Dlo=0.020907  Dhi=0.216644  err=0.000000  inc=-0.020133  bucket 0->0  (mf=1000)
[MF-SEL] tPrev=(  d=0.064737  dMin=0.000000  dAvg=0.041848  dMax=0.391473  Dlo=0.020924  Dhi=0.216661  err=0.000000  inc=-0.020133  bucket 0->0  (mf=1000)
[MF-SEL] tPrev=(  d=0.063764  dMin=0.000000  dAvg=0.041880  dMax=0.391473  Dlo=0.020940  Dhi=0.216677  err=0.000000  inc=-0.020133  bucket 0->0  (mf=1000)
[MF-SEL] tPrev=(  d=0.068021  dMin=0.000000  dAvg=0.041918  dMax=0.391473  Dlo=0.020959  Dhi=0.216696  err=0.000000  inc=-0.020133  bucket 0->0  (mf=1000)
[MF-SEL] tPrev=(  d=0.068601  dMin=0.000000  dAvg=0.041957  dMax=0.391473  Dlo=0.020979  Dhi=0.216715  err=0.000000  inc=-0.020133  bucket 0->0  (mf=1000)
[MF-SEL] tPrev=(  d=0.068733  dMin=0.000000  dAvg=0.041996  dMax=0.391473  Dlo=0.020998  Dhi=0.216735  err=0.000000  inc=-0.020133  bucket 0->0  (mf=1000)
[MF-SEL] tPrev=(  d=0.073826  dMin=0.000000  dAvg=0.042043  dMax=0.391473  Dlo=0.021021  Dhi=0.216758  err=0.000000  inc=-0.020133  bucket 0->0  (mf=1000)
[MF-SEL] tPrev=(  d=0.069386  dMin=0.000000  dAvg=0.042083  dMax=0.391473  Dlo=0.021041  Dhi=0.216778  err=0.000000  inc=-0.020133  bucket 0->0  (mf=1000)
Dropping frame 1413393923.755760
[MF-SEL] tPrev=(  d=0.132481  dMin=0.000000  dAvg=0.042214  dMax=0.391473  Dlo=0.021107  Dhi=0.216844  err=0.000000  inc=-0.020133  bucket 0->0  (mf=1000)
[MF-SEL] tPrev=(  d=0.069056  dMin=0.000000  dAvg=0.042253  dMax=0.391473  Dlo=0.021126  Dhi=0.216863  err=0.000000  inc=-0.020133  bucket 0->0  (mf=1000)
[MF-SEL] tPrev=(  d=0.069837  dMin=0.000000  dAvg=0.042293  dMax=0.391473  Dlo=0.021146  Dhi=0.216883  err=0.000000  inc=-0.020133  bucket 0->0  (mf=1000)
[MF-SEL] tPrev=(  d=0.073482  dMin=0.000000  dAvg=0.042338  dMax=0.391473  Dlo=0.021169  Dhi=0.216906  err=0.000000  inc=-0.020133  bucket 0->0  (mf=1000)
[MF-SEL] tPrev=(  d=0.070527  dMin=0.000000  dAvg=0.042379  dMax=0.391473  Dlo=0.021189  Dhi=0.216926  err=0.000000  inc=-0.020133  bucket 0->0  (mf=1000)
[MF-SEL] tPrev=(  d=0.071093  dMin=0.000000  dAvg=0.042420  dMax=0.391473  Dlo=0.021210  Dhi=0.216947  err=0.000000  inc=-0.020133  bucket 0->0  (mf=1000)
[MF-SEL] tPrev=(  d=0.070922  dMin=0.000000  dAvg=0.042461  dMax=0.391473  Dlo=0.021231  Dhi=0.216967  err=0.000000  inc=-0.020133  bucket 0->0  (mf=1000)
[MF-SEL] tPrev=(  d=0.073241  dMin=0.000000  dAvg=0.042506  dMax=0.391473  Dlo=0.021253  Dhi=0.216990  err=0.000000  inc=-0.020133  bucket 0->0  (mf=1000)
[MF-SEL] tPrev=(  d=0.073912  dMin=0.000000  dAvg=0.042551  dMax=0.391473  Dlo=0.021275  Dhi=0.217012  err=0.000000  inc=-0.020133  bucket 0->0  (mf=1000)
[MF-SEL] tPrev=(  d=0.069510  dMin=0.000000  dAvg=0.042589  dMax=0.391473  Dlo=0.021295  Dhi=0.217031  err=0.000000  inc=-0.020133  bucket 0->0  (mf=1000)
[MF-SEL] tPrev=(  d=0.072501  dMin=0.000000  dAvg=0.042632  dMax=0.391473  Dlo=0.021316  Dhi=0.217053  err=0.000000  inc=-0.020133  bucket 0->0  (mf=1000)
[MF-SEL] tPrev=(  d=0.070978  dMin=0.000000  dAvg=0.042673  dMax=0.391473  Dlo=0.021336  Dhi=0.217073  err=0.000000  inc=-0.020133  bucket 0->0  (mf=1000)
[MF-SEL] tPrev=(  d=0.065015  dMin=0.000000  dAvg=0.042705  dMax=0.391473  Dlo=0.021352  Dhi=0.217089  err=0.000000  inc=-0.020133  bucket 0->0  (mf=1000)
[MF-SEL] tPrev=(  d=0.066892  dMin=0.000000  dAvg=0.042739  dMax=0.391473  Dlo=0.021370  Dhi=0.217106  err=0.000000  inc=-0.020133  bucket 0->0  (mf=1000)
[MF-SEL] tPrev=(  d=0.064049  dMin=0.000000  dAvg=0.042770  dMax=0.391473  Dlo=0.021385  Dhi=0.217122  err=0.000000  inc=-0.020133  bucket 0->0  (mf=1000)
Dropping frame 1413393924.555760
[MF-SEL] tPrev=(  d=0.123846  dMin=0.000000  dAvg=0.042885  dMax=0.391473  Dlo=0.021442  Dhi=0.217179  err=0.000000  inc=-0.020133  bucket 0->0  (mf=1000)
[MF-SEL] tPrev=(  d=0.056363  dMin=0.000000  dAvg=0.042904  dMax=0.391473  Dlo=0.021452  Dhi=0.217189  err=0.000000  inc=-0.020133  bucket 0->0  (mf=1000)
[MF-SEL] tPrev=(  d=0.056367  dMin=0.000000  dAvg=0.042923  dMax=0.391473  Dlo=0.021462  Dhi=0.217198  err=0.000000  inc=-0.020133  bucket 0->0  (mf=1000)
[MF-SEL] tPrev=(  d=0.074861  dMin=0.000000  dAvg=0.042968  dMax=0.391473  Dlo=0.021484  Dhi=0.217221  err=0.000000  inc=-0.020133  bucket 0->0  (mf=1000)
[MF-SEL] tPrev=(  d=0.058345  dMin=0.000000  dAvg=0.042990  dMax=0.391473  Dlo=0.021495  Dhi=0.217232  err=0.000000  inc=-0.020133  bucket 0->0  (mf=1000)
[MF-SEL] tPrev=(  d=0.062802  dMin=0.000000  dAvg=0.043018  dMax=0.391473  Dlo=0.021509  Dhi=0.217246  err=0.000000  inc=-0.020133  bucket 0->0  (mf=1000)
[MF-SEL] tPrev=(  d=0.087699  dMin=0.000000  dAvg=0.043081  dMax=0.391473  Dlo=0.021541  Dhi=0.217277  err=0.000000  inc=-0.020133  bucket 0->0  (mf=1000)
[MF-SEL] tPrev=(  d=0.077591  dMin=0.000000  dAvg=0.043130  dMax=0.391473  Dlo=0.021565  Dhi=0.217302  err=0.000000  inc=-0.020133  bucket 0->0  (mf=1000)
[MF-SEL] tPrev=(  d=0.083391  dMin=0.000000  dAvg=0.043186  dMax=0.391473  Dlo=0.021593  Dhi=0.217330  err=0.000000  inc=-0.020133  bucket 0->0  (mf=1000)
[MF-SEL] tPrev=(  d=0.103765  dMin=0.000000  dAvg=0.043271  dMax=0.391473  Dlo=0.021636  Dhi=0.217372  err=0.000000  inc=-0.020133  bucket 0->0  (mf=1000)
[MF-SEL] tPrev=(  d=0.093245  dMin=0.000000  dAvg=0.043342  dMax=0.391473  Dlo=0.021671  Dhi=0.217407  err=0.000000  inc=-0.020133  bucket 0->0  (mf=1000)
[MF-SEL] tPrev=(  d=0.096680  dMin=0.000000  dAvg=0.043416  dMax=0.391473  Dlo=0.021708  Dhi=0.217445  err=0.000000  inc=-0.020133  bucket 0->0  (mf=1000)
[MF-SEL] tPrev=(  d=0.088095  dMin=0.000000  dAvg=0.043479  dMax=0.391473  Dlo=0.021739  Dhi=0.217476  err=0.000000  inc=-0.020133  bucket 0->0  (mf=1000)
[MF-SEL] tPrev=(  d=0.098270  dMin=0.000000  dAvg=0.043555  dMax=0.391473  Dlo=0.021778  Dhi=0.217514  err=0.000000  inc=-0.020133  bucket 0->0  (mf=1000)
Dropping frame 1413393925.305761
[MF-SEL] tPrev=(  d=0.197380  dMin=0.000000  dAvg=0.043770  dMax=0.391473  Dlo=0.021885  Dhi=0.217622  err=0.000000  inc=-0.020133  bucket 0->0  (mf=1000)
[MF-SEL] tPrev=(  d=0.097626  dMin=0.000000  dAvg=0.043845  dMax=0.391473  Dlo=0.021922  Dhi=0.217659  err=0.000000  inc=-0.020133  bucket 0->0  (mf=1000)
[MF-SEL] tPrev=(  d=0.097561  dMin=0.000000  dAvg=0.043920  dMax=0.391473  Dlo=0.021960  Dhi=0.217696  err=0.000000  inc=-0.020133  bucket 0->0  (mf=1000)
[MF-SEL] tPrev=(  d=0.097042  dMin=0.000000  dAvg=0.043993  dMax=0.391473  Dlo=0.021997  Dhi=0.217733  err=0.000000  inc=-0.020133  bucket 0->0  (mf=1000)
[MF-SEL] tPrev=(  d=0.089952  dMin=0.000000  dAvg=0.044057  dMax=0.391473  Dlo=0.022029  Dhi=0.217765  err=0.000000  inc=-0.020133  bucket 0->0  (mf=1000)
[MF-SEL] tPrev=(  d=0.096317  dMin=0.000000  dAvg=0.044129  dMax=0.391473  Dlo=0.022065  Dhi=0.217801  err=0.000000  inc=-0.020133  bucket 0->0  (mf=1000)
[MF-SEL] tPrev=(  d=0.094943  dMin=0.000000  dAvg=0.044200  dMax=0.391473  Dlo=0.022100  Dhi=0.217837  err=0.000000  inc=-0.020133  bucket 0->0  (mf=1000)
[MF-SEL] tPrev=(  d=0.092627  dMin=0.000000  dAvg=0.044267  dMax=0.391473  Dlo=0.022133  Dhi=0.217870  err=0.000000  inc=-0.020133  bucket 0->0  (mf=1000)
[MF-SEL] tPrev=(  d=0.089198  dMin=0.000000  dAvg=0.044329  dMax=0.391473  Dlo=0.022164  Dhi=0.217901  err=0.000000  inc=-0.020133  bucket 0->0  (mf=1000)
[MF-SEL] tPrev=(  d=0.086927  dMin=0.000000  dAvg=0.044387  dMax=0.391473  Dlo=0.022194  Dhi=0.217930  err=0.000000  inc=-0.020133  bucket 0->0  (mf=1000)
[MF-SEL] tPrev=(  d=0.085126  dMin=0.000000  dAvg=0.044443  dMax=0.391473  Dlo=0.022222  Dhi=0.217958  err=0.000000  inc=-0.020133  bucket 0->0  (mf=1000)
[MF-SEL] tPrev=(  d=0.083969  dMin=0.000000  dAvg=0.044498  dMax=0.391473  Dlo=0.022249  Dhi=0.217986  err=0.000000  inc=-0.020133  bucket 0->0  (mf=1000)
[MF-SEL] tPrev=(  d=0.083230  dMin=0.000000  dAvg=0.044551  dMax=0.391473  Dlo=0.022275  Dhi=0.218012  err=0.000000  inc=-0.020133  bucket 0->0  (mf=1000)
Dropping frame 1413393926.005760
[MF-SEL] tPrev=(  d=0.170156  dMin=0.000000  dAvg=0.044723  dMax=0.391473  Dlo=0.022361  Dhi=0.218098  err=0.000000  inc=-0.020133  bucket 0->0  (mf=1000)
[MF-SEL] tPrev=(  d=0.080987  dMin=0.000000  dAvg=0.044772  dMax=0.391473  Dlo=0.022386  Dhi=0.218123  err=0.000000  inc=-0.020133  bucket 0->0  (mf=1000)
[MF-SEL] tPrev=(  d=0.078274  dMin=0.000000  dAvg=0.044818  dMax=0.391473  Dlo=0.022409  Dhi=0.218146  err=0.000000  inc=-0.020133  bucket 0->0  (mf=1000)
[MF-SEL] tPrev=(  d=0.075977  dMin=0.000000  dAvg=0.044861  dMax=0.391473  Dlo=0.022430  Dhi=0.218167  err=0.000000  inc=-0.020133  bucket 0->0  (mf=1000)
[MF-SEL] tPrev=(  d=0.063819  dMin=0.000000  dAvg=0.044887  dMax=0.391473  Dlo=0.022443  Dhi=0.218180  err=0.000000  inc=-0.020133  bucket 0->0  (mf=1000)
[MF-SEL] tPrev=(  d=0.069589  dMin=0.000000  dAvg=0.044920  dMax=0.391473  Dlo=0.022460  Dhi=0.218197  err=0.000000  inc=-0.020133  bucket 0->0  (mf=1000)
Dropping frame 1413393926.355760
[MF-SEL] tPrev=(  d=0.133444  dMin=0.000000  dAvg=0.045040  dMax=0.391473  Dlo=0.022520  Dhi=0.218257  err=0.000000  inc=-0.020133  bucket 0->0  (mf=1000)
[MF-SEL] tPrev=(  d=0.063459  dMin=0.000000  dAvg=0.045065  dMax=0.391473  Dlo=0.022533  Dhi=0.218269  err=0.000000  inc=-0.020133  bucket 0->0  (mf=1000)
[MF-SEL] tPrev=(  d=0.060575  dMin=0.000000  dAvg=0.045086  dMax=0.391473  Dlo=0.022543  Dhi=0.218280  err=0.000000  inc=-0.020133  bucket 0->0  (mf=1000)
[MF-SEL] tPrev=(  d=0.059062  dMin=0.000000  dAvg=0.045105  dMax=0.391473  Dlo=0.022553  Dhi=0.218289  err=0.000000  inc=-0.020133  bucket 0->0  (mf=1000)
[MF-SEL] tPrev=(  d=0.057840  dMin=0.000000  dAvg=0.045123  dMax=0.391473  Dlo=0.022561  Dhi=0.218298  err=0.000000  inc=-0.020133  bucket 0->0  (mf=1000)
[MF-SEL] tPrev=(  d=0.058333  dMin=0.000000  dAvg=0.045140  dMax=0.391473  Dlo=0.022570  Dhi=0.218307  err=0.000000  inc=-0.020133  bucket 0->0  (mf=1000)
[MF-SEL] tPrev=(  d=0.057263  dMin=0.000000  dAvg=0.045157  dMax=0.391473  Dlo=0.022578  Dhi=0.218315  err=0.000000  inc=-0.020133  bucket 0->0  (mf=1000)
[MF-SEL] tPrev=(  d=0.054478  dMin=0.000000  dAvg=0.045169  dMax=0.391473  Dlo=0.022585  Dhi=0.218321  err=0.000000  inc=-0.020133  bucket 0->0  (mf=1000)
[MF-SEL] tPrev=(  d=0.051330  dMin=0.000000  dAvg=0.045178  dMax=0.391473  Dlo=0.022589  Dhi=0.218325  err=0.000000  inc=-0.020133  bucket 0->0  (mf=1000)
[MF-SEL] tPrev=(  d=0.037827  dMin=0.000000  dAvg=0.045168  dMax=0.391473  Dlo=0.022584  Dhi=0.218321  err=0.000000  inc=-0.020133  bucket 0->0  (mf=1000)
[MF-SEL] tPrev=(  d=0.045486  dMin=0.000000  dAvg=0.045168  dMax=0.391473  Dlo=0.022584  Dhi=0.218321  err=0.000000  inc=-0.020133  bucket 0->0  (mf=1000)
[MF-SEL] tPrev=(  d=0.043630  dMin=0.000000  dAvg=0.045166  dMax=0.391473  Dlo=0.022583  Dhi=0.218320  err=0.000000  inc=-0.020133  bucket 0->0  (mf=1000)
[MF-SEL] tPrev=(  d=0.032764  dMin=0.000000  dAvg=0.045149  dMax=0.391473  Dlo=0.022575  Dhi=0.218311  err=0.000000  inc=-0.020133  bucket 0->0  (mf=1000)
[MF-SEL] tPrev=(  d=0.042099  dMin=0.000000  dAvg=0.045145  dMax=0.391473  Dlo=0.022573  Dhi=0.218309  err=0.000000  inc=-0.020133  bucket 0->0  (mf=1000)
Dropping frame 1413393927.105761
[MF-SEL] tPrev=(  d=0.088719  dMin=0.000000  dAvg=0.045203  dMax=0.391473  Dlo=0.022602  Dhi=0.218338  err=0.000000  inc=-0.020133  bucket 0->0  (mf=1000)
[MF-SEL] tPrev=(  d=0.045356  dMin=0.000000  dAvg=0.045204  dMax=0.391473  Dlo=0.022602  Dhi=0.218339  err=0.000000  inc=-0.020133  bucket 0->0  (mf=1000)
[MF-SEL] tPrev=(  d=0.038537  dMin=0.000000  dAvg=0.045195  dMax=0.391473  Dlo=0.022597  Dhi=0.218334  err=0.000000  inc=-0.020133  bucket 0->0  (mf=1000)
[MF-SEL] tPrev=(  d=0.046391  dMin=0.000000  dAvg=0.045196  dMax=0.391473  Dlo=0.022598  Dhi=0.218335  err=0.000000  inc=-0.020133  bucket 0->0  (mf=1000)
[MF-SEL] tPrev=(  d=0.047540  dMin=0.000000  dAvg=0.045199  dMax=0.391473  Dlo=0.022600  Dhi=0.218336  err=0.000000  inc=-0.020133  bucket 0->0  (mf=1000)
[MF-SEL] tPrev=(  d=0.050084  dMin=0.000000  dAvg=0.045206  dMax=0.391473  Dlo=0.022603  Dhi=0.218340  err=0.000000  inc=-0.020133  bucket 0->0  (mf=1000)
[MF-SEL] tPrev=(  d=0.063494  dMin=0.000000  dAvg=0.045230  dMax=0.391473  Dlo=0.022615  Dhi=0.218352  err=0.000000  inc=-0.020133  bucket 0->0  (mf=1000)
[MF-SEL] tPrev=(  d=0.057457  dMin=0.000000  dAvg=0.045246  dMax=0.391473  Dlo=0.022623  Dhi=0.218360  err=0.000000  inc=-0.020133  bucket 0->0  (mf=1000)
[MF-SEL] tPrev=(  d=0.059405  dMin=0.000000  dAvg=0.045265  dMax=0.391473  Dlo=0.022632  Dhi=0.218369  err=0.000000  inc=-0.020133  bucket 0->0  (mf=1000)
[MF-SEL] tPrev=(  d=0.060715  dMin=0.000000  dAvg=0.045285  dMax=0.391473  Dlo=0.022643  Dhi=0.218379  err=0.000000  inc=-0.020133  bucket 0->0  (mf=1000)
[MF-SEL] tPrev=(  d=0.062050  dMin=0.000000  dAvg=0.045307  dMax=0.391473  Dlo=0.022654  Dhi=0.218390  err=0.000000  inc=-0.020133  bucket 0->0  (mf=1000)
[MF-SEL] tPrev=(  d=0.062945  dMin=0.000000  dAvg=0.045331  dMax=0.391473  Dlo=0.022665  Dhi=0.218402  err=0.000000  inc=-0.020133  bucket 0->0  (mf=1000)
Dropping frame 1413393927.755760
[MF-SEL] tPrev=(  d=0.128000  dMin=0.000000  dAvg=0.045439  dMax=0.391473  Dlo=0.022720  Dhi=0.218456  err=0.000000  inc=-0.020133  bucket 0->0  (mf=1000)
Dropping frame 1413393927.855760
[MF-SEL] tPrev=(  d=0.128264  dMin=0.000000  dAvg=0.045548  dMax=0.391473  Dlo=0.022774  Dhi=0.218511  err=0.000000  inc=-0.020133  bucket 0->0  (mf=1000)
[MF-SEL] tPrev=(  d=0.059624  dMin=0.000000  dAvg=0.045566  dMax=0.391473  Dlo=0.022783  Dhi=0.218520  err=0.000000  inc=-0.020133  bucket 0->0  (mf=1000)
[MF-SEL] tPrev=(  d=0.060921  dMin=0.000000  dAvg=0.045586  dMax=0.391473  Dlo=0.022793  Dhi=0.218530  err=0.000000  inc=-0.020133  bucket 0->0  (mf=1000)
[MF-SEL] tPrev=(  d=0.058710  dMin=0.000000  dAvg=0.045603  dMax=0.391473  Dlo=0.022802  Dhi=0.218538  err=0.000000  inc=-0.020133  bucket 0->0  (mf=1000)
[MF-SEL] tPrev=(  d=0.056721  dMin=0.000000  dAvg=0.045618  dMax=0.391473  Dlo=0.022809  Dhi=0.218546  err=0.000000  inc=-0.020133  bucket 0->0  (mf=1000)
[MF-SEL] tPrev=(  d=0.054671  dMin=0.000000  dAvg=0.045630  dMax=0.391473  Dlo=0.022815  Dhi=0.218551  err=0.000000  inc=-0.020133  bucket 0->0  (mf=1000)
[MF-SEL] tPrev=(  d=0.052590  dMin=0.000000  dAvg=0.045639  dMax=0.391473  Dlo=0.022819  Dhi=0.218556  err=0.000000  inc=-0.020133  bucket 0->0  (mf=1000)
[MF-SEL] tPrev=(  d=0.059252  dMin=0.000000  dAvg=0.045656  dMax=0.391473  Dlo=0.022828  Dhi=0.218565  err=0.000000  inc=-0.020133  bucket 0->0  (mf=1000)
[MF-SEL] tPrev=(  d=0.056803  dMin=0.000000  dAvg=0.045671  dMax=0.391473  Dlo=0.022835  Dhi=0.218572  err=0.000000  inc=-0.020133  bucket 0->0  (mf=1000)
[MF-SEL] tPrev=(  d=0.057833  dMin=0.000000  dAvg=0.045686  dMax=0.391473  Dlo=0.022843  Dhi=0.218580  err=0.000000  inc=-0.020133  bucket 0->0  (mf=1000)
Dropping frame 1413393928.405761
[MF-SEL] tPrev=(  d=0.110901  dMin=0.000000  dAvg=0.045771  dMax=0.391473  Dlo=0.022885  Dhi=0.218622  err=0.000000  inc=-0.020133  bucket 0->0  (mf=1000)
Dropping frame 1413393928.505760
[MF-SEL] tPrev=(  d=0.111229  dMin=0.000000  dAvg=0.045855  dMax=0.391473  Dlo=0.022928  Dhi=0.218664  err=0.000000  inc=-0.020133  bucket 0->0  (mf=1000)
[MF-SEL] tPrev=(  d=0.060810  dMin=0.000000  dAvg=0.045875  dMax=0.391473  Dlo=0.022937  Dhi=0.218674  err=0.000000  inc=-0.020133  bucket 0->0  (mf=1000)
[MF-SEL] tPrev=(  d=0.052029  dMin=0.000000  dAvg=0.045883  dMax=0.391473  Dlo=0.022941  Dhi=0.218678  err=0.000000  inc=-0.020133  bucket 0->0  (mf=1000)
[MF-SEL] tPrev=(  d=0.049367  dMin=0.000000  dAvg=0.045887  dMax=0.391473  Dlo=0.022944  Dhi=0.218680  err=0.000000  inc=-0.020133  bucket 0->0  (mf=1000)
[MF-SEL] tPrev=(  d=0.044412  dMin=0.000000  dAvg=0.045885  dMax=0.391473  Dlo=0.022943  Dhi=0.218679  err=0.000000  inc=-0.020133  bucket 0->0  (mf=1000)
[MF-SEL] tPrev=(  d=0.044369  dMin=0.000000  dAvg=0.045883  dMax=0.391473  Dlo=0.022942  Dhi=0.218678  err=0.000000  inc=-0.020133  bucket 0->0  (mf=1000)
Dropping frame 1413393928.855760
[MF-SEL] tPrev=(  d=0.086336  dMin=0.000000  dAvg=0.045935  dMax=0.391473  Dlo=0.022968  Dhi=0.218704  err=0.000000  inc=-0.020133  bucket 0->0  (mf=1000)
[MF-SEL] tPrev=(  d=0.041915  dMin=0.000000  dAvg=0.045930  dMax=0.391473  Dlo=0.022965  Dhi=0.218702  err=0.000000  inc=-0.020133  bucket 0->0  (mf=1000)
[MF-SEL] tPrev=(  d=0.045165  dMin=0.000000  dAvg=0.045929  dMax=0.391473  Dlo=0.022965  Dhi=0.218701  err=0.000000  inc=-0.020133  bucket 0->0  (mf=1000)
Dropping frame 1413393929.055760
[MF-SEL] tPrev=(  d=0.084982  dMin=0.000000  dAvg=0.045979  dMax=0.391473  Dlo=0.022989  Dhi=0.218726  err=0.000000  inc=-0.020133  bucket 0->0  (mf=1000)
[MF-SEL] tPrev=(  d=0.040009  dMin=0.000000  dAvg=0.045971  dMax=0.391473  Dlo=0.022986  Dhi=0.218722  err=0.000000  inc=-0.020133  bucket 0->0  (mf=1000)
Dropping frame 1413393929.205760
[MF-SEL] tPrev=(  d=0.106586  dMin=0.000000  dAvg=0.046048  dMax=0.391473  Dlo=0.023024  Dhi=0.218761  err=0.000000  inc=-0.020133  bucket 0->0  (mf=1000)
Dropping frame 1413393929.305761
[MF-SEL] tPrev=(  d=0.103884  dMin=0.000000  dAvg=0.046122  dMax=0.391473  Dlo=0.023061  Dhi=0.218798  err=0.000000  inc=-0.020133  bucket 0->0  (mf=1000)
[MF-SEL] tPrev=(  d=0.054867  dMin=0.000000  dAvg=0.046133  dMax=0.391473  Dlo=0.023067  Dhi=0.218803  err=0.000000  inc=-0.020133  bucket 0->0  (mf=1000)
[MF-SEL] tPrev=(  d=0.055768  dMin=0.000000  dAvg=0.046145  dMax=0.391473  Dlo=0.023073  Dhi=0.218809  err=0.000000  inc=-0.020133  bucket 0->0  (mf=1000)
[MF-SEL] tPrev=(  d=0.039760  dMin=0.000000  dAvg=0.046137  dMax=0.391473  Dlo=0.023069  Dhi=0.218805  err=0.000000  inc=-0.020133  bucket 0->0  (mf=1000)
[MF-SEL] tPrev=(  d=0.056219  dMin=0.000000  dAvg=0.046150  dMax=0.391473  Dlo=0.023075  Dhi=0.218812  err=0.000000  inc=-0.020133  bucket 0->0  (mf=1000)
Dropping frame 1413393929.605761
[MF-SEL] tPrev=(  d=0.130536  dMin=0.000000  dAvg=0.046257  dMax=0.391473  Dlo=0.023128  Dhi=0.218865  err=0.000000  inc=-0.020133  bucket 0->0  (mf=1000)
[MF-SEL] tPrev=(  d=0.058154  dMin=0.000000  dAvg=0.046272  dMax=0.391473  Dlo=0.023136  Dhi=0.218873  err=0.000000  inc=-0.020133  bucket 0->0  (mf=1000)
Dropping frame 1413393929.755760
[MF-SEL] tPrev=(  d=0.115085  dMin=0.000000  dAvg=0.046359  dMax=0.391473  Dlo=0.023179  Dhi=0.218916  err=0.000000  inc=-0.020133  bucket 0->0  (mf=1000)
[MF-SEL] tPrev=(  d=0.057580  dMin=0.000000  dAvg=0.046373  dMax=0.391473  Dlo=0.023186  Dhi=0.218923  err=0.000000  inc=-0.020133  bucket 0->0  (mf=1000)
[MF-SEL] tPrev=(  d=0.058088  dMin=0.000000  dAvg=0.046387  dMax=0.391473  Dlo=0.023194  Dhi=0.218930  err=0.000000  inc=-0.020133  bucket 0->0  (mf=1000)
[MF-SEL] tPrev=(  d=0.057262  dMin=0.000000  dAvg=0.046401  dMax=0.391473  Dlo=0.023201  Dhi=0.218937  err=0.000000  inc=-0.020133  bucket 0->0  (mf=1000)
[MF-SEL] tPrev=(  d=0.056513  dMin=0.000000  dAvg=0.046414  dMax=0.391473  Dlo=0.023207  Dhi=0.218944  err=0.000000  inc=-0.020133  bucket 0->0  (mf=1000)
[MF-SEL] tPrev=(  d=0.053328  dMin=0.000000  dAvg=0.046422  dMax=0.391473  Dlo=0.023211  Dhi=0.218948  err=0.000000  inc=-0.020133  bucket 0->0  (mf=1000)
[MF-SEL] tPrev=(  d=0.052510  dMin=0.000000  dAvg=0.046430  dMax=0.391473  Dlo=0.023215  Dhi=0.218952  err=0.000000  inc=-0.020133  bucket 0->0  (mf=1000)
[MF-SEL] tPrev=(  d=0.051081  dMin=0.000000  dAvg=0.046436  dMax=0.391473  Dlo=0.023218  Dhi=0.218955  err=0.000000  inc=-0.020133  bucket 0->0  (mf=1000)
[MF-SEL] tPrev=(  d=0.023210  dMin=0.000000  dAvg=0.046407  dMax=0.391473  Dlo=0.023203  Dhi=0.218940  err=0.000000  inc=-0.020133  bucket 0->0  (mf=1000)
[MF-SEL] tPrev=(  d=0.046122  dMin=0.000000  dAvg=0.046407  dMax=0.391473  Dlo=0.023203  Dhi=0.218940  err=0.000000  inc=-0.020133  bucket 0->0  (mf=1000)
Dropping frame 1413393930.305761
[MF-SEL] tPrev=(  d=0.089653  dMin=0.000000  dAvg=0.046460  dMax=0.391473  Dlo=0.023230  Dhi=0.218967  err=0.000000  inc=-0.020133  bucket 0->0  (mf=1000)
[MF-SEL] tPrev=(  d=0.044277  dMin=0.000000  dAvg=0.046458  dMax=0.391473  Dlo=0.023229  Dhi=0.218966  err=0.000000  inc=-0.020133  bucket 0->0  (mf=1000)
Dropping frame 1413393930.455760
[MF-SEL] tPrev=(  d=0.088928  dMin=0.000000  dAvg=0.046510  dMax=0.391473  Dlo=0.023255  Dhi=0.218992  err=0.000000  inc=-0.020133  bucket 0->0  (mf=1000)
[MF-SEL] tPrev=(  d=0.045423  dMin=0.000000  dAvg=0.046509  dMax=0.391473  Dlo=0.023255  Dhi=0.218991  err=0.000000  inc=-0.020133  bucket 0->0  (mf=1000)
[MF-SEL] tPrev=(  d=0.046971  dMin=0.000000  dAvg=0.046510  dMax=0.391473  Dlo=0.023255  Dhi=0.218992  err=0.000000  inc=-0.020133  bucket 0->0  (mf=1000)
[MF-SEL] tPrev=(  d=0.049254  dMin=0.000000  dAvg=0.046513  dMax=0.391473  Dlo=0.023257  Dhi=0.218993  err=0.000000  inc=-0.020133  bucket 0->0  (mf=1000)
[MF-SEL] tPrev=(  d=0.057178  dMin=0.000000  dAvg=0.046526  dMax=0.391473  Dlo=0.023263  Dhi=0.219000  err=0.000000  inc=-0.020133  bucket 0->0  (mf=1000)
[MF-SEL] tPrev=(  d=0.053067  dMin=0.000000  dAvg=0.046534  dMax=0.391473  Dlo=0.023267  Dhi=0.219004  err=0.000000  inc=-0.020133  bucket 0->0  (mf=1000)
[MF-SEL] tPrev=(  d=0.052844  dMin=0.000000  dAvg=0.046542  dMax=0.391473  Dlo=0.023271  Dhi=0.219008  err=0.000000  inc=-0.020133  bucket 0->0  (mf=1000)
[MF-SEL] tPrev=(  d=0.051898  dMin=0.000000  dAvg=0.046549  dMax=0.391473  Dlo=0.023274  Dhi=0.219011  err=0.000000  inc=-0.020133  bucket 0->0  (mf=1000)
[MF-SEL] tPrev=(  d=0.050448  dMin=0.000000  dAvg=0.046553  dMax=0.391473  Dlo=0.023277  Dhi=0.219013  err=0.000000  inc=-0.020133  bucket 0->0  (mf=1000)
[MF-SEL] tPrev=(  d=0.048938  dMin=0.000000  dAvg=0.046556  dMax=0.391473  Dlo=0.023278  Dhi=0.219015  err=0.000000  inc=-0.020133  bucket 0->0  (mf=1000)
Dropping frame 1413393931.005760
[MF-SEL] tPrev=(  d=0.078975  dMin=0.000000  dAvg=0.046596  dMax=0.391473  Dlo=0.023298  Dhi=0.219035  err=0.000000  inc=-0.020133  bucket 0->0  (mf=1000)
[MF-SEL] tPrev=(  d=0.042358  dMin=0.000000  dAvg=0.046591  dMax=0.391473  Dlo=0.023295  Dhi=0.219032  err=0.000000  inc=-0.020133  bucket 0->0  (mf=1000)
[MF-SEL] tPrev=(  d=0.042013  dMin=0.000000  dAvg=0.046585  dMax=0.391473  Dlo=0.023293  Dhi=0.219029  err=0.000000  inc=-0.020133  bucket 0->0  (mf=1000)
[MF-SEL] tPrev=(  d=0.041209  dMin=0.000000  dAvg=0.046579  dMax=0.391473  Dlo=0.023289  Dhi=0.219026  err=0.000000  inc=-0.020133  bucket 0->0  (mf=1000)
[MF-SEL] tPrev=(  d=0.025575  dMin=0.000000  dAvg=0.046553  dMax=0.391473  Dlo=0.023277  Dhi=0.219013  err=0.000000  inc=-0.020133  bucket 0->0  (mf=1000)
[MF-SEL] tPrev=(  d=0.039117  dMin=0.000000  dAvg=0.046544  dMax=0.391473  Dlo=0.023272  Dhi=0.219009  err=0.000000  inc=-0.020133  bucket 0->0  (mf=1000)
[MF-SEL] tPrev=(  d=0.038587  dMin=0.000000  dAvg=0.046534  dMax=0.391473  Dlo=0.023267  Dhi=0.219004  err=0.000000  inc=-0.020133  bucket 0->0  (mf=1000)
[MF-SEL] tPrev=(  d=0.069634  dMin=0.000000  dAvg=0.046563  dMax=0.391473  Dlo=0.023281  Dhi=0.219018  err=0.000000  inc=-0.020133  bucket 0->0  (mf=1000)
[MF-SEL] tPrev=(  d=0.039124  dMin=0.000000  dAvg=0.046553  dMax=0.391473  Dlo=0.023277  Dhi=0.219013  err=0.000000  inc=-0.020133  bucket 0->0  (mf=1000)
[MF-SEL] tPrev=(  d=0.039673  dMin=0.000000  dAvg=0.046545  dMax=0.391473  Dlo=0.023273  Dhi=0.219009  err=0.000000  inc=-0.020133  bucket 0->0  (mf=1000)
[MF-SEL] tPrev=(  d=0.041583  dMin=0.000000  dAvg=0.046539  dMax=0.391473  Dlo=0.023270  Dhi=0.219006  err=0.000000  inc=-0.020133  bucket 0->0  (mf=1000)
[MF-SEL] tPrev=(  d=0.042783  dMin=0.000000  dAvg=0.046535  dMax=0.391473  Dlo=0.023267  Dhi=0.219004  err=0.000000  inc=-0.020133  bucket 0->0  (mf=1000)
[MF-SEL] tPrev=(  d=0.066762  dMin=0.000000  dAvg=0.046559  dMax=0.391473  Dlo=0.023280  Dhi=0.219016  err=0.000000  inc=-0.020133  bucket 0->0  (mf=1000)
[MF-SEL] tPrev=(  d=0.044914  dMin=0.000000  dAvg=0.046557  dMax=0.391473  Dlo=0.023279  Dhi=0.219015  err=0.000000  inc=-0.020133  bucket 0->0  (mf=1000)
[MF-SEL] tPrev=(  d=0.046128  dMin=0.000000  dAvg=0.046557  dMax=0.391473  Dlo=0.023278  Dhi=0.219015  err=0.000000  inc=-0.020133  bucket 0->0  (mf=1000)
[MF-SEL] tPrev=(  d=0.060671  dMin=0.000000  dAvg=0.046574  dMax=0.391473  Dlo=0.023287  Dhi=0.219023  err=0.000000  inc=-0.020133  bucket 0->0  (mf=1000)
*Loop detected
phi = 0.008641 0.026632 0.037017
BAD LOOP!!!
[MF-SEL] tPrev=(  d=0.047875  dMin=0.000000  dAvg=0.046575  dMax=0.391473  Dlo=0.023288  Dhi=0.219024  err=0.000000  inc=-0.020133  bucket 0->0  (mf=1000)
[MF-SEL] tPrev=(  d=0.048502  dMin=0.000000  dAvg=0.046577  dMax=0.391473  Dlo=0.023289  Dhi=0.219025  err=0.000000  inc=-0.020133  bucket 0->0  (mf=1000)
[MF-SEL] tPrev=(  d=0.060117  dMin=0.000000  dAvg=0.046594  dMax=0.391473  Dlo=0.023297  Dhi=0.219034  err=0.000000  inc=-0.020133  bucket 0->0  (mf=1000)
[MF-SEL] tPrev=(  d=0.048777  dMin=0.000000  dAvg=0.046596  dMax=0.391473  Dlo=0.023298  Dhi=0.219035  err=0.000000  inc=-0.020133  bucket 0->0  (mf=1000)
[MF-SEL] tPrev=(  d=0.049099  dMin=0.000000  dAvg=0.046599  dMax=0.391473  Dlo=0.023300  Dhi=0.219036  err=0.000000  inc=-0.020133  bucket 0->0  (mf=1000)
[MF-SEL] tPrev=(  d=0.060084  dMin=0.000000  dAvg=0.046615  dMax=0.391473  Dlo=0.023308  Dhi=0.219044  err=0.000000  inc=-0.020133  bucket 0->0  (mf=1000)
[MF-SEL] tPrev=(  d=0.049776  dMin=0.000000  dAvg=0.046619  dMax=0.391473  Dlo=0.023310  Dhi=0.219046  err=0.000000  inc=-0.020133  bucket 0->0  (mf=1000)
[MF-SEL] tPrev=(  d=0.050074  dMin=0.000000  dAvg=0.046623  dMax=0.391473  Dlo=0.023312  Dhi=0.219048  err=0.000000  inc=-0.020133  bucket 0->0  (mf=1000)
[MF-SEL] tPrev=(  d=0.059072  dMin=0.000000  dAvg=0.046638  dMax=0.391473  Dlo=0.023319  Dhi=0.219056  err=0.000000  inc=-0.020133  bucket 0->0  (mf=1000)
[MF-SEL] tPrev=(  d=0.049072  dMin=0.000000  dAvg=0.046641  dMax=0.391473  Dlo=0.023321  Dhi=0.219057  err=0.000000  inc=-0.020133  bucket 0->0  (mf=1000)
[MF-SEL] tPrev=(  d=0.048058  dMin=0.000000  dAvg=0.046643  dMax=0.391473  Dlo=0.023321  Dhi=0.219058  err=0.000000  inc=-0.020133  bucket 0->0  (mf=1000)
[MF-SEL] tPrev=(  d=0.056421  dMin=0.000000  dAvg=0.046654  dMax=0.391473  Dlo=0.023327  Dhi=0.219064  err=0.000000  inc=-0.020133  bucket 0->0  (mf=1000)
[MF-SEL] tPrev=(  d=0.045408  dMin=0.000000  dAvg=0.046653  dMax=0.391473  Dlo=0.023326  Dhi=0.219063  err=0.000000  inc=-0.020133  bucket 0->0  (mf=1000)
[MF-SEL] tPrev=(  d=0.043831  dMin=0.000000  dAvg=0.046650  dMax=0.391473  Dlo=0.023325  Dhi=0.219061  err=0.000000  inc=-0.020133  bucket 0->0  (mf=1000)
[MF-SEL] tPrev=(  d=0.037011  dMin=0.000000  dAvg=0.046638  dMax=0.391473  Dlo=0.023319  Dhi=0.219056  err=0.000000  inc=-0.020133  bucket 0->0  (mf=1000)
[MF-SEL] tPrev=(  d=0.039567  dMin=0.000000  dAvg=0.046630  dMax=0.391473  Dlo=0.023315  Dhi=0.219052  err=0.000000  inc=-0.020133  bucket 0->0  (mf=1000)
[MF-SEL] tPrev=(  d=0.037574  dMin=0.000000  dAvg=0.046619  dMax=0.391473  Dlo=0.023310  Dhi=0.219046  err=0.000000  inc=-0.020133  bucket 0->0  (mf=1000)
[MF-SEL] tPrev=(  d=0.040485  dMin=0.000000  dAvg=0.046612  dMax=0.391473  Dlo=0.023306  Dhi=0.219043  err=0.000000  inc=-0.020133  bucket 0->0  (mf=1000)
[MF-SEL] tPrev=(  d=0.034026  dMin=0.000000  dAvg=0.046597  dMax=0.391473  Dlo=0.023298  Dhi=0.219035  err=0.000000  inc=-0.020133  bucket 0->0  (mf=1000)
[MF-SEL] tPrev=(  d=0.032323  dMin=0.000000  dAvg=0.046580  dMax=0.391473  Dlo=0.023290  Dhi=0.219027  err=0.000000  inc=-0.020133  bucket 0->0  (mf=1000)
[MF-SEL] tPrev=(  d=0.031036  dMin=0.000000  dAvg=0.046562  dMax=0.391473  Dlo=0.023281  Dhi=0.219018  err=0.000000  inc=-0.020133  bucket 0->0  (mf=1000)
Dropping frame 1413393932.905761
[MF-SEL] tPrev=(  d=0.057212  dMin=0.000000  dAvg=0.046574  dMax=0.391473  Dlo=0.023287  Dhi=0.219024  err=0.000000  inc=-0.020133  bucket 0->0  (mf=1000)
[MF-SEL] tPrev=(  d=0.023249  dMin=0.000000  dAvg=0.046547  dMax=0.391473  Dlo=0.023274  Dhi=0.219010  err=-1.000000  inc=-0.936253  bucket 0->0  (mf=1000)
[MF-SEL] tPrev=(  d=0.021774  dMin=0.000000  dAvg=0.046518  dMax=0.391473  Dlo=0.023259  Dhi=0.218996  err=-1.000000  inc=-0.624583  bucket 0->0  (mf=1000)
[MF-SEL] tPrev=(  d=0.021236  dMin=0.000000  dAvg=0.046489  dMax=0.391473  Dlo=0.023244  Dhi=0.218981  err=-1.000000  inc=-0.627008  bucket 0->0  (mf=1000)
[MF-SEL] tPrev=(  d=0.020123  dMin=0.000000  dAvg=0.046458  dMax=0.391473  Dlo=0.023229  Dhi=0.218966  err=-1.000000  inc=-0.629378  bucket 0->0  (mf=1000)
[MF-SEL] tPrev=(  d=0.019884  dMin=0.000000  dAvg=0.046427  dMax=0.391473  Dlo=0.023213  Dhi=0.218950  err=-1.000000  inc=-0.631760  bucket 0->0  (mf=1000)
[MF-SEL] tPrev=(  d=0.020533  dMin=0.000000  dAvg=0.046397  dMax=0.391473  Dlo=0.023198  Dhi=0.218935  err=-1.000000  inc=-0.633965  bucket 0->0  (mf=1000)
[MF-SEL] tPrev=(  d=0.021405  dMin=0.000000  dAvg=0.046367  dMax=0.391473  Dlo=0.023184  Dhi=0.218920  err=-1.000000  inc=-0.636251  bucket 0->0  (mf=1000)
Dropping frame 1413393933.355760
[MF-SEL] tPrev=(  d=0.046801  dMin=0.000000  dAvg=0.046368  dMax=0.391473  Dlo=0.023184  Dhi=0.218921  err=0.000000  inc=0.129830  bucket 0->0  (mf=1000)
Dropping frame 1413393933.455760
[MF-SEL] tPrev=(  d=0.060840  dMin=0.000000  dAvg=0.046385  dMax=0.391473  Dlo=0.023192  Dhi=0.218929  err=0.000000  inc=-0.036251  bucket 0->0  (mf=1000)
[MF-SEL] tPrev=(  d=0.032068  dMin=0.000000  dAvg=0.046368  dMax=0.391473  Dlo=0.023184  Dhi=0.218921  err=0.000000  inc=-0.036251  bucket 0->0  (mf=1000)
[MF-SEL] tPrev=(  d=0.034155  dMin=0.000000  dAvg=0.046354  dMax=0.391473  Dlo=0.023177  Dhi=0.218914  err=0.000000  inc=-0.036251  bucket 0->0  (mf=1000)
[MF-SEL] tPrev=(  d=0.035607  dMin=0.000000  dAvg=0.046342  dMax=0.391473  Dlo=0.023171  Dhi=0.218907  err=0.000000  inc=-0.036251  bucket 0->0  (mf=1000)
[MF-SEL] tPrev=(  d=0.036872  dMin=0.000000  dAvg=0.046331  dMax=0.391473  Dlo=0.023165  Dhi=0.218902  err=0.000000  inc=-0.036251  bucket 0->0  (mf=1000)
[MF-SEL] tPrev=(  d=0.039392  dMin=0.000000  dAvg=0.046323  dMax=0.391473  Dlo=0.023161  Dhi=0.218898  err=0.000000  inc=-0.036251  bucket 0->0  (mf=1000)
[MF-SEL] tPrev=(  d=0.041111  dMin=0.000000  dAvg=0.046317  dMax=0.391473  Dlo=0.023158  Dhi=0.218895  err=0.000000  inc=-0.036251  bucket 0->0  (mf=1000)
[MF-SEL] tPrev=(  d=0.045841  dMin=0.000000  dAvg=0.046316  dMax=0.391473  Dlo=0.023158  Dhi=0.218895  err=0.000000  inc=-0.036251  bucket 0->0  (mf=1000)
[MF-SEL] tPrev=(  d=0.042844  dMin=0.000000  dAvg=0.046312  dMax=0.391473  Dlo=0.023156  Dhi=0.218893  err=0.000000  inc=-0.036251  bucket 0->0  (mf=1000)
[MF-SEL] tPrev=(  d=0.042144  dMin=0.000000  dAvg=0.046307  dMax=0.391473  Dlo=0.023154  Dhi=0.218890  err=0.000000  inc=-0.036251  bucket 0->0  (mf=1000)
[MF-SEL] tPrev=(  d=0.040690  dMin=0.000000  dAvg=0.046301  dMax=0.391473  Dlo=0.023150  Dhi=0.218887  err=0.000000  inc=-0.036251  bucket 0->0  (mf=1000)
[MF-SEL] tPrev=(  d=0.044098  dMin=0.000000  dAvg=0.046298  dMax=0.391473  Dlo=0.023149  Dhi=0.218886  err=0.000000  inc=-0.036251  bucket 0->0  (mf=1000)
[MF-SEL] tPrev=(  d=0.039331  dMin=0.000000  dAvg=0.046290  dMax=0.391473  Dlo=0.023145  Dhi=0.218882  err=0.000000  inc=-0.036251  bucket 0->0  (mf=1000)
[MF-SEL] tPrev=(  d=0.039509  dMin=0.000000  dAvg=0.046283  dMax=0.391473  Dlo=0.023141  Dhi=0.218878  err=0.000000  inc=-0.036251  bucket 0->0  (mf=1000)
[MF-SEL] tPrev=(  d=0.039759  dMin=0.000000  dAvg=0.046275  dMax=0.391473  Dlo=0.023138  Dhi=0.218874  err=0.000000  inc=-0.036251  bucket 0->0  (mf=1000)
Dropping frame 1413393934.255760
[MF-SEL] tPrev=(  d=0.081505  dMin=0.000000  dAvg=0.046315  dMax=0.391473  Dlo=0.023158  Dhi=0.218894  err=0.000000  inc=-0.036251  bucket 0->0  (mf=1000)
[MF-SEL] tPrev=(  d=0.039242  dMin=0.000000  dAvg=0.046307  dMax=0.391473  Dlo=0.023154  Dhi=0.218890  err=0.000000  inc=-0.036251  bucket 0->0  (mf=1000)
[MF-SEL] tPrev=(  d=0.040659  dMin=0.000000  dAvg=0.046301  dMax=0.391473  Dlo=0.023150  Dhi=0.218887  err=0.000000  inc=-0.036251  bucket 0->0  (mf=1000)
[MF-SEL] tPrev=(  d=0.041122  dMin=0.000000  dAvg=0.046295  dMax=0.391473  Dlo=0.023147  Dhi=0.218884  err=0.000000  inc=-0.036251  bucket 0->0  (mf=1000)
[MF-SEL] tPrev=(  d=0.044098  dMin=0.000000  dAvg=0.046292  dMax=0.391473  Dlo=0.023146  Dhi=0.218883  err=0.000000  inc=-0.036251  bucket 0->0  (mf=1000)
[MF-SEL] tPrev=(  d=0.043385  dMin=0.000000  dAvg=0.046289  dMax=0.391473  Dlo=0.023145  Dhi=0.218881  err=0.000000  inc=-0.036251  bucket 0->0  (mf=1000)
[MF-SEL] tPrev=(  d=0.043916  dMin=0.000000  dAvg=0.046286  dMax=0.391473  Dlo=0.023143  Dhi=0.218880  err=0.000000  inc=-0.036251  bucket 0->0  (mf=1000)
[MF-SEL] tPrev=(  d=0.044828  dMin=0.000000  dAvg=0.046285  dMax=0.391473  Dlo=0.023142  Dhi=0.218879  err=0.000000  inc=-0.036251  bucket 0->0  (mf=1000)
[MF-SEL] tPrev=(  d=0.046093  dMin=0.000000  dAvg=0.046285  dMax=0.391473  Dlo=0.023142  Dhi=0.218879  err=0.000000  inc=-0.036251  bucket 0->0  (mf=1000)
Dropping frame 1413393934.755760
[MF-SEL] tPrev=(  d=0.095399  dMin=0.000000  dAvg=0.046340  dMax=0.391473  Dlo=0.023170  Dhi=0.218907  err=0.000000  inc=-0.036251  bucket 0->0  (mf=1000)
[MF-SEL] tPrev=(  d=0.052887  dMin=0.000000  dAvg=0.046347  dMax=0.391473  Dlo=0.023174  Dhi=0.218910  err=0.000000  inc=-0.036251  bucket 0->0  (mf=1000)
[MF-SEL] tPrev=(  d=0.053380  dMin=0.000000  dAvg=0.046355  dMax=0.391473  Dlo=0.023178  Dhi=0.218914  err=0.000000  inc=-0.036251  bucket 0->0  (mf=1000)
[MF-SEL] tPrev=(  d=0.055997  dMin=0.000000  dAvg=0.046366  dMax=0.391473  Dlo=0.023183  Dhi=0.218920  err=0.000000  inc=-0.036251  bucket 0->0  (mf=1000)
[MF-SEL] tPrev=(  d=0.058877  dMin=0.000000  dAvg=0.046380  dMax=0.391473  Dlo=0.023190  Dhi=0.218927  err=0.000000  inc=-0.036251  bucket 0->0  (mf=1000)
[MF-SEL] tPrev=(  d=0.060608  dMin=0.000000  dAvg=0.046396  dMax=0.391473  Dlo=0.023198  Dhi=0.218935  err=0.000000  inc=-0.036251  bucket 0->0  (mf=1000)
[MF-SEL] tPrev=(  d=0.058087  dMin=0.000000  dAvg=0.046409  dMax=0.391473  Dlo=0.023205  Dhi=0.218941  err=0.000000  inc=-0.036251  bucket 0->0  (mf=1000)
[MF-SEL] tPrev=(  d=0.057741  dMin=0.000000  dAvg=0.046422  dMax=0.391473  Dlo=0.023211  Dhi=0.218948  err=0.000000  inc=-0.036251  bucket 0->0  (mf=1000)
[MF-SEL] tPrev=(  d=0.053604  dMin=0.000000  dAvg=0.046430  dMax=0.391473  Dlo=0.023215  Dhi=0.218952  err=0.000000  inc=-0.036251  bucket 0->0  (mf=1000)
[MF-SEL] tPrev=(  d=0.052604  dMin=0.000000  dAvg=0.046437  dMax=0.391473  Dlo=0.023219  Dhi=0.218955  err=0.000000  inc=-0.036251  bucket 0->0  (mf=1000)
[MF-SEL] tPrev=(  d=0.044359  dMin=0.000000  dAvg=0.046435  dMax=0.391473  Dlo=0.023217  Dhi=0.218954  err=0.000000  inc=-0.036251  bucket 0->0  (mf=1000)
[MF-SEL] tPrev=(  d=0.039875  dMin=0.000000  dAvg=0.046427  dMax=0.391473  Dlo=0.023214  Dhi=0.218950  err=0.000000  inc=-0.036251  bucket 0->0  (mf=1000)
[MF-SEL] tPrev=(  d=0.036250  dMin=0.000000  dAvg=0.046416  dMax=0.391473  Dlo=0.023208  Dhi=0.218945  err=0.000000  inc=-0.036251  bucket 0->0  (mf=1000)
[MF-SEL] tPrev=(  d=0.034684  dMin=0.000000  dAvg=0.046403  dMax=0.391473  Dlo=0.023201  Dhi=0.218938  err=0.000000  inc=-0.036251  bucket 0->0  (mf=1000)
Dropping frame 1413393935.505760
[MF-SEL] tPrev=(  d=0.057495  dMin=0.000000  dAvg=0.046415  dMax=0.391473  Dlo=0.023208  Dhi=0.218944  err=0.000000  inc=-0.036251  bucket 0->0  (mf=1000)
[MF-SEL] tPrev=(  d=0.025705  dMin=0.000000  dAvg=0.046392  dMax=0.391473  Dlo=0.023196  Dhi=0.218933  err=0.000000  inc=-0.036251  bucket 0->0  (mf=1000)
[MF-SEL] tPrev=(  d=0.023330  dMin=0.000000  dAvg=0.046367  dMax=0.391473  Dlo=0.023183  Dhi=0.218920  err=0.000000  inc=-0.036251  bucket 0->0  (mf=1000)
[MF-SEL] tPrev=(  d=0.020758  dMin=0.000000  dAvg=0.046338  dMax=0.391473  Dlo=0.023169  Dhi=0.218906  err=-1.000000  inc=-1.002242  bucket 0->0  (mf=1000)
[MF-SEL] tPrev=(  d=0.017291  dMin=0.000000  dAvg=0.046306  dMax=0.391473  Dlo=0.023153  Dhi=0.218890  err=-1.000000  inc=-0.640705  bucket 0->0  (mf=1000)
[MF-SEL] tPrev=(  d=0.013794  dMin=0.000000  dAvg=0.046270  dMax=0.391473  Dlo=0.023135  Dhi=0.218872  err=-1.000000  inc=-0.643111  bucket 0->0  (mf=1000)
[MF-SEL] tPrev=(  d=0.018145  dMin=0.000000  dAvg=0.046239  dMax=0.391473  Dlo=0.023120  Dhi=0.218856  err=-1.000000  inc=-0.645145  bucket 0->0  (mf=1000)
[MF-SEL] tPrev=(  d=0.007907  dMin=0.000000  dAvg=0.046197  dMax=0.391473  Dlo=0.023098  Dhi=0.218835  err=-1.000000  inc=-0.647661  bucket 0->0  (mf=1000)
[MF-SEL] tPrev=(  d=0.011595  dMin=0.000000  dAvg=0.046159  dMax=0.391473  Dlo=0.023079  Dhi=0.218816  err=-1.000000  inc=-0.650152  bucket 0->0  (mf=1000)
[MF-SEL] tPrev=(  d=0.016109  dMin=0.000000  dAvg=0.046126  dMax=0.391473  Dlo=0.023063  Dhi=0.218799  err=-1.000000  inc=-0.652428  bucket 0->0  (mf=1000)
[MF-SEL] tPrev=(  d=0.019768  dMin=0.000000  dAvg=0.046097  dMax=0.391473  Dlo=0.023048  Dhi=0.218785  err=-1.000000  inc=-0.654592  bucket 0->0  (mf=1000)
[MF-SEL] tPrev=(  d=0.023424  dMin=0.000000  dAvg=0.046072  dMax=0.391473  Dlo=0.023036  Dhi=0.218773  err=0.000000  inc=0.281479  bucket 0->0  (mf=1000)
[MF-SEL] tPrev=(  d=0.021016  dMin=0.000000  dAvg=0.046044  dMax=0.391473  Dlo=0.023022  Dhi=0.218759  err=-1.000000  inc=-1.024330  bucket 0->0  (mf=1000)
[MF-SEL] tPrev=(  d=0.028144  dMin=0.000000  dAvg=0.046025  dMax=0.391473  Dlo=0.023012  Dhi=0.218749  err=0.000000  inc=0.277016  bucket 0->0  (mf=1000)
[MF-SEL] tPrev=(  d=0.029077  dMin=0.000000  dAvg=0.046006  dMax=0.391473  Dlo=0.023003  Dhi=0.218740  err=0.000000  inc=-0.056768  bucket 0->0  (mf=1000)
[MF-SEL] tPrev=(  d=0.030386  dMin=0.000000  dAvg=0.045989  dMax=0.391473  Dlo=0.022994  Dhi=0.218731  err=0.000000  inc=-0.056768  bucket 0->0  (mf=1000)
[MF-SEL] tPrev=(  d=0.030224  dMin=0.000000  dAvg=0.045972  dMax=0.391473  Dlo=0.022986  Dhi=0.218723  err=0.000000  inc=-0.056768  bucket 0->0  (mf=1000)
Dropping frame 1413393936.405761
[MF-SEL] tPrev=(  d=0.060111  dMin=0.000000  dAvg=0.045987  dMax=0.391473  Dlo=0.022994  Dhi=0.218730  err=0.000000  inc=-0.056768  bucket 0->0  (mf=1000)
[MF-SEL] tPrev=(  d=0.031379  dMin=0.000000  dAvg=0.045971  dMax=0.391473  Dlo=0.022986  Dhi=0.218722  err=0.000000  inc=-0.056768  bucket 0->0  (mf=1000)
Dropping frame 1413393936.555760
[MF-SEL] tPrev=(  d=0.062611  dMin=0.000000  dAvg=0.045989  dMax=0.391473  Dlo=0.022995  Dhi=0.218731  err=0.000000  inc=-0.056768  bucket 0->0  (mf=1000)
[MF-SEL] tPrev=(  d=0.032135  dMin=0.000000  dAvg=0.045974  dMax=0.391473  Dlo=0.022987  Dhi=0.218724  err=0.000000  inc=-0.056768  bucket 0->0  (mf=1000)
[MF-SEL] tPrev=(  d=0.032330  dMin=0.000000  dAvg=0.045959  dMax=0.391473  Dlo=0.022980  Dhi=0.218716  err=0.000000  inc=-0.056768  bucket 0->0  (mf=1000)
[MF-SEL] tPrev=(  d=0.029802  dMin=0.000000  dAvg=0.045942  dMax=0.391473  Dlo=0.022971  Dhi=0.218708  err=0.000000  inc=-0.056768  bucket 0->0  (mf=1000)
[MF-SEL] tPrev=(  d=0.030582  dMin=0.000000  dAvg=0.045925  dMax=0.391473  Dlo=0.022963  Dhi=0.218699  err=0.000000  inc=-0.056768  bucket 0->0  (mf=1000)
[MF-SEL] tPrev=(  d=0.029426  dMin=0.000000  dAvg=0.045907  dMax=0.391473  Dlo=0.022954  Dhi=0.218690  err=0.000000  inc=-0.056768  bucket 0->0  (mf=1000)
[MF-SEL] tPrev=(  d=0.027518  dMin=0.000000  dAvg=0.045887  dMax=0.391473  Dlo=0.022944  Dhi=0.218680  err=0.000000  inc=-0.056768  bucket 0->0  (mf=1000)
[MF-SEL] tPrev=(  d=0.026823  dMin=0.000000  dAvg=0.045867  dMax=0.391473  Dlo=0.022933  Dhi=0.218670  err=0.000000  inc=-0.056768  bucket 0->0  (mf=1000)
[MF-SEL] tPrev=(  d=0.025575  dMin=0.000000  dAvg=0.045845  dMax=0.391473  Dlo=0.022922  Dhi=0.218659  err=0.000000  inc=-0.056768  bucket 0->0  (mf=1000)
[MF-SEL] tPrev=(  d=0.025918  dMin=0.000000  dAvg=0.045823  dMax=0.391473  Dlo=0.022912  Dhi=0.218648  err=0.000000  inc=-0.056768  bucket 0->0  (mf=1000)
[MF-SEL] tPrev=(  d=0.022656  dMin=0.000000  dAvg=0.045798  dMax=0.391473  Dlo=0.022899  Dhi=0.218636  err=-1.000000  inc=-0.987697  bucket 0->0  (mf=1000)
[MF-SEL] tPrev=(  d=0.021691  dMin=0.000000  dAvg=0.045772  dMax=0.391473  Dlo=0.022886  Dhi=0.218623  err=-1.000000  inc=-0.661602  bucket 0->0  (mf=1000)
[MF-SEL] tPrev=(  d=0.021210  dMin=0.000000  dAvg=0.045746  dMax=0.391473  Dlo=0.022873  Dhi=0.218610  err=-1.000000  inc=-0.663602  bucket 0->0  (mf=1000)
[MF-SEL] tPrev=(  d=0.021158  dMin=0.000000  dAvg=0.045720  dMax=0.391473  Dlo=0.022860  Dhi=0.218597  err=-1.000000  inc=-0.665878  bucket 0->0  (mf=1000)
[MF-SEL] tPrev=(  d=0.021660  dMin=0.000000  dAvg=0.045694  dMax=0.391473  Dlo=0.022847  Dhi=0.218584  err=-1.000000  inc=-0.668412  bucket 0->0  (mf=1000)
[MF-SEL] tPrev=(  d=0.023083  dMin=0.000000  dAvg=0.045670  dMax=0.391473  Dlo=0.022835  Dhi=0.218571  err=0.000000  inc=0.253874  bucket 0->0  (mf=1000)
[MF-SEL] tPrev=(  d=0.024533  dMin=0.000000  dAvg=0.045647  dMax=0.391473  Dlo=0.022823  Dhi=0.218560  err=0.000000  inc=-0.068412  bucket 0->0  (mf=1000)
[MF-SEL] tPrev=(  d=0.026957  dMin=0.000000  dAvg=0.045627  dMax=0.391473  Dlo=0.022813  Dhi=0.218550  err=0.000000  inc=-0.068412  bucket 0->0  (mf=1000)
[MF-SEL] tPrev=(  d=0.022984  dMin=0.000000  dAvg=0.045603  dMax=0.391473  Dlo=0.022801  Dhi=0.218538  err=0.000000  inc=-0.068412  bucket 0->0  (mf=1000)
[MF-SEL] tPrev=(  d=0.021519  dMin=0.000000  dAvg=0.045577  dMax=0.391473  Dlo=0.022789  Dhi=0.218525  err=-1.000000  inc=-0.993327  bucket 0->0  (mf=1000)
[MF-SEL] tPrev=(  d=0.019928  dMin=0.000000  dAvg=0.045550  dMax=0.391473  Dlo=0.022775  Dhi=0.218512  err=-1.000000  inc=-0.673182  bucket 0->0  (mf=1000)
[MF-SEL] tPrev=(  d=0.019591  dMin=0.000000  dAvg=0.045522  dMax=0.391473  Dlo=0.022761  Dhi=0.218498  err=-1.000000  inc=-0.675421  bucket 0->0  (mf=1000)
[MF-SEL] tPrev=(  d=0.020324  dMin=0.000000  dAvg=0.045495  dMax=0.391473  Dlo=0.022748  Dhi=0.218484  err=-1.000000  inc=-0.677718  bucket 0->0  (mf=1000)
[MF-SEL] tPrev=(  d=0.022576  dMin=0.000000  dAvg=0.045471  dMax=0.391473  Dlo=0.022735  Dhi=0.218472  err=-1.000000  inc=-0.679942  bucket 0->0  (mf=1000)
[MF-SEL] tPrev=(  d=0.018872  dMin=0.000000  dAvg=0.045443  dMax=0.391473  Dlo=0.022721  Dhi=0.218458  err=-1.000000  inc=-0.682517  bucket 0->0  (mf=1000)
[MF-SEL] tPrev=(  d=0.016959  dMin=0.000000  dAvg=0.045412  dMax=0.391473  Dlo=0.022706  Dhi=0.218443  err=-1.000000  inc=-0.684846  bucket 0->0  (mf=1000)
[MF-SEL] tPrev=(  d=0.014561  dMin=0.000000  dAvg=0.045380  dMax=0.391473  Dlo=0.022690  Dhi=0.218427  err=-1.000000  inc=-0.687241  bucket 0->0  (mf=1000)
[MF-SEL] tPrev=(  d=0.013307  dMin=0.000000  dAvg=0.045346  dMax=0.391473  Dlo=0.022673  Dhi=0.218410  err=-1.000000  inc=-0.689371  bucket 0->0  (mf=1000)
[MF-SEL] tPrev=(  d=0.011716  dMin=0.000000  dAvg=0.045310  dMax=0.391473  Dlo=0.022655  Dhi=0.218392  err=-1.000000  inc=-0.691737  bucket 0->0  (mf=1000)
[MF-SEL] tPrev=(  d=0.011019  dMin=0.000000  dAvg=0.045274  dMax=0.391473  Dlo=0.022637  Dhi=0.218374  err=-1.000000  inc=-0.693936  bucket 0->0  (mf=1000)
[MF-SEL] tPrev=(  d=0.014033  dMin=0.000000  dAvg=0.045241  dMax=0.391473  Dlo=0.022621  Dhi=0.218357  err=-1.000000  inc=-0.696222  bucket 0->0  (mf=1000)
[MF-SEL] tPrev=(  d=0.009818  dMin=0.000000  dAvg=0.045204  dMax=0.391473  Dlo=0.022602  Dhi=0.218339  err=-1.000000  inc=-0.698592  bucket 0->0  (mf=1000)
[MF-SEL] tPrev=(  d=0.011363  dMin=0.000000  dAvg=0.045168  dMax=0.391473  Dlo=0.022584  Dhi=0.218321  err=-1.000000  inc=-0.701062  bucket 0->0  (mf=1000)
[MF-SEL] tPrev=(  d=0.014262  dMin=0.000000  dAvg=0.045136  dMax=0.391473  Dlo=0.022568  Dhi=0.218305  err=-1.000000  inc=-0.703200  bucket 0->0  (mf=1000)
[MF-SEL] tPrev=(  d=0.018473  dMin=0.000000  dAvg=0.045108  dMax=0.391473  Dlo=0.022554  Dhi=0.218291  err=-1.000000  inc=-0.705732  bucket 0->0  (mf=1000)
[MF-SEL] tPrev=(  d=0.023226  dMin=0.000000  dAvg=0.045085  dMax=0.391473  Dlo=0.022542  Dhi=0.218279  err=0.000000  inc=0.283182  bucket 0->0  (mf=1000)
[MF-SEL] tPrev=(  d=0.027754  dMin=0.000000  dAvg=0.045067  dMax=0.391473  Dlo=0.022533  Dhi=0.218270  err=0.000000  inc=-0.105732  bucket 0->0  (mf=1000)
[MF-SEL] tPrev=(  d=0.032294  dMin=0.000000  dAvg=0.045053  dMax=0.391473  Dlo=0.022527  Dhi=0.218263  err=0.000000  inc=-0.105732  bucket 0->0  (mf=1000)
[MF-SEL] tPrev=(  d=0.034688  dMin=0.000000  dAvg=0.045042  dMax=0.391473  Dlo=0.022521  Dhi=0.218258  err=0.000000  inc=-0.105732  bucket 0->0  (mf=1000)
[MF-SEL] tPrev=(  d=0.036384  dMin=0.000000  dAvg=0.045033  dMax=0.391473  Dlo=0.022517  Dhi=0.218253  err=0.000000  inc=-0.105732  bucket 0->0  (mf=1000)
[MF-SEL] tPrev=(  d=0.040375  dMin=0.000000  dAvg=0.045028  dMax=0.391473  Dlo=0.022514  Dhi=0.218251  err=0.000000  inc=-0.105732  bucket 0->0  (mf=1000)
[MF-SEL] tPrev=(  d=0.037257  dMin=0.000000  dAvg=0.045020  dMax=0.391473  Dlo=0.022510  Dhi=0.218247  err=0.000000  inc=-0.105732  bucket 0->0  (mf=1000)
[MF-SEL] tPrev=(  d=0.037235  dMin=0.000000  dAvg=0.045012  dMax=0.391473  Dlo=0.022506  Dhi=0.218243  err=0.000000  inc=-0.105732  bucket 0->0  (mf=1000)
[MF-SEL] tPrev=(  d=0.037360  dMin=0.000000  dAvg=0.045004  dMax=0.391473  Dlo=0.022502  Dhi=0.218239  err=0.000000  inc=-0.105732  bucket 0->0  (mf=1000)
[MF-SEL] tPrev=(  d=0.039074  dMin=0.000000  dAvg=0.044998  dMax=0.391473  Dlo=0.022499  Dhi=0.218236  err=0.000000  inc=-0.105732  bucket 0->0  (mf=1000)
[MF-SEL] tPrev=(  d=0.037656  dMin=0.000000  dAvg=0.044990  dMax=0.391473  Dlo=0.022495  Dhi=0.218232  err=0.000000  inc=-0.105732  bucket 0->0  (mf=1000)
[MF-SEL] tPrev=(  d=0.037691  dMin=0.000000  dAvg=0.044983  dMax=0.391473  Dlo=0.022491  Dhi=0.218228  err=0.000000  inc=-0.105732  bucket 0->0  (mf=1000)
[MF-SEL] tPrev=(  d=0.037784  dMin=0.000000  dAvg=0.044975  dMax=0.391473  Dlo=0.022488  Dhi=0.218224  err=0.000000  inc=-0.105732  bucket 0->0  (mf=1000)
[MF-SEL] tPrev=(  d=0.036993  dMin=0.000000  dAvg=0.044967  dMax=0.391473  Dlo=0.022484  Dhi=0.218220  err=0.000000  inc=-0.105732  bucket 0->0  (mf=1000)
Dropping frame 1413393939.055760
[MF-SEL] tPrev=(  d=0.079733  dMin=0.000000  dAvg=0.045003  dMax=0.391473  Dlo=0.022502  Dhi=0.218238  err=0.000000  inc=-0.105732  bucket 0->0  (mf=1000)
[MF-SEL] tPrev=(  d=0.041889  dMin=0.000000  dAvg=0.045000  dMax=0.391473  Dlo=0.022500  Dhi=0.218237  err=0.000000  inc=-0.105732  bucket 0->0  (mf=1000)
[MF-SEL] tPrev=(  d=0.042877  dMin=0.000000  dAvg=0.044998  dMax=0.391473  Dlo=0.022499  Dhi=0.218236  err=0.000000  inc=-0.105732  bucket 0->0  (mf=1000)
[MF-SEL] tPrev=(  d=0.045165  dMin=0.000000  dAvg=0.044998  dMax=0.391473  Dlo=0.022499  Dhi=0.218236  err=0.000000  inc=-0.105732  bucket 0->0  (mf=1000)
[MF-SEL] tPrev=(  d=0.046291  dMin=0.000000  dAvg=0.044999  dMax=0.391473  Dlo=0.022500  Dhi=0.218236  err=0.000000  inc=-0.105732  bucket 0->0  (mf=1000)
[MF-SEL] tPrev=(  d=0.048206  dMin=0.000000  dAvg=0.045003  dMax=0.391473  Dlo=0.022501  Dhi=0.218238  err=0.000000  inc=-0.105732  bucket 0->0  (mf=1000)
[MF-SEL] tPrev=(  d=0.049033  dMin=0.000000  dAvg=0.045007  dMax=0.391473  Dlo=0.022503  Dhi=0.218240  err=0.000000  inc=-0.105732  bucket 0->0  (mf=1000)
[MF-SEL] tPrev=(  d=0.049377  dMin=0.000000  dAvg=0.045011  dMax=0.391473  Dlo=0.022506  Dhi=0.218242  err=0.000000  inc=-0.105732  bucket 0->0  (mf=1000)
[MF-SEL] tPrev=(  d=0.046709  dMin=0.000000  dAvg=0.045013  dMax=0.391473  Dlo=0.022506  Dhi=0.218243  err=0.000000  inc=-0.105732  bucket 0->0  (mf=1000)
[MF-SEL] tPrev=(  d=0.043451  dMin=0.000000  dAvg=0.045011  dMax=0.391473  Dlo=0.022506  Dhi=0.218242  err=0.000000  inc=-0.105732  bucket 0->0  (mf=1000)
[MF-SEL] tPrev=(  d=0.039230  dMin=0.000000  dAvg=0.045005  dMax=0.391473  Dlo=0.022503  Dhi=0.218239  err=0.000000  inc=-0.105732  bucket 0->0  (mf=1000)
Dropping frame 1413393939.655760
[MF-SEL] tPrev=(  d=0.056870  dMin=0.000000  dAvg=0.045018  dMax=0.391473  Dlo=0.022509  Dhi=0.218245  err=0.000000  inc=-0.105732  bucket 0->0  (mf=1000)
Dropping frame 1413393939.755760
[MF-SEL] tPrev=(  d=0.047481  dMin=0.000000  dAvg=0.045020  dMax=0.391473  Dlo=0.022510  Dhi=0.218247  err=0.000000  inc=-0.105732  bucket 0->0  (mf=1000)
[MF-SEL] tPrev=(  d=0.026789  dMin=0.000000  dAvg=0.045001  dMax=0.391473  Dlo=0.022501  Dhi=0.218237  err=0.000000  inc=-0.105732  bucket 0->0  (mf=1000)
[MF-SEL] tPrev=(  d=0.023117  dMin=0.000000  dAvg=0.044979  dMax=0.391473  Dlo=0.022490  Dhi=0.218226  err=0.000000  inc=-0.105732  bucket 0->0  (mf=1000)
[MF-SEL] tPrev=(  d=0.030925  dMin=0.000000  dAvg=0.044965  dMax=0.391473  Dlo=0.022482  Dhi=0.218219  err=0.000000  inc=-0.105732  bucket 0->0  (mf=1000)
[MF-SEL] tPrev=(  d=0.031105  dMin=0.000000  dAvg=0.044951  dMax=0.391473  Dlo=0.022475  Dhi=0.218212  err=0.000000  inc=-0.105732  bucket 0->0  (mf=1000)
[MF-SEL] tPrev=(  d=0.049617  dMin=0.000000  dAvg=0.044955  dMax=0.391473  Dlo=0.022478  Dhi=0.218214  err=0.000000  inc=-0.105732  bucket 0->0  (mf=1000)
[MF-SEL] tPrev=(  d=0.025801  dMin=0.000000  dAvg=0.044936  dMax=0.391473  Dlo=0.022468  Dhi=0.218205  err=0.000000  inc=-0.105732  bucket 0->0  (mf=1000)
[MF-SEL] tPrev=(  d=0.020322  dMin=0.000000  dAvg=0.044911  dMax=0.391473  Dlo=0.022456  Dhi=0.218192  err=-1.000000  inc=-1.077227  bucket 0->0  (mf=1000)
[MF-SEL] tPrev=(  d=0.014473  dMin=0.000000  dAvg=0.044880  dMax=0.391473  Dlo=0.022440  Dhi=0.218177  err=-1.000000  inc=-0.709927  bucket 0->0  (mf=1000)
[MF-SEL] tPrev=(  d=0.012807  dMin=0.000000  dAvg=0.044848  dMax=0.391473  Dlo=0.022424  Dhi=0.218161  err=-1.000000  inc=-0.712233  bucket 0->0  (mf=1000)
[MF-SEL] tPrev=(  d=0.025578  dMin=0.000000  dAvg=0.044828  dMax=0.391473  Dlo=0.022414  Dhi=0.218151  err=0.000000  inc=0.273861  bucket 0->0  (mf=1000)
Dropping frame 1413393940.355760
[MF-SEL] tPrev=(  d=0.052589  dMin=0.000000  dAvg=0.044836  dMax=0.391473  Dlo=0.022418  Dhi=0.218155  err=0.000000  inc=-0.112233  bucket 0->0  (mf=1000)
Dropping frame 1413393940.455760
[MF-SEL] tPrev=(  d=0.053639  dMin=0.000000  dAvg=0.044845  dMax=0.391473  Dlo=0.022422  Dhi=0.218159  err=0.000000  inc=-0.112233  bucket 0->0  (mf=1000)
[MF-SEL] tPrev=(  d=0.035192  dMin=0.000000  dAvg=0.044835  dMax=0.391473  Dlo=0.022418  Dhi=0.218154  err=0.000000  inc=-0.112233  bucket 0->0  (mf=1000)
[MF-SEL] tPrev=(  d=0.025938  dMin=0.000000  dAvg=0.044816  dMax=0.391473  Dlo=0.022408  Dhi=0.218145  err=0.000000  inc=-0.112233  bucket 0->0  (mf=1000)
[MF-SEL] tPrev=(  d=0.021570  dMin=0.000000  dAvg=0.044793  dMax=0.391473  Dlo=0.022396  Dhi=0.218133  err=-1.000000  inc=-1.093326  bucket 0->0  (mf=1000)
Dropping frame 1413393940.705760
[MF-SEL] tPrev=(  d=0.048289  dMin=0.000000  dAvg=0.044796  dMax=0.391473  Dlo=0.022398  Dhi=0.218135  err=0.000000  inc=0.052244  bucket 0->0  (mf=1000)
[MF-SEL] tPrev=(  d=0.013233  dMin=0.000000  dAvg=0.044765  dMax=0.391473  Dlo=0.022382  Dhi=0.218119  err=-1.000000  inc=-1.039234  bucket 0->0  (mf=1000)
[MF-SEL] tPrev=(  d=0.018768  dMin=0.000000  dAvg=0.044739  dMax=0.391473  Dlo=0.022369  Dhi=0.218106  err=-1.000000  inc=-0.718784  bucket 0->0  (mf=1000)
[MF-SEL] tPrev=(  d=0.034546  dMin=0.000000  dAvg=0.044728  dMax=0.391473  Dlo=0.022364  Dhi=0.218101  err=0.000000  inc=0.274442  bucket 0->0  (mf=1000)
Dropping frame 1413393940.955760
[MF-SEL] tPrev=(  d=0.060934  dMin=0.000000  dAvg=0.044745  dMax=0.391473  Dlo=0.022372  Dhi=0.218109  err=0.000000  inc=-0.118784  bucket 0->0  (mf=1000)
[MF-SEL] tPrev=(  d=0.037882  dMin=0.000000  dAvg=0.044738  dMax=0.391473  Dlo=0.022369  Dhi=0.218106  err=0.000000  inc=-0.118784  bucket 0->0  (mf=1000)
[MF-SEL] tPrev=(  d=0.039341  dMin=0.000000  dAvg=0.044732  dMax=0.391473  Dlo=0.022366  Dhi=0.218103  err=0.000000  inc=-0.118784  bucket 0->0  (mf=1000)
[MF-SEL] tPrev=(  d=0.049170  dMin=0.000000  dAvg=0.044737  dMax=0.391473  Dlo=0.022368  Dhi=0.218105  err=0.000000  inc=-0.118784  bucket 0->0  (mf=1000)
[MF-SEL] tPrev=(  d=0.056990  dMin=0.000000  dAvg=0.044749  dMax=0.391473  Dlo=0.022374  Dhi=0.218111  err=0.000000  inc=-0.118784  bucket 0->0  (mf=1000)
[MF-SEL] tPrev=(  d=0.036036  dMin=0.000000  dAvg=0.044740  dMax=0.391473  Dlo=0.022370  Dhi=0.218107  err=0.000000  inc=-0.118784  bucket 0->0  (mf=1000)
[MF-SEL] tPrev=(  d=0.034392  dMin=0.000000  dAvg=0.044730  dMax=0.391473  Dlo=0.022365  Dhi=0.218102  err=0.000000  inc=-0.118784  bucket 0->0  (mf=1000)
Dropping frame 1413393941.355760
[MF-SEL] tPrev=(  d=0.092280  dMin=0.000000  dAvg=0.044777  dMax=0.391473  Dlo=0.022389  Dhi=0.218125  err=0.000000  inc=-0.118784  bucket 0->0  (mf=1000)
[MF-SEL] tPrev=(  d=0.038072  dMin=0.000000  dAvg=0.044771  dMax=0.391473  Dlo=0.022385  Dhi=0.218122  err=0.000000  inc=-0.118784  bucket 0->0  (mf=1000)
[MF-SEL] tPrev=(  d=0.039317  dMin=0.000000  dAvg=0.044765  dMax=0.391473  Dlo=0.022383  Dhi=0.218119  err=0.000000  inc=-0.118784  bucket 0->0  (mf=1000)
[MF-SEL] tPrev=(  d=0.040253  dMin=0.000000  dAvg=0.044761  dMax=0.391473  Dlo=0.022380  Dhi=0.218117  err=0.000000  inc=-0.118784  bucket 0->0  (mf=1000)
[MF-SEL] tPrev=(  d=0.040422  dMin=0.000000  dAvg=0.044756  dMax=0.391473  Dlo=0.022378  Dhi=0.218115  err=0.000000  inc=-0.118784  bucket 0->0  (mf=1000)
[MF-SEL] tPrev=(  d=0.053829  dMin=0.000000  dAvg=0.044765  dMax=0.391473  Dlo=0.022383  Dhi=0.218119  err=0.000000  inc=-0.118784  bucket 0->0  (mf=1000)
[MF-SEL] tPrev=(  d=0.040176  dMin=0.000000  dAvg=0.044761  dMax=0.391473  Dlo=0.022380  Dhi=0.218117  err=0.000000  inc=-0.118784  bucket 0->0  (mf=1000)
[MF-SEL] tPrev=(  d=0.040446  dMin=0.000000  dAvg=0.044757  dMax=0.391473  Dlo=0.022378  Dhi=0.218115  err=0.000000  inc=-0.118784  bucket 0->0  (mf=1000)
[MF-SEL] tPrev=(  d=0.046501  dMin=0.000000  dAvg=0.044758  dMax=0.391473  Dlo=0.022379  Dhi=0.218116  err=0.000000  inc=-0.118784  bucket 0->0  (mf=1000)
Dropping frame 1413393941.855760
[MF-SEL] tPrev=(  d=0.090127  dMin=0.000000  dAvg=0.044803  dMax=0.391473  Dlo=0.022402  Dhi=0.218138  err=0.000000  inc=-0.118784  bucket 0->0  (mf=1000)
[MF-SEL] tPrev=(  d=0.050140  dMin=0.000000  dAvg=0.044808  dMax=0.391473  Dlo=0.022404  Dhi=0.218141  err=0.000000  inc=-0.118784  bucket 0->0  (mf=1000)
[MF-SEL] tPrev=(  d=0.052733  dMin=0.000000  dAvg=0.044816  dMax=0.391473  Dlo=0.022408  Dhi=0.218145  err=0.000000  inc=-0.118784  bucket 0->0  (mf=1000)
[MF-SEL] tPrev=(  d=0.054643  dMin=0.000000  dAvg=0.044826  dMax=0.391473  Dlo=0.022413  Dhi=0.218150  err=0.000000  inc=-0.118784  bucket 0->0  (mf=1000)
[MF-SEL] tPrev=(  d=0.052734  dMin=0.000000  dAvg=0.044833  dMax=0.391473  Dlo=0.022417  Dhi=0.218153  err=0.000000  inc=-0.118784  bucket 0->0  (mf=1000)
[MF-SEL] tPrev=(  d=0.052727  dMin=0.000000  dAvg=0.044841  dMax=0.391473  Dlo=0.022421  Dhi=0.218157  err=0.000000  inc=-0.118784  bucket 0->0  (mf=1000)
[MF-SEL] tPrev=(  d=0.050033  dMin=0.000000  dAvg=0.044846  dMax=0.391473  Dlo=0.022423  Dhi=0.218160  err=0.000000  inc=-0.118784  bucket 0->0  (mf=1000)
[MF-SEL] tPrev=(  d=0.046653  dMin=0.000000  dAvg=0.044848  dMax=0.391473  Dlo=0.022424  Dhi=0.218161  err=0.000000  inc=-0.118784  bucket 0->0  (mf=1000)
[MF-SEL] tPrev=(  d=0.047474  dMin=0.000000  dAvg=0.044851  dMax=0.391473  Dlo=0.022425  Dhi=0.218162  err=0.000000  inc=-0.118784  bucket 0->0  (mf=1000)
[MF-SEL] tPrev=(  d=0.039594  dMin=0.000000  dAvg=0.044846  dMax=0.391473  Dlo=0.022423  Dhi=0.218159  err=0.000000  inc=-0.118784  bucket 0->0  (mf=1000)
[MF-SEL] tPrev=(  d=0.036341  dMin=0.000000  dAvg=0.044837  dMax=0.391473  Dlo=0.022419  Dhi=0.218155  err=0.000000  inc=-0.118784  bucket 0->0  (mf=1000)
[MF-SEL] tPrev=(  d=0.035880  dMin=0.000000  dAvg=0.044828  dMax=0.391473  Dlo=0.022414  Dhi=0.218151  err=0.000000  inc=-0.118784  bucket 0->0  (mf=1000)
[MF-SEL] tPrev=(  d=0.033254  dMin=0.000000  dAvg=0.044817  dMax=0.391473  Dlo=0.022409  Dhi=0.218145  err=0.000000  inc=-0.118784  bucket 0->0  (mf=1000)
[MF-SEL] tPrev=(  d=0.032865  dMin=0.000000  dAvg=0.044806  dMax=0.391473  Dlo=0.022403  Dhi=0.218139  err=0.000000  inc=-0.118784  bucket 0->0  (mf=1000)
[MF-SEL] tPrev=(  d=0.032879  dMin=0.000000  dAvg=0.044794  dMax=0.391473  Dlo=0.022397  Dhi=0.218134  err=0.000000  inc=-0.118784  bucket 0->0  (mf=1000)
Dropping frame 1413393942.655760
[MF-SEL] tPrev=(  d=0.063999  dMin=0.000000  dAvg=0.044813  dMax=0.391473  Dlo=0.022406  Dhi=0.218143  err=0.000000  inc=-0.118784  bucket 0->0  (mf=1000)
[MF-SEL] tPrev=(  d=0.029407  dMin=0.000000  dAvg=0.044798  dMax=0.391473  Dlo=0.022399  Dhi=0.218136  err=0.000000  inc=-0.118784  bucket 0->0  (mf=1000)
[MF-SEL] tPrev=(  d=0.030926  dMin=0.000000  dAvg=0.044784  dMax=0.391473  Dlo=0.022392  Dhi=0.218129  err=0.000000  inc=-0.118784  bucket 0->0  (mf=1000)
[MF-SEL] tPrev=(  d=0.026125  dMin=0.000000  dAvg=0.044766  dMax=0.391473  Dlo=0.022383  Dhi=0.218120  err=0.000000  inc=-0.118784  bucket 0->0  (mf=1000)
[MF-SEL] tPrev=(  d=0.024480  dMin=0.000000  dAvg=0.044747  dMax=0.391473  Dlo=0.022373  Dhi=0.218110  err=0.000000  inc=-0.118784  bucket 0->0  (mf=1000)
[MF-SEL] tPrev=(  d=0.021118  dMin=0.000000  dAvg=0.044724  dMax=0.391473  Dlo=0.022362  Dhi=0.218099  err=-1.000000  inc=-1.037492  bucket 0->0  (mf=1000)
[MF-SEL] tPrev=(  d=0.025619  dMin=0.000000  dAvg=0.044705  dMax=0.391473  Dlo=0.022353  Dhi=0.218089  err=0.000000  inc=0.230190  bucket 0->0  (mf=1000)
[MF-SEL] tPrev=(  d=0.028114  dMin=0.000000  dAvg=0.044689  dMax=0.391473  Dlo=0.022345  Dhi=0.218081  err=0.000000  inc=-0.121314  bucket 0->0  (mf=1000)
[MF-SEL] tPrev=(  d=0.031042  dMin=0.000000  dAvg=0.044676  dMax=0.391473  Dlo=0.022338  Dhi=0.218075  err=0.000000  inc=-0.121314  bucket 0->0  (mf=1000)
Dropping frame 1413393943.155760
[MF-SEL] tPrev=(  d=0.076198  dMin=0.000000  dAvg=0.044706  dMax=0.391473  Dlo=0.022353  Dhi=0.218090  err=0.000000  inc=-0.121314  bucket 0->0  (mf=1000)
[MF-SEL] tPrev=(  d=0.034000  dMin=0.000000  dAvg=0.044696  dMax=0.391473  Dlo=0.022348  Dhi=0.218085  err=0.000000  inc=-0.121314  bucket 0->0  (mf=1000)
[MF-SEL] tPrev=(  d=0.031306  dMin=0.000000  dAvg=0.044683  dMax=0.391473  Dlo=0.022342  Dhi=0.218078  err=0.000000  inc=-0.121314  bucket 0->0  (mf=1000)
Dropping frame 1413393943.355760
[MF-SEL] tPrev=(  d=0.053607  dMin=0.000000  dAvg=0.044692  dMax=0.391473  Dlo=0.022346  Dhi=0.218083  err=0.000000  inc=-0.121314  bucket 0->0  (mf=1000)
Dropping frame 1413393943.455760
[MF-SEL] tPrev=(  d=0.034356  dMin=0.000000  dAvg=0.044682  dMax=0.391473  Dlo=0.022341  Dhi=0.218078  err=0.000000  inc=-0.121314  bucket 0->0  (mf=1000)
Dropping frame 1413393943.555760
[MF-SEL] tPrev=(  d=0.028682  dMin=0.000000  dAvg=0.044667  dMax=0.391473  Dlo=0.022333  Dhi=0.218070  err=0.000000  inc=-0.121314  bucket 0->0  (mf=1000)
[MF-SEL] tPrev=(  d=0.015869  dMin=0.000000  dAvg=0.044639  dMax=0.391473  Dlo=0.022320  Dhi=0.218056  err=-1.000000  inc=-1.061023  bucket 0->0  (mf=1000)
[MF-SEL] tPrev=(  d=0.016882  dMin=0.000000  dAvg=0.044613  dMax=0.391473  Dlo=0.022306  Dhi=0.218043  err=-1.000000  inc=-0.725740  bucket 0->0  (mf=1000)
[MF-SEL] tPrev=(  d=0.016176  dMin=0.000000  dAvg=0.044585  dMax=0.391473  Dlo=0.022293  Dhi=0.218029  err=-1.000000  inc=-0.728089  bucket 0->0  (mf=1000)
[MF-SEL] tPrev=(  d=0.025530  dMin=0.000000  dAvg=0.044567  dMax=0.391473  Dlo=0.022284  Dhi=0.218020  err=0.000000  inc=0.243238  bucket 0->0  (mf=1000)
[MF-SEL] tPrev=(  d=0.011900  dMin=0.000000  dAvg=0.044536  dMax=0.391473  Dlo=0.022268  Dhi=0.218005  err=-1.000000  inc=-1.093615  bucket 0->0  (mf=1000)
[MF-SEL] tPrev=(  d=0.008606  dMin=0.000000  dAvg=0.044502  dMax=0.391473  Dlo=0.022251  Dhi=0.217988  err=-1.000000  inc=-0.732733  bucket 0->0  (mf=1000)
[MF-SEL] tPrev=(  d=0.014006  dMin=0.000000  dAvg=0.044473  dMax=0.391473  Dlo=0.022236  Dhi=0.217973  err=-1.000000  inc=-0.735015  bucket 0->0  (mf=1000)
[MF-SEL] tPrev=(  d=0.012020  dMin=0.000000  dAvg=0.044442  dMax=0.391473  Dlo=0.022221  Dhi=0.217958  err=-1.000000  inc=-0.737366  bucket 0->0  (mf=1000)
[MF-SEL] tPrev=(  d=0.015650  dMin=0.000000  dAvg=0.044415  dMax=0.391473  Dlo=0.022207  Dhi=0.217944  err=-1.000000  inc=-0.739506  bucket 0->0  (mf=1000)
[MF-SEL] tPrev=(  d=0.020654  dMin=0.000000  dAvg=0.044392  dMax=0.391473  Dlo=0.022196  Dhi=0.217933  err=-1.000000  inc=-0.741973  bucket 0->0  (mf=1000)
[MF-SEL] tPrev=(  d=0.022327  dMin=0.000000  dAvg=0.044371  dMax=0.391473  Dlo=0.022186  Dhi=0.217922  err=0.000000  inc=0.196969  bucket 0->0  (mf=1000)
Dropping frame 1413393944.205760
[MF-SEL] tPrev=(  d=0.050015  dMin=0.000000  dAvg=0.044377  dMax=0.391473  Dlo=0.022188  Dhi=0.217925  err=0.000000  inc=-0.141973  bucket 0->0  (mf=1000)
[MF-SEL] tPrev=(  d=0.024443  dMin=0.000000  dAvg=0.044358  dMax=0.391473  Dlo=0.022179  Dhi=0.217916  err=0.000000  inc=-0.141973  bucket 0->0  (mf=1000)
[MF-SEL] tPrev=(  d=0.032460  dMin=0.000000  dAvg=0.044346  dMax=0.391473  Dlo=0.022173  Dhi=0.217910  err=0.000000  inc=-0.141973  bucket 0->0  (mf=1000)
[MF-SEL] tPrev=(  d=0.019349  dMin=0.000000  dAvg=0.044323  dMax=0.391473  Dlo=0.022161  Dhi=0.217898  err=-1.000000  inc=-1.106588  bucket 0->0  (mf=1000)
Dropping frame 1413393944.455760
[MF-SEL] tPrev=(  d=0.023429  dMin=0.000000  dAvg=0.044303  dMax=0.391473  Dlo=0.022152  Dhi=0.217888  err=0.000000  inc=0.031795  bucket 0->0  (mf=1000)
[MF-SEL] tPrev=(  d=0.014513  dMin=0.000000  dAvg=0.044275  dMax=0.391473  Dlo=0.022138  Dhi=0.217874  err=-1.000000  inc=-1.080239  bucket 0->0  (mf=1000)
[MF-SEL] tPrev=(  d=0.010139  dMin=0.000000  dAvg=0.044243  dMax=0.391473  Dlo=0.022121  Dhi=0.217858  err=-1.000000  inc=-0.749085  bucket 0->0  (mf=1000)
[MF-SEL] tPrev=(  d=0.011666  dMin=0.000000  dAvg=0.044212  dMax=0.391473  Dlo=0.022106  Dhi=0.217843  err=-1.000000  inc=-0.751106  bucket 0->0  (mf=1000)
[MF-SEL] tPrev=(  d=0.010965  dMin=0.000000  dAvg=0.044181  dMax=0.391473  Dlo=0.022091  Dhi=0.217827  err=-1.000000  inc=-0.753458  bucket 0->0  (mf=1000)
[MF-SEL] tPrev=(  d=0.012526  dMin=0.000000  dAvg=0.044151  dMax=0.391473  Dlo=0.022076  Dhi=0.217812  err=-1.000000  inc=-0.755805  bucket 0->0  (mf=1000)
[MF-SEL] tPrev=(  d=0.011250  dMin=0.000000  dAvg=0.044120  dMax=0.391473  Dlo=0.022060  Dhi=0.217797  err=-1.000000  inc=-0.758122  bucket 0->0  (mf=1000)
[MF-SEL] tPrev=(  d=0.010506  dMin=0.000000  dAvg=0.044089  dMax=0.391473  Dlo=0.022044  Dhi=0.217781  err=-1.000000  inc=-0.760185  bucket 0->0  (mf=1000)
[MF-SEL] tPrev=(  d=0.010514  dMin=0.000000  dAvg=0.044057  dMax=0.391473  Dlo=0.022029  Dhi=0.217765  err=-1.000000  inc=-0.762383  bucket 0->0  (mf=1000)
[MF-SEL] tPrev=(  d=0.023503  dMin=0.000000  dAvg=0.044038  dMax=0.391473  Dlo=0.022019  Dhi=0.217756  err=0.000000  inc=0.198842  bucket 0->0  (mf=1000)
Dropping frame 1413393945.005760
[MF-SEL] tPrev=(  d=0.035135  dMin=0.000000  dAvg=0.044030  dMax=0.391473  Dlo=0.022015  Dhi=0.217752  err=0.000000  inc=-0.162383  bucket 0->0  (mf=1000)
[MF-SEL] tPrev=(  d=0.035959  dMin=0.000000  dAvg=0.044022  dMax=0.391473  Dlo=0.022011  Dhi=0.217748  err=0.000000  inc=-0.162383  bucket 0->0  (mf=1000)
[MF-SEL] tPrev=(  d=0.027101  dMin=0.000000  dAvg=0.044007  dMax=0.391473  Dlo=0.022003  Dhi=0.217740  err=0.000000  inc=-0.162383  bucket 0->0  (mf=1000)
Dropping frame 1413393945.205760
[MF-SEL] tPrev=(  d=0.053853  dMin=0.000000  dAvg=0.044016  dMax=0.391473  Dlo=0.022008  Dhi=0.217745  err=0.000000  inc=-0.162383  bucket 0->0  (mf=1000)
[MF-SEL] tPrev=(  d=0.023346  dMin=0.000000  dAvg=0.043997  dMax=0.391473  Dlo=0.021998  Dhi=0.217735  err=0.000000  inc=-0.162383  bucket 0->0  (mf=1000)
[MF-SEL] tPrev=(  d=0.019490  dMin=0.000000  dAvg=0.043974  dMax=0.391473  Dlo=0.021987  Dhi=0.217724  err=-1.000000  inc=-1.124795  bucket 0->0  (mf=1000)
[MF-SEL] tPrev=(  d=0.016039  dMin=0.000000  dAvg=0.043948  dMax=0.391473  Dlo=0.021974  Dhi=0.217711  err=-1.000000  inc=-0.766850  bucket 0->0  (mf=1000)
[MF-SEL] tPrev=(  d=0.014088  dMin=0.000000  dAvg=0.043920  dMax=0.391473  Dlo=0.021960  Dhi=0.217697  err=-1.000000  inc=-0.768963  bucket 0->0  (mf=1000)
[MF-SEL] tPrev=(  d=0.009593  dMin=0.000000  dAvg=0.043888  dMax=0.391473  Dlo=0.021944  Dhi=0.217681  err=-1.000000  inc=-0.771113  bucket 0->0  (mf=1000)
[MF-SEL] tPrev=(  d=0.017421  dMin=0.000000  dAvg=0.043864  dMax=0.391473  Dlo=0.021932  Dhi=0.217669  err=-1.000000  inc=-0.773320  bucket 0->0  (mf=1000)
Dropping frame 1413393945.605761
[MF-SEL] tPrev=(  d=0.030804  dMin=0.000000  dAvg=0.043852  dMax=0.391473  Dlo=0.021926  Dhi=0.217663  err=0.000000  inc=-0.007145  bucket 0->0  (mf=1000)
[MF-SEL] tPrev=(  d=0.021509  dMin=0.000000  dAvg=0.043831  dMax=0.391473  Dlo=0.021915  Dhi=0.217652  err=-1.000000  inc=-1.113044  bucket 0->0  (mf=1000)
Dropping frame 1413393945.755760
[MF-SEL] tPrev=(  d=0.041287  dMin=0.000000  dAvg=0.043829  dMax=0.391473  Dlo=0.021914  Dhi=0.217651  err=0.000000  inc=-0.004261  bucket 0->0  (mf=1000)
[MF-SEL] tPrev=(  d=0.017019  dMin=0.000000  dAvg=0.043804  dMax=0.391473  Dlo=0.021902  Dhi=0.217639  err=-1.000000  inc=-1.145170  bucket 0->0  (mf=1000)
[MF-SEL] tPrev=(  d=0.021972  dMin=0.000000  dAvg=0.043784  dMax=0.391473  Dlo=0.021892  Dhi=0.217629  err=0.000000  inc=0.167381  bucket 0->0  (mf=1000)
[MF-SEL] tPrev=(  d=0.009966  dMin=0.000000  dAvg=0.043753  dMax=0.391473  Dlo=0.021876  Dhi=0.217613  err=-1.000000  inc=-1.128516  bucket 0->0  (mf=1000)
Dropping frame 1413393946.005760
[MF-SEL] tPrev=(  d=0.014968  dMin=0.000000  dAvg=0.043726  dMax=0.391473  Dlo=0.021863  Dhi=0.217600  err=-1.000000  inc=-0.784926  bucket 0->0  (mf=1000)
Dropping frame 1413393946.105761
[MF-SEL] tPrev=(  d=0.013343  dMin=0.000000  dAvg=0.043698  dMax=0.391473  Dlo=0.021849  Dhi=0.217586  err=-1.000000  inc=-0.789905  bucket 0->0  (mf=1000)
Dropping frame 1413393946.205760
[MF-SEL] tPrev=(  d=0.010719  dMin=0.000000  dAvg=0.043668  dMax=0.391473  Dlo=0.021834  Dhi=0.217571  err=-1.000000  inc=-0.794734  bucket 0->0  (mf=1000)
[MF-SEL] tPrev=(  d=0.003508  dMin=0.000000  dAvg=0.043631  dMax=0.391473  Dlo=0.021815  Dhi=0.217552  err=-1.000000  inc=-0.796967  bucket 0->0  (mf=1000)
[MF-SEL] tPrev=(  d=0.011107  dMin=0.000000  dAvg=0.043601  dMax=0.391473  Dlo=0.021801  Dhi=0.217537  err=-1.000000  inc=-0.799106  bucket 0->0  (mf=1000)
[MF-SEL] tPrev=(  d=0.008571  dMin=0.000000  dAvg=0.043569  dMax=0.391473  Dlo=0.021784  Dhi=0.217521  err=-1.000000  inc=-0.801579  bucket 0->0  (mf=1000)
[MF-SEL] tPrev=(  d=0.012492  dMin=0.000000  dAvg=0.043540  dMax=0.391473  Dlo=0.021770  Dhi=0.217507  err=-1.000000  inc=-0.803678  bucket 0->0  (mf=1000)
[MF-SEL] tPrev=(  d=0.015835  dMin=0.000000  dAvg=0.043515  dMax=0.391473  Dlo=0.021758  Dhi=0.217494  err=-1.000000  inc=-0.805913  bucket 0->0  (mf=1000)
Dropping frame 1413393946.555760
[MF-SEL] tPrev=(  d=0.036528  dMin=0.000000  dAvg=0.043509  dMax=0.391473  Dlo=0.021754  Dhi=0.217491  err=0.000000  inc=-0.034459  bucket 0->0  (mf=1000)
[MF-SEL] tPrev=(  d=0.019183  dMin=0.000000  dAvg=0.043487  dMax=0.391473  Dlo=0.021743  Dhi=0.217480  err=-1.000000  inc=-1.163909  bucket 0->0  (mf=1000)
[MF-SEL] tPrev=(  d=0.017317  dMin=0.000000  dAvg=0.043463  dMax=0.391473  Dlo=0.021731  Dhi=0.217468  err=-1.000000  inc=-0.810299  bucket 0->0  (mf=1000)
[MF-SEL] tPrev=(  d=0.015471  dMin=0.000000  dAvg=0.043437  dMax=0.391473  Dlo=0.021719  Dhi=0.217455  err=-1.000000  inc=-0.812605  bucket 0->0  (mf=1000)
[MF-SEL] tPrev=(  d=0.036176  dMin=0.000000  dAvg=0.043431  dMax=0.391473  Dlo=0.021715  Dhi=0.217452  err=0.000000  inc=0.182180  bucket 0->0  (mf=1000)
*Loop detected
phi = 0.006279 0.007340 0.006550
Local Mapping STOP
[MF-SEL] tPrev=(  d=0.150720  dMin=0.000000  dAvg=0.043528  dMax=0.391473  Dlo=0.021764  Dhi=0.217501  err=0.000000  inc=-0.212605  bucket 0->0  (mf=1000)
[MF-SEL] tPrev=(  d=0.007225  dMin=0.000000  dAvg=0.043495  dMax=0.391473  Dlo=0.021748  Dhi=0.217484  err=-1.000000  inc=-1.205976  bucket 0->0  (mf=1000)
[MF-SEL] tPrev=(  d=0.013809  dMin=0.000000  dAvg=0.043468  dMax=0.391473  Dlo=0.021734  Dhi=0.217471  err=-1.000000  inc=-0.816925  bucket 0->0  (mf=1000)
Local Mapping RELEASE
[MF-SEL] tPrev=(  d=0.030838  dMin=0.000000  dAvg=0.043457  dMax=0.391473  Dlo=0.021728  Dhi=0.217465  err=0.000000  inc=0.151176  bucket 0->0  (mf=1000)
[MF-SEL] tPrev=(  d=0.011886  dMin=0.000000  dAvg=0.043428  dMax=0.391473  Dlo=0.021714  Dhi=0.217451  err=-1.000000  inc=-1.122177  bucket 0->0  (mf=1000)
[MF-SEL] tPrev=(  d=0.011995  dMin=0.000000  dAvg=0.043400  dMax=0.391473  Dlo=0.021700  Dhi=0.217437  err=-1.000000  inc=-0.821585  bucket 0->0  (mf=1000)
[MF-SEL] tPrev=(  d=0.008167  dMin=0.000000  dAvg=0.043368  dMax=0.391473  Dlo=0.021684  Dhi=0.217421  err=-1.000000  inc=-0.823919  bucket 0->0  (mf=1000)
[MF-SEL] tPrev=(  d=0.020549  dMin=0.000000  dAvg=0.043347  dMax=0.391473  Dlo=0.021674  Dhi=0.217410  err=-1.000000  inc=-0.826183  bucket 0->0  (mf=1000)
[MF-SEL] tPrev=(  d=0.008161  dMin=0.000000  dAvg=0.043315  dMax=0.391473  Dlo=0.021658  Dhi=0.217394  err=-1.000000  inc=-0.828390  bucket 0->0  (mf=1000)
[MF-SEL] tPrev=(  d=0.012205  dMin=0.000000  dAvg=0.043287  dMax=0.391473  Dlo=0.021644  Dhi=0.217380  err=-1.000000  inc=-0.830495  bucket 0->0  (mf=1000)
[MF-SEL] tPrev=(  d=0.015931  dMin=0.000000  dAvg=0.043263  dMax=0.391473  Dlo=0.021631  Dhi=0.217368  err=-1.000000  inc=-0.832745  bucket 0->0  (mf=1000)
[MF-SEL] tPrev=(  d=0.046354  dMin=0.000000  dAvg=0.043265  dMax=0.391473  Dlo=0.021633  Dhi=0.217369  err=0.000000  inc=0.123264  bucket 0->0  (mf=1000)
[MF-SEL] tPrev=(  d=0.022419  dMin=0.000000  dAvg=0.043247  dMax=0.391473  Dlo=0.021623  Dhi=0.217360  err=0.000000  inc=-0.232745  bucket 0->0  (mf=1000)
[MF-SEL] tPrev=(  d=0.025615  dMin=0.000000  dAvg=0.043231  dMax=0.391473  Dlo=0.021615  Dhi=0.217352  err=0.000000  inc=-0.232745  bucket 0->0  (mf=1000)
[MF-SEL] tPrev=(  d=0.026539  dMin=0.000000  dAvg=0.043216  dMax=0.391473  Dlo=0.021608  Dhi=0.217345  err=0.000000  inc=-0.232745  bucket 0->0  (mf=1000)
[MF-SEL] tPrev=(  d=0.047007  dMin=0.000000  dAvg=0.043219  dMax=0.391473  Dlo=0.021610  Dhi=0.217346  err=0.000000  inc=-0.232745  bucket 0->0  (mf=1000)
Local Mapping STOP
Local Mapping RELEASE
[MF-SEL] tPrev=(  d=0.090488  dMin=0.000000  dAvg=0.043262  dMax=0.391473  Dlo=0.021631  Dhi=0.217367  err=0.000000  inc=-0.232745  bucket 0->0  (mf=1000)
[MF-SEL] tPrev=(  d=0.028313  dMin=0.000000  dAvg=0.043248  dMax=0.391473  Dlo=0.021624  Dhi=0.217361  err=0.000000  inc=-0.232745  bucket 0->0  (mf=1000)
[MF-SEL] tPrev=(  d=0.028659  dMin=0.000000  dAvg=0.043235  dMax=0.391473  Dlo=0.021618  Dhi=0.217354  err=0.000000  inc=-0.232745  bucket 0->0  (mf=1000)
[MF-SEL] tPrev=(  d=0.029008  dMin=0.000000  dAvg=0.043222  dMax=0.391473  Dlo=0.021611  Dhi=0.217348  err=0.000000  inc=-0.232745  bucket 0->0  (mf=1000)
[MF-SEL] tPrev=(  d=0.067938  dMin=0.000000  dAvg=0.043244  dMax=0.391473  Dlo=0.021622  Dhi=0.217359  err=0.000000  inc=-0.232745  bucket 0->0  (mf=1000)
[MF-SEL] tPrev=(  d=0.029049  dMin=0.000000  dAvg=0.043232  dMax=0.391473  Dlo=0.021616  Dhi=0.217353  err=0.000000  inc=-0.232745  bucket 0->0  (mf=1000)
[MF-SEL] tPrev=(  d=0.027238  dMin=0.000000  dAvg=0.043217  dMax=0.391473  Dlo=0.021609  Dhi=0.217345  err=0.000000  inc=-0.232745  bucket 0->0  (mf=1000)
[MF-SEL] tPrev=(  d=0.025587  dMin=0.000000  dAvg=0.043202  dMax=0.391473  Dlo=0.021601  Dhi=0.217338  err=0.000000  inc=-0.232745  bucket 0->0  (mf=1000)
[MF-SEL] tPrev=(  d=0.034553  dMin=0.000000  dAvg=0.043194  dMax=0.391473  Dlo=0.021597  Dhi=0.217334  err=0.000000  inc=-0.232745  bucket 0->0  (mf=1000)
Dropping frame 1413393948.105761
[MF-SEL] tPrev=(  d=0.038769  dMin=0.000000  dAvg=0.043190  dMax=0.391473  Dlo=0.021595  Dhi=0.217332  err=0.000000  inc=-0.232745  bucket 0->0  (mf=1000)
[MF-SEL] tPrev=(  d=0.015472  dMin=0.000000  dAvg=0.043166  dMax=0.391473  Dlo=0.021583  Dhi=0.217319  err=-1.000000  inc=-1.189104  bucket 0->0  (mf=1000)
[MF-SEL] tPrev=(  d=0.010220  dMin=0.000000  dAvg=0.043136  dMax=0.391473  Dlo=0.021568  Dhi=0.217305  err=-1.000000  inc=-0.837242  bucket 0->0  (mf=1000)
[MF-SEL] tPrev=(  d=0.006826  dMin=0.000000  dAvg=0.043104  dMax=0.391473  Dlo=0.021552  Dhi=0.217289  err=-1.000000  inc=-0.839514  bucket 0->0  (mf=1000)
[MF-SEL] tPrev=(  d=0.004228  dMin=0.000000  dAvg=0.043070  dMax=0.391473  Dlo=0.021535  Dhi=0.217271  err=-1.000000  inc=-0.841729  bucket 0->0  (mf=1000)
[MF-SEL] tPrev=(  d=0.004141  dMin=0.000000  dAvg=0.043035  dMax=0.391473  Dlo=0.021518  Dhi=0.217254  err=-1.000000  inc=-0.843926  bucket 0->0  (mf=1000)
[MF-SEL] tPrev=(  d=0.005472  dMin=0.000000  dAvg=0.043002  dMax=0.391473  Dlo=0.021501  Dhi=0.217238  err=-1.000000  inc=-0.846095  bucket 0->0  (mf=1000)
[MF-SEL] tPrev=(  d=0.011282  dMin=0.000000  dAvg=0.042974  dMax=0.391473  Dlo=0.021487  Dhi=0.217224  err=-1.000000  inc=-0.848367  bucket 0->0  (mf=1000)
[MF-SEL] tPrev=(  d=0.015333  dMin=0.000000  dAvg=0.042949  dMax=0.391473  Dlo=0.021475  Dhi=0.217211  err=-1.000000  inc=-0.850691  bucket 0->0  (mf=1000)
[MF-SEL] tPrev=(  d=0.018839  dMin=0.000000  dAvg=0.042928  dMax=0.391473  Dlo=0.021464  Dhi=0.217201  err=-1.000000  inc=-0.853006  bucket 0->0  (mf=1000)
[MF-SEL] tPrev=(  d=0.020844  dMin=0.000000  dAvg=0.042909  dMax=0.391473  Dlo=0.021454  Dhi=0.217191  err=-1.000000  inc=-0.855268  bucket 0->0  (mf=1000)
Dropping frame 1413393948.705760
[MF-SEL] tPrev=(  d=0.048041  dMin=0.000000  dAvg=0.042913  dMax=0.391473  Dlo=0.021457  Dhi=0.217193  err=0.000000  inc=-0.088340  bucket 0->0  (mf=1000)
[MF-SEL] tPrev=(  d=0.024187  dMin=0.000000  dAvg=0.042897  dMax=0.391473  Dlo=0.021448  Dhi=0.217185  err=0.000000  inc=-0.255268  bucket 0->0  (mf=1000)
[MF-SEL] tPrev=(  d=0.021097  dMin=0.000000  dAvg=0.042877  dMax=0.391473  Dlo=0.021439  Dhi=0.217175  err=-1.000000  inc=-1.253902  bucket 0->0  (mf=1000)
[MF-SEL] tPrev=(  d=0.018324  dMin=0.000000  dAvg=0.042856  dMax=0.391473  Dlo=0.021428  Dhi=0.217165  err=-1.000000  inc=-0.859364  bucket 0->0  (mf=1000)
[MF-SEL] tPrev=(  d=0.017002  dMin=0.000000  dAvg=0.042833  dMax=0.391473  Dlo=0.021417  Dhi=0.217153  err=-1.000000  inc=-0.861516  bucket 0->0  (mf=1000)
[MF-SEL] tPrev=(  d=0.012524  dMin=0.000000  dAvg=0.042807  dMax=0.391473  Dlo=0.021403  Dhi=0.217140  err=-1.000000  inc=-0.864060  bucket 0->0  (mf=1000)
Dropping frame 1413393949.055760
[MF-SEL] tPrev=(  d=0.017838  dMin=0.000000  dAvg=0.042785  dMax=0.391473  Dlo=0.021392  Dhi=0.217129  err=-1.000000  inc=-0.868943  bucket 0->0  (mf=1000)
[MF-SEL] tPrev=(  d=0.008200  dMin=0.000000  dAvg=0.042754  dMax=0.391473  Dlo=0.021377  Dhi=0.217114  err=-1.000000  inc=-0.871250  bucket 0->0  (mf=1000)
Dropping frame 1413393949.205760
[MF-SEL] tPrev=(  d=0.020228  dMin=0.000000  dAvg=0.042735  dMax=0.391473  Dlo=0.021367  Dhi=0.217104  err=-1.000000  inc=-0.876218  bucket 0->0  (mf=1000)
[MF-SEL] tPrev=(  d=0.011083  dMin=0.000000  dAvg=0.042707  dMax=0.391473  Dlo=0.021354  Dhi=0.217090  err=-1.000000  inc=-0.878537  bucket 0->0  (mf=1000)
[MF-SEL] tPrev=(  d=0.011483  dMin=0.000000  dAvg=0.042680  dMax=0.391473  Dlo=0.021340  Dhi=0.217077  err=-1.000000  inc=-0.880884  bucket 0->0  (mf=1000)
[MF-SEL] tPrev=(  d=0.013266  dMin=0.000000  dAvg=0.042654  dMax=0.391473  Dlo=0.021327  Dhi=0.217064  err=-1.000000  inc=-0.883011  bucket 0->0  (mf=1000)
[MF-SEL] tPrev=(  d=0.015780  dMin=0.000000  dAvg=0.042631  dMax=0.391473  Dlo=0.021315  Dhi=0.217052  err=-1.000000  inc=-0.885333  bucket 0->0  (mf=1000)
[MF-SEL] tPrev=(  d=0.023432  dMin=0.000000  dAvg=0.042614  dMax=0.391473  Dlo=0.021307  Dhi=0.217044  err=0.000000  inc=0.090865  bucket 0->0  (mf=1000)
Dropping frame 1413393949.555760
[MF-SEL] tPrev=(  d=0.051427  dMin=0.000000  dAvg=0.042622  dMax=0.391473  Dlo=0.021311  Dhi=0.217048  err=0.000000  inc=-0.285333  bucket 0->0  (mf=1000)
[MF-SEL] tPrev=(  d=0.030483  dMin=0.000000  dAvg=0.042611  dMax=0.391473  Dlo=0.021306  Dhi=0.217042  err=0.000000  inc=-0.285333  bucket 0->0  (mf=1000)
[MF-SEL] tPrev=(  d=0.032109  dMin=0.000000  dAvg=0.042602  dMax=0.391473  Dlo=0.021301  Dhi=0.217038  err=0.000000  inc=-0.285333  bucket 0->0  (mf=1000)
[MF-SEL] tPrev=(  d=0.033279  dMin=0.000000  dAvg=0.042594  dMax=0.391473  Dlo=0.021297  Dhi=0.217034  err=0.000000  inc=-0.285333  bucket 0->0  (mf=1000)
[MF-SEL] tPrev=(  d=0.034605  dMin=0.000000  dAvg=0.042587  dMax=0.391473  Dlo=0.021293  Dhi=0.217030  err=0.000000  inc=-0.285333  bucket 0->0  (mf=1000)
[MF-SEL] tPrev=(  d=0.035852  dMin=0.000000  dAvg=0.042581  dMax=0.391473  Dlo=0.021291  Dhi=0.217027  err=0.000000  inc=-0.285333  bucket 0->0  (mf=1000)
[MF-SEL] tPrev=(  d=0.037669  dMin=0.000000  dAvg=0.042577  dMax=0.391473  Dlo=0.021288  Dhi=0.217025  err=0.000000  inc=-0.285333  bucket 0->0  (mf=1000)
[MF-SEL] tPrev=(  d=0.038040  dMin=0.000000  dAvg=0.042573  dMax=0.391473  Dlo=0.021286  Dhi=0.217023  err=0.000000  inc=-0.285333  bucket 0->0  (mf=1000)
[MF-SEL] tPrev=(  d=0.045003  dMin=0.000000  dAvg=0.042575  dMax=0.391473  Dlo=0.021288  Dhi=0.217024  err=0.000000  inc=-0.285333  bucket 0->0  (mf=1000)
[MF-SEL] tPrev=(  d=0.049098  dMin=0.000000  dAvg=0.042581  dMax=0.391473  Dlo=0.021290  Dhi=0.217027  err=0.000000  inc=-0.285333  bucket 0->0  (mf=1000)
[MF-SEL] tPrev=(  d=0.054366  dMin=0.000000  dAvg=0.042591  dMax=0.391473  Dlo=0.021295  Dhi=0.217032  err=0.000000  inc=-0.285333  bucket 0->0  (mf=1000)
Dropping frame 1413393950.155760
[MF-SEL] tPrev=(  d=0.124140  dMin=0.000000  dAvg=0.042661  dMax=0.391473  Dlo=0.021331  Dhi=0.217067  err=0.000000  inc=-0.285333  bucket 0->0  (mf=1000)
Dropping frame 1413393950.255760
[MF-SEL] tPrev=(  d=0.126261  dMin=0.000000  dAvg=0.042733  dMax=0.391473  Dlo=0.021367  Dhi=0.217103  err=0.000000  inc=-0.285333  bucket 0->0  (mf=1000)
[MF-SEL] tPrev=(  d=0.059989  dMin=0.000000  dAvg=0.042748  dMax=0.391473  Dlo=0.021374  Dhi=0.217111  err=0.000000  inc=-0.285333  bucket 0->0  (mf=1000)
[MF-SEL] tPrev=(  d=0.056914  dMin=0.000000  dAvg=0.042760  dMax=0.391473  Dlo=0.021380  Dhi=0.217117  err=0.000000  inc=-0.285333  bucket 0->0  (mf=1000)
[MF-SEL] tPrev=(  d=0.056265  dMin=0.000000  dAvg=0.042772  dMax=0.391473  Dlo=0.021386  Dhi=0.217123  err=0.000000  inc=-0.285333  bucket 0->0  (mf=1000)
[MF-SEL] tPrev=(  d=0.054153  dMin=0.000000  dAvg=0.042782  dMax=0.391473  Dlo=0.021391  Dhi=0.217127  err=0.000000  inc=-0.285333  bucket 0->0  (mf=1000)
[MF-SEL] tPrev=(  d=0.053285  dMin=0.000000  dAvg=0.042791  dMax=0.391473  Dlo=0.021395  Dhi=0.217132  err=0.000000  inc=-0.285333  bucket 0->0  (mf=1000)
[MF-SEL] tPrev=(  d=0.047868  dMin=0.000000  dAvg=0.042795  dMax=0.391473  Dlo=0.021397  Dhi=0.217134  err=0.000000  inc=-0.285333  bucket 0->0  (mf=1000)
[MF-SEL] tPrev=(  d=0.051904  dMin=0.000000  dAvg=0.042803  dMax=0.391473  Dlo=0.021401  Dhi=0.217138  err=0.000000  inc=-0.285333  bucket 0->0  (mf=1000)
[MF-SEL] tPrev=(  d=0.051605  dMin=0.000000  dAvg=0.042810  dMax=0.391473  Dlo=0.021405  Dhi=0.217142  err=0.000000  inc=-0.285333  bucket 0->0  (mf=1000)
[MF-SEL] tPrev=(  d=0.051604  dMin=0.000000  dAvg=0.042818  dMax=0.391473  Dlo=0.021409  Dhi=0.217146  err=0.000000  inc=-0.285333  bucket 0->0  (mf=1000)
[MF-SEL] tPrev=(  d=0.053254  dMin=0.000000  dAvg=0.042827  dMax=0.391473  Dlo=0.021413  Dhi=0.217150  err=0.000000  inc=-0.285333  bucket 0->0  (mf=1000)
[MF-SEL] tPrev=(  d=0.051155  dMin=0.000000  dAvg=0.042834  dMax=0.391473  Dlo=0.021417  Dhi=0.217154  err=0.000000  inc=-0.285333  bucket 0->0  (mf=1000)
[MF-SEL] tPrev=(  d=0.051695  dMin=0.000000  dAvg=0.042841  dMax=0.391473  Dlo=0.021421  Dhi=0.217157  err=0.000000  inc=-0.285333  bucket 0->0  (mf=1000)
[MF-SEL] tPrev=(  d=0.051633  dMin=0.000000  dAvg=0.042849  dMax=0.391473  Dlo=0.021424  Dhi=0.217161  err=0.000000  inc=-0.285333  bucket 0->0  (mf=1000)
[MF-SEL] tPrev=(  d=0.050511  dMin=0.000000  dAvg=0.042855  dMax=0.391473  Dlo=0.021428  Dhi=0.217164  err=0.000000  inc=-0.285333  bucket 0->0  (mf=1000)
[MF-SEL] tPrev=(  d=0.054245  dMin=0.000000  dAvg=0.042865  dMax=0.391473  Dlo=0.021433  Dhi=0.217169  err=0.000000  inc=-0.285333  bucket 0->0  (mf=1000)
[MF-SEL] tPrev=(  d=0.045283  dMin=0.000000  dAvg=0.042867  dMax=0.391473  Dlo=0.021434  Dhi=0.217170  err=0.000000  inc=-0.285333  bucket 0->0  (mf=1000)
[MF-SEL] tPrev=(  d=0.042647  dMin=0.000000  dAvg=0.042867  dMax=0.391473  Dlo=0.021433  Dhi=0.217170  err=0.000000  inc=-0.285333  bucket 0->0  (mf=1000)
[MF-SEL] tPrev=(  d=0.040724  dMin=0.000000  dAvg=0.042865  dMax=0.391473  Dlo=0.021433  Dhi=0.217169  err=0.000000  inc=-0.285333  bucket 0->0  (mf=1000)
[MF-SEL] tPrev=(  d=0.038864  dMin=0.000000  dAvg=0.042862  dMax=0.391473  Dlo=0.021431  Dhi=0.217168  err=0.000000  inc=-0.285333  bucket 0->0  (mf=1000)
[MF-SEL] tPrev=(  d=0.038077  dMin=0.000000  dAvg=0.042858  dMax=0.391473  Dlo=0.021429  Dhi=0.217166  err=0.000000  inc=-0.285333  bucket 0->0  (mf=1000)
[MF-SEL] tPrev=(  d=0.036491  dMin=0.000000  dAvg=0.042852  dMax=0.391473  Dlo=0.021426  Dhi=0.217163  err=0.000000  inc=-0.285333  bucket 0->0  (mf=1000)
[MF-SEL] tPrev=(  d=0.035534  dMin=0.000000  dAvg=0.042846  dMax=0.391473  Dlo=0.021423  Dhi=0.217160  err=0.000000  inc=-0.285333  bucket 0->0  (mf=1000)
[MF-SEL] tPrev=(  d=0.034615  dMin=0.000000  dAvg=0.042839  dMax=0.391473  Dlo=0.021420  Dhi=0.217156  err=0.000000  inc=-0.285333  bucket 0->0  (mf=1000)
[MF-SEL] tPrev=(  d=0.040761  dMin=0.000000  dAvg=0.042837  dMax=0.391473  Dlo=0.021419  Dhi=0.217155  err=0.000000  inc=-0.285333  bucket 0->0  (mf=1000)
[MF-SEL] tPrev=(  d=0.034247  dMin=0.000000  dAvg=0.042830  dMax=0.391473  Dlo=0.021415  Dhi=0.217152  err=0.000000  inc=-0.285333  bucket 0->0  (mf=1000)
[MF-SEL] tPrev=(  d=0.035002  dMin=0.000000  dAvg=0.042824  dMax=0.391473  Dlo=0.021412  Dhi=0.217148  err=0.000000  inc=-0.285333  bucket 0->0  (mf=1000)
[MF-SEL] tPrev=(  d=0.034956  dMin=0.000000  dAvg=0.042817  dMax=0.391473  Dlo=0.021408  Dhi=0.217145  err=0.000000  inc=-0.285333  bucket 0->0  (mf=1000)
[MF-SEL] tPrev=(  d=0.034713  dMin=0.000000  dAvg=0.042810  dMax=0.391473  Dlo=0.021405  Dhi=0.217142  err=0.000000  inc=-0.285333  bucket 0->0  (mf=1000)
[MF-SEL] tPrev=(  d=0.035695  dMin=0.000000  dAvg=0.042804  dMax=0.391473  Dlo=0.021402  Dhi=0.217139  err=0.000000  inc=-0.285333  bucket 0->0  (mf=1000)
[MF-SEL] tPrev=(  d=0.035316  dMin=0.000000  dAvg=0.042798  dMax=0.391473  Dlo=0.021399  Dhi=0.217136  err=0.000000  inc=-0.285333  bucket 0->0  (mf=1000)
[MF-SEL] tPrev=(  d=0.035036  dMin=0.000000  dAvg=0.042791  dMax=0.391473  Dlo=0.021396  Dhi=0.217132  err=0.000000  inc=-0.285333  bucket 0->0  (mf=1000)
[MF-SEL] tPrev=(  d=0.034452  dMin=0.000000  dAvg=0.042784  dMax=0.391473  Dlo=0.021392  Dhi=0.217129  err=0.000000  inc=-0.285333  bucket 0->0  (mf=1000)
[MF-SEL] tPrev=(  d=0.035845  dMin=0.000000  dAvg=0.042778  dMax=0.391473  Dlo=0.021389  Dhi=0.217126  err=0.000000  inc=-0.285333  bucket 0->0  (mf=1000)
[MF-SEL] tPrev=(  d=0.034685  dMin=0.000000  dAvg=0.042772  dMax=0.391473  Dlo=0.021386  Dhi=0.217123  err=0.000000  inc=-0.285333  bucket 0->0  (mf=1000)
[MF-SEL] tPrev=(  d=0.033707  dMin=0.000000  dAvg=0.042764  dMax=0.391473  Dlo=0.021382  Dhi=0.217119  err=0.000000  inc=-0.285333  bucket 0->0  (mf=1000)
[MF-SEL] tPrev=(  d=0.031973  dMin=0.000000  dAvg=0.042755  dMax=0.391473  Dlo=0.021378  Dhi=0.217114  err=0.000000  inc=-0.285333  bucket 0->0  (mf=1000)
[MF-SEL] tPrev=(  d=0.027845  dMin=0.000000  dAvg=0.042743  dMax=0.391473  Dlo=0.021371  Dhi=0.217108  err=0.000000  inc=-0.285333  bucket 0->0  (mf=1000)
[MF-SEL] tPrev=(  d=0.028486  dMin=0.000000  dAvg=0.042731  dMax=0.391473  Dlo=0.021365  Dhi=0.217102  err=0.000000  inc=-0.285333  bucket 0->0  (mf=1000)
[MF-SEL] tPrev=(  d=0.027222  dMin=0.000000  dAvg=0.042718  dMax=0.391473  Dlo=0.021359  Dhi=0.217096  err=0.000000  inc=-0.285333  bucket 0->0  (mf=1000)
[MF-SEL] tPrev=(  d=0.025103  dMin=0.000000  dAvg=0.042703  dMax=0.391473  Dlo=0.021352  Dhi=0.217088  err=0.000000  inc=-0.285333  bucket 0->0  (mf=1000)
[MF-SEL] tPrev=(  d=0.025839  dMin=0.000000  dAvg=0.042689  dMax=0.391473  Dlo=0.021345  Dhi=0.217081  err=0.000000  inc=-0.285333  bucket 0->0  (mf=1000)
[MF-SEL] tPrev=(  d=0.022336  dMin=0.000000  dAvg=0.042672  dMax=0.391473  Dlo=0.021336  Dhi=0.217073  err=0.000000  inc=-0.285333  bucket 0->0  (mf=1000)
Dropping frame 1413393952.455760
[MF-SEL] tPrev=(  d=0.055439  dMin=0.000000  dAvg=0.042683  dMax=0.391473  Dlo=0.021341  Dhi=0.217078  err=0.000000  inc=-0.285333  bucket 0->0  (mf=1000)
Dropping frame 1413393952.555760
[MF-SEL] tPrev=(  d=0.047907  dMin=0.000000  dAvg=0.042687  dMax=0.391473  Dlo=0.021344  Dhi=0.217080  err=0.000000  inc=-0.285333  bucket 0->0  (mf=1000)
[MF-SEL] tPrev=(  d=0.025458  dMin=0.000000  dAvg=0.042673  dMax=0.391473  Dlo=0.021336  Dhi=0.217073  err=0.000000  inc=-0.285333  bucket 0->0  (mf=1000)
[MF-SEL] tPrev=(  d=0.025108  dMin=0.000000  dAvg=0.042658  dMax=0.391473  Dlo=0.021329  Dhi=0.217066  err=0.000000  inc=-0.285333  bucket 0->0  (mf=1000)
[MF-SEL] tPrev=(  d=0.024980  dMin=0.000000  dAvg=0.042644  dMax=0.391473  Dlo=0.021322  Dhi=0.217059  err=0.000000  inc=-0.285333  bucket 0->0  (mf=1000)
[MF-SEL] tPrev=(  d=0.024614  dMin=0.000000  dAvg=0.042629  dMax=0.391473  Dlo=0.021314  Dhi=0.217051  err=0.000000  inc=-0.285333  bucket 0->0  (mf=1000)
[MF-SEL] tPrev=(  d=0.025011  dMin=0.000000  dAvg=0.042614  dMax=0.391473  Dlo=0.021307  Dhi=0.217044  err=0.000000  inc=-0.285333  bucket 0->0  (mf=1000)
[MF-SEL] tPrev=(  d=0.025005  dMin=0.000000  dAvg=0.042600  dMax=0.391473  Dlo=0.021300  Dhi=0.217037  err=0.000000  inc=-0.285333  bucket 0->0  (mf=1000)
[MF-SEL] tPrev=(  d=0.025543  dMin=0.000000  dAvg=0.042586  dMax=0.391473  Dlo=0.021293  Dhi=0.217030  err=0.000000  inc=-0.285333  bucket 0->0  (mf=1000)
[MF-SEL] tPrev=(  d=0.025581  dMin=0.000000  dAvg=0.042572  dMax=0.391473  Dlo=0.021286  Dhi=0.217023  err=0.000000  inc=-0.285333  bucket 0->0  (mf=1000)
Dropping frame 1413393953.055760
[MF-SEL] tPrev=(  d=0.051073  dMin=0.000000  dAvg=0.042579  dMax=0.391473  Dlo=0.021289  Dhi=0.217026  err=0.000000  inc=-0.285333  bucket 0->0  (mf=1000)
[MF-SEL] tPrev=(  d=0.026714  dMin=0.000000  dAvg=0.042566  dMax=0.391473  Dlo=0.021283  Dhi=0.217019  err=0.000000  inc=-0.285333  bucket 0->0  (mf=1000)
[MF-SEL] tPrev=(  d=0.026646  dMin=0.000000  dAvg=0.042552  dMax=0.391473  Dlo=0.021276  Dhi=0.217013  err=0.000000  inc=-0.285333  bucket 0->0  (mf=1000)
[MF-SEL] tPrev=(  d=0.027080  dMin=0.000000  dAvg=0.042540  dMax=0.391473  Dlo=0.021270  Dhi=0.217007  err=0.000000  inc=-0.285333  bucket 0->0  (mf=1000)
[MF-SEL] tPrev=(  d=0.028343  dMin=0.000000  dAvg=0.042528  dMax=0.391473  Dlo=0.021264  Dhi=0.217001  err=0.000000  inc=-0.285333  bucket 0->0  (mf=1000)
[MF-SEL] tPrev=(  d=0.027919  dMin=0.000000  dAvg=0.042516  dMax=0.391473  Dlo=0.021258  Dhi=0.216995  err=0.000000  inc=-0.285333  bucket 0->0  (mf=1000)
[MF-SEL] tPrev=(  d=0.027385  dMin=0.000000  dAvg=0.042504  dMax=0.391473  Dlo=0.021252  Dhi=0.216989  err=0.000000  inc=-0.285333  bucket 0->0  (mf=1000)
[MF-SEL] tPrev=(  d=0.035269  dMin=0.000000  dAvg=0.042498  dMax=0.391473  Dlo=0.021249  Dhi=0.216986  err=0.000000  inc=-0.285333  bucket 0->0  (mf=1000)
[MF-SEL] tPrev=(  d=0.026741  dMin=0.000000  dAvg=0.042485  dMax=0.391473  Dlo=0.021242  Dhi=0.216979  err=0.000000  inc=-0.285333  bucket 0->0  (mf=1000)
[MF-SEL] tPrev=(  d=0.031527  dMin=0.000000  dAvg=0.042476  dMax=0.391473  Dlo=0.021238  Dhi=0.216975  err=0.000000  inc=-0.285333  bucket 0->0  (mf=1000)
Dropping frame 1413393953.605761
[MF-SEL] tPrev=(  d=0.058042  dMin=0.000000  dAvg=0.042489  dMax=0.391473  Dlo=0.021244  Dhi=0.216981  err=0.000000  inc=-0.285333  bucket 0->0  (mf=1000)
Dropping frame 1413393953.705760
[MF-SEL] tPrev=(  d=0.060962  dMin=0.000000  dAvg=0.042504  dMax=0.391473  Dlo=0.021252  Dhi=0.216989  err=0.000000  inc=-0.285333  bucket 0->0  (mf=1000)
[MF-SEL] tPrev=(  d=0.024416  dMin=0.000000  dAvg=0.042489  dMax=0.391473  Dlo=0.021244  Dhi=0.216981  err=0.000000  inc=-0.285333  bucket 0->0  (mf=1000)
[MF-SEL] tPrev=(  d=0.019672  dMin=0.000000  dAvg=0.042470  dMax=0.391473  Dlo=0.021235  Dhi=0.216972  err=-1.000000  inc=-1.232801  bucket 0->0  (mf=1000)
[MF-SEL] tPrev=(  d=0.017440  dMin=0.000000  dAvg=0.042450  dMax=0.391473  Dlo=0.021225  Dhi=0.216962  err=-1.000000  inc=-0.889897  bucket 0->0  (mf=1000)
Dropping frame 1413393953.955760
[MF-SEL] tPrev=(  d=0.034530  dMin=0.000000  dAvg=0.042444  dMax=0.391473  Dlo=0.021222  Dhi=0.216958  err=0.000000  inc=-0.117559  bucket 0->0  (mf=1000)
[MF-SEL] tPrev=(  d=0.014802  dMin=0.000000  dAvg=0.042421  dMax=0.391473  Dlo=0.021211  Dhi=0.216947  err=-1.000000  inc=-1.245937  bucket 0->0  (mf=1000)
[MF-SEL] tPrev=(  d=0.012241  dMin=0.000000  dAvg=0.042397  dMax=0.391473  Dlo=0.021198  Dhi=0.216935  err=-1.000000  inc=-0.894236  bucket 0->0  (mf=1000)
[MF-SEL] tPrev=(  d=0.014263  dMin=0.000000  dAvg=0.042374  dMax=0.391473  Dlo=0.021187  Dhi=0.216924  err=-1.000000  inc=-0.896420  bucket 0->0  (mf=1000)
[MF-SEL] tPrev=(  d=0.010979  dMin=0.000000  dAvg=0.042348  dMax=0.391473  Dlo=0.021174  Dhi=0.216911  err=-1.000000  inc=-0.900408  bucket 0->0  (mf=1000)
[MF-SEL] tPrev=(  d=0.009320  dMin=0.000000  dAvg=0.042322  dMax=0.391473  Dlo=0.021161  Dhi=0.216897  err=-1.000000  inc=-0.902119  bucket 0->0  (mf=1000)
[MF-SEL] tPrev=(  d=0.009629  dMin=0.000000  dAvg=0.042295  dMax=0.391473  Dlo=0.021148  Dhi=0.216884  err=-1.000000  inc=-0.904420  bucket 0->0  (mf=1000)
[MF-SEL] tPrev=(  d=0.010789  dMin=0.000000  dAvg=0.042270  dMax=0.391473  Dlo=0.021135  Dhi=0.216871  err=-1.000000  inc=-0.906565  bucket 0->0  (mf=1000)
[MF-SEL] tPrev=(  d=0.012686  dMin=0.000000  dAvg=0.042246  dMax=0.391473  Dlo=0.021123  Dhi=0.216860  err=-1.000000  inc=-0.909018  bucket 0->0  (mf=1000)
[MF-SEL] tPrev=(  d=0.008614  dMin=0.000000  dAvg=0.042218  dMax=0.391473  Dlo=0.021109  Dhi=0.216846  err=-1.000000  inc=-0.910887  bucket 0->0  (mf=1000)
[MF-SEL] tPrev=(  d=0.016689  dMin=0.000000  dAvg=0.042198  dMax=0.391473  Dlo=0.021099  Dhi=0.216836  err=-1.000000  inc=-0.913399  bucket 0->0  (mf=1000)
[MF-SEL] tPrev=(  d=0.019358  dMin=0.000000  dAvg=0.042179  dMax=0.391473  Dlo=0.021090  Dhi=0.216826  err=-1.000000  inc=-0.915595  bucket 0->0  (mf=1000)
Dropping frame 1413393954.605761
[MF-SEL] tPrev=(  d=0.048640  dMin=0.000000  dAvg=0.042185  dMax=0.391473  Dlo=0.021092  Dhi=0.216829  err=0.000000  inc=-0.155282  bucket 0->0  (mf=1000)
[MF-SEL] tPrev=(  d=0.030266  dMin=0.000000  dAvg=0.042175  dMax=0.391473  Dlo=0.021088  Dhi=0.216824  err=0.000000  inc=-0.315595  bucket 0->0  (mf=1000)
[MF-SEL] tPrev=(  d=0.034001  dMin=0.000000  dAvg=0.042168  dMax=0.391473  Dlo=0.021084  Dhi=0.216821  err=0.000000  inc=-0.315595  bucket 0->0  (mf=1000)
[MF-SEL] tPrev=(  d=0.036990  dMin=0.000000  dAvg=0.042164  dMax=0.391473  Dlo=0.021082  Dhi=0.216819  err=0.000000  inc=-0.315595  bucket 0->0  (mf=1000)
[MF-SEL] tPrev=(  d=0.040625  dMin=0.000000  dAvg=0.042163  dMax=0.391473  Dlo=0.021082  Dhi=0.216818  err=0.000000  inc=-0.315595  bucket 0->0  (mf=1000)
[MF-SEL] tPrev=(  d=0.041587  dMin=0.000000  dAvg=0.042163  dMax=0.391473  Dlo=0.021081  Dhi=0.216818  err=0.000000  inc=-0.315595  bucket 0->0  (mf=1000)
[MF-SEL] tPrev=(  d=0.047075  dMin=0.000000  dAvg=0.042167  dMax=0.391473  Dlo=0.021083  Dhi=0.216820  err=0.000000  inc=-0.315595  bucket 0->0  (mf=1000)
[MF-SEL] tPrev=(  d=0.050053  dMin=0.000000  dAvg=0.042173  dMax=0.391473  Dlo=0.021086  Dhi=0.216823  err=0.000000  inc=-0.315595  bucket 0->0  (mf=1000)
[MF-SEL] tPrev=(  d=0.053574  dMin=0.000000  dAvg=0.042182  dMax=0.391473  Dlo=0.021091  Dhi=0.216828  err=0.000000  inc=-0.315595  bucket 0->0  (mf=1000)
[MF-SEL] tPrev=(  d=0.062669  dMin=0.000000  dAvg=0.042198  dMax=0.391473  Dlo=0.021099  Dhi=0.216836  err=0.000000  inc=-0.315595  bucket 0->0  (mf=1000)
[MF-SEL] tPrev=(  d=0.056677  dMin=0.000000  dAvg=0.042210  dMax=0.391473  Dlo=0.021105  Dhi=0.216842  err=0.000000  inc=-0.315595  bucket 0->0  (mf=1000)
[MF-SEL] tPrev=(  d=0.057863  dMin=0.000000  dAvg=0.042222  dMax=0.391473  Dlo=0.021111  Dhi=0.216848  err=0.000000  inc=-0.315595  bucket 0->0  (mf=1000)
Dropping frame 1413393955.255760
[MF-SEL] tPrev=(  d=0.117561  dMin=0.000000  dAvg=0.042283  dMax=0.391473  Dlo=0.021141  Dhi=0.216878  err=0.000000  inc=-0.315595  bucket 0->0  (mf=1000)
[MF-SEL] tPrev=(  d=0.062846  dMin=0.000000  dAvg=0.042299  dMax=0.391473  Dlo=0.021149  Dhi=0.216886  err=0.000000  inc=-0.315595  bucket 0->0  (mf=1000)
[MF-SEL] tPrev=(  d=0.058784  dMin=0.000000  dAvg=0.042312  dMax=0.391473  Dlo=0.021156  Dhi=0.216893  err=0.000000  inc=-0.315595  bucket 0->0  (mf=1000)
[MF-SEL] tPrev=(  d=0.059400  dMin=0.000000  dAvg=0.042326  dMax=0.391473  Dlo=0.021163  Dhi=0.216900  err=0.000000  inc=-0.315595  bucket 0->0  (mf=1000)
[MF-SEL] tPrev=(  d=0.059364  dMin=0.000000  dAvg=0.042339  dMax=0.391473  Dlo=0.021170  Dhi=0.216906  err=0.000000  inc=-0.315595  bucket 0->0  (mf=1000)
[MF-SEL] tPrev=(  d=0.056147  dMin=0.000000  dAvg=0.042350  dMax=0.391473  Dlo=0.021175  Dhi=0.216912  err=0.000000  inc=-0.315595  bucket 0->0  (mf=1000)
[MF-SEL] tPrev=(  d=0.055083  dMin=0.000000  dAvg=0.042360  dMax=0.391473  Dlo=0.021180  Dhi=0.216917  err=0.000000  inc=-0.315595  bucket 0->0  (mf=1000)
Dropping frame 1413393955.655760
[MF-SEL] tPrev=(  d=0.104903  dMin=0.000000  dAvg=0.042410  dMax=0.391473  Dlo=0.021205  Dhi=0.216942  err=0.000000  inc=-0.315595  bucket 0->0  (mf=1000)
[MF-SEL] tPrev=(  d=0.049654  dMin=0.000000  dAvg=0.042416  dMax=0.391473  Dlo=0.021208  Dhi=0.216945  err=0.000000  inc=-0.315595  bucket 0->0  (mf=1000)
[MF-SEL] tPrev=(  d=0.057905  dMin=0.000000  dAvg=0.042428  dMax=0.391473  Dlo=0.021214  Dhi=0.216951  err=0.000000  inc=-0.315595  bucket 0->0  (mf=1000)
Dropping frame 1413393955.855760
[MF-SEL] tPrev=(  d=0.088059  dMin=0.000000  dAvg=0.042464  dMax=0.391473  Dlo=0.021232  Dhi=0.216969  err=0.000000  inc=-0.315595  bucket 0->0  (mf=1000)
Dropping frame 1413393955.955760
[MF-SEL] tPrev=(  d=0.078997  dMin=0.000000  dAvg=0.042493  dMax=0.391473  Dlo=0.021247  Dhi=0.216983  err=0.000000  inc=-0.315595  bucket 0->0  (mf=1000)
[MF-SEL] tPrev=(  d=0.037655  dMin=0.000000  dAvg=0.042489  dMax=0.391473  Dlo=0.021245  Dhi=0.216981  err=0.000000  inc=-0.315595  bucket 0->0  (mf=1000)
[MF-SEL] tPrev=(  d=0.038550  dMin=0.000000  dAvg=0.042486  dMax=0.391473  Dlo=0.021243  Dhi=0.216980  err=0.000000  inc=-0.315595  bucket 0->0  (mf=1000)
[MF-SEL] tPrev=(  d=0.039048  dMin=0.000000  dAvg=0.042483  dMax=0.391473  Dlo=0.021242  Dhi=0.216978  err=0.000000  inc=-0.315595  bucket 0->0  (mf=1000)
[MF-SEL] tPrev=(  d=0.039805  dMin=0.000000  dAvg=0.042481  dMax=0.391473  Dlo=0.021241  Dhi=0.216977  err=0.000000  inc=-0.315595  bucket 0->0  (mf=1000)
[MF-SEL] tPrev=(  d=0.040072  dMin=0.000000  dAvg=0.042479  dMax=0.391473  Dlo=0.021240  Dhi=0.216976  err=0.000000  inc=-0.315595  bucket 0->0  (mf=1000)
[MF-SEL] tPrev=(  d=0.049870  dMin=0.000000  dAvg=0.042485  dMax=0.391473  Dlo=0.021243  Dhi=0.216979  err=0.000000  inc=-0.315595  bucket 0->0  (mf=1000)
[MF-SEL] tPrev=(  d=0.041401  dMin=0.000000  dAvg=0.042484  dMax=0.391473  Dlo=0.021242  Dhi=0.216979  err=0.000000  inc=-0.315595  bucket 0->0  (mf=1000)
[MF-SEL] tPrev=(  d=0.040045  dMin=0.000000  dAvg=0.042482  dMax=0.391473  Dlo=0.021241  Dhi=0.216978  err=0.000000  inc=-0.315595  bucket 0->0  (mf=1000)
[MF-SEL] tPrev=(  d=0.038900  dMin=0.000000  dAvg=0.042480  dMax=0.391473  Dlo=0.021240  Dhi=0.216977  err=0.000000  inc=-0.315595  bucket 0->0  (mf=1000)
[MF-SEL] tPrev=(  d=0.037574  dMin=0.000000  dAvg=0.042476  dMax=0.391473  Dlo=0.021238  Dhi=0.216975  err=0.000000  inc=-0.315595  bucket 0->0  (mf=1000)
[MF-SEL] tPrev=(  d=0.035602  dMin=0.000000  dAvg=0.042470  dMax=0.391473  Dlo=0.021235  Dhi=0.216972  err=0.000000  inc=-0.315595  bucket 0->0  (mf=1000)
[MF-SEL] tPrev=(  d=0.034152  dMin=0.000000  dAvg=0.042464  dMax=0.391473  Dlo=0.021232  Dhi=0.216969  err=0.000000  inc=-0.315595  bucket 0->0  (mf=1000)
Dropping frame 1413393956.655760
[MF-SEL] tPrev=(  d=0.080513  dMin=0.000000  dAvg=0.042494  dMax=0.391473  Dlo=0.021247  Dhi=0.216984  err=0.000000  inc=-0.315595  bucket 0->0  (mf=1000)
[MF-SEL] tPrev=(  d=0.033420  dMin=0.000000  dAvg=0.042487  dMax=0.391473  Dlo=0.021243  Dhi=0.216980  err=0.000000  inc=-0.315595  bucket 0->0  (mf=1000)
[MF-SEL] tPrev=(  d=0.032146  dMin=0.000000  dAvg=0.042478  dMax=0.391473  Dlo=0.021239  Dhi=0.216976  err=0.000000  inc=-0.315595  bucket 0->0  (mf=1000)
[MF-SEL] tPrev=(  d=0.028536  dMin=0.000000  dAvg=0.042468  dMax=0.391473  Dlo=0.021234  Dhi=0.216970  err=0.000000  inc=-0.315595  bucket 0->0  (mf=1000)
[MF-SEL] tPrev=(  d=0.030957  dMin=0.000000  dAvg=0.042459  dMax=0.391473  Dlo=0.021229  Dhi=0.216966  err=0.000000  inc=-0.315595  bucket 0->0  (mf=1000)
[MF-SEL] tPrev=(  d=0.032105  dMin=0.000000  dAvg=0.042451  dMax=0.391473  Dlo=0.021225  Dhi=0.216962  err=0.000000  inc=-0.315595  bucket 0->0  (mf=1000)
[MF-SEL] tPrev=(  d=0.033632  dMin=0.000000  dAvg=0.042444  dMax=0.391473  Dlo=0.021222  Dhi=0.216959  err=0.000000  inc=-0.315595  bucket 0->0  (mf=1000)
[MF-SEL] tPrev=(  d=0.033044  dMin=0.000000  dAvg=0.042436  dMax=0.391473  Dlo=0.021218  Dhi=0.216955  err=0.000000  inc=-0.315595  bucket 0->0  (mf=1000)
Dropping frame 1413393957.105761
[MF-SEL] tPrev=(  d=0.066136  dMin=0.000000  dAvg=0.042455  dMax=0.391473  Dlo=0.021227  Dhi=0.216964  err=0.000000  inc=-0.315595  bucket 0->0  (mf=1000)
[MF-SEL] tPrev=(  d=0.022249  dMin=0.000000  dAvg=0.042439  dMax=0.391473  Dlo=0.021220  Dhi=0.216956  err=0.000000  inc=-0.315595  bucket 0->0  (mf=1000)
[MF-SEL] tPrev=(  d=0.034089  dMin=0.000000  dAvg=0.042433  dMax=0.391473  Dlo=0.021216  Dhi=0.216953  err=0.000000  inc=-0.315595  bucket 0->0  (mf=1000)
[MF-SEL] tPrev=(  d=0.034815  dMin=0.000000  dAvg=0.042427  dMax=0.391473  Dlo=0.021213  Dhi=0.216950  err=0.000000  inc=-0.315595  bucket 0->0  (mf=1000)
[MF-SEL] tPrev=(  d=0.035220  dMin=0.000000  dAvg=0.042421  dMax=0.391473  Dlo=0.021211  Dhi=0.216947  err=0.000000  inc=-0.315595  bucket 0->0  (mf=1000)
[MF-SEL] tPrev=(  d=0.027201  dMin=0.000000  dAvg=0.042409  dMax=0.391473  Dlo=0.021205  Dhi=0.216941  err=0.000000  inc=-0.315595  bucket 0->0  (mf=1000)
[MF-SEL] tPrev=(  d=0.036762  dMin=0.000000  dAvg=0.042405  dMax=0.391473  Dlo=0.021202  Dhi=0.216939  err=0.000000  inc=-0.315595  bucket 0->0  (mf=1000)
[MF-SEL] tPrev=(  d=0.037252  dMin=0.000000  dAvg=0.042401  dMax=0.391473  Dlo=0.021200  Dhi=0.216937  err=0.000000  inc=-0.315595  bucket 0->0  (mf=1000)
[MF-SEL] tPrev=(  d=0.032481  dMin=0.000000  dAvg=0.042393  dMax=0.391473  Dlo=0.021197  Dhi=0.216933  err=0.000000  inc=-0.315595  bucket 0->0  (mf=1000)
[MF-SEL] tPrev=(  d=0.036457  dMin=0.000000  dAvg=0.042389  dMax=0.391473  Dlo=0.021194  Dhi=0.216931  err=0.000000  inc=-0.315595  bucket 0->0  (mf=1000)
[MF-SEL] tPrev=(  d=0.036240  dMin=0.000000  dAvg=0.042384  dMax=0.391473  Dlo=0.021192  Dhi=0.216929  err=0.000000  inc=-0.315595  bucket 0->0  (mf=1000)
[MF-SEL] tPrev=(  d=0.036163  dMin=0.000000  dAvg=0.042379  dMax=0.391473  Dlo=0.021190  Dhi=0.216926  err=0.000000  inc=-0.315595  bucket 0->0  (mf=1000)
Dropping frame 1413393957.755760
[MF-SEL] tPrev=(  d=0.062596  dMin=0.000000  dAvg=0.042395  dMax=0.391473  Dlo=0.021197  Dhi=0.216934  err=0.000000  inc=-0.315595  bucket 0->0  (mf=1000)
[MF-SEL] tPrev=(  d=0.036060  dMin=0.000000  dAvg=0.042390  dMax=0.391473  Dlo=0.021195  Dhi=0.216932  err=0.000000  inc=-0.315595  bucket 0->0  (mf=1000)
[MF-SEL] tPrev=(  d=0.035073  dMin=0.000000  dAvg=0.042384  dMax=0.391473  Dlo=0.021192  Dhi=0.216929  err=0.000000  inc=-0.315595  bucket 0->0  (mf=1000)
[MF-SEL] tPrev=(  d=0.034049  dMin=0.000000  dAvg=0.042378  dMax=0.391473  Dlo=0.021189  Dhi=0.216926  err=0.000000  inc=-0.315595  bucket 0->0  (mf=1000)
[MF-SEL] tPrev=(  d=0.030172  dMin=0.000000  dAvg=0.042368  dMax=0.391473  Dlo=0.021184  Dhi=0.216921  err=0.000000  inc=-0.315595  bucket 0->0  (mf=1000)
[MF-SEL] tPrev=(  d=0.026774  dMin=0.000000  dAvg=0.042356  dMax=0.391473  Dlo=0.021178  Dhi=0.216915  err=0.000000  inc=-0.315595  bucket 0->0  (mf=1000)
[MF-SEL] tPrev=(  d=0.021450  dMin=0.000000  dAvg=0.042340  dMax=0.391473  Dlo=0.021170  Dhi=0.216907  err=0.000000  inc=-0.315595  bucket 0->0  (mf=1000)
[MF-SEL] tPrev=(  d=0.017542  dMin=0.000000  dAvg=0.042321  dMax=0.391473  Dlo=0.021161  Dhi=0.216897  err=-1.000000  inc=-1.266613  bucket 0->0  (mf=1000)
[MF-SEL] tPrev=(  d=0.031840  dMin=0.000000  dAvg=0.042313  dMax=0.391473  Dlo=0.021157  Dhi=0.216893  err=0.000000  inc=0.040568  bucket 0->0  (mf=1000)
[MF-SEL] tPrev=(  d=0.015973  dMin=0.000000  dAvg=0.042293  dMax=0.391473  Dlo=0.021147  Dhi=0.216883  err=-1.000000  inc=-1.230476  bucket 0->0  (mf=1000)
[MF-SEL] tPrev=(  d=0.016455  dMin=0.000000  dAvg=0.042273  dMax=0.391473  Dlo=0.021137  Dhi=0.216873  err=-1.000000  inc=-0.922808  bucket 0->0  (mf=1000)
[MF-SEL] tPrev=(  d=0.017418  dMin=0.000000  dAvg=0.042254  dMax=0.391473  Dlo=0.021127  Dhi=0.216864  err=-1.000000  inc=-0.925243  bucket 0->0  (mf=1000)
[MF-SEL] tPrev=(  d=0.016289  dMin=0.000000  dAvg=0.042235  dMax=0.391473  Dlo=0.021117  Dhi=0.216854  err=-1.000000  inc=-0.927389  bucket 0->0  (mf=1000)
[MF-SEL] tPrev=(  d=0.013723  dMin=0.000000  dAvg=0.042213  dMax=0.391473  Dlo=0.021106  Dhi=0.216843  err=-1.000000  inc=-0.929749  bucket 0->0  (mf=1000)
[MF-SEL] tPrev=(  d=0.011122  dMin=0.000000  dAvg=0.042189  dMax=0.391473  Dlo=0.021095  Dhi=0.216831  err=-1.000000  inc=-0.932099  bucket 0->0  (mf=1000)
[MF-SEL] tPrev=(  d=0.010483  dMin=0.000000  dAvg=0.042165  dMax=0.391473  Dlo=0.021082  Dhi=0.216819  err=-1.000000  inc=-0.934341  bucket 0->0  (mf=1000)
Dropping frame 1413393958.605761
[MF-SEL] tPrev=(  d=0.026484  dMin=0.000000  dAvg=0.042153  dMax=0.391473  Dlo=0.021076  Dhi=0.216813  err=0.000000  inc=-0.169051  bucket 0->0  (mf=1000)
[MF-SEL] tPrev=(  d=0.012914  dMin=0.000000  dAvg=0.042131  dMax=0.391473  Dlo=0.021065  Dhi=0.216802  err=-1.000000  inc=-1.269776  bucket 0->0  (mf=1000)
[MF-SEL] tPrev=(  d=0.015252  dMin=0.000000  dAvg=0.042110  dMax=0.391473  Dlo=0.021055  Dhi=0.216792  err=-1.000000  inc=-0.938915  bucket 0->0  (mf=1000)
[MF-SEL] tPrev=(  d=0.017153  dMin=0.000000  dAvg=0.042091  dMax=0.391473  Dlo=0.021046  Dhi=0.216782  err=-1.000000  inc=-0.941316  bucket 0->0  (mf=1000)
[MF-SEL] tPrev=(  d=0.018734  dMin=0.000000  dAvg=0.042074  dMax=0.391473  Dlo=0.021037  Dhi=0.216773  err=-1.000000  inc=-0.943621  bucket 0->0  (mf=1000)
[MF-SEL] tPrev=(  d=0.021010  dMin=0.000000  dAvg=0.042058  dMax=0.391473  Dlo=0.021029  Dhi=0.216765  err=-1.000000  inc=-0.946042  bucket 0->0  (mf=1000)
Dropping frame 1413393958.955760
[MF-SEL] tPrev=(  d=0.053674  dMin=0.000000  dAvg=0.042066  dMax=0.391473  Dlo=0.021033  Dhi=0.216770  err=0.000000  inc=-0.182063  bucket 0->0  (mf=1000)
[MF-SEL] tPrev=(  d=0.028240  dMin=0.000000  dAvg=0.042056  dMax=0.391473  Dlo=0.021028  Dhi=0.216765  err=0.000000  inc=-0.346042  bucket 0->0  (mf=1000)
[MF-SEL] tPrev=(  d=0.028369  dMin=0.000000  dAvg=0.042046  dMax=0.391473  Dlo=0.021023  Dhi=0.216759  err=0.000000  inc=-0.346042  bucket 0->0  (mf=1000)
Dropping frame 1413393959.155760
[MF-SEL] tPrev=(  d=0.060610  dMin=0.000000  dAvg=0.042060  dMax=0.391473  Dlo=0.021030  Dhi=0.216766  err=0.000000  inc=-0.346042  bucket 0->0  (mf=1000)
[MF-SEL] tPrev=(  d=0.026386  dMin=0.000000  dAvg=0.042048  dMax=0.391473  Dlo=0.021024  Dhi=0.216761  err=0.000000  inc=-0.346042  bucket 0->0  (mf=1000)
[MF-SEL] tPrev=(  d=0.026021  dMin=0.000000  dAvg=0.042036  dMax=0.391473  Dlo=0.021018  Dhi=0.216755  err=0.000000  inc=-0.346042  bucket 0->0  (mf=1000)
Dropping frame 1413393959.355760
[MF-SEL] tPrev=(  d=0.053895  dMin=0.000000  dAvg=0.042045  dMax=0.391473  Dlo=0.021022  Dhi=0.216759  err=0.000000  inc=-0.346042  bucket 0->0  (mf=1000)
[MF-SEL] tPrev=(  d=0.029776  dMin=0.000000  dAvg=0.042035  dMax=0.391473  Dlo=0.021018  Dhi=0.216754  err=0.000000  inc=-0.346042  bucket 0->0  (mf=1000)
[MF-SEL] tPrev=(  d=0.020030  dMin=0.000000  dAvg=0.042019  dMax=0.391473  Dlo=0.021009  Dhi=0.216746  err=-1.000000  inc=-1.270139  bucket 0->0  (mf=1000)
Dropping frame 1413393959.555760
[MF-SEL] tPrev=(  d=0.038459  dMin=0.000000  dAvg=0.042016  dMax=0.391473  Dlo=0.021008  Dhi=0.216745  err=0.000000  inc=-0.188371  bucket 0->0  (mf=1000)
[MF-SEL] tPrev=(  d=0.014872  dMin=0.000000  dAvg=0.041996  dMax=0.391473  Dlo=0.020998  Dhi=0.216735  err=-1.000000  inc=-1.270361  bucket 0->0  (mf=1000)
[MF-SEL] tPrev=(  d=0.012723  dMin=0.000000  dAvg=0.041974  dMax=0.391473  Dlo=0.020987  Dhi=0.216724  err=-1.000000  inc=-0.953174  bucket 0->0  (mf=1000)
[MF-SEL] tPrev=(  d=0.011211  dMin=0.000000  dAvg=0.041951  dMax=0.391473  Dlo=0.020975  Dhi=0.216712  err=-1.000000  inc=-0.955483  bucket 0->0  (mf=1000)
[MF-SEL] tPrev=(  d=0.014979  dMin=0.000000  dAvg=0.041930  dMax=0.391473  Dlo=0.020965  Dhi=0.216702  err=-1.000000  inc=-0.957866  bucket 0->0  (mf=1000)
Dropping frame 1413393959.855760
[MF-SEL] tPrev=(  d=0.027091  dMin=0.000000  dAvg=0.041919  dMax=0.391473  Dlo=0.020960  Dhi=0.216696  err=0.000000  inc=-0.194266  bucket 0->0  (mf=1000)
[MF-SEL] tPrev=(  d=0.012200  dMin=0.000000  dAvg=0.041897  dMax=0.391473  Dlo=0.020948  Dhi=0.216685  err=-1.000000  inc=-1.289311  bucket 0->0  (mf=1000)
[MF-SEL] tPrev=(  d=0.012629  dMin=0.000000  dAvg=0.041875  dMax=0.391473  Dlo=0.020937  Dhi=0.216674  err=-1.000000  inc=-0.962625  bucket 0->0  (mf=1000)
[MF-SEL] tPrev=(  d=0.010502  dMin=0.000000  dAvg=0.041851  dMax=0.391473  Dlo=0.020926  Dhi=0.216662  err=-1.000000  inc=-0.965043  bucket 0->0  (mf=1000)
[MF-SEL] tPrev=(  d=0.011511  dMin=0.000000  dAvg=0.041829  dMax=0.391473  Dlo=0.020914  Dhi=0.216651  err=-1.000000  inc=-0.967400  bucket 0->0  (mf=1000)
Dropping frame 1413393960.155760
[MF-SEL] tPrev=(  d=0.015461  dMin=0.000000  dAvg=0.041809  dMax=0.391473  Dlo=0.020905  Dhi=0.216641  err=-1.000000  inc=-0.972023  bucket 0->0  (mf=1000)
[MF-SEL] tPrev=(  d=0.007461  dMin=0.000000  dAvg=0.041783  dMax=0.391473  Dlo=0.020892  Dhi=0.216628  err=-1.000000  inc=-0.974459  bucket 0->0  (mf=1000)
[MF-SEL] tPrev=(  d=0.013717  dMin=0.000000  dAvg=0.041762  dMax=0.391473  Dlo=0.020881  Dhi=0.216618  err=-1.000000  inc=-0.976716  bucket 0->0  (mf=1000)
[MF-SEL] tPrev=(  d=0.008925  dMin=0.000000  dAvg=0.041738  dMax=0.391473  Dlo=0.020869  Dhi=0.216606  err=-1.000000  inc=-0.979179  bucket 0->0  (mf=1000)
Dropping frame 1413393960.405761
[MF-SEL] tPrev=(  d=0.008124  dMin=0.000000  dAvg=0.041713  dMax=0.391473  Dlo=0.020856  Dhi=0.216593  err=-1.000000  inc=-0.984097  bucket 0->0  (mf=1000)
[MF-SEL] tPrev=(  d=0.006524  dMin=0.000000  dAvg=0.041687  dMax=0.391473  Dlo=0.020843  Dhi=0.216580  err=-1.000000  inc=-0.986429  bucket 0->0  (mf=1000)
[MF-SEL] tPrev=(  d=0.009809  dMin=0.000000  dAvg=0.041663  dMax=0.391473  Dlo=0.020832  Dhi=0.216568  err=-1.000000  inc=-0.988842  bucket 0->0  (mf=1000)
[MF-SEL] tPrev=(  d=0.013411  dMin=0.000000  dAvg=0.041642  dMax=0.391473  Dlo=0.020821  Dhi=0.216558  err=-1.000000  inc=-0.991227  bucket 0->0  (mf=1000)
[MF-SEL] tPrev=(  d=0.018325  dMin=0.000000  dAvg=0.041625  dMax=0.391473  Dlo=0.020812  Dhi=0.216549  err=-1.000000  inc=-0.993580  bucket 0->0  (mf=1000)
[MF-SEL] tPrev=(  d=0.023563  dMin=0.000000  dAvg=0.041611  dMax=0.391473  Dlo=0.020806  Dhi=0.216542  err=0.000000  inc=0.003138  bucket 0->0  (mf=1000)
[MF-SEL] tPrev=(  d=0.028573  dMin=0.000000  dAvg=0.041602  dMax=0.391473  Dlo=0.020801  Dhi=0.216538  err=0.000000  inc=-0.393580  bucket 0->0  (mf=1000)
[MF-SEL] tPrev=(  d=0.017266  dMin=0.000000  dAvg=0.041584  dMax=0.391473  Dlo=0.020792  Dhi=0.216528  err=-1.000000  inc=-1.323068  bucket 0->0  (mf=1000)
[MF-SEL] tPrev=(  d=0.034202  dMin=0.000000  dAvg=0.041578  dMax=0.391473  Dlo=0.020789  Dhi=0.216526  err=0.000000  inc=-0.033065  bucket 0->0  (mf=1000)
[MF-SEL] tPrev=(  d=0.032056  dMin=0.000000  dAvg=0.041571  dMax=0.391473  Dlo=0.020786  Dhi=0.216522  err=0.000000  inc=-0.396026  bucket 0->0  (mf=1000)
[MF-SEL] tPrev=(  d=0.030677  dMin=0.000000  dAvg=0.041563  dMax=0.391473  Dlo=0.020781  Dhi=0.216518  err=0.000000  inc=-0.396026  bucket 0->0  (mf=1000)
[MF-SEL] tPrev=(  d=0.030982  dMin=0.000000  dAvg=0.041555  dMax=0.391473  Dlo=0.020778  Dhi=0.216514  err=0.000000  inc=-0.396026  bucket 0->0  (mf=1000)
[MF-SEL] tPrev=(  d=0.027408  dMin=0.000000  dAvg=0.041545  dMax=0.391473  Dlo=0.020772  Dhi=0.216509  err=0.000000  inc=-0.396026  bucket 0->0  (mf=1000)
Dropping frame 1413393961.105761
[MF-SEL] tPrev=(  d=0.051787  dMin=0.000000  dAvg=0.041552  dMax=0.391473  Dlo=0.020776  Dhi=0.216513  err=0.000000  inc=-0.396026  bucket 0->0  (mf=1000)
[MF-SEL] tPrev=(  d=0.024046  dMin=0.000000  dAvg=0.041539  dMax=0.391473  Dlo=0.020770  Dhi=0.216506  err=0.000000  inc=-0.396026  bucket 0->0  (mf=1000)
[MF-SEL] tPrev=(  d=0.023156  dMin=0.000000  dAvg=0.041526  dMax=0.391473  Dlo=0.020763  Dhi=0.216500  err=0.000000  inc=-0.396026  bucket 0->0  (mf=1000)
[MF-SEL] tPrev=(  d=0.022602  dMin=0.000000  dAvg=0.041512  dMax=0.391473  Dlo=0.020756  Dhi=0.216493  err=0.000000  inc=-0.396026  bucket 0->0  (mf=1000)
[MF-SEL] tPrev=(  d=0.030344  dMin=0.000000  dAvg=0.041504  dMax=0.391473  Dlo=0.020752  Dhi=0.216489  err=0.000000  inc=-0.396026  bucket 0->0  (mf=1000)
[MF-SEL] tPrev=(  d=0.018811  dMin=0.000000  dAvg=0.041487  dMax=0.391473  Dlo=0.020743  Dhi=0.216480  err=-1.000000  inc=-1.312782  bucket 0->0  (mf=1000)
[MF-SEL] tPrev=(  d=0.017018  dMin=0.000000  dAvg=0.041469  dMax=0.391473  Dlo=0.020734  Dhi=0.216471  err=-1.000000  inc=-1.000784  bucket 0->0  (mf=1000)
[MF-SEL] tPrev=(  d=0.014599  dMin=0.000000  dAvg=0.041449  dMax=0.391473  Dlo=0.020725  Dhi=0.216461  err=-1.000000  inc=-1.003221  bucket 0->0  (mf=1000)
[MF-SEL] tPrev=(  d=0.013760  dMin=0.000000  dAvg=0.041429  dMax=0.391473  Dlo=0.020714  Dhi=0.216451  err=-1.000000  inc=-1.005678  bucket 0->0  (mf=1000)
[MF-SEL] tPrev=(  d=0.016214  dMin=0.000000  dAvg=0.041410  dMax=0.391473  Dlo=0.020705  Dhi=0.216442  err=-1.000000  inc=-1.007674  bucket 0->0  (mf=1000)
Dropping frame 1413393961.655760
[MF-SEL] tPrev=(  d=0.043748  dMin=0.000000  dAvg=0.041412  dMax=0.391473  Dlo=0.020706  Dhi=0.216443  err=0.000000  inc=-0.217485  bucket 0->0  (mf=1000)
[MF-SEL] tPrev=(  d=0.030907  dMin=0.000000  dAvg=0.041404  dMax=0.391473  Dlo=0.020702  Dhi=0.216439  err=0.000000  inc=-0.407674  bucket 0->0  (mf=1000)
[MF-SEL] tPrev=(  d=0.035510  dMin=0.000000  dAvg=0.041400  dMax=0.391473  Dlo=0.020700  Dhi=0.216437  err=0.000000  inc=-0.407674  bucket 0->0  (mf=1000)
[MF-SEL] tPrev=(  d=0.042495  dMin=0.000000  dAvg=0.041401  dMax=0.391473  Dlo=0.020700  Dhi=0.216437  err=0.000000  inc=-0.407674  bucket 0->0  (mf=1000)
[MF-SEL] tPrev=(  d=0.045400  dMin=0.000000  dAvg=0.041404  dMax=0.391473  Dlo=0.020702  Dhi=0.216439  err=0.000000  inc=-0.407674  bucket 0->0  (mf=1000)
[MF-SEL] tPrev=(  d=0.054507  dMin=0.000000  dAvg=0.041413  dMax=0.391473  Dlo=0.020707  Dhi=0.216443  err=0.000000  inc=-0.407674  bucket 0->0  (mf=1000)
[MF-SEL] tPrev=(  d=0.043178  dMin=0.000000  dAvg=0.041415  dMax=0.391473  Dlo=0.020707  Dhi=0.216444  err=0.000000  inc=-0.407674  bucket 0->0  (mf=1000)
[MF-SEL] tPrev=(  d=0.053407  dMin=0.000000  dAvg=0.041423  dMax=0.391473  Dlo=0.020712  Dhi=0.216448  err=0.000000  inc=-0.407674  bucket 0->0  (mf=1000)
[MF-SEL] tPrev=(  d=0.057354  dMin=0.000000  dAvg=0.041435  dMax=0.391473  Dlo=0.020718  Dhi=0.216454  err=0.000000  inc=-0.407674  bucket 0->0  (mf=1000)
[MF-SEL] tPrev=(  d=0.060668  dMin=0.000000  dAvg=0.041449  dMax=0.391473  Dlo=0.020725  Dhi=0.216461  err=0.000000  inc=-0.407674  bucket 0->0  (mf=1000)
[MF-SEL] tPrev=(  d=0.064271  dMin=0.000000  dAvg=0.041466  dMax=0.391473  Dlo=0.020733  Dhi=0.216470  err=0.000000  inc=-0.407674  bucket 0->0  (mf=1000)
[MF-SEL] tPrev=(  d=0.084042  dMin=0.000000  dAvg=0.041497  dMax=0.391473  Dlo=0.020748  Dhi=0.216485  err=0.000000  inc=-0.407674  bucket 0->0  (mf=1000)
[MF-SEL] tPrev=(  d=0.068924  dMin=0.000000  dAvg=0.041517  dMax=0.391473  Dlo=0.020758  Dhi=0.216495  err=0.000000  inc=-0.407674  bucket 0->0  (mf=1000)
Dropping frame 1413393962.355760
[MF-SEL] tPrev=(  d=0.128796  dMin=0.000000  dAvg=0.041580  dMax=0.391473  Dlo=0.020790  Dhi=0.216527  err=0.000000  inc=-0.407674  bucket 0->0  (mf=1000)
Dropping frame 1413393962.455760
[MF-SEL] tPrev=(  d=0.122672  dMin=0.000000  dAvg=0.041639  dMax=0.391473  Dlo=0.020819  Dhi=0.216556  err=0.000000  inc=-0.407674  bucket 0->0  (mf=1000)
[MF-SEL] tPrev=(  d=0.046419  dMin=0.000000  dAvg=0.041642  dMax=0.391473  Dlo=0.020821  Dhi=0.216558  err=0.000000  inc=-0.407674  bucket 0->0  (mf=1000)
[MF-SEL] tPrev=(  d=0.041216  dMin=0.000000  dAvg=0.041642  dMax=0.391473  Dlo=0.020821  Dhi=0.216558  err=0.000000  inc=-0.407674  bucket 0->0  (mf=1000)
[MF-SEL] tPrev=(  d=0.039853  dMin=0.000000  dAvg=0.041641  dMax=0.391473  Dlo=0.020820  Dhi=0.216557  err=0.000000  inc=-0.407674  bucket 0->0  (mf=1000)
[MF-SEL] tPrev=(  d=0.041920  dMin=0.000000  dAvg=0.041641  dMax=0.391473  Dlo=0.020820  Dhi=0.216557  err=0.000000  inc=-0.407674  bucket 0->0  (mf=1000)
[MF-SEL] tPrev=(  d=0.039919  dMin=0.000000  dAvg=0.041640  dMax=0.391473  Dlo=0.020820  Dhi=0.216556  err=0.000000  inc=-0.407674  bucket 0->0  (mf=1000)
[MF-SEL] tPrev=(  d=0.041235  dMin=0.000000  dAvg=0.041639  dMax=0.391473  Dlo=0.020820  Dhi=0.216556  err=0.000000  inc=-0.407674  bucket 0->0  (mf=1000)
Dropping frame 1413393962.855760
[MF-SEL] tPrev=(  d=0.081244  dMin=0.000000  dAvg=0.041668  dMax=0.391473  Dlo=0.020834  Dhi=0.216571  err=0.000000  inc=-0.407674  bucket 0->0  (mf=1000)
[MF-SEL] tPrev=(  d=0.042952  dMin=0.000000  dAvg=0.041669  dMax=0.391473  Dlo=0.020834  Dhi=0.216571  err=0.000000  inc=-0.407674  bucket 0->0  (mf=1000)
[MF-SEL] tPrev=(  d=0.043353  dMin=0.000000  dAvg=0.041670  dMax=0.391473  Dlo=0.020835  Dhi=0.216572  err=0.000000  inc=-0.407674  bucket 0->0  (mf=1000)
[MF-SEL] tPrev=(  d=0.050270  dMin=0.000000  dAvg=0.041676  dMax=0.391473  Dlo=0.020838  Dhi=0.216575  err=0.000000  inc=-0.407674  bucket 0->0  (mf=1000)
Dropping frame 1413393963.105761
[MF-SEL] tPrev=(  d=0.093843  dMin=0.000000  dAvg=0.041714  dMax=0.391473  Dlo=0.020857  Dhi=0.216594  err=0.000000  inc=-0.407674  bucket 0->0  (mf=1000)
Dropping frame 1413393963.205760
[MF-SEL] tPrev=(  d=0.099599  dMin=0.000000  dAvg=0.041755  dMax=0.391473  Dlo=0.020878  Dhi=0.216614  err=0.000000  inc=-0.407674  bucket 0->0  (mf=1000)
Dropping frame 1413393963.305761
[MF-SEL] tPrev=(  d=0.116908  dMin=0.000000  dAvg=0.041809  dMax=0.391473  Dlo=0.020905  Dhi=0.216641  err=0.000000  inc=-0.407674  bucket 0->0  (mf=1000)
[MF-SEL] tPrev=(  d=0.054939  dMin=0.000000  dAvg=0.041819  dMax=0.391473  Dlo=0.020909  Dhi=0.216646  err=0.000000  inc=-0.407674  bucket 0->0  (mf=1000)
[MF-SEL] tPrev=(  d=0.055581  dMin=0.000000  dAvg=0.041829  dMax=0.391473  Dlo=0.020914  Dhi=0.216651  err=0.000000  inc=-0.407674  bucket 0->0  (mf=1000)
[MF-SEL] tPrev=(  d=0.056982  dMin=0.000000  dAvg=0.041839  dMax=0.391473  Dlo=0.020920  Dhi=0.216656  err=0.000000  inc=-0.407674  bucket 0->0  (mf=1000)
[MF-SEL] tPrev=(  d=0.060231  dMin=0.000000  dAvg=0.041853  dMax=0.391473  Dlo=0.020926  Dhi=0.216663  err=0.000000  inc=-0.407674  bucket 0->0  (mf=1000)
[MF-SEL] tPrev=(  d=0.059682  dMin=0.000000  dAvg=0.041865  dMax=0.391473  Dlo=0.020933  Dhi=0.216669  err=0.000000  inc=-0.407674  bucket 0->0  (mf=1000)
Dropping frame 1413393963.655760
[MF-SEL] tPrev=(  d=0.121922  dMin=0.000000  dAvg=0.041923  dMax=0.391473  Dlo=0.020961  Dhi=0.216698  err=0.000000  inc=-0.407674  bucket 0->0  (mf=1000)
Dropping frame 1413393963.755760
[MF-SEL] tPrev=(  d=0.128605  dMin=0.000000  dAvg=0.041985  dMax=0.391473  Dlo=0.020992  Dhi=0.216729  err=0.000000  inc=-0.407674  bucket 0->0  (mf=1000)
Dropping frame 1413393963.855760
[MF-SEL] tPrev=(  d=0.134241  dMin=0.000000  dAvg=0.042050  dMax=0.391473  Dlo=0.021025  Dhi=0.216762  err=0.000000  inc=-0.407674  bucket 0->0  (mf=1000)
Dropping frame 1413393963.955760
[MF-SEL] tPrev=(  d=0.145536  dMin=0.000000  dAvg=0.042124  dMax=0.391473  Dlo=0.021062  Dhi=0.216799  err=0.000000  inc=-0.407674  bucket 0->0  (mf=1000)
Dropping frame 1413393964.055760
[MF-SEL] tPrev=(  d=0.149873  dMin=0.000000  dAvg=0.042201  dMax=0.391473  Dlo=0.021101  Dhi=0.216837  err=0.000000  inc=-0.407674  bucket 0->0  (mf=1000)
Dropping frame 1413393964.155760
[MF-SEL] tPrev=(  d=0.154682  dMin=0.000000  dAvg=0.042281  dMax=0.391473  Dlo=0.021141  Dhi=0.216877  err=0.000000  inc=-0.407674  bucket 0->0  (mf=1000)
Dropping frame 1413393964.255760
[MF-SEL] tPrev=(  d=0.157996  dMin=0.000000  dAvg=0.042364  dMax=0.391473  Dlo=0.021182  Dhi=0.216919  err=0.000000  inc=-0.407674  bucket 0->0  (mf=1000)
Dropping frame 1413393964.355760
[MF-SEL] tPrev=(  d=0.163266  dMin=0.000000  dAvg=0.042450  dMax=0.391473  Dlo=0.021225  Dhi=0.216962  err=0.000000  inc=-0.407674  bucket 0->0  (mf=1000)
[MF-SEL] tPrev=(  d=0.077556  dMin=0.000000  dAvg=0.042475  dMax=0.391473  Dlo=0.021237  Dhi=0.216974  err=0.000000  inc=-0.407674  bucket 0->0  (mf=1000)
Dropping frame 1413393964.505760
[MF-SEL] tPrev=(  d=0.159359  dMin=0.000000  dAvg=0.042558  dMax=0.391473  Dlo=0.021279  Dhi=0.217016  err=0.000000  inc=-0.407674  bucket 0->0  (mf=1000)
[MF-SEL] tPrev=(  d=0.074110  dMin=0.000000  dAvg=0.042580  dMax=0.391473  Dlo=0.021290  Dhi=0.217027  err=0.000000  inc=-0.407674  bucket 0->0  (mf=1000)
[MF-SEL] tPrev=(  d=0.073117  dMin=0.000000  dAvg=0.042602  dMax=0.391473  Dlo=0.021301  Dhi=0.217038  err=0.000000  inc=-0.407674  bucket 0->0  (mf=1000)
[MF-SEL] tPrev=(  d=0.070836  dMin=0.000000  dAvg=0.042622  dMax=0.391473  Dlo=0.021311  Dhi=0.217048  err=0.000000  inc=-0.407674  bucket 0->0  (mf=1000)
Dropping frame 1413393964.755760
[MF-SEL] tPrev=(  d=0.153732  dMin=0.000000  dAvg=0.042701  dMax=0.391473  Dlo=0.021350  Dhi=0.217087  err=0.000000  inc=-0.407674  bucket 0->0  (mf=1000)
[MF-SEL] tPrev=(  d=0.069549  dMin=0.000000  dAvg=0.042720  dMax=0.391473  Dlo=0.021360  Dhi=0.217097  err=0.000000  inc=-0.407674  bucket 0->0  (mf=1000)
[MF-SEL] tPrev=(  d=0.067557  dMin=0.000000  dAvg=0.042737  dMax=0.391473  Dlo=0.021369  Dhi=0.217105  err=0.000000  inc=-0.407674  bucket 0->0  (mf=1000)
Dropping frame 1413393964.955760
[MF-SEL] tPrev=(  d=0.141901  dMin=0.000000  dAvg=0.042807  dMax=0.391473  Dlo=0.021404  Dhi=0.217140  err=0.000000  inc=-0.407674  bucket 0->0  (mf=1000)
Dropping frame 1413393965.055760
[MF-SEL] tPrev=(  d=0.119437  dMin=0.000000  dAvg=0.042862  dMax=0.391473  Dlo=0.021431  Dhi=0.217168  err=0.000000  inc=-0.407674  bucket 0->0  (mf=1000)
Dropping frame 1413393965.155760
[MF-SEL] tPrev=(  d=0.101355  dMin=0.000000  dAvg=0.042903  dMax=0.391473  Dlo=0.021451  Dhi=0.217188  err=0.000000  inc=-0.407674  bucket 0->0  (mf=1000)
Dropping frame 1413393965.255760
[MF-SEL] tPrev=(  d=0.100332  dMin=0.000000  dAvg=0.042943  dMax=0.391473  Dlo=0.021472  Dhi=0.217208  err=0.000000  inc=-0.407674  bucket 0->0  (mf=1000)
Dropping frame 1413393965.355760
[MF-SEL] tPrev=(  d=0.088531  dMin=0.000000  dAvg=0.042976  dMax=0.391473  Dlo=0.021488  Dhi=0.217225  err=0.000000  inc=-0.407674  bucket 0->0  (mf=1000)
Dropping frame 1413393965.455760
[MF-SEL] tPrev=(  d=0.096404  dMin=0.000000  dAvg=0.043013  dMax=0.391473  Dlo=0.021507  Dhi=0.217243  err=0.000000  inc=-0.407674  bucket 0->0  (mf=1000)
[MF-SEL] tPrev=(  d=0.045377  dMin=0.000000  dAvg=0.043015  dMax=0.391473  Dlo=0.021507  Dhi=0.217244  err=0.000000  inc=-0.407674  bucket 0->0  (mf=1000)
[MF-SEL] tPrev=(  d=0.042902  dMin=0.000000  dAvg=0.043015  dMax=0.391473  Dlo=0.021507  Dhi=0.217244  err=0.000000  inc=-0.407674  bucket 0->0  (mf=1000)
[MF-SEL] tPrev=(  d=0.045810  dMin=0.000000  dAvg=0.043017  dMax=0.391473  Dlo=0.021508  Dhi=0.217245  err=0.000000  inc=-0.407674  bucket 0->0  (mf=1000)
[MF-SEL] tPrev=(  d=0.038229  dMin=0.000000  dAvg=0.043013  dMax=0.391473  Dlo=0.021507  Dhi=0.217243  err=0.000000  inc=-0.407674  bucket 0->0  (mf=1000)
[MF-SEL] tPrev=(  d=0.036179  dMin=0.000000  dAvg=0.043009  dMax=0.391473  Dlo=0.021504  Dhi=0.217241  err=0.000000  inc=-0.407674  bucket 0->0  (mf=1000)
[MF-SEL] tPrev=(  d=0.036114  dMin=0.000000  dAvg=0.043004  dMax=0.391473  Dlo=0.021502  Dhi=0.217239  err=0.000000  inc=-0.407674  bucket 0->0  (mf=1000)
Dropping frame 1413393965.855760
[MF-SEL] tPrev=(  d=0.092400  dMin=0.000000  dAvg=0.043038  dMax=0.391473  Dlo=0.021519  Dhi=0.217256  err=0.000000  inc=-0.407674  bucket 0->0  (mf=1000)
[MF-SEL] tPrev=(  d=0.037322  dMin=0.000000  dAvg=0.043034  dMax=0.391473  Dlo=0.021517  Dhi=0.217254  err=0.000000  inc=-0.407674  bucket 0->0  (mf=1000)
[MF-SEL] tPrev=(  d=0.038446  dMin=0.000000  dAvg=0.043031  dMax=0.391473  Dlo=0.021516  Dhi=0.217252  err=0.000000  inc=-0.407674  bucket 0->0  (mf=1000)
[MF-SEL] tPrev=(  d=0.040310  dMin=0.000000  dAvg=0.043029  dMax=0.391473  Dlo=0.021515  Dhi=0.217251  err=0.000000  inc=-0.407674  bucket 0->0  (mf=1000)
[MF-SEL] tPrev=(  d=0.039295  dMin=0.000000  dAvg=0.043027  dMax=0.391473  Dlo=0.021513  Dhi=0.217250  err=0.000000  inc=-0.407674  bucket 0->0  (mf=1000)
Dropping frame 1413393966.155760
[MF-SEL] tPrev=(  d=0.099018  dMin=0.000000  dAvg=0.043066  dMax=0.391473  Dlo=0.021533  Dhi=0.217270  err=0.000000  inc=-0.407674  bucket 0->0  (mf=1000)
Dropping frame 1413393966.255760
[MF-SEL] tPrev=(  d=0.090819  dMin=0.000000  dAvg=0.043099  dMax=0.391473  Dlo=0.021550  Dhi=0.217286  err=0.000000  inc=-0.407674  bucket 0->0  (mf=1000)
Dropping frame 1413393966.355760
[MF-SEL] tPrev=(  d=0.111758  dMin=0.000000  dAvg=0.043147  dMax=0.391473  Dlo=0.021574  Dhi=0.217310  err=0.000000  inc=-0.407674  bucket 0->0  (mf=1000)
Dropping frame 1413393966.455760
[MF-SEL] tPrev=(  d=0.105541  dMin=0.000000  dAvg=0.043191  dMax=0.391473  Dlo=0.021595  Dhi=0.217332  err=0.000000  inc=-0.407674  bucket 0->0  (mf=1000)
[MF-SEL] tPrev=(  d=0.058795  dMin=0.000000  dAvg=0.043201  dMax=0.391473  Dlo=0.021601  Dhi=0.217337  err=0.000000  inc=-0.407674  bucket 0->0  (mf=1000)
[MF-SEL] tPrev=(  d=0.059797  dMin=0.000000  dAvg=0.043213  dMax=0.391473  Dlo=0.021607  Dhi=0.217343  err=0.000000  inc=-0.407674  bucket 0->0  (mf=1000)
[MF-SEL] tPrev=(  d=0.058921  dMin=0.000000  dAvg=0.043224  dMax=0.391473  Dlo=0.021612  Dhi=0.217349  err=0.000000  inc=-0.407674  bucket 0->0  (mf=1000)
[MF-SEL] tPrev=(  d=0.056313  dMin=0.000000  dAvg=0.043233  dMax=0.391473  Dlo=0.021617  Dhi=0.217353  err=0.000000  inc=-0.407674  bucket 0->0  (mf=1000)
Dropping frame 1413393966.755760
[MF-SEL] tPrev=(  d=0.136906  dMin=0.000000  dAvg=0.043298  dMax=0.391473  Dlo=0.021649  Dhi=0.217386  err=0.000000  inc=-0.407674  bucket 0->0  (mf=1000)
[MF-SEL] tPrev=(  d=0.058329  dMin=0.000000  dAvg=0.043309  dMax=0.391473  Dlo=0.021654  Dhi=0.217391  err=0.000000  inc=-0.407674  bucket 0->0  (mf=1000)
Dropping frame 1413393966.905761
[MF-SEL] tPrev=(  d=0.115852  dMin=0.000000  dAvg=0.043359  dMax=0.391473  Dlo=0.021679  Dhi=0.217416  err=0.000000  inc=-0.407674  bucket 0->0  (mf=1000)
Dropping frame 1413393967.005760
[MF-SEL] tPrev=(  d=0.112202  dMin=0.000000  dAvg=0.043407  dMax=0.391473  Dlo=0.021703  Dhi=0.217440  err=0.000000  inc=-0.407674  bucket 0->0  (mf=1000)
[MF-SEL] tPrev=(  d=0.057079  dMin=0.000000  dAvg=0.043416  dMax=0.391473  Dlo=0.021708  Dhi=0.217445  err=0.000000  inc=-0.407674  bucket 0->0  (mf=1000)
Dropping frame 1413393967.155760
[MF-SEL] tPrev=(  d=0.109311  dMin=0.000000  dAvg=0.043462  dMax=0.391473  Dlo=0.021731  Dhi=0.217468  err=0.000000  inc=-0.407674  bucket 0->0  (mf=1000)
[MF-SEL] tPrev=(  d=0.056829  dMin=0.000000  dAvg=0.043471  dMax=0.391473  Dlo=0.021736  Dhi=0.217472  err=0.000000  inc=-0.407674  bucket 0->0  (mf=1000)
Dropping frame 1413393967.305761
[MF-SEL] tPrev=(  d=0.103064  dMin=0.000000  dAvg=0.043512  dMax=0.391473  Dlo=0.021756  Dhi=0.217493  err=0.000000  inc=-0.407674  bucket 0->0  (mf=1000)
Dropping frame 1413393967.405761
[MF-SEL] tPrev=(  d=0.096302  dMin=0.000000  dAvg=0.043549  dMax=0.391473  Dlo=0.021774  Dhi=0.217511  err=0.000000  inc=-0.407674  bucket 0->0  (mf=1000)
[MF-SEL] tPrev=(  d=0.047353  dMin=0.000000  dAvg=0.043551  dMax=0.391473  Dlo=0.021776  Dhi=0.217512  err=0.000000  inc=-0.407674  bucket 0->0  (mf=1000)
Dropping frame 1413393967.555760
[MF-SEL] tPrev=(  d=0.082572  dMin=0.000000  dAvg=0.043578  dMax=0.391473  Dlo=0.021789  Dhi=0.217526  err=0.000000  inc=-0.407674  bucket 0->0  (mf=1000)
Dropping frame 1413393967.655760
[MF-SEL] tPrev=(  d=0.084013  dMin=0.000000  dAvg=0.043606  dMax=0.391473  Dlo=0.021803  Dhi=0.217540  err=0.000000  inc=-0.407674  bucket 0->0  (mf=1000)
Dropping frame 1413393967.755760
[MF-SEL] tPrev=(  d=0.069465  dMin=0.000000  dAvg=0.043624  dMax=0.391473  Dlo=0.021812  Dhi=0.217549  err=0.000000  inc=-0.407674  bucket 0->0  (mf=1000)
Dropping frame 1413393967.855760
[MF-SEL] tPrev=(  d=0.072245  dMin=0.000000  dAvg=0.043644  dMax=0.391473  Dlo=0.021822  Dhi=0.217559  err=0.000000  inc=-0.407674  bucket 0->0  (mf=1000)
[MF-SEL] tPrev=(  d=0.034256  dMin=0.000000  dAvg=0.043637  dMax=0.391473  Dlo=0.021819  Dhi=0.217555  err=0.000000  inc=-0.407674  bucket 0->0  (mf=1000)
[MF-SEL] tPrev=(  d=0.033790  dMin=0.000000  dAvg=0.043630  dMax=0.391473  Dlo=0.021815  Dhi=0.217552  err=0.000000  inc=-0.407674  bucket 0->0  (mf=1000)
[MF-SEL] tPrev=(  d=0.031710  dMin=0.000000  dAvg=0.043622  dMax=0.391473  Dlo=0.021811  Dhi=0.217548  err=0.000000  inc=-0.407674  bucket 0->0  (mf=1000)
[MF-SEL] tPrev=(  d=0.031222  dMin=0.000000  dAvg=0.043614  dMax=0.391473  Dlo=0.021807  Dhi=0.217544  err=0.000000  inc=-0.407674  bucket 0->0  (mf=1000)
[MF-SEL] tPrev=(  d=0.030336  dMin=0.000000  dAvg=0.043605  dMax=0.391473  Dlo=0.021802  Dhi=0.217539  err=0.000000  inc=-0.407674  bucket 0->0  (mf=1000)
[MF-SEL] tPrev=(  d=0.031999  dMin=0.000000  dAvg=0.043597  dMax=0.391473  Dlo=0.021798  Dhi=0.217535  err=0.000000  inc=-0.407674  bucket 0->0  (mf=1000)
Dropping frame 1413393968.255760
[MF-SEL] tPrev=(  d=0.057426  dMin=0.000000  dAvg=0.043606  dMax=0.391473  Dlo=0.021803  Dhi=0.217540  err=0.000000  inc=-0.407674  bucket 0->0  (mf=1000)
[MF-SEL] tPrev=(  d=0.023193  dMin=0.000000  dAvg=0.043592  dMax=0.391473  Dlo=0.021796  Dhi=0.217533  err=0.000000  inc=-0.407674  bucket 0->0  (mf=1000)
[MF-SEL] tPrev=(  d=0.015791  dMin=0.000000  dAvg=0.043573  dMax=0.391473  Dlo=0.021787  Dhi=0.217523  err=-1.000000  inc=-1.357451  bucket 0->0  (mf=1000)
Dropping frame 1413393968.455760
[MF-SEL] tPrev=(  d=0.035591  dMin=0.000000  dAvg=0.043568  dMax=0.391473  Dlo=0.021784  Dhi=0.217521  err=0.000000  inc=-0.247515  bucket 0->0  (mf=1000)
Dropping frame 1413393968.555760
[MF-SEL] tPrev=(  d=0.031886  dMin=0.000000  dAvg=0.043560  dMax=0.391473  Dlo=0.021780  Dhi=0.217517  err=0.000000  inc=-0.409976  bucket 0->0  (mf=1000)
Dropping frame 1413393968.655760
[MF-SEL] tPrev=(  d=0.034356  dMin=0.000000  dAvg=0.043553  dMax=0.391473  Dlo=0.021777  Dhi=0.217513  err=0.000000  inc=-0.409976  bucket 0->0  (mf=1000)
Dropping frame 1413393968.755760
[MF-SEL] tPrev=(  d=0.041081  dMin=0.000000  dAvg=0.043552  dMax=0.391473  Dlo=0.021776  Dhi=0.217513  err=0.000000  inc=-0.409976  bucket 0->0  (mf=1000)
Dropping frame 1413393968.855760
[MF-SEL] tPrev=(  d=0.051401  dMin=0.000000  dAvg=0.043557  dMax=0.391473  Dlo=0.021779  Dhi=0.217515  err=0.000000  inc=-0.409976  bucket 0->0  (mf=1000)
Dropping frame 1413393968.955760
[MF-SEL] tPrev=(  d=0.056265  dMin=0.000000  dAvg=0.043566  dMax=0.391473  Dlo=0.021783  Dhi=0.217520  err=0.000000  inc=-0.409976  bucket 0->0  (mf=1000)
[MF-SEL] tPrev=(  d=0.028863  dMin=0.000000  dAvg=0.043556  dMax=0.391473  Dlo=0.021778  Dhi=0.217515  err=0.000000  inc=-0.409976  bucket 0->0  (mf=1000)
[MF-SEL] tPrev=(  d=0.029733  dMin=0.000000  dAvg=0.043546  dMax=0.391473  Dlo=0.021773  Dhi=0.217510  err=0.000000  inc=-0.409976  bucket 0->0  (mf=1000)
[MF-SEL] tPrev=(  d=0.028709  dMin=0.000000  dAvg=0.043536  dMax=0.391473  Dlo=0.021768  Dhi=0.217505  err=0.000000  inc=-0.409976  bucket 0->0  (mf=1000)
[MF-SEL] tPrev=(  d=0.028125  dMin=0.000000  dAvg=0.043526  dMax=0.391473  Dlo=0.021763  Dhi=0.217500  err=0.000000  inc=-0.409976  bucket 0->0  (mf=1000)
[MF-SEL] tPrev=(  d=0.026831  dMin=0.000000  dAvg=0.043514  dMax=0.391473  Dlo=0.021757  Dhi=0.217494  err=0.000000  inc=-0.409976  bucket 0->0  (mf=1000)
Dropping frame 1413393969.305761
[MF-SEL] tPrev=(  d=0.060507  dMin=0.000000  dAvg=0.043526  dMax=0.391473  Dlo=0.021763  Dhi=0.217500  err=0.000000  inc=-0.409976  bucket 0->0  (mf=1000)
Dropping frame 1413393969.405761
[MF-SEL] tPrev=(  d=0.050565  dMin=0.000000  dAvg=0.043531  dMax=0.391473  Dlo=0.021765  Dhi=0.217502  err=0.000000  inc=-0.409976  bucket 0->0  (mf=1000)
Dropping frame 1413393969.505760
[MF-SEL] tPrev=(  d=0.038956  dMin=0.000000  dAvg=0.043528  dMax=0.391473  Dlo=0.021764  Dhi=0.217501  err=0.000000  inc=-0.409976  bucket 0->0  (mf=1000)
Dropping frame 1413393969.605761
[MF-SEL] tPrev=(  d=0.037345  dMin=0.000000  dAvg=0.043523  dMax=0.391473  Dlo=0.021762  Dhi=0.217498  err=0.000000  inc=-0.409976  bucket 0->0  (mf=1000)
[MF-SEL] tPrev=(  d=0.012951  dMin=0.000000  dAvg=0.043503  dMax=0.391473  Dlo=0.021751  Dhi=0.217488  err=-1.000000  inc=-1.291621  bucket 0->0  (mf=1000)
[MF-SEL] tPrev=(  d=0.010488  dMin=0.000000  dAvg=0.043480  dMax=0.391473  Dlo=0.021740  Dhi=0.217477  err=-1.000000  inc=-1.015316  bucket 0->0  (mf=1000)
[MF-SEL] tPrev=(  d=0.009910  dMin=0.000000  dAvg=0.043458  dMax=0.391473  Dlo=0.021729  Dhi=0.217466  err=-1.000000  inc=-1.017667  bucket 0->0  (mf=1000)
Dropping frame 1413393969.855760
[MF-SEL] tPrev=(  d=0.029658  dMin=0.000000  dAvg=0.043448  dMax=0.391473  Dlo=0.021724  Dhi=0.217461  err=0.000000  inc=-0.251956  bucket 0->0  (mf=1000)
Dropping frame 1413393969.955760
[MF-SEL] tPrev=(  d=0.055199  dMin=0.000000  dAvg=0.043456  dMax=0.391473  Dlo=0.021728  Dhi=0.217465  err=0.000000  inc=-0.417667  bucket 0->0  (mf=1000)
[MF-SEL] tPrev=(  d=0.032034  dMin=0.000000  dAvg=0.043449  dMax=0.391473  Dlo=0.021724  Dhi=0.217461  err=0.000000  inc=-0.417667  bucket 0->0  (mf=1000)
[MF-SEL] tPrev=(  d=0.032575  dMin=0.000000  dAvg=0.043441  dMax=0.391473  Dlo=0.021721  Dhi=0.217457  err=0.000000  inc=-0.417667  bucket 0->0  (mf=1000)
[MF-SEL] tPrev=(  d=0.031346  dMin=0.000000  dAvg=0.043433  dMax=0.391473  Dlo=0.021717  Dhi=0.217453  err=0.000000  inc=-0.417667  bucket 0->0  (mf=1000)
Dropping frame 1413393970.205760
[MF-SEL] tPrev=(  d=0.049690  dMin=0.000000  dAvg=0.043437  dMax=0.391473  Dlo=0.021719  Dhi=0.217455  err=0.000000  inc=-0.417667  bucket 0->0  (mf=1000)
[MF-SEL] tPrev=(  d=0.022495  dMin=0.000000  dAvg=0.043423  dMax=0.391473  Dlo=0.021712  Dhi=0.217448  err=0.000000  inc=-0.417667  bucket 0->0  (mf=1000)
[MF-SEL] tPrev=(  d=0.020073  dMin=0.000000  dAvg=0.043408  dMax=0.391473  Dlo=0.021704  Dhi=0.217440  err=-1.000000  inc=-1.362848  bucket 0->0  (mf=1000)
Dropping frame 1413393970.405761
[MF-SEL] tPrev=(  d=0.050639  dMin=0.000000  dAvg=0.043412  dMax=0.391473  Dlo=0.021706  Dhi=0.217443  err=0.000000  inc=-0.253073  bucket 0->0  (mf=1000)
[MF-SEL] tPrev=(  d=0.016528  dMin=0.000000  dAvg=0.043394  dMax=0.391473  Dlo=0.021697  Dhi=0.217434  err=-1.000000  inc=-1.313447  bucket 0->0  (mf=1000)
[MF-SEL] tPrev=(  d=0.017349  dMin=0.000000  dAvg=0.043377  dMax=0.391473  Dlo=0.021688  Dhi=0.217425  err=-1.000000  inc=-1.025102  bucket 0->0  (mf=1000)
[MF-SEL] tPrev=(  d=0.015935  dMin=0.000000  dAvg=0.043358  dMax=0.391473  Dlo=0.021679  Dhi=0.217416  err=-1.000000  inc=-1.027767  bucket 0->0  (mf=1000)
[MF-SEL] tPrev=(  d=0.015546  dMin=0.000000  dAvg=0.043340  dMax=0.391473  Dlo=0.021670  Dhi=0.217407  err=-1.000000  inc=-1.030072  bucket 0->0  (mf=1000)
[MF-SEL] tPrev=(  d=0.012929  dMin=0.000000  dAvg=0.043319  dMax=0.391473  Dlo=0.021660  Dhi=0.217396  err=-1.000000  inc=-1.032376  bucket 0->0  (mf=1000)
Dropping frame 1413393970.755760
[MF-SEL] tPrev=(  d=0.017192  dMin=0.000000  dAvg=0.043302  dMax=0.391473  Dlo=0.021651  Dhi=0.217388  err=-1.000000  inc=-1.037110  bucket 0->0  (mf=1000)
[MF-SEL] tPrev=(  d=0.009005  dMin=0.000000  dAvg=0.043279  dMax=0.391473  Dlo=0.021640  Dhi=0.217376  err=-1.000000  inc=-1.039547  bucket 0->0  (mf=1000)
[MF-SEL] tPrev=(  d=0.010527  dMin=0.000000  dAvg=0.043257  dMax=0.391473  Dlo=0.021629  Dhi=0.217365  err=-1.000000  inc=-1.041989  bucket 0->0  (mf=1000)
[MF-SEL] tPrev=(  d=0.012717  dMin=0.000000  dAvg=0.043237  dMax=0.391473  Dlo=0.021618  Dhi=0.217355  err=-1.000000  inc=-1.044385  bucket 0->0  (mf=1000)
Dropping frame 1413393971.005760
[MF-SEL] tPrev=(  d=0.039563  dMin=0.000000  dAvg=0.043234  dMax=0.391473  Dlo=0.021617  Dhi=0.217354  err=0.000000  inc=-0.286156  bucket 0->0  (mf=1000)
[MF-SEL] tPrev=(  d=0.026637  dMin=0.000000  dAvg=0.043223  dMax=0.391473  Dlo=0.021612  Dhi=0.217348  err=0.000000  inc=-0.444385  bucket 0->0  (mf=1000)
[MF-SEL] tPrev=(  d=0.031662  dMin=0.000000  dAvg=0.043216  dMax=0.391473  Dlo=0.021608  Dhi=0.217344  err=0.000000  inc=-0.444385  bucket 0->0  (mf=1000)
[MF-SEL] tPrev=(  d=0.033991  dMin=0.000000  dAvg=0.043209  dMax=0.391473  Dlo=0.021605  Dhi=0.217341  err=0.000000  inc=-0.444385  bucket 0->0  (mf=1000)
[MF-SEL] tPrev=(  d=0.037466  dMin=0.000000  dAvg=0.043206  dMax=0.391473  Dlo=0.021603  Dhi=0.217339  err=0.000000  inc=-0.444385  bucket 0->0  (mf=1000)
[MF-SEL] tPrev=(  d=0.035317  dMin=0.000000  dAvg=0.043200  dMax=0.391473  Dlo=0.021600  Dhi=0.217337  err=0.000000  inc=-0.444385  bucket 0->0  (mf=1000)
[MF-SEL] tPrev=(  d=0.041502  dMin=0.000000  dAvg=0.043199  dMax=0.391473  Dlo=0.021600  Dhi=0.217336  err=0.000000  inc=-0.444385  bucket 0->0  (mf=1000)
[MF-SEL] tPrev=(  d=0.044323  dMin=0.000000  dAvg=0.043200  dMax=0.391473  Dlo=0.021600  Dhi=0.217337  err=0.000000  inc=-0.444385  bucket 0->0  (mf=1000)
[MF-SEL] tPrev=(  d=0.047394  dMin=0.000000  dAvg=0.043203  dMax=0.391473  Dlo=0.021601  Dhi=0.217338  err=0.000000  inc=-0.444385  bucket 0->0  (mf=1000)
[MF-SEL] tPrev=(  d=0.052051  dMin=0.000000  dAvg=0.043209  dMax=0.391473  Dlo=0.021604  Dhi=0.217341  err=0.000000  inc=-0.444385  bucket 0->0  (mf=1000)
Dropping frame 1413393971.555760
[MF-SEL] tPrev=(  d=0.111583  dMin=0.000000  dAvg=0.043254  dMax=0.391473  Dlo=0.021627  Dhi=0.217364  err=0.000000  inc=-0.444385  bucket 0->0  (mf=1000)
Dropping frame 1413393971.655760
[MF-SEL] tPrev=(  d=0.119842  dMin=0.000000  dAvg=0.043305  dMax=0.391473  Dlo=0.021652  Dhi=0.217389  err=0.000000  inc=-0.444385  bucket 0->0  (mf=1000)
[MF-SEL] tPrev=(  d=0.059514  dMin=0.000000  dAvg=0.043315  dMax=0.391473  Dlo=0.021658  Dhi=0.217394  err=0.000000  inc=-0.444385  bucket 0->0  (mf=1000)
[MF-SEL] tPrev=(  d=0.064286  dMin=0.000000  dAvg=0.043329  dMax=0.391473  Dlo=0.021665  Dhi=0.217401  err=0.000000  inc=-0.444385  bucket 0->0  (mf=1000)
[MF-SEL] tPrev=(  d=0.054195  dMin=0.000000  dAvg=0.043336  dMax=0.391473  Dlo=0.021668  Dhi=0.217405  err=0.000000  inc=-0.444385  bucket 0->0  (mf=1000)
[MF-SEL] tPrev=(  d=0.050200  dMin=0.000000  dAvg=0.043341  dMax=0.391473  Dlo=0.021670  Dhi=0.217407  err=0.000000  inc=-0.444385  bucket 0->0  (mf=1000)
[MF-SEL] tPrev=(  d=0.047993  dMin=0.000000  dAvg=0.043344  dMax=0.391473  Dlo=0.021672  Dhi=0.217409  err=0.000000  inc=-0.444385  bucket 0->0  (mf=1000)
[MF-SEL] tPrev=(  d=0.046612  dMin=0.000000  dAvg=0.043346  dMax=0.391473  Dlo=0.021673  Dhi=0.217410  err=0.000000  inc=-0.444385  bucket 0->0  (mf=1000)
[MF-SEL] tPrev=(  d=0.036465  dMin=0.000000  dAvg=0.043342  dMax=0.391473  Dlo=0.021671  Dhi=0.217408  err=0.000000  inc=-0.444385  bucket 0->0  (mf=1000)
[MF-SEL] tPrev=(  d=0.045617  dMin=0.000000  dAvg=0.043343  dMax=0.391473  Dlo=0.021672  Dhi=0.217408  err=0.000000  inc=-0.444385  bucket 0->0  (mf=1000)
[MF-SEL] tPrev=(  d=0.045196  dMin=0.000000  dAvg=0.043344  dMax=0.391473  Dlo=0.021672  Dhi=0.217409  err=0.000000  inc=-0.444385  bucket 0->0  (mf=1000)
[MF-SEL] tPrev=(  d=0.044904  dMin=0.000000  dAvg=0.043345  dMax=0.391473  Dlo=0.021673  Dhi=0.217409  err=0.000000  inc=-0.444385  bucket 0->0  (mf=1000)
[MF-SEL] tPrev=(  d=0.044123  dMin=0.000000  dAvg=0.043346  dMax=0.391473  Dlo=0.021673  Dhi=0.217410  err=0.000000  inc=-0.444385  bucket 0->0  (mf=1000)
[MF-SEL] tPrev=(  d=0.043465  dMin=0.000000  dAvg=0.043346  dMax=0.391473  Dlo=0.021673  Dhi=0.217410  err=0.000000  inc=-0.444385  bucket 0->0  (mf=1000)
[MF-SEL] tPrev=(  d=0.042127  dMin=0.000000  dAvg=0.043345  dMax=0.391473  Dlo=0.021673  Dhi=0.217409  err=0.000000  inc=-0.444385  bucket 0->0  (mf=1000)
Dropping frame 1413393972.405761
[MF-SEL] tPrev=(  d=0.080868  dMin=0.000000  dAvg=0.043370  dMax=0.391473  Dlo=0.021685  Dhi=0.217422  err=0.000000  inc=-0.444385  bucket 0->0  (mf=1000)
Dropping frame 1413393972.505760
[MF-SEL] tPrev=(  d=0.076589  dMin=0.000000  dAvg=0.043392  dMax=0.391473  Dlo=0.021696  Dhi=0.217433  err=0.000000  inc=-0.444385  bucket 0->0  (mf=1000)
[MF-SEL] tPrev=(  d=0.033751  dMin=0.000000  dAvg=0.043385  dMax=0.391473  Dlo=0.021693  Dhi=0.217429  err=0.000000  inc=-0.444385  bucket 0->0  (mf=1000)
[MF-SEL] tPrev=(  d=0.031354  dMin=0.000000  dAvg=0.043377  dMax=0.391473  Dlo=0.021689  Dhi=0.217425  err=0.000000  inc=-0.444385  bucket 0->0  (mf=1000)
[MF-SEL] tPrev=(  d=0.028015  dMin=0.000000  dAvg=0.043367  dMax=0.391473  Dlo=0.021684  Dhi=0.217420  err=0.000000  inc=-0.444385  bucket 0->0  (mf=1000)
[MF-SEL] tPrev=(  d=0.035655  dMin=0.000000  dAvg=0.043362  dMax=0.391473  Dlo=0.021681  Dhi=0.217418  err=0.000000  inc=-0.444385  bucket 0->0  (mf=1000)
[MF-SEL] tPrev=(  d=0.023615  dMin=0.000000  dAvg=0.043349  dMax=0.391473  Dlo=0.021675  Dhi=0.217411  err=0.000000  inc=-0.444385  bucket 0->0  (mf=1000)
[MF-SEL] tPrev=(  d=0.021539  dMin=0.000000  dAvg=0.043335  dMax=0.391473  Dlo=0.021668  Dhi=0.217404  err=-1.000000  inc=-1.364128  bucket 0->0  (mf=1000)
Dropping frame 1413393972.905761
[MF-SEL] tPrev=(  d=0.036167  dMin=0.000000  dAvg=0.043330  dMax=0.391473  Dlo=0.021665  Dhi=0.217402  err=0.000000  inc=-0.281527  bucket 0->0  (mf=1000)
Dropping frame 1413393973.005760
[MF-SEL] tPrev=(  d=0.030114  dMin=0.000000  dAvg=0.043322  dMax=0.391473  Dlo=0.021661  Dhi=0.217398  err=0.000000  inc=-0.446907  bucket 0->0  (mf=1000)
[MF-SEL] tPrev=(  d=0.014484  dMin=0.000000  dAvg=0.043303  dMax=0.391473  Dlo=0.021652  Dhi=0.217388  err=-1.000000  inc=-1.338320  bucket 0->0  (mf=1000)
[MF-SEL] tPrev=(  d=0.016808  dMin=0.000000  dAvg=0.043286  dMax=0.391473  Dlo=0.021643  Dhi=0.217380  err=-1.000000  inc=-1.051929  bucket 0->0  (mf=1000)
[MF-SEL] tPrev=(  d=0.017206  dMin=0.000000  dAvg=0.043269  dMax=0.391473  Dlo=0.021634  Dhi=0.217371  err=-1.000000  inc=-1.054354  bucket 0->0  (mf=1000)
Dropping frame 1413393973.255760
[MF-SEL] tPrev=(  d=0.046239  dMin=0.000000  dAvg=0.043271  dMax=0.391473  Dlo=0.021635  Dhi=0.217372  err=0.000000  inc=-0.281054  bucket 0->0  (mf=1000)
[MF-SEL] tPrev=(  d=0.023057  dMin=0.000000  dAvg=0.043258  dMax=0.391473  Dlo=0.021629  Dhi=0.217365  err=0.000000  inc=-0.454354  bucket 0->0  (mf=1000)
[MF-SEL] tPrev=(  d=0.025964  dMin=0.000000  dAvg=0.043246  dMax=0.391473  Dlo=0.021623  Dhi=0.217360  err=0.000000  inc=-0.454354  bucket 0->0  (mf=1000)
Dropping frame 1413393973.455760
[MF-SEL] tPrev=(  d=0.065187  dMin=0.000000  dAvg=0.043261  dMax=0.391473  Dlo=0.021630  Dhi=0.217367  err=0.000000  inc=-0.454354  bucket 0->0  (mf=1000)
Dropping frame 1413393973.555760
[MF-SEL] tPrev=(  d=0.080199  dMin=0.000000  dAvg=0.043285  dMax=0.391473  Dlo=0.021642  Dhi=0.217379  err=0.000000  inc=-0.454354  bucket 0->0  (mf=1000)
Dropping frame 1413393973.655760
[MF-SEL] tPrev=(  d=0.100972  dMin=0.000000  dAvg=0.043322  dMax=0.391473  Dlo=0.021661  Dhi=0.217398  err=0.000000  inc=-0.454354  bucket 0->0  (mf=1000)
[MF-SEL] tPrev=(  d=0.058019  dMin=0.000000  dAvg=0.043332  dMax=0.391473  Dlo=0.021666  Dhi=0.217402  err=0.000000  inc=-0.454354  bucket 0->0  (mf=1000)
[MF-SEL] tPrev=(  d=0.067141  dMin=0.000000  dAvg=0.043347  dMax=0.391473  Dlo=0.021673  Dhi=0.217410  err=0.000000  inc=-0.454354  bucket 0->0  (mf=1000)
Dropping frame 1413393973.855760
[MF-SEL] tPrev=(  d=0.124868  dMin=0.000000  dAvg=0.043400  dMax=0.391473  Dlo=0.021700  Dhi=0.217437  err=0.000000  inc=-0.454354  bucket 0->0  (mf=1000)
[MF-SEL] tPrev=(  d=0.060033  dMin=0.000000  dAvg=0.043411  dMax=0.391473  Dlo=0.021705  Dhi=0.217442  err=0.000000  inc=-0.454354  bucket 0->0  (mf=1000)
Dropping frame 1413393974.005760
[MF-SEL] tPrev=(  d=0.113753  dMin=0.000000  dAvg=0.043456  dMax=0.391473  Dlo=0.021728  Dhi=0.217465  err=0.000000  inc=-0.454354  bucket 0->0  (mf=1000)
Dropping frame 1413393974.105761
[MF-SEL] tPrev=(  d=0.089239  dMin=0.000000  dAvg=0.043486  dMax=0.391473  Dlo=0.021743  Dhi=0.217480  err=0.000000  inc=-0.454354  bucket 0->0  (mf=1000)
[MF-SEL] tPrev=(  d=0.040103  dMin=0.000000  dAvg=0.043483  dMax=0.391473  Dlo=0.021742  Dhi=0.217478  err=0.000000  inc=-0.454354  bucket 0->0  (mf=1000)
Dropping frame 1413393974.255760
[MF-SEL] tPrev=(  d=0.063931  dMin=0.000000  dAvg=0.043497  dMax=0.391473  Dlo=0.021748  Dhi=0.217485  err=0.000000  inc=-0.454354  bucket 0->0  (mf=1000)
[MF-SEL] tPrev=(  d=0.037039  dMin=0.000000  dAvg=0.043492  dMax=0.391473  Dlo=0.021746  Dhi=0.217483  err=0.000000  inc=-0.454354  bucket 0->0  (mf=1000)
[MF-SEL] tPrev=(  d=0.032036  dMin=0.000000  dAvg=0.043485  dMax=0.391473  Dlo=0.021743  Dhi=0.217479  err=0.000000  inc=-0.454354  bucket 0->0  (mf=1000)
[MF-SEL] tPrev=(  d=0.032604  dMin=0.000000  dAvg=0.043478  dMax=0.391473  Dlo=0.021739  Dhi=0.217476  err=0.000000  inc=-0.454354  bucket 0->0  (mf=1000)
[MF-SEL] tPrev=(  d=0.039506  dMin=0.000000  dAvg=0.043476  dMax=0.391473  Dlo=0.021738  Dhi=0.217474  err=0.000000  inc=-0.454354  bucket 0->0  (mf=1000)
Dropping frame 1413393974.555760
[MF-SEL] tPrev=(  d=0.129117  dMin=0.000000  dAvg=0.043531  dMax=0.391473  Dlo=0.021765  Dhi=0.217502  err=0.000000  inc=-0.454354  bucket 0->0  (mf=1000)
[MF-SEL] tPrev=(  d=0.061407  dMin=0.000000  dAvg=0.043542  dMax=0.391473  Dlo=0.021771  Dhi=0.217508  err=0.000000  inc=-0.454354  bucket 0->0  (mf=1000)
[MF-SEL] tPrev=(  d=0.067720  dMin=0.000000  dAvg=0.043558  dMax=0.391473  Dlo=0.021779  Dhi=0.217516  err=0.000000  inc=-0.454354  bucket 0->0  (mf=1000)
[MF-SEL] tPrev=(  d=0.072015  dMin=0.000000  dAvg=0.043576  dMax=0.391473  Dlo=0.021788  Dhi=0.217525  err=0.000000  inc=-0.454354  bucket 0->0  (mf=1000)
[MF-SEL] tPrev=(  d=0.103253  dMin=0.000000  dAvg=0.043614  dMax=0.391473  Dlo=0.021807  Dhi=0.217544  err=0.000000  inc=-0.454354  bucket 0->0  (mf=1000)
[MF-SEL] tPrev=(  d=0.076996  dMin=0.000000  dAvg=0.043636  dMax=0.391473  Dlo=0.021818  Dhi=0.217555  err=0.000000  inc=-0.454354  bucket 0->0  (mf=1000)
[MF-SEL] tPrev=(  d=0.077903  dMin=0.000000  dAvg=0.043658  dMax=0.391473  Dlo=0.021829  Dhi=0.217566  err=0.000000  inc=-0.454354  bucket 0->0  (mf=1000)
[MF-SEL] tPrev=(  d=0.078145  dMin=0.000000  dAvg=0.043680  dMax=0.391473  Dlo=0.021840  Dhi=0.217577  err=0.000000  inc=-0.454354  bucket 0->0  (mf=1000)
[MF-SEL] tPrev=(  d=0.077802  dMin=0.000000  dAvg=0.043702  dMax=0.391473  Dlo=0.021851  Dhi=0.217587  err=0.000000  inc=-0.454354  bucket 0->0  (mf=1000)
[MF-SEL] tPrev=(  d=0.076832  dMin=0.000000  dAvg=0.043723  dMax=0.391473  Dlo=0.021861  Dhi=0.217598  err=0.000000  inc=-0.454354  bucket 0->0  (mf=1000)
Dropping frame 1413393975.105761
[MF-SEL] tPrev=(  d=0.157978  dMin=0.000000  dAvg=0.043796  dMax=0.391473  Dlo=0.021898  Dhi=0.217635  err=0.000000  inc=-0.454354  bucket 0->0  (mf=1000)
[MF-SEL] tPrev=(  d=0.072798  dMin=0.000000  dAvg=0.043814  dMax=0.391473  Dlo=0.021907  Dhi=0.217644  err=0.000000  inc=-0.454354  bucket 0->0  (mf=1000)
[MF-SEL] tPrev=(  d=0.070837  dMin=0.000000  dAvg=0.043832  dMax=0.391473  Dlo=0.021916  Dhi=0.217653  err=0.000000  inc=-0.454354  bucket 0->0  (mf=1000)
[MF-SEL] tPrev=(  d=0.069310  dMin=0.000000  dAvg=0.043848  dMax=0.391473  Dlo=0.021924  Dhi=0.217661  err=0.000000  inc=-0.454354  bucket 0->0  (mf=1000)
[MF-SEL] tPrev=(  d=0.080573  dMin=0.000000  dAvg=0.043871  dMax=0.391473  Dlo=0.021936  Dhi=0.217672  err=0.000000  inc=-0.454354  bucket 0->0  (mf=1000)
[MF-SEL] tPrev=(  d=0.064637  dMin=0.000000  dAvg=0.043885  dMax=0.391473  Dlo=0.021942  Dhi=0.217679  err=0.000000  inc=-0.454354  bucket 0->0  (mf=1000)
[MF-SEL] tPrev=(  d=0.062307  dMin=0.000000  dAvg=0.043896  dMax=0.391473  Dlo=0.021948  Dhi=0.217685  err=0.000000  inc=-0.454354  bucket 0->0  (mf=1000)
[MF-SEL] tPrev=(  d=0.060353  dMin=0.000000  dAvg=0.043907  dMax=0.391473  Dlo=0.021953  Dhi=0.217690  err=0.000000  inc=-0.454354  bucket 0->0  (mf=1000)
Dropping frame 1413393975.555760
[MF-SEL] tPrev=(  d=0.127434  dMin=0.000000  dAvg=0.043960  dMax=0.391473  Dlo=0.021980  Dhi=0.217717  err=0.000000  inc=-0.454354  bucket 0->0  (mf=1000)
[MF-SEL] tPrev=(  d=0.055883  dMin=0.000000  dAvg=0.043967  dMax=0.391473  Dlo=0.021984  Dhi=0.217720  err=0.000000  inc=-0.454354  bucket 0->0  (mf=1000)
[MF-SEL] tPrev=(  d=0.054171  dMin=0.000000  dAvg=0.043974  dMax=0.391473  Dlo=0.021987  Dhi=0.217724  err=0.000000  inc=-0.454354  bucket 0->0  (mf=1000)
[MF-SEL] tPrev=(  d=0.052593  dMin=0.000000  dAvg=0.043979  dMax=0.391473  Dlo=0.021990  Dhi=0.217726  err=0.000000  inc=-0.454354  bucket 0->0  (mf=1000)
[MF-SEL] tPrev=(  d=0.062482  dMin=0.000000  dAvg=0.043991  dMax=0.391473  Dlo=0.021996  Dhi=0.217732  err=0.000000  inc=-0.454354  bucket 0->0  (mf=1000)
[MF-SEL] tPrev=(  d=0.048806  dMin=0.000000  dAvg=0.043994  dMax=0.391473  Dlo=0.021997  Dhi=0.217734  err=0.000000  inc=-0.454354  bucket 0->0  (mf=1000)
[MF-SEL] tPrev=(  d=0.046665  dMin=0.000000  dAvg=0.043996  dMax=0.391473  Dlo=0.021998  Dhi=0.217735  err=0.000000  inc=-0.454354  bucket 0->0  (mf=1000)
Dropping frame 1413393975.955760
[MF-SEL] tPrev=(  d=0.086445  dMin=0.000000  dAvg=0.044023  dMax=0.391473  Dlo=0.022011  Dhi=0.217748  err=0.000000  inc=-0.454354  bucket 0->0  (mf=1000)
Dropping frame 1413393976.055760
[MF-SEL] tPrev=(  d=0.082072  dMin=0.000000  dAvg=0.044047  dMax=0.391473  Dlo=0.022023  Dhi=0.217760  err=0.000000  inc=-0.454354  bucket 0->0  (mf=1000)
[MF-SEL] tPrev=(  d=0.037894  dMin=0.000000  dAvg=0.044043  dMax=0.391473  Dlo=0.022021  Dhi=0.217758  err=0.000000  inc=-0.454354  bucket 0->0  (mf=1000)
[MF-SEL] tPrev=(  d=0.037019  dMin=0.000000  dAvg=0.044039  dMax=0.391473  Dlo=0.022019  Dhi=0.217756  err=0.000000  inc=-0.454354  bucket 0->0  (mf=1000)
[MF-SEL] tPrev=(  d=0.036189  dMin=0.000000  dAvg=0.044034  dMax=0.391473  Dlo=0.022017  Dhi=0.217753  err=0.000000  inc=-0.454354  bucket 0->0  (mf=1000)
[MF-SEL] tPrev=(  d=0.026665  dMin=0.000000  dAvg=0.044023  dMax=0.391473  Dlo=0.022011  Dhi=0.217748  err=0.000000  inc=-0.454354  bucket 0->0  (mf=1000)
[MF-SEL] tPrev=(  d=0.032087  dMin=0.000000  dAvg=0.044015  dMax=0.391473  Dlo=0.022008  Dhi=0.217744  err=0.000000  inc=-0.454354  bucket 0->0  (mf=1000)
[MF-SEL] tPrev=(  d=0.029765  dMin=0.000000  dAvg=0.044006  dMax=0.391473  Dlo=0.022003  Dhi=0.217740  err=0.000000  inc=-0.454354  bucket 0->0  (mf=1000)
[MF-SEL] tPrev=(  d=0.026792  dMin=0.000000  dAvg=0.043995  dMax=0.391473  Dlo=0.021998  Dhi=0.217734  err=0.000000  inc=-0.454354  bucket 0->0  (mf=1000)
[MF-SEL] tPrev=(  d=0.023884  dMin=0.000000  dAvg=0.043983  dMax=0.391473  Dlo=0.021991  Dhi=0.217728  err=0.000000  inc=-0.454354  bucket 0->0  (mf=1000)
Dropping frame 1413393976.555760
[MF-SEL] tPrev=(  d=0.032043  dMin=0.000000  dAvg=0.043975  dMax=0.391473  Dlo=0.021988  Dhi=0.217724  err=0.000000  inc=-0.454354  bucket 0->0  (mf=1000)
[MF-SEL] tPrev=(  d=0.015535  dMin=0.000000  dAvg=0.043957  dMax=0.391473  Dlo=0.021979  Dhi=0.217715  err=-1.000000  inc=-1.416557  bucket 0->0  (mf=1000)
[MF-SEL] tPrev=(  d=0.014412  dMin=0.000000  dAvg=0.043939  dMax=0.391473  Dlo=0.021969  Dhi=0.217706  err=-1.000000  inc=-1.059135  bucket 0->0  (mf=1000)
[MF-SEL] tPrev=(  d=0.012867  dMin=0.000000  dAvg=0.043919  dMax=0.391473  Dlo=0.021960  Dhi=0.217696  err=-1.000000  inc=-1.061164  bucket 0->0  (mf=1000)
[MF-SEL] tPrev=(  d=0.012494  dMin=0.000000  dAvg=0.043899  dMax=0.391473  Dlo=0.021950  Dhi=0.217686  err=-1.000000  inc=-1.063635  bucket 0->0  (mf=1000)
[MF-SEL] tPrev=(  d=0.010484  dMin=0.000000  dAvg=0.043878  dMax=0.391473  Dlo=0.021939  Dhi=0.217676  err=-1.000000  inc=-1.065560  bucket 0->0  (mf=1000)
[MF-SEL] tPrev=(  d=0.010230  dMin=0.000000  dAvg=0.043857  dMax=0.391473  Dlo=0.021929  Dhi=0.217665  err=-1.000000  inc=-1.067769  bucket 0->0  (mf=1000)
Dropping frame 1413393976.955760
[MF-SEL] tPrev=(  d=0.014201  dMin=0.000000  dAvg=0.043839  dMax=0.391473  Dlo=0.021919  Dhi=0.217656  err=-1.000000  inc=-1.072795  bucket 0->0  (mf=1000)
Dropping frame 1413393977.055760
[MF-SEL] tPrev=(  d=0.015660  dMin=0.000000  dAvg=0.043821  dMax=0.391473  Dlo=0.021911  Dhi=0.217647  err=-1.000000  inc=-1.078031  bucket 0->0  (mf=1000)
[MF-SEL] tPrev=(  d=0.006577  dMin=0.000000  dAvg=0.043798  dMax=0.391473  Dlo=0.021899  Dhi=0.217636  err=-1.000000  inc=-1.080570  bucket 0->0  (mf=1000)
[MF-SEL] tPrev=(  d=0.006552  dMin=0.000000  dAvg=0.043774  dMax=0.391473  Dlo=0.021887  Dhi=0.217624  err=-1.000000  inc=-1.082941  bucket 0->0  (mf=1000)
[MF-SEL] tPrev=(  d=0.010309  dMin=0.000000  dAvg=0.043754  dMax=0.391473  Dlo=0.021877  Dhi=0.217613  err=-1.000000  inc=-1.085264  bucket 0->0  (mf=1000)
[MF-SEL] tPrev=(  d=0.014380  dMin=0.000000  dAvg=0.043735  dMax=0.391473  Dlo=0.021868  Dhi=0.217604  err=-1.000000  inc=-1.087304  bucket 0->0  (mf=1000)
[MF-SEL] tPrev=(  d=0.018246  dMin=0.000000  dAvg=0.043719  dMax=0.391473  Dlo=0.021860  Dhi=0.217596  err=-1.000000  inc=-1.089739  bucket 0->0  (mf=1000)
[MF-SEL] tPrev=(  d=0.019136  dMin=0.000000  dAvg=0.043704  dMax=0.391473  Dlo=0.021852  Dhi=0.217589  err=-1.000000  inc=-1.091948  bucket 0->0  (mf=1000)
Dropping frame 1413393977.455760
[MF-SEL] tPrev=(  d=0.049062  dMin=0.000000  dAvg=0.043707  dMax=0.391473  Dlo=0.021854  Dhi=0.217590  err=0.000000  inc=-0.323699  bucket 0->0  (mf=1000)
[MF-SEL] tPrev=(  d=0.024581  dMin=0.000000  dAvg=0.043695  dMax=0.391473  Dlo=0.021848  Dhi=0.217584  err=0.000000  inc=-0.491948  bucket 0->0  (mf=1000)
[MF-SEL] tPrev=(  d=0.022366  dMin=0.000000  dAvg=0.043682  dMax=0.391473  Dlo=0.021841  Dhi=0.217578  err=0.000000  inc=-0.491948  bucket 0->0  (mf=1000)
[MF-SEL] tPrev=(  d=0.019180  dMin=0.000000  dAvg=0.043667  dMax=0.391473  Dlo=0.021833  Dhi=0.217570  err=-1.000000  inc=-1.484870  bucket 0->0  (mf=1000)
[MF-SEL] tPrev=(  d=0.017965  dMin=0.000000  dAvg=0.043651  dMax=0.391473  Dlo=0.021825  Dhi=0.217562  err=-1.000000  inc=-1.096300  bucket 0->0  (mf=1000)
[MF-SEL] tPrev=(  d=0.014812  dMin=0.000000  dAvg=0.043633  dMax=0.391473  Dlo=0.021816  Dhi=0.217553  err=-1.000000  inc=-1.098618  bucket 0->0  (mf=1000)
[MF-SEL] tPrev=(  d=0.028414  dMin=0.000000  dAvg=0.043623  dMax=0.391473  Dlo=0.021812  Dhi=0.217548  err=0.000000  inc=-0.121152  bucket 0->0  (mf=1000)
Dropping frame 1413393977.855760
[MF-SEL] tPrev=(  d=0.037910  dMin=0.000000  dAvg=0.043620  dMax=0.391473  Dlo=0.021810  Dhi=0.217547  err=0.000000  inc=-0.498618  bucket 0->0  (mf=1000)
[MF-SEL] tPrev=(  d=0.021589  dMin=0.000000  dAvg=0.043606  dMax=0.391473  Dlo=0.021803  Dhi=0.217540  err=-1.000000  inc=-1.438685  bucket 0->0  (mf=1000)
[MF-SEL] tPrev=(  d=0.022355  dMin=0.000000  dAvg=0.043593  dMax=0.391473  Dlo=0.021797  Dhi=0.217533  err=0.000000  inc=-0.125532  bucket 0->0  (mf=1000)
[MF-SEL] tPrev=(  d=0.022434  dMin=0.000000  dAvg=0.043580  dMax=0.391473  Dlo=0.021790  Dhi=0.217527  err=0.000000  inc=-0.500987  bucket 0->0  (mf=1000)
[MF-SEL] tPrev=(  d=0.023993  dMin=0.000000  dAvg=0.043568  dMax=0.391473  Dlo=0.021784  Dhi=0.217521  err=0.000000  inc=-0.500987  bucket 0->0  (mf=1000)
[MF-SEL] tPrev=(  d=0.024450  dMin=0.000000  dAvg=0.043556  dMax=0.391473  Dlo=0.021778  Dhi=0.217515  err=0.000000  inc=-0.500987  bucket 0->0  (mf=1000)
[MF-SEL] tPrev=(  d=0.025371  dMin=0.000000  dAvg=0.043545  dMax=0.391473  Dlo=0.021772  Dhi=0.217509  err=0.000000  inc=-0.500987  bucket 0->0  (mf=1000)
[MF-SEL] tPrev=(  d=0.025556  dMin=0.000000  dAvg=0.043534  dMax=0.391473  Dlo=0.021767  Dhi=0.217504  err=0.000000  inc=-0.500987  bucket 0->0  (mf=1000)
Dropping frame 1413393978.305761
[MF-SEL] tPrev=(  d=0.046062  dMin=0.000000  dAvg=0.043535  dMax=0.391473  Dlo=0.021768  Dhi=0.217504  err=0.000000  inc=-0.500987  bucket 0->0  (mf=1000)
Dropping frame 1413393978.405761
[MF-SEL] tPrev=(  d=0.043806  dMin=0.000000  dAvg=0.043535  dMax=0.391473  Dlo=0.021768  Dhi=0.217504  err=0.000000  inc=-0.500987  bucket 0->0  (mf=1000)
[MF-SEL] tPrev=(  d=0.021569  dMin=0.000000  dAvg=0.043522  dMax=0.391473  Dlo=0.021761  Dhi=0.217498  err=-1.000000  inc=-1.450975  bucket 0->0  (mf=1000)
[MF-SEL] tPrev=(  d=0.014592  dMin=0.000000  dAvg=0.043504  dMax=0.391473  Dlo=0.021752  Dhi=0.217489  err=-1.000000  inc=-1.105818  bucket 0->0  (mf=1000)
[MF-SEL] tPrev=(  d=0.018096  dMin=0.000000  dAvg=0.043488  dMax=0.391473  Dlo=0.021744  Dhi=0.217481  err=-1.000000  inc=-1.108112  bucket 0->0  (mf=1000)
[MF-SEL] tPrev=(  d=0.015599  dMin=0.000000  dAvg=0.043471  dMax=0.391473  Dlo=0.021736  Dhi=0.217472  err=-1.000000  inc=-1.110389  bucket 0->0  (mf=1000)
[MF-SEL] tPrev=(  d=0.015588  dMin=0.000000  dAvg=0.043454  dMax=0.391473  Dlo=0.021727  Dhi=0.217464  err=-1.000000  inc=-1.112539  bucket 0->0  (mf=1000)
Dropping frame 1413393978.755760
[MF-SEL] tPrev=(  d=0.029315  dMin=0.000000  dAvg=0.043445  dMax=0.391473  Dlo=0.021723  Dhi=0.217459  err=0.000000  inc=-0.344349  bucket 0->0  (mf=1000)
Dropping frame 1413393978.855760
[MF-SEL] tPrev=(  d=0.020976  dMin=0.000000  dAvg=0.043432  dMax=0.391473  Dlo=0.021716  Dhi=0.217452  err=-1.000000  inc=-1.277491  bucket 0->0  (mf=1000)
Dropping frame 1413393978.955760
[MF-SEL] tPrev=(  d=0.016033  dMin=0.000000  dAvg=0.043415  dMax=0.391473  Dlo=0.021707  Dhi=0.217444  err=-1.000000  inc=-1.122311  bucket 0->0  (mf=1000)
Dropping frame 1413393979.055760
[MF-SEL] tPrev=(  d=0.015621  dMin=0.000000  dAvg=0.043398  dMax=0.391473  Dlo=0.021699  Dhi=0.217436  err=-1.000000  inc=-1.127163  bucket 0->0  (mf=1000)
Dropping frame 1413393979.155760
[MF-SEL] tPrev=(  d=0.037415  dMin=0.000000  dAvg=0.043394  dMax=0.391473  Dlo=0.021697  Dhi=0.217434  err=0.000000  inc=-0.356164  bucket 0->0  (mf=1000)
[MF-SEL] tPrev=(  d=0.010352  dMin=0.000000  dAvg=0.043374  dMax=0.391473  Dlo=0.021687  Dhi=0.217424  err=-1.000000  inc=-1.433824  bucket 0->0  (mf=1000)
[MF-SEL] tPrev=(  d=0.010979  dMin=0.000000  dAvg=0.043354  dMax=0.391473  Dlo=0.021677  Dhi=0.217414  err=-1.000000  inc=-1.132322  bucket 0->0  (mf=1000)
Dropping frame 1413393979.355760
[MF-SEL] tPrev=(  d=0.026916  dMin=0.000000  dAvg=0.043344  dMax=0.391473  Dlo=0.021672  Dhi=0.217409  err=0.000000  inc=-0.366205  bucket 0->0  (mf=1000)
Dropping frame 1413393979.455760
[MF-SEL] tPrev=(  d=0.041859  dMin=0.000000  dAvg=0.043343  dMax=0.391473  Dlo=0.021671  Dhi=0.217408  err=0.000000  inc=-0.532322  bucket 0->0  (mf=1000)
[MF-SEL] tPrev=(  d=0.024227  dMin=0.000000  dAvg=0.043331  dMax=0.391473  Dlo=0.021666  Dhi=0.217402  err=0.000000  inc=-0.532322  bucket 0->0  (mf=1000)
Dropping frame 1413393979.605761
[MF-SEL] tPrev=(  d=0.055054  dMin=0.000000  dAvg=0.043338  dMax=0.391473  Dlo=0.021669  Dhi=0.217406  err=0.000000  inc=-0.532322  bucket 0->0  (mf=1000)
[MF-SEL] tPrev=(  d=0.033635  dMin=0.000000  dAvg=0.043332  dMax=0.391473  Dlo=0.021666  Dhi=0.217403  err=0.000000  inc=-0.532322  bucket 0->0  (mf=1000)
[MF-SEL] tPrev=(  d=0.035232  dMin=0.000000  dAvg=0.043327  dMax=0.391473  Dlo=0.021664  Dhi=0.217400  err=0.000000  inc=-0.532322  bucket 0->0  (mf=1000)
Dropping frame 1413393979.805761
[MF-SEL] tPrev=(  d=0.083917  dMin=0.000000  dAvg=0.043352  dMax=0.391473  Dlo=0.021676  Dhi=0.217413  err=0.000000  inc=-0.532322  bucket 0->0  (mf=1000)
[MF-SEL] tPrev=(  d=0.043163  dMin=0.000000  dAvg=0.043352  dMax=0.391473  Dlo=0.021676  Dhi=0.217413  err=0.000000  inc=-0.532322  bucket 0->0  (mf=1000)
Dropping frame 1413393979.955760
[MF-SEL] tPrev=(  d=0.090502  dMin=0.000000  dAvg=0.043381  dMax=0.391473  Dlo=0.021690  Dhi=0.217427  err=0.000000  inc=-0.532322  bucket 0->0  (mf=1000)
Dropping frame 1413393980.055760
[MF-SEL] tPrev=(  d=0.099613  dMin=0.000000  dAvg=0.043415  dMax=0.391473  Dlo=0.021708  Dhi=0.217444  err=0.000000  inc=-0.532322  bucket 0->0  (mf=1000)
Dropping frame 1413393980.155760
[MF-SEL] tPrev=(  d=0.101832  dMin=0.000000  dAvg=0.043451  dMax=0.391473  Dlo=0.021725  Dhi=0.217462  err=0.000000  inc=-0.532322  bucket 0->0  (mf=1000)
[MF-SEL] tPrev=(  d=0.051428  dMin=0.000000  dAvg=0.043456  dMax=0.391473  Dlo=0.021728  Dhi=0.217464  err=0.000000  inc=-0.532322  bucket 0->0  (mf=1000)
[MF-SEL] tPrev=(  d=0.039102  dMin=0.000000  dAvg=0.043453  dMax=0.391473  Dlo=0.021726  Dhi=0.217463  err=0.000000  inc=-0.532322  bucket 0->0  (mf=1000)
Dropping frame 1413393980.355760
[MF-SEL] tPrev=(  d=0.102052  dMin=0.000000  dAvg=0.043488  dMax=0.391473  Dlo=0.021744  Dhi=0.217481  err=0.000000  inc=-0.532322  bucket 0->0  (mf=1000)
[MF-SEL] tPrev=(  d=0.051193  dMin=0.000000  dAvg=0.043493  dMax=0.391473  Dlo=0.021747  Dhi=0.217483  err=0.000000  inc=-0.532322  bucket 0->0  (mf=1000)
[MF-SEL] tPrev=(  d=0.050487  dMin=0.000000  dAvg=0.043497  dMax=0.391473  Dlo=0.021749  Dhi=0.217485  err=0.000000  inc=-0.532322  bucket 0->0  (mf=1000)
[MF-SEL] tPrev=(  d=0.049817  dMin=0.000000  dAvg=0.043501  dMax=0.391473  Dlo=0.021751  Dhi=0.217487  err=0.000000  inc=-0.532322  bucket 0->0  (mf=1000)
[MF-SEL] tPrev=(  d=0.043646  dMin=0.000000  dAvg=0.043501  dMax=0.391473  Dlo=0.021751  Dhi=0.217487  err=0.000000  inc=-0.532322  bucket 0->0  (mf=1000)
[MF-SEL] tPrev=(  d=0.050133  dMin=0.000000  dAvg=0.043505  dMax=0.391473  Dlo=0.021753  Dhi=0.217489  err=0.000000  inc=-0.532322  bucket 0->0  (mf=1000)
[MF-SEL] tPrev=(  d=0.049596  dMin=0.000000  dAvg=0.043509  dMax=0.391473  Dlo=0.021755  Dhi=0.217491  err=0.000000  inc=-0.532322  bucket 0->0  (mf=1000)
[MF-SEL] tPrev=(  d=0.048510  dMin=0.000000  dAvg=0.043512  dMax=0.391473  Dlo=0.021756  Dhi=0.217493  err=0.000000  inc=-0.532322  bucket 0->0  (mf=1000)
Dropping frame 1413393980.805761
[MF-SEL] tPrev=(  d=0.094943  dMin=0.000000  dAvg=0.043543  dMax=0.391473  Dlo=0.021772  Dhi=0.217508  err=0.000000  inc=-0.532322  bucket 0->0  (mf=1000)
Dropping frame 1413393980.905761
[MF-SEL] tPrev=(  d=0.094339  dMin=0.000000  dAvg=0.043574  dMax=0.391473  Dlo=0.021787  Dhi=0.217524  err=0.000000  inc=-0.532322  bucket 0->0  (mf=1000)
[MF-SEL] tPrev=(  d=0.048102  dMin=0.000000  dAvg=0.043577  dMax=0.391473  Dlo=0.021788  Dhi=0.217525  err=0.000000  inc=-0.532322  bucket 0->0  (mf=1000)
[MF-SEL] tPrev=(  d=0.049317  dMin=0.000000  dAvg=0.043580  dMax=0.391473  Dlo=0.021790  Dhi=0.217527  err=0.000000  inc=-0.532322  bucket 0->0  (mf=1000)
[MF-SEL] tPrev=(  d=0.050413  dMin=0.000000  dAvg=0.043584  dMax=0.391473  Dlo=0.021792  Dhi=0.217529  err=0.000000  inc=-0.532322  bucket 0->0  (mf=1000)
Dropping frame 1413393981.155760
[MF-SEL] tPrev=(  d=0.109709  dMin=0.000000  dAvg=0.043624  dMax=0.391473  Dlo=0.021812  Dhi=0.217549  err=0.000000  inc=-0.532322  bucket 0->0  (mf=1000)
[MF-SEL] tPrev=(  d=0.057792  dMin=0.000000  dAvg=0.043633  dMax=0.391473  Dlo=0.021816  Dhi=0.217553  err=0.000000  inc=-0.532322  bucket 0->0  (mf=1000)
Dropping frame 1413393981.305761
[MF-SEL] tPrev=(  d=0.122287  dMin=0.000000  dAvg=0.043680  dMax=0.391473  Dlo=0.021840  Dhi=0.217577  err=0.000000  inc=-0.532322  bucket 0->0  (mf=1000)
Dropping frame 1413393981.405761
[MF-SEL] tPrev=(  d=0.130853  dMin=0.000000  dAvg=0.043732  dMax=0.391473  Dlo=0.021866  Dhi=0.217603  err=0.000000  inc=-0.532322  bucket 0->0  (mf=1000)
[MF-SEL] tPrev=(  d=0.062354  dMin=0.000000  dAvg=0.043744  dMax=0.391473  Dlo=0.021872  Dhi=0.217608  err=0.000000  inc=-0.532322  bucket 0->0  (mf=1000)
[MF-SEL] tPrev=(  d=0.058346  dMin=0.000000  dAvg=0.043752  dMax=0.391473  Dlo=0.021876  Dhi=0.217613  err=0.000000  inc=-0.532322  bucket 0->0  (mf=1000)
[MF-SEL] tPrev=(  d=0.061772  dMin=0.000000  dAvg=0.043763  dMax=0.391473  Dlo=0.021882  Dhi=0.217618  err=0.000000  inc=-0.532322  bucket 0->0  (mf=1000)
[MF-SEL] tPrev=(  d=0.062404  dMin=0.000000  dAvg=0.043774  dMax=0.391473  Dlo=0.021887  Dhi=0.217624  err=0.000000  inc=-0.532322  bucket 0->0  (mf=1000)
[MF-SEL] tPrev=(  d=0.064214  dMin=0.000000  dAvg=0.043787  dMax=0.391473  Dlo=0.021893  Dhi=0.217630  err=0.000000  inc=-0.532322  bucket 0->0  (mf=1000)
[MF-SEL] tPrev=(  d=0.067040  dMin=0.000000  dAvg=0.043801  dMax=0.391473  Dlo=0.021900  Dhi=0.217637  err=0.000000  inc=-0.532322  bucket 0->0  (mf=1000)
Dropping frame 1413393981.805761
[MF-SEL] tPrev=(  d=0.143651  dMin=0.000000  dAvg=0.043860  dMax=0.391473  Dlo=0.021930  Dhi=0.217667  err=0.000000  inc=-0.532322  bucket 0->0  (mf=1000)
[MF-SEL] tPrev=(  d=0.067895  dMin=0.000000  dAvg=0.043875  dMax=0.391473  Dlo=0.021937  Dhi=0.217674  err=0.000000  inc=-0.532322  bucket 0->0  (mf=1000)
[MF-SEL] tPrev=(  d=0.068240  dMin=0.000000  dAvg=0.043889  dMax=0.391473  Dlo=0.021945  Dhi=0.217681  err=0.000000  inc=-0.532322  bucket 0->0  (mf=1000)
[MF-SEL] tPrev=(  d=0.067285  dMin=0.000000  dAvg=0.043903  dMax=0.391473  Dlo=0.021952  Dhi=0.217688  err=0.000000  inc=-0.532322  bucket 0->0  (mf=1000)
[MF-SEL] tPrev=(  d=0.066783  dMin=0.000000  dAvg=0.043917  dMax=0.391473  Dlo=0.021958  Dhi=0.217695  err=0.000000  inc=-0.532322  bucket 0->0  (mf=1000)
[MF-SEL] tPrev=(  d=0.066272  dMin=0.000000  dAvg=0.043930  dMax=0.391473  Dlo=0.021965  Dhi=0.217702  err=0.000000  inc=-0.532322  bucket 0->0  (mf=1000)
[MF-SEL] tPrev=(  d=0.073567  dMin=0.000000  dAvg=0.043948  dMax=0.391473  Dlo=0.021974  Dhi=0.217711  err=0.000000  inc=-0.532322  bucket 0->0  (mf=1000)
[MF-SEL] tPrev=(  d=0.065816  dMin=0.000000  dAvg=0.043961  dMax=0.391473  Dlo=0.021981  Dhi=0.217717  err=0.000000  inc=-0.532322  bucket 0->0  (mf=1000)
[MF-SEL] tPrev=(  d=0.064725  dMin=0.000000  dAvg=0.043973  dMax=0.391473  Dlo=0.021987  Dhi=0.217723  err=0.000000  inc=-0.532322  bucket 0->0  (mf=1000)
[MF-SEL] tPrev=(  d=0.064798  dMin=0.000000  dAvg=0.043986  dMax=0.391473  Dlo=0.021993  Dhi=0.217730  err=0.000000  inc=-0.532322  bucket 0->0  (mf=1000)
[MF-SEL] tPrev=(  d=0.069646  dMin=0.000000  dAvg=0.044001  dMax=0.391473  Dlo=0.022001  Dhi=0.217737  err=0.000000  inc=-0.532322  bucket 0->0  (mf=1000)
[MF-SEL] tPrev=(  d=0.060889  dMin=0.000000  dAvg=0.044011  dMax=0.391473  Dlo=0.022006  Dhi=0.217742  err=0.000000  inc=-0.532322  bucket 0->0  (mf=1000)
[MF-SEL] tPrev=(  d=0.059396  dMin=0.000000  dAvg=0.044020  dMax=0.391473  Dlo=0.022010  Dhi=0.217747  err=0.000000  inc=-0.532322  bucket 0->0  (mf=1000)
[MF-SEL] tPrev=(  d=0.057694  dMin=0.000000  dAvg=0.044028  dMax=0.391473  Dlo=0.022014  Dhi=0.217751  err=0.000000  inc=-0.532322  bucket 0->0  (mf=1000)
[MF-SEL] tPrev=(  d=0.073873  dMin=0.000000  dAvg=0.044046  dMax=0.391473  Dlo=0.022023  Dhi=0.217760  err=0.000000  inc=-0.532322  bucket 0->0  (mf=1000)
Dropping frame 1413393982.605761
[MF-SEL] tPrev=(  d=0.112669  dMin=0.000000  dAvg=0.044087  dMax=0.391473  Dlo=0.022043  Dhi=0.217780  err=0.000000  inc=-0.532322  bucket 0->0  (mf=1000)
[MF-SEL] tPrev=(  d=0.056044  dMin=0.000000  dAvg=0.044094  dMax=0.391473  Dlo=0.022047  Dhi=0.217784  err=0.000000  inc=-0.532322  bucket 0->0  (mf=1000)
Dropping frame 1413393982.755760
[MF-SEL] tPrev=(  d=0.125267  dMin=0.000000  dAvg=0.044142  dMax=0.391473  Dlo=0.022071  Dhi=0.217808  err=0.000000  inc=-0.532322  bucket 0->0  (mf=1000)
[MF-SEL] tPrev=(  d=0.058749  dMin=0.000000  dAvg=0.044151  dMax=0.391473  Dlo=0.022075  Dhi=0.217812  err=0.000000  inc=-0.532322  bucket 0->0  (mf=1000)
[MF-SEL] tPrev=(  d=0.059166  dMin=0.000000  dAvg=0.044160  dMax=0.391473  Dlo=0.022080  Dhi=0.217817  err=0.000000  inc=-0.532322  bucket 0->0  (mf=1000)
[MF-SEL] tPrev=(  d=0.057359  dMin=0.000000  dAvg=0.044168  dMax=0.391473  Dlo=0.022084  Dhi=0.217821  err=0.000000  inc=-0.532322  bucket 0->0  (mf=1000)
[MF-SEL] tPrev=(  d=0.066339  dMin=0.000000  dAvg=0.044181  dMax=0.391473  Dlo=0.022090  Dhi=0.217827  err=0.000000  inc=-0.532322  bucket 0->0  (mf=1000)
[MF-SEL] tPrev=(  d=0.050926  dMin=0.000000  dAvg=0.044185  dMax=0.391473  Dlo=0.022092  Dhi=0.217829  err=0.000000  inc=-0.532322  bucket 0->0  (mf=1000)
[MF-SEL] tPrev=(  d=0.049578  dMin=0.000000  dAvg=0.044188  dMax=0.391473  Dlo=0.022094  Dhi=0.217831  err=0.000000  inc=-0.532322  bucket 0->0  (mf=1000)
[MF-SEL] tPrev=(  d=0.048926  dMin=0.000000  dAvg=0.044191  dMax=0.391473  Dlo=0.022095  Dhi=0.217832  err=0.000000  inc=-0.532322  bucket 0->0  (mf=1000)
Dropping frame 1413393983.205760
[MF-SEL] tPrev=(  d=0.095387  dMin=0.000000  dAvg=0.044221  dMax=0.391473  Dlo=0.022110  Dhi=0.217847  err=0.000000  inc=-0.532322  bucket 0->0  (mf=1000)
[MF-SEL] tPrev=(  d=0.073329  dMin=0.000000  dAvg=0.044238  dMax=0.391473  Dlo=0.022119  Dhi=0.217856  err=0.000000  inc=-0.532322  bucket 0->0  (mf=1000)
[MF-SEL] tPrev=(  d=0.045990  dMin=0.000000  dAvg=0.044239  dMax=0.391473  Dlo=0.022120  Dhi=0.217856  err=0.000000  inc=-0.532322  bucket 0->0  (mf=1000)
[MF-SEL] tPrev=(  d=0.044424  dMin=0.000000  dAvg=0.044239  dMax=0.391473  Dlo=0.022120  Dhi=0.217856  err=0.000000  inc=-0.532322  bucket 0->0  (mf=1000)
[MF-SEL] tPrev=(  d=0.043621  dMin=0.000000  dAvg=0.044239  dMax=0.391473  Dlo=0.022119  Dhi=0.217856  err=0.000000  inc=-0.532322  bucket 0->0  (mf=1000)
Dropping frame 1413393983.505760
[MF-SEL] tPrev=(  d=0.095401  dMin=0.000000  dAvg=0.044269  dMax=0.391473  Dlo=0.022134  Dhi=0.217871  err=0.000000  inc=-0.532322  bucket 0->0  (mf=1000)
[MF-SEL] tPrev=(  d=0.042404  dMin=0.000000  dAvg=0.044268  dMax=0.391473  Dlo=0.022134  Dhi=0.217871  err=0.000000  inc=-0.532322  bucket 0->0  (mf=1000)
[MF-SEL] tPrev=(  d=0.041514  dMin=0.000000  dAvg=0.044266  dMax=0.391473  Dlo=0.022133  Dhi=0.217870  err=0.000000  inc=-0.532322  bucket 0->0  (mf=1000)
Dropping frame 1413393983.705760
[MF-SEL] tPrev=(  d=0.086028  dMin=0.000000  dAvg=0.044291  dMax=0.391473  Dlo=0.022145  Dhi=0.217882  err=0.000000  inc=-0.532322  bucket 0->0  (mf=1000)
[MF-SEL] tPrev=(  d=0.042033  dMin=0.000000  dAvg=0.044289  dMax=0.391473  Dlo=0.022145  Dhi=0.217881  err=0.000000  inc=-0.532322  bucket 0->0  (mf=1000)
[MF-SEL] tPrev=(  d=0.042932  dMin=0.000000  dAvg=0.044289  dMax=0.391473  Dlo=0.022144  Dhi=0.217881  err=0.000000  inc=-0.532322  bucket 0->0  (mf=1000)
Dropping frame 1413393983.905761
[MF-SEL] tPrev=(  d=0.086882  dMin=0.000000  dAvg=0.044314  dMax=0.391473  Dlo=0.022157  Dhi=0.217894  err=0.000000  inc=-0.532322  bucket 0->0  (mf=1000)
Dropping frame 1413393984.005760
[MF-SEL] tPrev=(  d=0.103553  dMin=0.000000  dAvg=0.044348  dMax=0.391473  Dlo=0.022174  Dhi=0.217911  err=0.000000  inc=-0.532322  bucket 0->0  (mf=1000)
[MF-SEL] tPrev=(  d=0.046902  dMin=0.000000  dAvg=0.044350  dMax=0.391473  Dlo=0.022175  Dhi=0.217912  err=0.000000  inc=-0.532322  bucket 0->0  (mf=1000)
Dropping frame 1413393984.155760
[MF-SEL] tPrev=(  d=0.102585  dMin=0.000000  dAvg=0.044384  dMax=0.391473  Dlo=0.022192  Dhi=0.217929  err=0.000000  inc=-0.532322  bucket 0->0  (mf=1000)
Dropping frame 1413393984.255760
[MF-SEL] tPrev=(  d=0.114884  dMin=0.000000  dAvg=0.044425  dMax=0.391473  Dlo=0.022213  Dhi=0.217949  err=0.000000  inc=-0.532322  bucket 0->0  (mf=1000)
[MF-SEL] tPrev=(  d=0.061877  dMin=0.000000  dAvg=0.044435  dMax=0.391473  Dlo=0.022218  Dhi=0.217954  err=0.000000  inc=-0.532322  bucket 0->0  (mf=1000)
[MF-SEL] tPrev=(  d=0.064355  dMin=0.000000  dAvg=0.044447  dMax=0.391473  Dlo=0.022224  Dhi=0.217960  err=0.000000  inc=-0.532322  bucket 0->0  (mf=1000)
[MF-SEL] tPrev=(  d=0.063614  dMin=0.000000  dAvg=0.044458  dMax=0.391473  Dlo=0.022229  Dhi=0.217966  err=0.000000  inc=-0.532322  bucket 0->0  (mf=1000)
[MF-SEL] tPrev=(  d=0.074466  dMin=0.000000  dAvg=0.044476  dMax=0.391473  Dlo=0.022238  Dhi=0.217975  err=0.000000  inc=-0.532322  bucket 0->0  (mf=1000)
[MF-SEL] tPrev=(  d=0.070721  dMin=0.000000  dAvg=0.044491  dMax=0.391473  Dlo=0.022246  Dhi=0.217982  err=0.000000  inc=-0.532322  bucket 0->0  (mf=1000)
[MF-SEL] tPrev=(  d=0.072435  dMin=0.000000  dAvg=0.044507  dMax=0.391473  Dlo=0.022254  Dhi=0.217990  err=0.000000  inc=-0.532322  bucket 0->0  (mf=1000)
Dropping frame 1413393984.655760
[MF-SEL] tPrev=(  d=0.151434  dMin=0.000000  dAvg=0.044570  dMax=0.391473  Dlo=0.022285  Dhi=0.218022  err=0.000000  inc=-0.532322  bucket 0->0  (mf=1000)
[MF-SEL] tPrev=(  d=0.080624  dMin=0.000000  dAvg=0.044591  dMax=0.391473  Dlo=0.022295  Dhi=0.218032  err=0.000000  inc=-0.532322  bucket 0->0  (mf=1000)
[MF-SEL] tPrev=(  d=0.075943  dMin=0.000000  dAvg=0.044609  dMax=0.391473  Dlo=0.022304  Dhi=0.218041  err=0.000000  inc=-0.532322  bucket 0->0  (mf=1000)
Dropping frame 1413393984.855760
[MF-SEL] tPrev=(  d=0.151009  dMin=0.000000  dAvg=0.044671  dMax=0.391473  Dlo=0.022335  Dhi=0.218072  err=0.000000  inc=-0.532322  bucket 0->0  (mf=1000)
[MF-SEL] tPrev=(  d=0.074008  dMin=0.000000  dAvg=0.044688  dMax=0.391473  Dlo=0.022344  Dhi=0.218081  err=0.000000  inc=-0.532322  bucket 0->0  (mf=1000)
[MF-SEL] tPrev=(  d=0.077161  dMin=0.000000  dAvg=0.044707  dMax=0.391473  Dlo=0.022353  Dhi=0.218090  err=0.000000  inc=-0.532322  bucket 0->0  (mf=1000)
Dropping frame 1413393985.055760
[MF-SEL] tPrev=(  d=0.140008  dMin=0.000000  dAvg=0.044762  dMax=0.391473  Dlo=0.022381  Dhi=0.218118  err=0.000000  inc=-0.532322  bucket 0->0  (mf=1000)
[MF-SEL] tPrev=(  d=0.068222  dMin=0.000000  dAvg=0.044776  dMax=0.391473  Dlo=0.022388  Dhi=0.218125  err=0.000000  inc=-0.532322  bucket 0->0  (mf=1000)
[MF-SEL] tPrev=(  d=0.067281  dMin=0.000000  dAvg=0.044789  dMax=0.391473  Dlo=0.022394  Dhi=0.218131  err=0.000000  inc=-0.532322  bucket 0->0  (mf=1000)
Dropping frame 1413393985.255760
[MF-SEL] tPrev=(  d=0.128744  dMin=0.000000  dAvg=0.044837  dMax=0.391473  Dlo=0.022419  Dhi=0.218155  err=0.000000  inc=-0.532322  bucket 0->0  (mf=1000)
[MF-SEL] tPrev=(  d=0.062631  dMin=0.000000  dAvg=0.044848  dMax=0.391473  Dlo=0.022424  Dhi=0.218161  err=0.000000  inc=-0.532322  bucket 0->0  (mf=1000)
[MF-SEL] tPrev=(  d=0.061920  dMin=0.000000  dAvg=0.044858  dMax=0.391473  Dlo=0.022429  Dhi=0.218166  err=0.000000  inc=-0.532322  bucket 0->0  (mf=1000)
Dropping frame 1413393985.455760
[MF-SEL] tPrev=(  d=0.124461  dMin=0.000000  dAvg=0.044904  dMax=0.391473  Dlo=0.022452  Dhi=0.218189  err=0.000000  inc=-0.532322  bucket 0->0  (mf=1000)
[MF-SEL] tPrev=(  d=0.065465  dMin=0.000000  dAvg=0.044916  dMax=0.391473  Dlo=0.022458  Dhi=0.218195  err=0.000000  inc=-0.532322  bucket 0->0  (mf=1000)
[MF-SEL] tPrev=(  d=0.060524  dMin=0.000000  dAvg=0.044925  dMax=0.391473  Dlo=0.022462  Dhi=0.218199  err=0.000000  inc=-0.532322  bucket 0->0  (mf=1000)
Dropping frame 1413393985.655760
[MF-SEL] tPrev=(  d=0.119717  dMin=0.000000  dAvg=0.044968  dMax=0.391473  Dlo=0.022484  Dhi=0.218221  err=0.000000  inc=-0.532322  bucket 0->0  (mf=1000)
[MF-SEL] tPrev=(  d=0.071676  dMin=0.000000  dAvg=0.044983  dMax=0.391473  Dlo=0.022492  Dhi=0.218228  err=0.000000  inc=-0.532322  bucket 0->0  (mf=1000)
[MF-SEL] tPrev=(  d=0.058476  dMin=0.000000  dAvg=0.044991  dMax=0.391473  Dlo=0.022496  Dhi=0.218232  err=0.000000  inc=-0.532322  bucket 0->0  (mf=1000)
Dropping frame 1413393985.855760
[MF-SEL] tPrev=(  d=0.111636  dMin=0.000000  dAvg=0.045029  dMax=0.391473  Dlo=0.022515  Dhi=0.218251  err=0.000000  inc=-0.532322  bucket 0->0  (mf=1000)
Dropping frame 1413393985.955760
[MF-SEL] tPrev=(  d=0.120299  dMin=0.000000  dAvg=0.045073  dMax=0.391473  Dlo=0.022536  Dhi=0.218273  err=0.000000  inc=-0.532322  bucket 0->0  (mf=1000)
[MF-SEL] tPrev=(  d=0.051731  dMin=0.000000  dAvg=0.045077  dMax=0.391473  Dlo=0.022538  Dhi=0.218275  err=0.000000  inc=-0.532322  bucket 0->0  (mf=1000)
[MF-SEL] tPrev=(  d=0.050034  dMin=0.000000  dAvg=0.045080  dMax=0.391473  Dlo=0.022540  Dhi=0.218276  err=0.000000  inc=-0.532322  bucket 0->0  (mf=1000)
Dropping frame 1413393986.155760
[MF-SEL] tPrev=(  d=0.094214  dMin=0.000000  dAvg=0.045108  dMax=0.391473  Dlo=0.022554  Dhi=0.218291  err=0.000000  inc=-0.532322  bucket 0->0  (mf=1000)
Dropping frame 1413393986.255760
[MF-SEL] tPrev=(  d=0.100056  dMin=0.000000  dAvg=0.045139  dMax=0.391473  Dlo=0.022570  Dhi=0.218306  err=0.000000  inc=-0.532322  bucket 0->0  (mf=1000)
Dropping frame 1413393986.355760
[MF-SEL] tPrev=(  d=0.073137  dMin=0.000000  dAvg=0.045156  dMax=0.391473  Dlo=0.022578  Dhi=0.218314  err=0.000000  inc=-0.532322  bucket 0->0  (mf=1000)
[MF-SEL] tPrev=(  d=0.029157  dMin=0.000000  dAvg=0.045146  dMax=0.391473  Dlo=0.022573  Dhi=0.218310  err=0.000000  inc=-0.532322  bucket 0->0  (mf=1000)
[MF-SEL] tPrev=(  d=0.028078  dMin=0.000000  dAvg=0.045137  dMax=0.391473  Dlo=0.022568  Dhi=0.218305  err=0.000000  inc=-0.532322  bucket 0->0  (mf=1000)
[MF-SEL] tPrev=(  d=0.057103  dMin=0.000000  dAvg=0.045143  dMax=0.391473  Dlo=0.022572  Dhi=0.218308  err=0.000000  inc=-0.532322  bucket 0->0  (mf=1000)
Dropping frame 1413393986.605761
[MF-SEL] tPrev=(  d=0.056329  dMin=0.000000  dAvg=0.045150  dMax=0.391473  Dlo=0.022575  Dhi=0.218312  err=0.000000  inc=-0.532322  bucket 0->0  (mf=1000)
Dropping frame 1413393986.705760
[MF-SEL] tPrev=(  d=0.041762  dMin=0.000000  dAvg=0.045148  dMax=0.391473  Dlo=0.022574  Dhi=0.218311  err=0.000000  inc=-0.532322  bucket 0->0  (mf=1000)
Dropping frame 1413393986.805761
[MF-SEL] tPrev=(  d=0.051951  dMin=0.000000  dAvg=0.045152  dMax=0.391473  Dlo=0.022576  Dhi=0.218313  err=0.000000  inc=-0.532322  bucket 0->0  (mf=1000)
[MF-SEL] tPrev=(  d=0.023732  dMin=0.000000  dAvg=0.045139  dMax=0.391473  Dlo=0.022570  Dhi=0.218306  err=0.000000  inc=-0.532322  bucket 0->0  (mf=1000)
[MF-SEL] tPrev=(  d=0.021381  dMin=0.000000  dAvg=0.045126  dMax=0.391473  Dlo=0.022563  Dhi=0.218300  err=-1.000000  inc=-1.496894  bucket 0->0  (mf=1000)
Dropping frame 1413393987.005760
[MF-SEL] tPrev=(  d=0.042252  dMin=0.000000  dAvg=0.045124  dMax=0.391473  Dlo=0.022562  Dhi=0.218299  err=0.000000  inc=-0.362528  bucket 0->0  (mf=1000)
[MF-SEL] tPrev=(  d=0.037969  dMin=0.000000  dAvg=0.045120  dMax=0.391473  Dlo=0.022560  Dhi=0.218297  err=0.000000  inc=-0.534530  bucket 0->0  (mf=1000)
[MF-SEL] tPrev=(  d=0.027829  dMin=0.000000  dAvg=0.045110  dMax=0.391473  Dlo=0.022555  Dhi=0.218292  err=0.000000  inc=-0.534530  bucket 0->0  (mf=1000)
Dropping frame 1413393987.205760
[MF-SEL] tPrev=(  d=0.073367  dMin=0.000000  dAvg=0.045126  dMax=0.391473  Dlo=0.022563  Dhi=0.218300  err=0.000000  inc=-0.534530  bucket 0->0  (mf=1000)
[MF-SEL] tPrev=(  d=0.028665  dMin=0.000000  dAvg=0.045117  dMax=0.391473  Dlo=0.022559  Dhi=0.218295  err=0.000000  inc=-0.534530  bucket 0->0  (mf=1000)
[MF-SEL] tPrev=(  d=0.029109  dMin=0.000000  dAvg=0.045108  dMax=0.391473  Dlo=0.022554  Dhi=0.218291  err=0.000000  inc=-0.534530  bucket 0->0  (mf=1000)
Dropping frame 1413393987.405761
[MF-SEL] tPrev=(  d=0.057150  dMin=0.000000  dAvg=0.045115  dMax=0.391473  Dlo=0.022557  Dhi=0.218294  err=0.000000  inc=-0.534530  bucket 0->0  (mf=1000)
[MF-SEL] tPrev=(  d=0.030608  dMin=0.000000  dAvg=0.045107  dMax=0.391473  Dlo=0.022553  Dhi=0.218290  err=0.000000  inc=-0.534530  bucket 0->0  (mf=1000)
[MF-SEL] tPrev=(  d=0.031278  dMin=0.000000  dAvg=0.045099  dMax=0.391473  Dlo=0.022549  Dhi=0.218286  err=0.000000  inc=-0.534530  bucket 0->0  (mf=1000)
Dropping frame 1413393987.605761
[MF-SEL] tPrev=(  d=0.058231  dMin=0.000000  dAvg=0.045106  dMax=0.391473  Dlo=0.022553  Dhi=0.218290  err=0.000000  inc=-0.534530  bucket 0->0  (mf=1000)
[MF-SEL] tPrev=(  d=0.032135  dMin=0.000000  dAvg=0.045099  dMax=0.391473  Dlo=0.022549  Dhi=0.218286  err=0.000000  inc=-0.534530  bucket 0->0  (mf=1000)
[MF-SEL] tPrev=(  d=0.033452  dMin=0.000000  dAvg=0.045092  dMax=0.391473  Dlo=0.022546  Dhi=0.218283  err=0.000000  inc=-0.534530  bucket 0->0  (mf=1000)
Dropping frame 1413393987.805761
[MF-SEL] tPrev=(  d=0.068349  dMin=0.000000  dAvg=0.045105  dMax=0.391473  Dlo=0.022553  Dhi=0.218289  err=0.000000  inc=-0.534530  bucket 0->0  (mf=1000)
[MF-SEL] tPrev=(  d=0.027614  dMin=0.000000  dAvg=0.045095  dMax=0.391473  Dlo=0.022548  Dhi=0.218284  err=0.000000  inc=-0.534530  bucket 0->0  (mf=1000)
[MF-SEL] tPrev=(  d=0.035756  dMin=0.000000  dAvg=0.045090  dMax=0.391473  Dlo=0.022545  Dhi=0.218282  err=0.000000  inc=-0.534530  bucket 0->0  (mf=1000)
Dropping frame 1413393988.005760
[MF-SEL] tPrev=(  d=0.072607  dMin=0.000000  dAvg=0.045106  dMax=0.391473  Dlo=0.022553  Dhi=0.218290  err=0.000000  inc=-0.534530  bucket 0->0  (mf=1000)
Dropping frame 1413393988.105761
[MF-SEL] tPrev=(  d=0.070945  dMin=0.000000  dAvg=0.045120  dMax=0.391473  Dlo=0.022560  Dhi=0.218297  err=0.000000  inc=-0.534530  bucket 0->0  (mf=1000)
[MF-SEL] tPrev=(  d=0.039610  dMin=0.000000  dAvg=0.045117  dMax=0.391473  Dlo=0.022559  Dhi=0.218295  err=0.000000  inc=-0.534530  bucket 0->0  (mf=1000)
[MF-SEL] tPrev=(  d=0.040590  dMin=0.000000  dAvg=0.045115  dMax=0.391473  Dlo=0.022557  Dhi=0.218294  err=0.000000  inc=-0.534530  bucket 0->0  (mf=1000)
[MF-SEL] tPrev=(  d=0.041825  dMin=0.000000  dAvg=0.045113  dMax=0.391473  Dlo=0.022556  Dhi=0.218293  err=0.000000  inc=-0.534530  bucket 0->0  (mf=1000)
[MF-SEL] tPrev=(  d=0.042135  dMin=0.000000  dAvg=0.045111  dMax=0.391473  Dlo=0.022556  Dhi=0.218292  err=0.000000  inc=-0.534530  bucket 0->0  (mf=1000)
[MF-SEL] tPrev=(  d=0.038035  dMin=0.000000  dAvg=0.045107  dMax=0.391473  Dlo=0.022554  Dhi=0.218290  err=0.000000  inc=-0.534530  bucket 0->0  (mf=1000)
[MF-SEL] tPrev=(  d=0.043325  dMin=0.000000  dAvg=0.045106  dMax=0.391473  Dlo=0.022553  Dhi=0.218290  err=0.000000  inc=-0.534530  bucket 0->0  (mf=1000)
[MF-SEL] tPrev=(  d=0.044728  dMin=0.000000  dAvg=0.045106  dMax=0.391473  Dlo=0.022553  Dhi=0.218290  err=0.000000  inc=-0.534530  bucket 0->0  (mf=1000)
[MF-SEL] tPrev=(  d=0.047147  dMin=0.000000  dAvg=0.045107  dMax=0.391473  Dlo=0.022554  Dhi=0.218290  err=0.000000  inc=-0.534530  bucket 0->0  (mf=1000)
Dropping frame 1413393988.605761
[MF-SEL] tPrev=(  d=0.096706  dMin=0.000000  dAvg=0.045136  dMax=0.391473  Dlo=0.022568  Dhi=0.218305  err=0.000000  inc=-0.534530  bucket 0->0  (mf=1000)
Dropping frame 1413393988.705760
[MF-SEL] tPrev=(  d=0.110560  dMin=0.000000  dAvg=0.045173  dMax=0.391473  Dlo=0.022586  Dhi=0.218323  err=0.000000  inc=-0.534530  bucket 0->0  (mf=1000)
[MF-SEL] tPrev=(  d=0.057491  dMin=0.000000  dAvg=0.045180  dMax=0.391473  Dlo=0.022590  Dhi=0.218327  err=0.000000  inc=-0.534530  bucket 0->0  (mf=1000)
[MF-SEL] tPrev=(  d=0.056853  dMin=0.000000  dAvg=0.045186  dMax=0.391473  Dlo=0.022593  Dhi=0.218330  err=0.000000  inc=-0.534530  bucket 0->0  (mf=1000)
[MF-SEL] tPrev=(  d=0.056912  dMin=0.000000  dAvg=0.045193  dMax=0.391473  Dlo=0.022597  Dhi=0.218333  err=0.000000  inc=-0.534530  bucket 0->0  (mf=1000)
[MF-SEL] tPrev=(  d=0.055034  dMin=0.000000  dAvg=0.045199  dMax=0.391473  Dlo=0.022599  Dhi=0.218336  err=0.000000  inc=-0.534530  bucket 0->0  (mf=1000)
Dropping frame 1413393989.005760
[MF-SEL] tPrev=(  d=0.104112  dMin=0.000000  dAvg=0.045232  dMax=0.391473  Dlo=0.022616  Dhi=0.218353  err=0.000000  inc=-0.534530  bucket 0->0  (mf=1000)
[MF-SEL] tPrev=(  d=0.043593  dMin=0.000000  dAvg=0.045231  dMax=0.391473  Dlo=0.022615  Dhi=0.218352  err=0.000000  inc=-0.534530  bucket 0->0  (mf=1000)
[MF-SEL] tPrev=(  d=0.044436  dMin=0.000000  dAvg=0.045230  dMax=0.391473  Dlo=0.022615  Dhi=0.218352  err=0.000000  inc=-0.534530  bucket 0->0  (mf=1000)
[MF-SEL] tPrev=(  d=0.040848  dMin=0.000000  dAvg=0.045228  dMax=0.391473  Dlo=0.022614  Dhi=0.218351  err=0.000000  inc=-0.534530  bucket 0->0  (mf=1000)
[MF-SEL] tPrev=(  d=0.038060  dMin=0.000000  dAvg=0.045224  dMax=0.391473  Dlo=0.022612  Dhi=0.218349  err=0.000000  inc=-0.534530  bucket 0->0  (mf=1000)
[MF-SEL] tPrev=(  d=0.039674  dMin=0.000000  dAvg=0.045221  dMax=0.391473  Dlo=0.022610  Dhi=0.218347  err=0.000000  inc=-0.534530  bucket 0->0  (mf=1000)
[MF-SEL] tPrev=(  d=0.033658  dMin=0.000000  dAvg=0.045214  dMax=0.391473  Dlo=0.022607  Dhi=0.218344  err=0.000000  inc=-0.534530  bucket 0->0  (mf=1000)
[MF-SEL] tPrev=(  d=0.043527  dMin=0.000000  dAvg=0.045213  dMax=0.391473  Dlo=0.022607  Dhi=0.218343  err=0.000000  inc=-0.534530  bucket 0->0  (mf=1000)
[MF-SEL] tPrev=(  d=0.043253  dMin=0.000000  dAvg=0.045212  dMax=0.391473  Dlo=0.022606  Dhi=0.218343  err=0.000000  inc=-0.534530  bucket 0->0  (mf=1000)
Dropping frame 1413393989.505760
[MF-SEL] tPrev=(  d=0.081239  dMin=0.000000  dAvg=0.045232  dMax=0.391473  Dlo=0.022616  Dhi=0.218353  err=0.000000  inc=-0.534530  bucket 0->0  (mf=1000)
Dropping frame 1413393989.605761
[MF-SEL] tPrev=(  d=0.049846  dMin=0.000000  dAvg=0.045235  dMax=0.391473  Dlo=0.022617  Dhi=0.218354  err=0.000000  inc=-0.534530  bucket 0->0  (mf=1000)
Dropping frame 1413393989.705760
[MF-SEL] tPrev=(  d=0.057673  dMin=0.000000  dAvg=0.045242  dMax=0.391473  Dlo=0.022621  Dhi=0.218358  err=0.000000  inc=-0.534530  bucket 0->0  (mf=1000)
Dropping frame 1413393989.805761
[MF-SEL] tPrev=(  d=0.066662  dMin=0.000000  dAvg=0.045254  dMax=0.391473  Dlo=0.022627  Dhi=0.218364  err=0.000000  inc=-0.534530  bucket 0->0  (mf=1000)
Dropping frame 1413393989.905761
[MF-SEL] tPrev=(  d=0.058604  dMin=0.000000  dAvg=0.045261  dMax=0.391473  Dlo=0.022631  Dhi=0.218367  err=0.000000  inc=-0.534530  bucket 0->0  (mf=1000)
[MF-SEL] tPrev=(  d=0.028268  dMin=0.000000  dAvg=0.045252  dMax=0.391473  Dlo=0.022626  Dhi=0.218363  err=0.000000  inc=-0.534530  bucket 0->0  (mf=1000)
[MF-SEL] tPrev=(  d=0.035693  dMin=0.000000  dAvg=0.045247  dMax=0.391473  Dlo=0.022623  Dhi=0.218360  err=0.000000  inc=-0.534530  bucket 0->0  (mf=1000)
Dropping frame 1413393990.105761
[MF-SEL] tPrev=(  d=0.049575  dMin=0.000000  dAvg=0.045249  dMax=0.391473  Dlo=0.022624  Dhi=0.218361  err=0.000000  inc=-0.534530  bucket 0->0  (mf=1000)
Dropping frame 1413393990.205760
[MF-SEL] tPrev=(  d=0.054431  dMin=0.000000  dAvg=0.045254  dMax=0.391473  Dlo=0.022627  Dhi=0.218364  err=0.000000  inc=-0.534530  bucket 0->0  (mf=1000)
[MF-SEL] tPrev=(  d=0.024264  dMin=0.000000  dAvg=0.045242  dMax=0.391473  Dlo=0.022621  Dhi=0.218358  err=0.000000  inc=-0.534530  bucket 0->0  (mf=1000)
[MF-SEL] tPrev=(  d=0.023841  dMin=0.000000  dAvg=0.045230  dMax=0.391473  Dlo=0.022615  Dhi=0.218352  err=0.000000  inc=-0.534530  bucket 0->0  (mf=1000)
Dropping frame 1413393990.405761
[MF-SEL] tPrev=(  d=0.048080  dMin=0.000000  dAvg=0.045232  dMax=0.391473  Dlo=0.022616  Dhi=0.218353  err=0.000000  inc=-0.534530  bucket 0->0  (mf=1000)
[MF-SEL] tPrev=(  d=0.020204  dMin=0.000000  dAvg=0.045218  dMax=0.391473  Dlo=0.022609  Dhi=0.218346  err=-1.000000  inc=-1.460263  bucket 0->0  (mf=1000)
[MF-SEL] tPrev=(  d=0.019094  dMin=0.000000  dAvg=0.045204  dMax=0.391473  Dlo=0.022602  Dhi=0.218339  err=-1.000000  inc=-1.139301  bucket 0->0  (mf=1000)
Dropping frame 1413393990.605761
[MF-SEL] tPrev=(  d=0.042138  dMin=0.000000  dAvg=0.045202  dMax=0.391473  Dlo=0.022601  Dhi=0.218338  err=0.000000  inc=-0.366009  bucket 0->0  (mf=1000)
Dropping frame 1413393990.705760
[MF-SEL] tPrev=(  d=0.044688  dMin=0.000000  dAvg=0.045202  dMax=0.391473  Dlo=0.022601  Dhi=0.218338  err=0.000000  inc=-0.539301  bucket 0->0  (mf=1000)
[MF-SEL] tPrev=(  d=0.019502  dMin=0.000000  dAvg=0.045187  dMax=0.391473  Dlo=0.022594  Dhi=0.218330  err=-1.000000  inc=-1.495101  bucket 0->0  (mf=1000)
[MF-SEL] tPrev=(  d=0.018558  dMin=0.000000  dAvg=0.045173  dMax=0.391473  Dlo=0.022586  Dhi=0.218323  err=-1.000000  inc=-1.143741  bucket 0->0  (mf=1000)
Dropping frame 1413393990.905761
[MF-SEL] tPrev=(  d=0.043521  dMin=0.000000  dAvg=0.045172  dMax=0.391473  Dlo=0.022586  Dhi=0.218323  err=0.000000  inc=-0.375862  bucket 0->0  (mf=1000)
[MF-SEL] tPrev=(  d=0.022040  dMin=0.000000  dAvg=0.045159  dMax=0.391473  Dlo=0.022579  Dhi=0.218316  err=-1.000000  inc=-1.475421  bucket 0->0  (mf=1000)
[MF-SEL] tPrev=(  d=0.026768  dMin=0.000000  dAvg=0.045149  dMax=0.391473  Dlo=0.022574  Dhi=0.218311  err=0.000000  inc=-0.096336  bucket 0->0  (mf=1000)
[MF-SEL] tPrev=(  d=0.030850  dMin=0.000000  dAvg=0.045141  dMax=0.391473  Dlo=0.022570  Dhi=0.218307  err=0.000000  inc=-0.546171  bucket 0->0  (mf=1000)
Dropping frame 1413393991.155760
[MF-SEL] tPrev=(  d=0.097766  dMin=0.000000  dAvg=0.045170  dMax=0.391473  Dlo=0.022585  Dhi=0.218322  err=0.000000  inc=-0.546171  bucket 0->0  (mf=1000)
[MF-SEL] tPrev=(  d=0.034889  dMin=0.000000  dAvg=0.045164  dMax=0.391473  Dlo=0.022582  Dhi=0.218319  err=0.000000  inc=-0.546171  bucket 0->0  (mf=1000)
[MF-SEL] tPrev=(  d=0.031949  dMin=0.000000  dAvg=0.045157  dMax=0.391473  Dlo=0.022578  Dhi=0.218315  err=0.000000  inc=-0.546171  bucket 0->0  (mf=1000)
Dropping frame 1413393991.355760
[MF-SEL] tPrev=(  d=0.084230  dMin=0.000000  dAvg=0.045179  dMax=0.391473  Dlo=0.022589  Dhi=0.218326  err=0.000000  inc=-0.546171  bucket 0->0  (mf=1000)
Dropping frame 1413393991.455760
[MF-SEL] tPrev=(  d=0.035262  dMin=0.000000  dAvg=0.045173  dMax=0.391473  Dlo=0.022587  Dhi=0.218323  err=0.000000  inc=-0.546171  bucket 0->0  (mf=1000)
[MF-SEL] tPrev=(  d=0.015115  dMin=0.000000  dAvg=0.045157  dMax=0.391473  Dlo=0.022578  Dhi=0.218315  err=-1.000000  inc=-1.517799  bucket 0->0  (mf=1000)
[MF-SEL] tPrev=(  d=0.024040  dMin=0.000000  dAvg=0.045145  dMax=0.391473  Dlo=0.022572  Dhi=0.218309  err=0.000000  inc=-0.167256  bucket 0->0  (mf=1000)
Dropping frame 1413393991.655760
[MF-SEL] tPrev=(  d=0.023683  dMin=0.000000  dAvg=0.045133  dMax=0.391473  Dlo=0.022567  Dhi=0.218303  err=0.000000  inc=-0.548336  bucket 0->0  (mf=1000)
[MF-SEL] tPrev=(  d=0.010543  dMin=0.000000  dAvg=0.045114  dMax=0.391473  Dlo=0.022557  Dhi=0.218294  err=-1.000000  inc=-1.484081  bucket 0->0  (mf=1000)
[MF-SEL] tPrev=(  d=0.009966  dMin=0.000000  dAvg=0.045095  dMax=0.391473  Dlo=0.022547  Dhi=0.218284  err=-1.000000  inc=-1.153054  bucket 0->0  (mf=1000)
Dropping frame 1413393991.855760
[MF-SEL] tPrev=(  d=0.038837  dMin=0.000000  dAvg=0.045091  dMax=0.391473  Dlo=0.022546  Dhi=0.218282  err=0.000000  inc=-0.365772  bucket 0->0  (mf=1000)
[MF-SEL] tPrev=(  d=0.022868  dMin=0.000000  dAvg=0.045079  dMax=0.391473  Dlo=0.022540  Dhi=0.218276  err=0.000000  inc=-0.553054  bucket 0->0  (mf=1000)
[MF-SEL] tPrev=(  d=0.025994  dMin=0.000000  dAvg=0.045069  dMax=0.391473  Dlo=0.022534  Dhi=0.218271  err=0.000000  inc=-0.553054  bucket 0->0  (mf=1000)
Dropping frame 1413393992.055760
[MF-SEL] tPrev=(  d=0.041204  dMin=0.000000  dAvg=0.045067  dMax=0.391473  Dlo=0.022533  Dhi=0.218270  err=0.000000  inc=-0.553054  bucket 0->0  (mf=1000)
[MF-SEL] tPrev=(  d=0.016529  dMin=0.000000  dAvg=0.045051  dMax=0.391473  Dlo=0.022525  Dhi=0.218262  err=-1.000000  inc=-1.472463  bucket 0->0  (mf=1000)
[MF-SEL] tPrev=(  d=0.014177  dMin=0.000000  dAvg=0.045034  dMax=0.391473  Dlo=0.022517  Dhi=0.218254  err=-1.000000  inc=-1.157698  bucket 0->0  (mf=1000)
Dropping frame 1413393992.255760
[MF-SEL] tPrev=(  d=0.035698  dMin=0.000000  dAvg=0.045029  dMax=0.391473  Dlo=0.022514  Dhi=0.218251  err=0.000000  inc=-0.356881  bucket 0->0  (mf=1000)
Dropping frame 1413393992.355760
[MF-SEL] tPrev=(  d=0.026435  dMin=0.000000  dAvg=0.045019  dMax=0.391473  Dlo=0.022509  Dhi=0.218246  err=0.000000  inc=-0.557698  bucket 0->0  (mf=1000)
Dropping frame 1413393992.455760
[MF-SEL] tPrev=(  d=0.013646  dMin=0.000000  dAvg=0.045002  dMax=0.391473  Dlo=0.022501  Dhi=0.218237  err=-1.000000  inc=-1.328722  bucket 0->0  (mf=1000)
Dropping frame 1413393992.555760
[MF-SEL] tPrev=(  d=0.022293  dMin=0.000000  dAvg=0.044989  dMax=0.391473  Dlo=0.022495  Dhi=0.218231  err=-1.000000  inc=-1.167646  bucket 0->0  (mf=1000)
[MF-SEL] tPrev=(  d=0.013628  dMin=0.000000  dAvg=0.044972  dMax=0.391473  Dlo=0.022486  Dhi=0.218223  err=-1.000000  inc=-1.170009  bucket 0->0  (mf=1000)
[MF-SEL] tPrev=(  d=0.016218  dMin=0.000000  dAvg=0.044956  dMax=0.391473  Dlo=0.022478  Dhi=0.218215  err=-1.000000  inc=-1.172349  bucket 0->0  (mf=1000)
[MF-SEL] tPrev=(  d=0.015288  dMin=0.000000  dAvg=0.044940  dMax=0.391473  Dlo=0.022470  Dhi=0.218207  err=-1.000000  inc=-1.174495  bucket 0->0  (mf=1000)
[MF-SEL] tPrev=(  d=0.015059  dMin=0.000000  dAvg=0.044924  dMax=0.391473  Dlo=0.022462  Dhi=0.218199  err=-1.000000  inc=-1.176836  bucket 0->0  (mf=1000)
[MF-SEL] tPrev=(  d=0.015778  dMin=0.000000  dAvg=0.044908  dMax=0.391473  Dlo=0.022454  Dhi=0.218191  err=-1.000000  inc=-1.178982  bucket 0->0  (mf=1000)
Dropping frame 1413393992.905761
[MF-SEL] tPrev=(  d=0.024833  dMin=0.000000  dAvg=0.044897  dMax=0.391473  Dlo=0.022449  Dhi=0.218185  err=0.000000  inc=-0.417830  bucket 0->0  (mf=1000)
Dropping frame 1413393993.005760
[MF-SEL] tPrev=(  d=0.053175  dMin=0.000000  dAvg=0.044902  dMax=0.391473  Dlo=0.022451  Dhi=0.218187  err=0.000000  inc=-0.578982  bucket 0->0  (mf=1000)
Dropping frame 1413393993.105761
[MF-SEL] tPrev=(  d=0.041432  dMin=0.000000  dAvg=0.044900  dMax=0.391473  Dlo=0.022450  Dhi=0.218187  err=0.000000  inc=-0.578982  bucket 0->0  (mf=1000)
[MF-SEL] tPrev=(  d=0.020183  dMin=0.000000  dAvg=0.044886  dMax=0.391473  Dlo=0.022443  Dhi=0.218180  err=-1.000000  inc=-1.499894  bucket 0->0  (mf=1000)
[MF-SEL] tPrev=(  d=0.017868  dMin=0.000000  dAvg=0.044872  dMax=0.391473  Dlo=0.022436  Dhi=0.218172  err=-1.000000  inc=-1.183856  bucket 0->0  (mf=1000)
Dropping frame 1413393993.305761
[MF-SEL] tPrev=(  d=0.021147  dMin=0.000000  dAvg=0.044859  dMax=0.391473  Dlo=0.022429  Dhi=0.218166  err=-1.000000  inc=-1.188527  bucket 0->0  (mf=1000)
[MF-SEL] tPrev=(  d=0.017860  dMin=0.000000  dAvg=0.044844  dMax=0.391473  Dlo=0.022422  Dhi=0.218159  err=-1.000000  inc=-1.190974  bucket 0->0  (mf=1000)
[MF-SEL] tPrev=(  d=0.007231  dMin=0.000000  dAvg=0.044824  dMax=0.391473  Dlo=0.022412  Dhi=0.218148  err=-1.000000  inc=-1.193951  bucket 0->0  (mf=1000)
Dropping frame 1413393993.505760
[MF-SEL] tPrev=(  d=0.035461  dMin=0.000000  dAvg=0.044819  dMax=0.391473  Dlo=0.022409  Dhi=0.218146  err=0.000000  inc=-0.423372  bucket 0->0  (mf=1000)
[MF-SEL] tPrev=(  d=0.026097  dMin=0.000000  dAvg=0.044808  dMax=0.391473  Dlo=0.022404  Dhi=0.218141  err=0.000000  inc=-0.593951  bucket 0->0  (mf=1000)
[MF-SEL] tPrev=(  d=0.042414  dMin=0.000000  dAvg=0.044807  dMax=0.391473  Dlo=0.022404  Dhi=0.218140  err=0.000000  inc=-0.593951  bucket 0->0  (mf=1000)
Dropping frame 1413393993.705760
[MF-SEL] tPrev=(  d=0.066273  dMin=0.000000  dAvg=0.044819  dMax=0.391473  Dlo=0.022409  Dhi=0.218146  err=0.000000  inc=-0.593951  bucket 0->0  (mf=1000)
[MF-SEL] tPrev=(  d=0.027914  dMin=0.000000  dAvg=0.044810  dMax=0.391473  Dlo=0.022405  Dhi=0.218141  err=0.000000  inc=-0.593951  bucket 0->0  (mf=1000)
[MF-SEL] tPrev=(  d=0.024064  dMin=0.000000  dAvg=0.044798  dMax=0.391473  Dlo=0.022399  Dhi=0.218136  err=0.000000  inc=-0.593951  bucket 0->0  (mf=1000)
Dropping frame 1413393993.905761
[MF-SEL] tPrev=(  d=0.041021  dMin=0.000000  dAvg=0.044796  dMax=0.391473  Dlo=0.022398  Dhi=0.218135  err=0.000000  inc=-0.593951  bucket 0->0  (mf=1000)
[MF-SEL] tPrev=(  d=0.020383  dMin=0.000000  dAvg=0.044783  dMax=0.391473  Dlo=0.022392  Dhi=0.218128  err=-1.000000  inc=-1.544767  bucket 0->0  (mf=1000)
[MF-SEL] tPrev=(  d=0.017991  dMin=0.000000  dAvg=0.044769  dMax=0.391473  Dlo=0.022384  Dhi=0.218121  err=-1.000000  inc=-1.198718  bucket 0->0  (mf=1000)
Dropping frame 1413393994.105761
[MF-SEL] tPrev=(  d=0.043011  dMin=0.000000  dAvg=0.044768  dMax=0.391473  Dlo=0.022384  Dhi=0.218121  err=0.000000  inc=-0.425884  bucket 0->0  (mf=1000)
[MF-SEL] tPrev=(  d=0.036107  dMin=0.000000  dAvg=0.044763  dMax=0.391473  Dlo=0.022381  Dhi=0.218118  err=0.000000  inc=-0.598718  bucket 0->0  (mf=1000)
[MF-SEL] tPrev=(  d=0.037504  dMin=0.000000  dAvg=0.044759  dMax=0.391473  Dlo=0.022380  Dhi=0.218116  err=0.000000  inc=-0.598718  bucket 0->0  (mf=1000)
Dropping frame 1413393994.305761
[MF-SEL] tPrev=(  d=0.113812  dMin=0.000000  dAvg=0.044796  dMax=0.391473  Dlo=0.022398  Dhi=0.218135  err=0.000000  inc=-0.598718  bucket 0->0  (mf=1000)
Dropping frame 1413393994.405761
[MF-SEL] tPrev=(  d=0.120211  dMin=0.000000  dAvg=0.044837  dMax=0.391473  Dlo=0.022418  Dhi=0.218155  err=0.000000  inc=-0.598718  bucket 0->0  (mf=1000)
Dropping frame 1413393994.505760
[MF-SEL] tPrev=(  d=0.121485  dMin=0.000000  dAvg=0.044878  dMax=0.391473  Dlo=0.022439  Dhi=0.218176  err=0.000000  inc=-0.598718  bucket 0->0  (mf=1000)
Dropping frame 1413393994.605761
[MF-SEL] tPrev=(  d=0.101462  dMin=0.000000  dAvg=0.044909  dMax=0.391473  Dlo=0.022454  Dhi=0.218191  err=0.000000  inc=-0.598718  bucket 0->0  (mf=1000)
Dropping frame 1413393994.705760
[MF-SEL] tPrev=(  d=0.090433  dMin=0.000000  dAvg=0.044933  dMax=0.391473  Dlo=0.022467  Dhi=0.218203  err=0.000000  inc=-0.598718  bucket 0->0  (mf=1000)
[MF-SEL] tPrev=(  d=0.029711  dMin=0.000000  dAvg=0.044925  dMax=0.391473  Dlo=0.022462  Dhi=0.218199  err=0.000000  inc=-0.598718  bucket 0->0  (mf=1000)
[MF-SEL] tPrev=(  d=0.017957  dMin=0.000000  dAvg=0.044910  dMax=0.391473  Dlo=0.022455  Dhi=0.218192  err=-1.000000  inc=-1.558415  bucket 0->0  (mf=1000)
[MF-SEL] tPrev=(  d=0.009626  dMin=0.000000  dAvg=0.044891  dMax=0.391473  Dlo=0.022446  Dhi=0.218182  err=-1.000000  inc=-1.203148  bucket 0->0  (mf=1000)
Dropping frame 1413393994.955760
[MF-SEL] tPrev=(  d=0.022937  dMin=0.000000  dAvg=0.044880  dMax=0.391473  Dlo=0.022440  Dhi=0.218177  err=0.000000  inc=-0.433103  bucket 0->0  (mf=1000)
[MF-SEL] tPrev=(  d=0.016754  dMin=0.000000  dAvg=0.044865  dMax=0.391473  Dlo=0.022432  Dhi=0.218169  err=-1.000000  inc=-1.508157  bucket 0->0  (mf=1000)
[MF-SEL] tPrev=(  d=0.019338  dMin=0.000000  dAvg=0.044851  dMax=0.391473  Dlo=0.022425  Dhi=0.218162  err=-1.000000  inc=-1.208262  bucket 0->0  (mf=1000)
Dropping frame 1413393995.155760
[MF-SEL] tPrev=(  d=0.044505  dMin=0.000000  dAvg=0.044851  dMax=0.391473  Dlo=0.022425  Dhi=0.218162  err=0.000000  inc=-0.446015  bucket 0->0  (mf=1000)
[MF-SEL] tPrev=(  d=0.022533  dMin=0.000000  dAvg=0.044839  dMax=0.391473  Dlo=0.022419  Dhi=0.218156  err=0.000000  inc=-0.608262  bucket 0->0  (mf=1000)
[MF-SEL] tPrev=(  d=0.022994  dMin=0.000000  dAvg=0.044827  dMax=0.391473  Dlo=0.022414  Dhi=0.218150  err=0.000000  inc=-0.608262  bucket 0->0  (mf=1000)
Dropping frame 1413393995.355760
[MF-SEL] tPrev=(  d=0.047147  dMin=0.000000  dAvg=0.044828  dMax=0.391473  Dlo=0.022414  Dhi=0.218151  err=0.000000  inc=-0.608262  bucket 0->0  (mf=1000)
[MF-SEL] tPrev=(  d=0.024459  dMin=0.000000  dAvg=0.044817  dMax=0.391473  Dlo=0.022409  Dhi=0.218145  err=0.000000  inc=-0.608262  bucket 0->0  (mf=1000)
[MF-SEL] tPrev=(  d=0.023108  dMin=0.000000  dAvg=0.044806  dMax=0.391473  Dlo=0.022403  Dhi=0.218140  err=0.000000  inc=-0.608262  bucket 0->0  (mf=1000)
Dropping frame 1413393995.555760
[MF-SEL] tPrev=(  d=0.047684  dMin=0.000000  dAvg=0.044807  dMax=0.391473  Dlo=0.022404  Dhi=0.218140  err=0.000000  inc=-0.608262  bucket 0->0  (mf=1000)
Dropping frame 1413393995.655760
[MF-SEL] tPrev=(  d=0.057096  dMin=0.000000  dAvg=0.044814  dMax=0.391473  Dlo=0.022407  Dhi=0.218144  err=0.000000  inc=-0.608262  bucket 0->0  (mf=1000)
Dropping frame 1413393995.755760
[MF-SEL] tPrev=(  d=0.056121  dMin=0.000000  dAvg=0.044820  dMax=0.391473  Dlo=0.022410  Dhi=0.218147  err=0.000000  inc=-0.608262  bucket 0->0  (mf=1000)
Dropping frame 1413393995.855760
[MF-SEL] tPrev=(  d=0.053805  dMin=0.000000  dAvg=0.044825  dMax=0.391473  Dlo=0.022412  Dhi=0.218149  err=0.000000  inc=-0.608262  bucket 0->0  (mf=1000)
[MF-SEL] tPrev=(  d=0.026620  dMin=0.000000  dAvg=0.044815  dMax=0.391473  Dlo=0.022408  Dhi=0.218144  err=0.000000  inc=-0.608262  bucket 0->0  (mf=1000)
[MF-SEL] tPrev=(  d=0.030882  dMin=0.000000  dAvg=0.044808  dMax=0.391473  Dlo=0.022404  Dhi=0.218141  err=0.000000  inc=-0.608262  bucket 0->0  (mf=1000)
Dropping frame 1413393996.055760
[MF-SEL] tPrev=(  d=0.058030  dMin=0.000000  dAvg=0.044815  dMax=0.391473  Dlo=0.022407  Dhi=0.218144  err=0.000000  inc=-0.608262  bucket 0->0  (mf=1000)
[MF-SEL] tPrev=(  d=0.031229  dMin=0.000000  dAvg=0.044807  dMax=0.391473  Dlo=0.022404  Dhi=0.218140  err=0.000000  inc=-0.608262  bucket 0->0  (mf=1000)
[MF-SEL] tPrev=(  d=0.033117  dMin=0.000000  dAvg=0.044801  dMax=0.391473  Dlo=0.022401  Dhi=0.218137  err=0.000000  inc=-0.608262  bucket 0->0  (mf=1000)
Dropping frame 1413393996.255760
[MF-SEL] tPrev=(  d=0.078124  dMin=0.000000  dAvg=0.044819  dMax=0.391473  Dlo=0.022409  Dhi=0.218146  err=0.000000  inc=-0.608262  bucket 0->0  (mf=1000)
Dropping frame 1413393996.355760
[MF-SEL] tPrev=(  d=0.080415  dMin=0.000000  dAvg=0.044838  dMax=0.391473  Dlo=0.022419  Dhi=0.218156  err=0.000000  inc=-0.608262  bucket 0->0  (mf=1000)
Dropping frame 1413393996.455760
[MF-SEL] tPrev=(  d=0.088527  dMin=0.000000  dAvg=0.044861  dMax=0.391473  Dlo=0.022431  Dhi=0.218167  err=0.000000  inc=-0.608262  bucket 0->0  (mf=1000)
Dropping frame 1413393996.555760
[MF-SEL] tPrev=(  d=0.098681  dMin=0.000000  dAvg=0.044890  dMax=0.391473  Dlo=0.022445  Dhi=0.218182  err=0.000000  inc=-0.608262  bucket 0->0  (mf=1000)
[MF-SEL] tPrev=(  d=0.044658  dMin=0.000000  dAvg=0.044889  dMax=0.391473  Dlo=0.022445  Dhi=0.218181  err=0.000000  inc=-0.608262  bucket 0->0  (mf=1000)
[MF-SEL] tPrev=(  d=0.042476  dMin=0.000000  dAvg=0.044888  dMax=0.391473  Dlo=0.022444  Dhi=0.218181  err=0.000000  inc=-0.608262  bucket 0->0  (mf=1000)
Dropping frame 1413393996.755760
[MF-SEL] tPrev=(  d=0.081489  dMin=0.000000  dAvg=0.044908  dMax=0.391473  Dlo=0.022454  Dhi=0.218191  err=0.000000  inc=-0.608262  bucket 0->0  (mf=1000)
Dropping frame 1413393996.855760
[MF-SEL] tPrev=(  d=0.064232  dMin=0.000000  dAvg=0.044918  dMax=0.391473  Dlo=0.022459  Dhi=0.218196  err=0.000000  inc=-0.608262  bucket 0->0  (mf=1000)
Dropping frame 1413393996.955760
[MF-SEL] tPrev=(  d=0.062484  dMin=0.000000  dAvg=0.044927  dMax=0.391473  Dlo=0.022464  Dhi=0.218200  err=0.000000  inc=-0.608262  bucket 0->0  (mf=1000)
[MF-SEL] tPrev=(  d=0.027725  dMin=0.000000  dAvg=0.044918  dMax=0.391473  Dlo=0.022459  Dhi=0.218196  err=0.000000  inc=-0.608262  bucket 0->0  (mf=1000)
[MF-SEL] tPrev=(  d=0.036990  dMin=0.000000  dAvg=0.044914  dMax=0.391473  Dlo=0.022457  Dhi=0.218194  err=0.000000  inc=-0.608262  bucket 0->0  (mf=1000)
Dropping frame 1413393997.155760
[MF-SEL] tPrev=(  d=0.044745  dMin=0.000000  dAvg=0.044914  dMax=0.391473  Dlo=0.022457  Dhi=0.218194  err=0.000000  inc=-0.608262  bucket 0->0  (mf=1000)
Dropping frame 1413393997.255760
[MF-SEL] tPrev=(  d=0.037485  dMin=0.000000  dAvg=0.044910  dMax=0.391473  Dlo=0.022455  Dhi=0.218192  err=0.000000  inc=-0.608262  bucket 0->0  (mf=1000)
Dropping frame 1413393997.355760
[MF-SEL] tPrev=(  d=0.035283  dMin=0.000000  dAvg=0.044905  dMax=0.391473  Dlo=0.022452  Dhi=0.218189  err=0.000000  inc=-0.608262  bucket 0->0  (mf=1000)
Dropping frame 1413393997.455760
[MF-SEL] tPrev=(  d=0.052753  dMin=0.000000  dAvg=0.044909  dMax=0.391473  Dlo=0.022454  Dhi=0.218191  err=0.000000  inc=-0.608262  bucket 0->0  (mf=1000)
Dropping frame 1413393997.555760
[MF-SEL] tPrev=(  d=0.040675  dMin=0.000000  dAvg=0.044907  dMax=0.391473  Dlo=0.022453  Dhi=0.218190  err=0.000000  inc=-0.608262  bucket 0->0  (mf=1000)
Dropping frame 1413393997.655760
[MF-SEL] tPrev=(  d=0.035885  dMin=0.000000  dAvg=0.044902  dMax=0.391473  Dlo=0.022451  Dhi=0.218188  err=0.000000  inc=-0.608262  bucket 0->0  (mf=1000)
[MF-SEL] tPrev=(  d=0.016843  dMin=0.000000  dAvg=0.044887  dMax=0.391473  Dlo=0.022444  Dhi=0.218180  err=-1.000000  inc=-1.529919  bucket 0->0  (mf=1000)
[MF-SEL] tPrev=(  d=0.016581  dMin=0.000000  dAvg=0.044872  dMax=0.391473  Dlo=0.022436  Dhi=0.218173  err=-1.000000  inc=-1.212926  bucket 0->0  (mf=1000)
Dropping frame 1413393997.855760
[MF-SEL] tPrev=(  d=0.017078  dMin=0.000000  dAvg=0.044858  dMax=0.391473  Dlo=0.022429  Dhi=0.218166  err=-1.000000  inc=-1.217875  bucket 0->0  (mf=1000)
Dropping frame 1413393997.955760
[MF-SEL] tPrev=(  d=0.032954  dMin=0.000000  dAvg=0.044851  dMax=0.391473  Dlo=0.022426  Dhi=0.218162  err=0.000000  inc=-0.458950  bucket 0->0  (mf=1000)
Dropping frame 1413393998.055760
[MF-SEL] tPrev=(  d=0.022945  dMin=0.000000  dAvg=0.044840  dMax=0.391473  Dlo=0.022420  Dhi=0.218157  err=0.000000  inc=-0.617875  bucket 0->0  (mf=1000)
Dropping frame 1413393998.155760
[MF-SEL] tPrev=(  d=0.026956  dMin=0.000000  dAvg=0.044830  dMax=0.391473  Dlo=0.022415  Dhi=0.218152  err=0.000000  inc=-0.617875  bucket 0->0  (mf=1000)
[MF-SEL] tPrev=(  d=0.010743  dMin=0.000000  dAvg=0.044813  dMax=0.391473  Dlo=0.022406  Dhi=0.218143  err=-1.000000  inc=-1.570347  bucket 0->0  (mf=1000)
[MF-SEL] tPrev=(  d=0.009295  dMin=0.000000  dAvg=0.044794  dMax=0.391473  Dlo=0.022397  Dhi=0.218134  err=-1.000000  inc=-1.222692  bucket 0->0  (mf=1000)
Dropping frame 1413393998.355760
[MF-SEL] tPrev=(  d=0.019450  dMin=0.000000  dAvg=0.044781  dMax=0.391473  Dlo=0.022390  Dhi=0.218127  err=-1.000000  inc=-1.227167  bucket 0->0  (mf=1000)
Dropping frame 1413393998.455760
[MF-SEL] tPrev=(  d=0.032807  dMin=0.000000  dAvg=0.044774  dMax=0.391473  Dlo=0.022387  Dhi=0.218124  err=0.000000  inc=-0.468793  bucket 0->0  (mf=1000)
Dropping frame 1413393998.555760
[MF-SEL] tPrev=(  d=0.023505  dMin=0.000000  dAvg=0.044763  dMax=0.391473  Dlo=0.022382  Dhi=0.218118  err=0.000000  inc=-0.627167  bucket 0->0  (mf=1000)
[MF-SEL] tPrev=(  d=0.011134  dMin=0.000000  dAvg=0.044746  dMax=0.391473  Dlo=0.022373  Dhi=0.218110  err=-1.000000  inc=-1.552711  bucket 0->0  (mf=1000)
Dropping frame 1413393998.705760
[MF-SEL] tPrev=(  d=0.040206  dMin=0.000000  dAvg=0.044743  dMax=0.391473  Dlo=0.022372  Dhi=0.218108  err=0.000000  inc=-0.467572  bucket 0->0  (mf=1000)
[MF-SEL] tPrev=(  d=0.009143  dMin=0.000000  dAvg=0.044725  dMax=0.391473  Dlo=0.022362  Dhi=0.218099  err=-1.000000  inc=-1.572120  bucket 0->0  (mf=1000)
[MF-SEL] tPrev=(  d=0.007471  dMin=0.000000  dAvg=0.044705  dMax=0.391473  Dlo=0.022353  Dhi=0.218089  err=-1.000000  inc=-1.234461  bucket 0->0  (mf=1000)
[MF-SEL] tPrev=(  d=0.006564  dMin=0.000000  dAvg=0.044685  dMax=0.391473  Dlo=0.022343  Dhi=0.218079  err=-1.000000  inc=-1.236777  bucket 0->0  (mf=1000)
[MF-SEL] tPrev=(  d=0.005949  dMin=0.000000  dAvg=0.044665  dMax=0.391473  Dlo=0.022332  Dhi=0.218069  err=-1.000000  inc=-1.238905  bucket 0->0  (mf=1000)
Dropping frame 1413393999.005760
[MF-SEL] tPrev=(  d=0.010437  dMin=0.000000  dAvg=0.044647  dMax=0.391473  Dlo=0.022324  Dhi=0.218060  err=-1.000000  inc=-1.243931  bucket 0->0  (mf=1000)
[MF-SEL] tPrev=(  d=0.006186  dMin=0.000000  dAvg=0.044627  dMax=0.391473  Dlo=0.022314  Dhi=0.218050  err=-1.000000  inc=-1.246327  bucket 0->0  (mf=1000)
[MF-SEL] tPrev=(  d=0.008420  dMin=0.000000  dAvg=0.044608  dMax=0.391473  Dlo=0.022304  Dhi=0.218041  err=-1.000000  inc=-1.248605  bucket 0->0  (mf=1000)
Dropping frame 1413393999.205760
[MF-SEL] tPrev=(  d=0.013661  dMin=0.000000  dAvg=0.044592  dMax=0.391473  Dlo=0.022296  Dhi=0.218033  err=-1.000000  inc=-1.253191  bucket 0->0  (mf=1000)
[MF-SEL] tPrev=(  d=0.007084  dMin=0.000000  dAvg=0.044573  dMax=0.391473  Dlo=0.022286  Dhi=0.218023  err=-1.000000  inc=-1.255530  bucket 0->0  (mf=1000)
[MF-SEL] tPrev=(  d=0.008932  dMin=0.000000  dAvg=0.044554  dMax=0.391473  Dlo=0.022277  Dhi=0.218014  err=-1.000000  inc=-1.257903  bucket 0->0  (mf=1000)
Dropping frame 1413393999.405761
[MF-SEL] tPrev=(  d=0.017909  dMin=0.000000  dAvg=0.044540  dMax=0.391473  Dlo=0.022270  Dhi=0.218007  err=-1.000000  inc=-1.262425  bucket 0->0  (mf=1000)
Dropping frame 1413393999.505760
[MF-SEL] tPrev=(  d=0.020705  dMin=0.000000  dAvg=0.044528  dMax=0.391473  Dlo=0.022264  Dhi=0.218001  err=-1.000000  inc=-1.267562  bucket 0->0  (mf=1000)
Dropping frame 1413393999.605761
[MF-SEL] tPrev=(  d=0.016915  dMin=0.000000  dAvg=0.044513  dMax=0.391473  Dlo=0.022257  Dhi=0.217993  err=-1.000000  inc=-1.272388  bucket 0->0  (mf=1000)
[MF-SEL] tPrev=(  d=0.017255  dMin=0.000000  dAvg=0.044499  dMax=0.391473  Dlo=0.022250  Dhi=0.217986  err=-1.000000  inc=-1.274881  bucket 0->0  (mf=1000)
Dropping frame 1413393999.755760
[MF-SEL] tPrev=(  d=0.028412  dMin=0.000000  dAvg=0.044491  dMax=0.391473  Dlo=0.022245  Dhi=0.217982  err=0.000000  inc=-0.503124  bucket 0->0  (mf=1000)
Dropping frame 1413393999.855760
[MF-SEL] tPrev=(  d=0.037033  dMin=0.000000  dAvg=0.044487  dMax=0.391473  Dlo=0.022243  Dhi=0.217980  err=0.000000  inc=-0.674881  bucket 0->0  (mf=1000)
Dropping frame 1413393999.955760
[MF-SEL] tPrev=(  d=0.038086  dMin=0.000000  dAvg=0.044484  dMax=0.391473  Dlo=0.022242  Dhi=0.217979  err=0.000000  inc=-0.674881  bucket 0->0  (mf=1000)
[MF-SEL] tPrev=(  d=0.013596  dMin=0.000000  dAvg=0.044468  dMax=0.391473  Dlo=0.022234  Dhi=0.217971  err=-1.000000  inc=-1.583478  bucket 0->0  (mf=1000)
Dropping frame 1413394000.105761
[MF-SEL] tPrev=(  d=0.023730  dMin=0.000000  dAvg=0.044457  dMax=0.391473  Dlo=0.022228  Dhi=0.217965  err=0.000000  inc=-0.516065  bucket 0->0  (mf=1000)
Dropping frame 1413394000.205760
[MF-SEL] tPrev=(  d=0.015882  dMin=0.000000  dAvg=0.044442  dMax=0.391473  Dlo=0.022221  Dhi=0.217958  err=-1.000000  inc=-1.443508  bucket 0->0  (mf=1000)
[MF-SEL] tPrev=(  d=0.026233  dMin=0.000000  dAvg=0.044433  dMax=0.391473  Dlo=0.022216  Dhi=0.217953  err=0.000000  inc=-0.205469  bucket 0->0  (mf=1000)
Dropping frame 1413394000.355760
[MF-SEL] tPrev=(  d=0.018548  dMin=0.000000  dAvg=0.044419  dMax=0.391473  Dlo=0.022210  Dhi=0.217946  err=-1.000000  inc=-1.456646  bucket 0->0  (mf=1000)
Dropping frame 1413394000.455760
[MF-SEL] tPrev=(  d=0.030924  dMin=0.000000  dAvg=0.044412  dMax=0.391473  Dlo=0.022206  Dhi=0.217943  err=0.000000  inc=-0.528721  bucket 0->0  (mf=1000)
[MF-SEL] tPrev=(  d=0.013892  dMin=0.000000  dAvg=0.044397  dMax=0.391473  Dlo=0.022198  Dhi=0.217935  err=-1.000000  inc=-1.582341  bucket 0->0  (mf=1000)
[MF-SEL] tPrev=(  d=0.017374  dMin=0.000000  dAvg=0.044383  dMax=0.391473  Dlo=0.022191  Dhi=0.217928  err=-1.000000  inc=-1.292316  bucket 0->0  (mf=1000)
[MF-SEL] tPrev=(  d=0.031006  dMin=0.000000  dAvg=0.044376  dMax=0.391473  Dlo=0.022188  Dhi=0.217925  err=0.000000  inc=-0.357307  bucket 0->0  (mf=1000)
Dropping frame 1413394000.705760
[MF-SEL] tPrev=(  d=0.041740  dMin=0.000000  dAvg=0.044374  dMax=0.391473  Dlo=0.022187  Dhi=0.217924  err=0.000000  inc=-0.692316  bucket 0->0  (mf=1000)
[MF-SEL] tPrev=(  d=0.024391  dMin=0.000000  dAvg=0.044364  dMax=0.391473  Dlo=0.022182  Dhi=0.217919  err=0.000000  inc=-0.692316  bucket 0->0  (mf=1000)
[MF-SEL] tPrev=(  d=0.011392  dMin=0.000000  dAvg=0.044347  dMax=0.391473  Dlo=0.022173  Dhi=0.217910  err=-1.000000  inc=-1.589926  bucket 0->0  (mf=1000)
Dropping frame 1413394000.905761
[MF-SEL] tPrev=(  d=0.037541  dMin=0.000000  dAvg=0.044343  dMax=0.391473  Dlo=0.022172  Dhi=0.217908  err=0.000000  inc=-0.518436  bucket 0->0  (mf=1000)
Dropping frame 1413394001.005760
[MF-SEL] tPrev=(  d=0.067268  dMin=0.000000  dAvg=0.044355  dMax=0.391473  Dlo=0.022178  Dhi=0.217914  err=0.000000  inc=-0.695029  bucket 0->0  (mf=1000)
Dropping frame 1413394001.105761
[MF-SEL] tPrev=(  d=0.058022  dMin=0.000000  dAvg=0.044362  dMax=0.391473  Dlo=0.022181  Dhi=0.217918  err=0.000000  inc=-0.695029  bucket 0->0  (mf=1000)
Dropping frame 1413394001.205760
[MF-SEL] tPrev=(  d=0.067670  dMin=0.000000  dAvg=0.044374  dMax=0.391473  Dlo=0.022187  Dhi=0.217924  err=0.000000  inc=-0.695029  bucket 0->0  (mf=1000)
Dropping frame 1413394001.305761
[MF-SEL] tPrev=(  d=0.085366  dMin=0.000000  dAvg=0.044395  dMax=0.391473  Dlo=0.022198  Dhi=0.217934  err=0.000000  inc=-0.695029  bucket 0->0  (mf=1000)
[MF-SEL] tPrev=(  d=0.042901  dMin=0.000000  dAvg=0.044395  dMax=0.391473  Dlo=0.022197  Dhi=0.217934  err=0.000000  inc=-0.695029  bucket 0->0  (mf=1000)
Dropping frame 1413394001.455760
[MF-SEL] tPrev=(  d=0.086825  dMin=0.000000  dAvg=0.044416  dMax=0.391473  Dlo=0.022208  Dhi=0.217945  err=0.000000  inc=-0.695029  bucket 0->0  (mf=1000)
[MF-SEL] tPrev=(  d=0.045588  dMin=0.000000  dAvg=0.044417  dMax=0.391473  Dlo=0.022209  Dhi=0.217945  err=0.000000  inc=-0.695029  bucket 0->0  (mf=1000)
[MF-SEL] tPrev=(  d=0.045007  dMin=0.000000  dAvg=0.044417  dMax=0.391473  Dlo=0.022209  Dhi=0.217945  err=0.000000  inc=-0.695029  bucket 0->0  (mf=1000)
Dropping frame 1413394001.655760
[MF-SEL] tPrev=(  d=0.112543  dMin=0.000000  dAvg=0.044452  dMax=0.391473  Dlo=0.022226  Dhi=0.217963  err=0.000000  inc=-0.695029  bucket 0->0  (mf=1000)
[MF-SEL] tPrev=(  d=0.053180  dMin=0.000000  dAvg=0.044457  dMax=0.391473  Dlo=0.022228  Dhi=0.217965  err=0.000000  inc=-0.695029  bucket 0->0  (mf=1000)
[MF-SEL] tPrev=(  d=0.056058  dMin=0.000000  dAvg=0.044463  dMax=0.391473  Dlo=0.022231  Dhi=0.217968  err=0.000000  inc=-0.695029  bucket 0->0  (mf=1000)
Dropping frame 1413394001.855760
[MF-SEL] tPrev=(  d=0.126982  dMin=0.000000  dAvg=0.044505  dMax=0.391473  Dlo=0.022252  Dhi=0.217989  err=0.000000  inc=-0.695029  bucket 0->0  (mf=1000)
Dropping frame 1413394001.955760
[MF-SEL] tPrev=(  d=0.112851  dMin=0.000000  dAvg=0.044540  dMax=0.391473  Dlo=0.022270  Dhi=0.218007  err=0.000000  inc=-0.695029  bucket 0->0  (mf=1000)
[MF-SEL] tPrev=(  d=0.063425  dMin=0.000000  dAvg=0.044550  dMax=0.391473  Dlo=0.022275  Dhi=0.218011  err=0.000000  inc=-0.695029  bucket 0->0  (mf=1000)
Dropping frame 1413394002.105761
[MF-SEL] tPrev=(  d=0.141658  dMin=0.000000  dAvg=0.044599  dMax=0.391473  Dlo=0.022300  Dhi=0.218036  err=0.000000  inc=-0.695029  bucket 0->0  (mf=1000)
[MF-SEL] tPrev=(  d=0.069043  dMin=0.000000  dAvg=0.044612  dMax=0.391473  Dlo=0.022306  Dhi=0.218043  err=0.000000  inc=-0.695029  bucket 0->0  (mf=1000)
[MF-SEL] tPrev=(  d=0.055340  dMin=0.000000  dAvg=0.044617  dMax=0.391473  Dlo=0.022309  Dhi=0.218045  err=0.000000  inc=-0.695029  bucket 0->0  (mf=1000)
Dropping frame 1413394002.305761
[MF-SEL] tPrev=(  d=0.141652  dMin=0.000000  dAvg=0.044667  dMax=0.391473  Dlo=0.022333  Dhi=0.218070  err=0.000000  inc=-0.695029  bucket 0->0  (mf=1000)
Dropping frame 1413394002.405761
[MF-SEL] tPrev=(  d=0.151949  dMin=0.000000  dAvg=0.044721  dMax=0.391473  Dlo=0.022361  Dhi=0.218097  err=0.000000  inc=-0.695029  bucket 0->0  (mf=1000)
Dropping frame 1413394002.505760
Fail to track local map!
[MF-SEL] tPrev=(  d=0.155165  dMin=0.000000  dAvg=0.044778  dMax=0.391473  Dlo=0.022389  Dhi=0.218126  err=0.000000  inc=-0.695029  bucket 0->0  (mf=1000)
Fail to track local map!
[MF-SEL] tPrev=(  d=0.081864  dMin=0.000000  dAvg=0.044797  dMax=0.391473  Dlo=0.022398  Dhi=0.218135  err=0.000000  inc=-0.695029  bucket 0->0  (mf=1000)
Fail to track local map!
[MF-SEL] tPrev=(  d=0.083640  dMin=0.000000  dAvg=0.044816  dMax=0.391473  Dlo=0.022408  Dhi=0.218145  err=0.000000  inc=-0.695029  bucket 0->0  (mf=1000)
Fail to track local map!
[MF-SEL] tPrev=(  d=0.085456  dMin=0.000000  dAvg=0.044837  dMax=0.391473  Dlo=0.022419  Dhi=0.218155  err=0.000000  inc=-0.695029  bucket 0->0  (mf=1000)
Fail to track local map!
[MF-SEL] tPrev=(  d=0.087192  dMin=0.000000  dAvg=0.044859  dMax=0.391473  Dlo=0.022429  Dhi=0.218166  err=0.000000  inc=-0.695029  bucket 0->0  (mf=1000)
Fail to track local map!
[MF-SEL] tPrev=(  d=0.088969  dMin=0.000000  dAvg=0.044881  dMax=0.391473  Dlo=0.022441  Dhi=0.218177  err=0.000000  inc=-0.695029  bucket 0->0  (mf=1000)
Dropping frame 1413394002.855760
Fail to track local map!
[MF-SEL] tPrev=(  d=0.183193  dMin=0.000000  dAvg=0.044951  dMax=0.391473  Dlo=0.022476  Dhi=0.218212  err=0.000000  inc=-0.695029  bucket 0->0  (mf=1000)
Fail to track local map!
[MF-SEL] tPrev=(  d=0.094294  dMin=0.000000  dAvg=0.044977  dMax=0.391473  Dlo=0.022488  Dhi=0.218225  err=0.000000  inc=-0.695029  bucket 0->0  (mf=1000)
Fail to track local map!
[MF-SEL] tPrev=(  d=0.096021  dMin=0.000000  dAvg=0.045002  dMax=0.391473  Dlo=0.022501  Dhi=0.218238  err=0.000000  inc=-0.695029  bucket 0->0  (mf=1000)
Dropping frame 1413394003.055760
Fail to track local map!
[MF-SEL] tPrev=(  d=0.208222  dMin=0.000000  dAvg=0.045085  dMax=0.391473  Dlo=0.022543  Dhi=0.218279  err=0.000000  inc=-0.695029  bucket 0->0  (mf=1000)
Dropping frame 1413394003.155760
Fail to track local map!
[MF-SEL] tPrev=(  d=0.198105  dMin=0.000000  dAvg=0.045163  dMax=0.391473  Dlo=0.022581  Dhi=0.218318  err=0.000000  inc=-0.695029  bucket 0->0  (mf=1000)
Dropping frame 1413394003.255760
Fail to track local map!
[MF-SEL] tPrev=(  d=0.204879  dMin=0.000000  dAvg=0.045244  dMax=0.391473  Dlo=0.022622  Dhi=0.218359  err=0.000000  inc=-0.695029  bucket 0->0  (mf=1000)
Fail to track local map!
[MF-SEL] tPrev=(  d=0.105031  dMin=0.000000  dAvg=0.045274  dMax=0.391473  Dlo=0.022637  Dhi=0.218374  err=0.000000  inc=-0.695029  bucket 0->0  (mf=1000)
Shutdown
SLAM Finished at System Time: 1748945461.366770982742310

 TIME STATS in ms (mean$\pm$std)
OpenCV version: 4.8.1
---------------------------
Tracking

ORB Extraction: 18.32436$\pm$2.29409
Stereo Matching: 6.64446$\pm$1.97028
IMU Preintegration: 0.21984$\pm$0.07290
Pose Prediction: 0.24162$\pm$0.79878
LM Track: 16.84872$\pm$4.39285
New KF decision: 0.38132$\pm$0.40814
Total Tracking: 33.96225$\pm$21.70775



Local Mapping

KF Insertion: 11.30746$\pm$3.51417
MP Culling: 0.59237$\pm$0.21904
MP Creation: 36.30944$\pm$14.11370
LBA: 120.29091$\pm$39.00494
KF Culling: 13.25864$\pm$8.82509
Total Local Mapping: 181.65224$\pm$58.09923
---------------------------

LBA complexity (mean$\pm$std)
LBA Edges: 1569.50000$\pm$450.62984
LBA KF optimized: 6.50000$\pm$2.29129
LBA KF fixed: 1.00000$\pm$0.00000
LBA MP: nan$\pm$nan

LBA executions: 480
LBA aborts: 0
---------------------------

Map complexity
KFs in map: 127
MPs in map: 7229
---------------------------

Place Recognition (mean$\pm$std)
Database Query: 1.29677$\pm$0.65215
SE3 estimation: 12.03961$\pm$9.95113
Total Place Recognition: 11.27378$\pm$10.68191


Loop Closing (mean$\pm$std)
Loop Fusion: 71.82252$\pm$0.00000
Essential Graph: 95.51542$\pm$0.00000
Total Loop Closing: 171.51687$\pm$0.00000

Num exec: 1
Number of KFs: nan$\pm$nan

Map Merging (mean$\pm$std)
Merge Maps: nan$\pm$nan
Welding BA: nan$\pm$nan
Optimization Ess.: nan$\pm$nan
Total Map Merging: nan$\pm$nan

Num exec: 0
Number of KFs: nan$\pm$nan
Number of MPs: nan$\pm$nan

Full GBA (mean$\pm$std)
GBA: 741.19732$\pm$0.00000
Map Update: 13.64447$\pm$0.00000
Total Full GBA: 754.84179$\pm$0.00000

Num exec: 1
Num abort: 0
Number of KFs: 126.00000$\pm$0.00000
Number of MPs: 9054.00000$\pm$0.00000

Saving trajectory to f_dataset-V202_stereo_imu.txt ...
There are 1 maps in the atlas
  Map 0 has 127 KFs

End of saving trajectory to f_dataset-V202_stereo_imu.txt ...

Saving keyframe trajectory to kf_dataset-V202_stereo_imu.txt ...
